19:15:35 | === campaign: basyx / identity-off ===
parity OK: lib/ + scenarios/ + orchestration/ + tools/ identical to /home/rohitj/edc/benchmarking-dsp-native-basyx/k6-scripts
19:15:35 | parity OK against /home/rohitj/edc/benchmarking-dsp-native-basyx/k6-scripts
19:15:35 | preflight OK (consumer API + Prometheus)
19:15:35 | --> smoke (gate)
>>> basyx / smoke  ->  /home/rohitj/edc/benchmarking-dsp-native-basyx/k6-scripts/results/basyx/off/smoke/2026-08-11T19-15-35Z
parity OK: lib/ + scenarios/ + orchestration/ + tools/ identical to /home/rohitj/edc/benchmarking-dsp-native-basyx/k6-scripts
Health: http://localhost:8090/dsp http://localhost:8888/health + prometheus  OK
Warmup 60s @ 1/s (discarded)
  draining 20s before the measured window opens
k6 -> Prometheus remote-write: http://localhost:9090/api/v1/write

         /\      Grafana   /‾‾/  
    /\  /  \     |\  __   /  /   
   /  \/    \    | |/ /  /   ‾‾\ 
  /          \   |   (  |  (‾)  |
 / __________ \  |_|\_\  \_____/ 


     execution: local
        script: /home/rohitj/edc/benchmarking-dsp-native-basyx/k6-scripts/basyx-off/smoke.js
        output: Prometheus remote write (http://localhost:9090/api/v1/write)

     scenarios: (100.00%) 1 scenario, 1 max VUs, 5m30s max duration (incl. graceful stop):
              * smoke: 5 iterations for each of 1 VUs (maxDuration: 5m0s, gracefulStop: 30s)

time="2026-08-11T19:17:00Z" level=info msg="seed: {\"seeded\":true,\"status\":409,\"shellId\":\"e38a0f92-4ee8-436c-a535-0f9cdad4c3c8\"}" source=console

running (0m01.0s), 1/1 VUs, 0 complete and 0 interrupted iterations
smoke   [   0% ] 1 VUs  0m00.8s/5m0s  0/5 iters, 5 per VU

running (0m02.0s), 1/1 VUs, 2 complete and 0 interrupted iterations
smoke   [  40% ] 1 VUs  0m01.8s/5m0s  2/5 iters, 5 per VU

running (0m03.0s), 1/1 VUs, 3 complete and 0 interrupted iterations
smoke   [  60% ] 1 VUs  0m02.8s/5m0s  3/5 iters, 5 per VU

running (0m04.0s), 1/1 VUs, 4 complete and 0 interrupted iterations
smoke   [  80% ] 1 VUs  0m03.8s/5m0s  4/5 iters, 5 per VU

================ DSP benchmark summary ================
-- per-phase latency --
  catalog                    p50=23.0 ms  p95=34.6 ms  p99=36.8 ms  max=37.4 ms  n=5
  negotiation init (POST)    p50=15.3 ms  p95=15.9 ms  p99=16.0 ms  max=16.0 ms  n=5
  time-to-AGREED (async)     p50=253.0 ms  p95=254.0 ms  p99=254.0 ms  max=254.0 ms  n=5
  transfer init (POST)       p50=15.5 ms  p95=16.5 ms  p99=16.6 ms  max=16.7 ms  n=5
  time-to-EDR (async)        p50=253.0 ms  p95=253.8 ms  p99=254.0 ms  max=254.0 ms  n=5
  data pull                  p50=8.1 ms  p95=8.8 ms  p99=8.8 ms  max=8.8 ms  n=5
-- end-to-end + throughput --
  e2e transaction            p50=835.0 ms  p95=847.0 ms  p99=848.6 ms  max=849.0 ms  n=5
  data throughput (MB/s)     p50=0.0  p95=0.0  p99=0.0  max=0.0  n=5
-- outcomes --
  transactions succeeded     count=5  rate=1.142/s
  transactions failed        (no data)
  failed rate                rate=0.00%  (pass=0 fail=5)
    of which TERMINATED      (no data)
    of which TIMED OUT       (no data)
    of which HTTP-FAILED     (no data)
  failure accounting       (no failures)
-- observer effect (poll load) --
  negotiation polls          count=10  rate=2.285/s
  edr polls                  count=10  rate=2.285/s
  polls per transaction     negotiation=2.0  edr=2.0  (timeout ceiling=120)
=======================================================
(full summary -> /home/rohitj/edc/benchmarking-dsp-native-basyx/k6-scripts/results/basyx/off/smoke/2026-08-11T19-15-35Z/k6-summary.json; POLL_INTERVAL_MS=250; IDENTITY_MODE=off)

running (0m04.4s), 0/1 VUs, 5 complete and 0 interrupted iterations
smoke ✓ [ 100% ] 1 VUs  0m04.2s/5m0s  5/5 iters, 5 per VU
Prometheus snapshot [1786475820..1786475839] svc=(dsp-native-basyx|consumer-controlplane) win=1m -> /home/rohitj/edc/benchmarking-dsp-native-basyx/k6-scripts/results/basyx/off/smoke/2026-08-11T19-15-35Z
  jvm-heap.csv (4 rows)
  jvm-gc-rate.csv (4 rows)
  jvm-threads.csv (4 rows)
  http-throughput.csv (4 rows)
  http-p95.csv (4 rows)
  http-errors.csv (4 rows)
  http-errors-5xx.csv (0 rows)
  http-status.csv (4 rows)
  host-cpu-busy.csv (4 rows)
  host-mem-used.csv (4 rows)
  5xx: no 5xx in window (confirmed: http-status has 4 samples, so the status label IS scraped)
  logs -> /home/rohitj/edc/benchmarking-dsp-native-basyx/k6-scripts/results/basyx/off/smoke/2026-08-11T19-15-35Z/logs (1 files)
0
VALIDITY  ok=5  failed=0  failed_rate=0%  dropped_iterations=0
>>> done: /home/rohitj/edc/benchmarking-dsp-native-basyx/k6-scripts/results/basyx/off/smoke/2026-08-11T19-15-35Z  (k6 exit 0)
19:17:20 |     smoke passed
19:17:20 |   … settling 120s before the next scenario
19:19:20 | --> steady x5
Matrix: connector=basyx reps=5 scenarios=[steady]
===== repetition 1/5 =====
----- basyx / steady (rep 1) -----
>>> basyx / steady  ->  /home/rohitj/edc/benchmarking-dsp-native-basyx/k6-scripts/results/basyx/off/steady/2026-08-11T19-19-20Z
parity OK: lib/ + scenarios/ + orchestration/ + tools/ identical to /home/rohitj/edc/benchmarking-dsp-native-basyx/k6-scripts
Health: http://localhost:8090/dsp http://localhost:8888/health + prometheus  OK
Warmup 60s @ 1/s (discarded)
  draining 20s before the measured window opens
k6 -> Prometheus remote-write: http://localhost:9090/api/v1/write

         /\      Grafana   /‾‾/  
    /\  /  \     |\  __   /  /   
   /  \/    \    | |/ /  /   ‾‾\ 
  /          \   |   (  |  (‾)  |
 / __________ \  |_|\_\  \_____/ 


     execution: local
        script: /home/rohitj/edc/benchmarking-dsp-native-basyx/k6-scripts/basyx-off/steady.js
        output: Prometheus remote write (http://localhost:9090/api/v1/write)

     scenarios: (100.00%) 1 scenario, 200 max VUs, 5m30s max duration (incl. graceful stop):
              * steady: 1.00 iterations/s for 5m0s (maxVUs: 50-200, gracefulStop: 30s)


running (0m01.0s), 000/050 VUs, 1 complete and 0 interrupted iterations
steady   [   0% ] 000/050 VUs  0m00.8s/5m0s  1.00 iters/s

running (0m02.0s), 000/050 VUs, 2 complete and 0 interrupted iterations
steady   [   1% ] 000/050 VUs  0m01.8s/5m0s  1.00 iters/s

running (0m03.0s), 000/050 VUs, 3 complete and 0 interrupted iterations
steady   [   1% ] 000/050 VUs  0m02.8s/5m0s  1.00 iters/s

running (0m04.0s), 000/050 VUs, 4 complete and 0 interrupted iterations
steady   [   1% ] 000/050 VUs  0m03.8s/5m0s  1.00 iters/s

running (0m05.0s), 000/050 VUs, 5 complete and 0 interrupted iterations
steady   [   2% ] 000/050 VUs  0m04.8s/5m0s  1.00 iters/s

running (0m06.0s), 000/050 VUs, 6 complete and 0 interrupted iterations
steady   [   2% ] 000/050 VUs  0m05.8s/5m0s  1.00 iters/s

running (0m07.0s), 000/050 VUs, 7 complete and 0 interrupted iterations
steady   [   2% ] 000/050 VUs  0m06.8s/5m0s  1.00 iters/s

running (0m08.0s), 000/050 VUs, 8 complete and 0 interrupted iterations
steady   [   3% ] 000/050 VUs  0m07.8s/5m0s  1.00 iters/s

running (0m09.0s), 000/050 VUs, 9 complete and 0 interrupted iterations
steady   [   3% ] 000/050 VUs  0m08.8s/5m0s  1.00 iters/s

running (0m10.0s), 000/050 VUs, 10 complete and 0 interrupted iterations
steady   [   3% ] 000/050 VUs  0m09.8s/5m0s  1.00 iters/s

running (0m11.0s), 000/050 VUs, 11 complete and 0 interrupted iterations
steady   [   4% ] 000/050 VUs  0m10.8s/5m0s  1.00 iters/s

running (0m12.0s), 000/050 VUs, 12 complete and 0 interrupted iterations
steady   [   4% ] 000/050 VUs  0m11.8s/5m0s  1.00 iters/s

running (0m13.0s), 000/050 VUs, 13 complete and 0 interrupted iterations
steady   [   4% ] 000/050 VUs  0m12.8s/5m0s  1.00 iters/s

running (0m14.0s), 000/050 VUs, 14 complete and 0 interrupted iterations
steady   [   5% ] 000/050 VUs  0m13.8s/5m0s  1.00 iters/s

running (0m15.0s), 000/050 VUs, 15 complete and 0 interrupted iterations
steady   [   5% ] 000/050 VUs  0m14.8s/5m0s  1.00 iters/s

running (0m16.0s), 000/050 VUs, 16 complete and 0 interrupted iterations
steady   [   5% ] 000/050 VUs  0m15.8s/5m0s  1.00 iters/s

running (0m17.0s), 000/050 VUs, 17 complete and 0 interrupted iterations
steady   [   6% ] 000/050 VUs  0m16.8s/5m0s  1.00 iters/s

running (0m18.0s), 000/050 VUs, 18 complete and 0 interrupted iterations
steady   [   6% ] 000/050 VUs  0m17.8s/5m0s  1.00 iters/s

running (0m19.0s), 000/050 VUs, 19 complete and 0 interrupted iterations
steady   [   6% ] 000/050 VUs  0m18.8s/5m0s  1.00 iters/s

running (0m20.0s), 000/050 VUs, 20 complete and 0 interrupted iterations
steady   [   7% ] 000/050 VUs  0m19.8s/5m0s  1.00 iters/s

running (0m21.0s), 000/050 VUs, 21 complete and 0 interrupted iterations
steady   [   7% ] 000/050 VUs  0m20.8s/5m0s  1.00 iters/s

running (0m22.0s), 000/050 VUs, 22 complete and 0 interrupted iterations
steady   [   7% ] 000/050 VUs  0m21.8s/5m0s  1.00 iters/s

running (0m23.0s), 000/050 VUs, 23 complete and 0 interrupted iterations
steady   [   8% ] 000/050 VUs  0m22.8s/5m0s  1.00 iters/s

running (0m24.0s), 000/050 VUs, 24 complete and 0 interrupted iterations
steady   [   8% ] 000/050 VUs  0m23.8s/5m0s  1.00 iters/s

running (0m25.0s), 000/050 VUs, 25 complete and 0 interrupted iterations
steady   [   8% ] 000/050 VUs  0m24.8s/5m0s  1.00 iters/s

running (0m26.0s), 000/050 VUs, 26 complete and 0 interrupted iterations
steady   [   9% ] 000/050 VUs  0m25.8s/5m0s  1.00 iters/s

running (0m27.0s), 000/050 VUs, 27 complete and 0 interrupted iterations
steady   [   9% ] 000/050 VUs  0m26.8s/5m0s  1.00 iters/s

running (0m28.0s), 000/050 VUs, 28 complete and 0 interrupted iterations
steady   [   9% ] 000/050 VUs  0m27.8s/5m0s  1.00 iters/s

running (0m29.0s), 000/050 VUs, 29 complete and 0 interrupted iterations
steady   [  10% ] 000/050 VUs  0m28.8s/5m0s  1.00 iters/s

running (0m30.0s), 000/050 VUs, 30 complete and 0 interrupted iterations
steady   [  10% ] 000/050 VUs  0m29.8s/5m0s  1.00 iters/s

running (0m31.0s), 000/050 VUs, 31 complete and 0 interrupted iterations
steady   [  10% ] 000/050 VUs  0m30.8s/5m0s  1.00 iters/s

running (0m32.0s), 000/050 VUs, 32 complete and 0 interrupted iterations
steady   [  11% ] 000/050 VUs  0m31.8s/5m0s  1.00 iters/s

running (0m33.0s), 000/050 VUs, 33 complete and 0 interrupted iterations
steady   [  11% ] 000/050 VUs  0m32.8s/5m0s  1.00 iters/s

running (0m34.0s), 000/050 VUs, 34 complete and 0 interrupted iterations
steady   [  11% ] 000/050 VUs  0m33.8s/5m0s  1.00 iters/s

running (0m35.0s), 000/050 VUs, 35 complete and 0 interrupted iterations
steady   [  12% ] 000/050 VUs  0m34.8s/5m0s  1.00 iters/s

running (0m36.0s), 000/050 VUs, 36 complete and 0 interrupted iterations
steady   [  12% ] 000/050 VUs  0m35.8s/5m0s  1.00 iters/s

running (0m37.0s), 000/050 VUs, 37 complete and 0 interrupted iterations
steady   [  12% ] 000/050 VUs  0m36.8s/5m0s  1.00 iters/s

running (0m38.0s), 000/050 VUs, 38 complete and 0 interrupted iterations
steady   [  13% ] 000/050 VUs  0m37.8s/5m0s  1.00 iters/s

running (0m39.0s), 000/050 VUs, 39 complete and 0 interrupted iterations
steady   [  13% ] 000/050 VUs  0m38.8s/5m0s  1.00 iters/s

running (0m40.0s), 000/050 VUs, 40 complete and 0 interrupted iterations
steady   [  13% ] 000/050 VUs  0m39.8s/5m0s  1.00 iters/s

running (0m41.0s), 000/050 VUs, 41 complete and 0 interrupted iterations
steady   [  14% ] 000/050 VUs  0m40.8s/5m0s  1.00 iters/s

running (0m42.0s), 000/050 VUs, 42 complete and 0 interrupted iterations
steady   [  14% ] 000/050 VUs  0m41.8s/5m0s  1.00 iters/s

running (0m43.0s), 000/050 VUs, 43 complete and 0 interrupted iterations
steady   [  14% ] 000/050 VUs  0m42.8s/5m0s  1.00 iters/s

running (0m44.0s), 000/050 VUs, 44 complete and 0 interrupted iterations
steady   [  15% ] 000/050 VUs  0m43.8s/5m0s  1.00 iters/s

running (0m45.0s), 000/050 VUs, 45 complete and 0 interrupted iterations
steady   [  15% ] 000/050 VUs  0m44.8s/5m0s  1.00 iters/s

running (0m46.0s), 000/050 VUs, 46 complete and 0 interrupted iterations
steady   [  15% ] 000/050 VUs  0m45.8s/5m0s  1.00 iters/s

running (0m47.0s), 000/050 VUs, 47 complete and 0 interrupted iterations
steady   [  16% ] 000/050 VUs  0m46.8s/5m0s  1.00 iters/s

running (0m48.0s), 000/050 VUs, 48 complete and 0 interrupted iterations
steady   [  16% ] 000/050 VUs  0m47.8s/5m0s  1.00 iters/s

running (0m49.0s), 000/050 VUs, 49 complete and 0 interrupted iterations
steady   [  16% ] 000/050 VUs  0m48.8s/5m0s  1.00 iters/s

running (0m50.0s), 000/050 VUs, 50 complete and 0 interrupted iterations
steady   [  17% ] 000/050 VUs  0m49.8s/5m0s  1.00 iters/s

running (0m51.0s), 000/050 VUs, 51 complete and 0 interrupted iterations
steady   [  17% ] 000/050 VUs  0m50.8s/5m0s  1.00 iters/s

running (0m52.0s), 000/050 VUs, 52 complete and 0 interrupted iterations
steady   [  17% ] 000/050 VUs  0m51.8s/5m0s  1.00 iters/s

running (0m53.0s), 000/050 VUs, 53 complete and 0 interrupted iterations
steady   [  18% ] 000/050 VUs  0m52.8s/5m0s  1.00 iters/s

running (0m54.0s), 000/050 VUs, 54 complete and 0 interrupted iterations
steady   [  18% ] 000/050 VUs  0m53.8s/5m0s  1.00 iters/s

running (0m55.0s), 000/050 VUs, 55 complete and 0 interrupted iterations
steady   [  18% ] 000/050 VUs  0m54.8s/5m0s  1.00 iters/s

running (0m56.0s), 000/050 VUs, 56 complete and 0 interrupted iterations
steady   [  19% ] 000/050 VUs  0m55.8s/5m0s  1.00 iters/s

running (0m57.0s), 000/050 VUs, 57 complete and 0 interrupted iterations
steady   [  19% ] 000/050 VUs  0m56.8s/5m0s  1.00 iters/s

running (0m58.0s), 000/050 VUs, 58 complete and 0 interrupted iterations
steady   [  19% ] 000/050 VUs  0m57.8s/5m0s  1.00 iters/s

running (0m59.0s), 000/050 VUs, 59 complete and 0 interrupted iterations
steady   [  20% ] 000/050 VUs  0m58.8s/5m0s  1.00 iters/s

running (1m00.0s), 000/050 VUs, 60 complete and 0 interrupted iterations
steady   [  20% ] 000/050 VUs  0m59.8s/5m0s  1.00 iters/s

running (1m01.0s), 000/050 VUs, 61 complete and 0 interrupted iterations
steady   [  20% ] 000/050 VUs  1m00.8s/5m0s  1.00 iters/s

running (1m02.0s), 000/050 VUs, 62 complete and 0 interrupted iterations
steady   [  21% ] 000/050 VUs  1m01.8s/5m0s  1.00 iters/s

running (1m03.0s), 000/050 VUs, 63 complete and 0 interrupted iterations
steady   [  21% ] 000/050 VUs  1m02.8s/5m0s  1.00 iters/s

running (1m04.0s), 000/050 VUs, 64 complete and 0 interrupted iterations
steady   [  21% ] 000/050 VUs  1m03.8s/5m0s  1.00 iters/s

running (1m05.0s), 000/050 VUs, 65 complete and 0 interrupted iterations
steady   [  22% ] 000/050 VUs  1m04.8s/5m0s  1.00 iters/s

running (1m06.0s), 000/050 VUs, 66 complete and 0 interrupted iterations
steady   [  22% ] 000/050 VUs  1m05.8s/5m0s  1.00 iters/s

running (1m07.0s), 000/050 VUs, 67 complete and 0 interrupted iterations
steady   [  22% ] 000/050 VUs  1m06.8s/5m0s  1.00 iters/s

running (1m08.0s), 000/050 VUs, 68 complete and 0 interrupted iterations
steady   [  23% ] 000/050 VUs  1m07.8s/5m0s  1.00 iters/s

running (1m09.0s), 000/050 VUs, 69 complete and 0 interrupted iterations
steady   [  23% ] 000/050 VUs  1m08.8s/5m0s  1.00 iters/s

running (1m10.0s), 000/050 VUs, 70 complete and 0 interrupted iterations
steady   [  23% ] 000/050 VUs  1m09.8s/5m0s  1.00 iters/s

running (1m11.0s), 000/050 VUs, 71 complete and 0 interrupted iterations
steady   [  24% ] 000/050 VUs  1m10.8s/5m0s  1.00 iters/s

running (1m12.0s), 000/050 VUs, 72 complete and 0 interrupted iterations
steady   [  24% ] 000/050 VUs  1m11.8s/5m0s  1.00 iters/s

running (1m13.0s), 000/050 VUs, 73 complete and 0 interrupted iterations
steady   [  24% ] 000/050 VUs  1m12.8s/5m0s  1.00 iters/s

running (1m14.0s), 000/050 VUs, 74 complete and 0 interrupted iterations
steady   [  25% ] 000/050 VUs  1m13.8s/5m0s  1.00 iters/s

running (1m15.0s), 000/050 VUs, 75 complete and 0 interrupted iterations
steady   [  25% ] 000/050 VUs  1m14.8s/5m0s  1.00 iters/s

running (1m16.0s), 000/050 VUs, 76 complete and 0 interrupted iterations
steady   [  25% ] 000/050 VUs  1m15.8s/5m0s  1.00 iters/s

running (1m17.0s), 000/050 VUs, 77 complete and 0 interrupted iterations
steady   [  26% ] 000/050 VUs  1m16.8s/5m0s  1.00 iters/s

running (1m18.0s), 000/050 VUs, 78 complete and 0 interrupted iterations
steady   [  26% ] 000/050 VUs  1m17.8s/5m0s  1.00 iters/s

running (1m19.0s), 000/050 VUs, 79 complete and 0 interrupted iterations
steady   [  26% ] 000/050 VUs  1m18.8s/5m0s  1.00 iters/s

running (1m20.0s), 000/050 VUs, 80 complete and 0 interrupted iterations
steady   [  27% ] 000/050 VUs  1m19.8s/5m0s  1.00 iters/s

running (1m21.0s), 000/050 VUs, 81 complete and 0 interrupted iterations
steady   [  27% ] 000/050 VUs  1m20.8s/5m0s  1.00 iters/s

running (1m22.0s), 000/050 VUs, 82 complete and 0 interrupted iterations
steady   [  27% ] 000/050 VUs  1m21.8s/5m0s  1.00 iters/s

running (1m23.0s), 000/050 VUs, 83 complete and 0 interrupted iterations
steady   [  28% ] 000/050 VUs  1m22.8s/5m0s  1.00 iters/s

running (1m24.0s), 000/050 VUs, 84 complete and 0 interrupted iterations
steady   [  28% ] 000/050 VUs  1m23.8s/5m0s  1.00 iters/s

running (1m25.0s), 000/050 VUs, 85 complete and 0 interrupted iterations
steady   [  28% ] 000/050 VUs  1m24.8s/5m0s  1.00 iters/s

running (1m26.0s), 000/050 VUs, 86 complete and 0 interrupted iterations
steady   [  29% ] 000/050 VUs  1m25.8s/5m0s  1.00 iters/s

running (1m27.0s), 000/050 VUs, 87 complete and 0 interrupted iterations
steady   [  29% ] 000/050 VUs  1m26.8s/5m0s  1.00 iters/s

running (1m28.0s), 000/050 VUs, 88 complete and 0 interrupted iterations
steady   [  29% ] 000/050 VUs  1m27.8s/5m0s  1.00 iters/s

running (1m29.0s), 000/050 VUs, 89 complete and 0 interrupted iterations
steady   [  30% ] 000/050 VUs  1m28.8s/5m0s  1.00 iters/s

running (1m30.0s), 000/050 VUs, 90 complete and 0 interrupted iterations
steady   [  30% ] 000/050 VUs  1m29.8s/5m0s  1.00 iters/s

running (1m31.0s), 000/050 VUs, 91 complete and 0 interrupted iterations
steady   [  30% ] 000/050 VUs  1m30.8s/5m0s  1.00 iters/s

running (1m32.0s), 000/050 VUs, 92 complete and 0 interrupted iterations
steady   [  31% ] 000/050 VUs  1m31.8s/5m0s  1.00 iters/s

running (1m33.0s), 000/050 VUs, 93 complete and 0 interrupted iterations
steady   [  31% ] 000/050 VUs  1m32.8s/5m0s  1.00 iters/s

running (1m34.0s), 000/050 VUs, 94 complete and 0 interrupted iterations
steady   [  31% ] 000/050 VUs  1m33.8s/5m0s  1.00 iters/s

running (1m35.0s), 000/050 VUs, 95 complete and 0 interrupted iterations
steady   [  32% ] 000/050 VUs  1m34.8s/5m0s  1.00 iters/s

running (1m36.0s), 000/050 VUs, 96 complete and 0 interrupted iterations
steady   [  32% ] 000/050 VUs  1m35.8s/5m0s  1.00 iters/s

running (1m37.0s), 000/050 VUs, 97 complete and 0 interrupted iterations
steady   [  32% ] 000/050 VUs  1m36.8s/5m0s  1.00 iters/s

running (1m38.0s), 000/050 VUs, 98 complete and 0 interrupted iterations
steady   [  33% ] 000/050 VUs  1m37.8s/5m0s  1.00 iters/s

running (1m39.0s), 000/050 VUs, 99 complete and 0 interrupted iterations
steady   [  33% ] 000/050 VUs  1m38.8s/5m0s  1.00 iters/s

running (1m40.0s), 000/050 VUs, 100 complete and 0 interrupted iterations
steady   [  33% ] 000/050 VUs  1m39.8s/5m0s  1.00 iters/s

running (1m41.0s), 000/050 VUs, 101 complete and 0 interrupted iterations
steady   [  34% ] 000/050 VUs  1m40.8s/5m0s  1.00 iters/s

running (1m42.0s), 000/050 VUs, 102 complete and 0 interrupted iterations
steady   [  34% ] 000/050 VUs  1m41.8s/5m0s  1.00 iters/s

running (1m43.0s), 000/050 VUs, 103 complete and 0 interrupted iterations
steady   [  34% ] 000/050 VUs  1m42.8s/5m0s  1.00 iters/s

running (1m44.0s), 000/050 VUs, 104 complete and 0 interrupted iterations
steady   [  35% ] 000/050 VUs  1m43.8s/5m0s  1.00 iters/s

running (1m45.0s), 000/050 VUs, 105 complete and 0 interrupted iterations
steady   [  35% ] 000/050 VUs  1m44.8s/5m0s  1.00 iters/s

running (1m46.0s), 000/050 VUs, 106 complete and 0 interrupted iterations
steady   [  35% ] 000/050 VUs  1m45.8s/5m0s  1.00 iters/s

running (1m47.0s), 000/050 VUs, 107 complete and 0 interrupted iterations
steady   [  36% ] 000/050 VUs  1m46.8s/5m0s  1.00 iters/s

running (1m48.0s), 000/050 VUs, 108 complete and 0 interrupted iterations
steady   [  36% ] 000/050 VUs  1m47.8s/5m0s  1.00 iters/s

running (1m49.0s), 000/050 VUs, 109 complete and 0 interrupted iterations
steady   [  36% ] 000/050 VUs  1m48.8s/5m0s  1.00 iters/s

running (1m50.0s), 000/050 VUs, 110 complete and 0 interrupted iterations
steady   [  37% ] 000/050 VUs  1m49.8s/5m0s  1.00 iters/s

running (1m51.0s), 000/050 VUs, 111 complete and 0 interrupted iterations
steady   [  37% ] 000/050 VUs  1m50.8s/5m0s  1.00 iters/s

running (1m52.0s), 000/050 VUs, 112 complete and 0 interrupted iterations
steady   [  37% ] 000/050 VUs  1m51.8s/5m0s  1.00 iters/s

running (1m53.0s), 000/050 VUs, 113 complete and 0 interrupted iterations
steady   [  38% ] 000/050 VUs  1m52.8s/5m0s  1.00 iters/s

running (1m54.0s), 000/050 VUs, 114 complete and 0 interrupted iterations
steady   [  38% ] 000/050 VUs  1m53.8s/5m0s  1.00 iters/s

running (1m55.0s), 000/050 VUs, 115 complete and 0 interrupted iterations
steady   [  38% ] 000/050 VUs  1m54.8s/5m0s  1.00 iters/s

running (1m56.0s), 000/050 VUs, 116 complete and 0 interrupted iterations
steady   [  39% ] 000/050 VUs  1m55.8s/5m0s  1.00 iters/s

running (1m57.0s), 000/050 VUs, 117 complete and 0 interrupted iterations
steady   [  39% ] 000/050 VUs  1m56.8s/5m0s  1.00 iters/s

running (1m58.0s), 000/050 VUs, 118 complete and 0 interrupted iterations
steady   [  39% ] 000/050 VUs  1m57.8s/5m0s  1.00 iters/s

running (1m59.0s), 000/050 VUs, 119 complete and 0 interrupted iterations
steady   [  40% ] 000/050 VUs  1m58.8s/5m0s  1.00 iters/s

running (2m00.0s), 000/050 VUs, 120 complete and 0 interrupted iterations
steady   [  40% ] 000/050 VUs  1m59.8s/5m0s  1.00 iters/s

running (2m01.0s), 000/050 VUs, 121 complete and 0 interrupted iterations
steady   [  40% ] 000/050 VUs  2m00.8s/5m0s  1.00 iters/s

running (2m02.0s), 000/050 VUs, 122 complete and 0 interrupted iterations
steady   [  41% ] 000/050 VUs  2m01.8s/5m0s  1.00 iters/s

running (2m03.0s), 000/050 VUs, 123 complete and 0 interrupted iterations
steady   [  41% ] 000/050 VUs  2m02.8s/5m0s  1.00 iters/s

running (2m04.0s), 000/050 VUs, 124 complete and 0 interrupted iterations
steady   [  41% ] 000/050 VUs  2m03.8s/5m0s  1.00 iters/s

running (2m05.0s), 000/050 VUs, 125 complete and 0 interrupted iterations
steady   [  42% ] 000/050 VUs  2m04.8s/5m0s  1.00 iters/s

running (2m06.0s), 000/050 VUs, 126 complete and 0 interrupted iterations
steady   [  42% ] 000/050 VUs  2m05.8s/5m0s  1.00 iters/s

running (2m07.0s), 000/050 VUs, 127 complete and 0 interrupted iterations
steady   [  42% ] 000/050 VUs  2m06.8s/5m0s  1.00 iters/s

running (2m08.0s), 000/050 VUs, 128 complete and 0 interrupted iterations
steady   [  43% ] 000/050 VUs  2m07.8s/5m0s  1.00 iters/s

running (2m09.0s), 000/050 VUs, 129 complete and 0 interrupted iterations
steady   [  43% ] 000/050 VUs  2m08.8s/5m0s  1.00 iters/s

running (2m10.0s), 000/050 VUs, 130 complete and 0 interrupted iterations
steady   [  43% ] 000/050 VUs  2m09.8s/5m0s  1.00 iters/s

running (2m11.0s), 000/050 VUs, 131 complete and 0 interrupted iterations
steady   [  44% ] 000/050 VUs  2m10.8s/5m0s  1.00 iters/s

running (2m12.0s), 000/050 VUs, 132 complete and 0 interrupted iterations
steady   [  44% ] 000/050 VUs  2m11.8s/5m0s  1.00 iters/s

running (2m13.0s), 000/050 VUs, 133 complete and 0 interrupted iterations
steady   [  44% ] 000/050 VUs  2m12.8s/5m0s  1.00 iters/s

running (2m14.0s), 000/050 VUs, 134 complete and 0 interrupted iterations
steady   [  45% ] 000/050 VUs  2m13.8s/5m0s  1.00 iters/s

running (2m15.0s), 000/050 VUs, 135 complete and 0 interrupted iterations
steady   [  45% ] 000/050 VUs  2m14.8s/5m0s  1.00 iters/s

running (2m16.0s), 000/050 VUs, 136 complete and 0 interrupted iterations
steady   [  45% ] 000/050 VUs  2m15.8s/5m0s  1.00 iters/s

running (2m17.0s), 000/050 VUs, 137 complete and 0 interrupted iterations
steady   [  46% ] 000/050 VUs  2m16.8s/5m0s  1.00 iters/s

running (2m18.0s), 000/050 VUs, 138 complete and 0 interrupted iterations
steady   [  46% ] 000/050 VUs  2m17.8s/5m0s  1.00 iters/s

running (2m19.0s), 000/050 VUs, 139 complete and 0 interrupted iterations
steady   [  46% ] 000/050 VUs  2m18.8s/5m0s  1.00 iters/s

running (2m20.0s), 000/050 VUs, 140 complete and 0 interrupted iterations
steady   [  47% ] 000/050 VUs  2m19.8s/5m0s  1.00 iters/s

running (2m21.0s), 000/050 VUs, 141 complete and 0 interrupted iterations
steady   [  47% ] 000/050 VUs  2m20.8s/5m0s  1.00 iters/s

running (2m22.0s), 000/050 VUs, 142 complete and 0 interrupted iterations
steady   [  47% ] 000/050 VUs  2m21.8s/5m0s  1.00 iters/s

running (2m23.0s), 000/050 VUs, 143 complete and 0 interrupted iterations
steady   [  48% ] 000/050 VUs  2m22.8s/5m0s  1.00 iters/s

running (2m24.0s), 000/050 VUs, 144 complete and 0 interrupted iterations
steady   [  48% ] 000/050 VUs  2m23.8s/5m0s  1.00 iters/s

running (2m25.0s), 000/050 VUs, 145 complete and 0 interrupted iterations
steady   [  48% ] 000/050 VUs  2m24.8s/5m0s  1.00 iters/s

running (2m26.0s), 000/050 VUs, 146 complete and 0 interrupted iterations
steady   [  49% ] 000/050 VUs  2m25.8s/5m0s  1.00 iters/s

running (2m27.0s), 000/050 VUs, 147 complete and 0 interrupted iterations
steady   [  49% ] 000/050 VUs  2m26.8s/5m0s  1.00 iters/s

running (2m28.0s), 000/050 VUs, 148 complete and 0 interrupted iterations
steady   [  49% ] 000/050 VUs  2m27.8s/5m0s  1.00 iters/s

running (2m29.0s), 000/050 VUs, 149 complete and 0 interrupted iterations
steady   [  50% ] 000/050 VUs  2m28.8s/5m0s  1.00 iters/s

running (2m30.0s), 000/050 VUs, 150 complete and 0 interrupted iterations
steady   [  50% ] 000/050 VUs  2m29.8s/5m0s  1.00 iters/s

running (2m31.0s), 000/050 VUs, 151 complete and 0 interrupted iterations
steady   [  50% ] 000/050 VUs  2m30.8s/5m0s  1.00 iters/s

running (2m32.0s), 000/050 VUs, 152 complete and 0 interrupted iterations
steady   [  51% ] 000/050 VUs  2m31.8s/5m0s  1.00 iters/s

running (2m33.0s), 000/050 VUs, 153 complete and 0 interrupted iterations
steady   [  51% ] 000/050 VUs  2m32.8s/5m0s  1.00 iters/s

running (2m34.0s), 000/050 VUs, 154 complete and 0 interrupted iterations
steady   [  51% ] 000/050 VUs  2m33.8s/5m0s  1.00 iters/s

running (2m35.0s), 000/050 VUs, 155 complete and 0 interrupted iterations
steady   [  52% ] 000/050 VUs  2m34.8s/5m0s  1.00 iters/s

running (2m36.0s), 000/050 VUs, 156 complete and 0 interrupted iterations
steady   [  52% ] 000/050 VUs  2m35.8s/5m0s  1.00 iters/s

running (2m37.0s), 000/050 VUs, 157 complete and 0 interrupted iterations
steady   [  52% ] 000/050 VUs  2m36.8s/5m0s  1.00 iters/s

running (2m38.0s), 000/050 VUs, 158 complete and 0 interrupted iterations
steady   [  53% ] 000/050 VUs  2m37.8s/5m0s  1.00 iters/s

running (2m39.0s), 000/050 VUs, 159 complete and 0 interrupted iterations
steady   [  53% ] 000/050 VUs  2m38.8s/5m0s  1.00 iters/s

running (2m40.0s), 000/050 VUs, 160 complete and 0 interrupted iterations
steady   [  53% ] 000/050 VUs  2m39.8s/5m0s  1.00 iters/s

running (2m41.0s), 000/050 VUs, 161 complete and 0 interrupted iterations
steady   [  54% ] 000/050 VUs  2m40.8s/5m0s  1.00 iters/s

running (2m42.0s), 000/050 VUs, 162 complete and 0 interrupted iterations
steady   [  54% ] 000/050 VUs  2m41.8s/5m0s  1.00 iters/s

running (2m43.0s), 000/050 VUs, 163 complete and 0 interrupted iterations
steady   [  54% ] 000/050 VUs  2m42.8s/5m0s  1.00 iters/s

running (2m44.0s), 000/050 VUs, 164 complete and 0 interrupted iterations
steady   [  55% ] 000/050 VUs  2m43.8s/5m0s  1.00 iters/s

running (2m45.0s), 000/050 VUs, 165 complete and 0 interrupted iterations
steady   [  55% ] 000/050 VUs  2m44.8s/5m0s  1.00 iters/s

running (2m46.0s), 000/050 VUs, 166 complete and 0 interrupted iterations
steady   [  55% ] 000/050 VUs  2m45.8s/5m0s  1.00 iters/s

running (2m47.0s), 000/050 VUs, 167 complete and 0 interrupted iterations
steady   [  56% ] 000/050 VUs  2m46.8s/5m0s  1.00 iters/s

running (2m48.0s), 000/050 VUs, 168 complete and 0 interrupted iterations
steady   [  56% ] 000/050 VUs  2m47.8s/5m0s  1.00 iters/s

running (2m49.0s), 000/050 VUs, 169 complete and 0 interrupted iterations
steady   [  56% ] 000/050 VUs  2m48.8s/5m0s  1.00 iters/s

running (2m50.0s), 000/050 VUs, 170 complete and 0 interrupted iterations
steady   [  57% ] 000/050 VUs  2m49.8s/5m0s  1.00 iters/s

running (2m51.0s), 000/050 VUs, 171 complete and 0 interrupted iterations
steady   [  57% ] 000/050 VUs  2m50.8s/5m0s  1.00 iters/s

running (2m52.0s), 000/050 VUs, 172 complete and 0 interrupted iterations
steady   [  57% ] 000/050 VUs  2m51.8s/5m0s  1.00 iters/s

running (2m53.0s), 000/050 VUs, 173 complete and 0 interrupted iterations
steady   [  58% ] 000/050 VUs  2m52.8s/5m0s  1.00 iters/s

running (2m54.0s), 000/050 VUs, 174 complete and 0 interrupted iterations
steady   [  58% ] 000/050 VUs  2m53.8s/5m0s  1.00 iters/s

running (2m55.0s), 000/050 VUs, 175 complete and 0 interrupted iterations
steady   [  58% ] 000/050 VUs  2m54.8s/5m0s  1.00 iters/s

running (2m56.0s), 000/050 VUs, 176 complete and 0 interrupted iterations
steady   [  59% ] 000/050 VUs  2m55.8s/5m0s  1.00 iters/s

running (2m57.0s), 000/050 VUs, 177 complete and 0 interrupted iterations
steady   [  59% ] 000/050 VUs  2m56.8s/5m0s  1.00 iters/s

running (2m58.0s), 000/050 VUs, 178 complete and 0 interrupted iterations
steady   [  59% ] 000/050 VUs  2m57.8s/5m0s  1.00 iters/s

running (2m59.0s), 000/050 VUs, 179 complete and 0 interrupted iterations
steady   [  60% ] 000/050 VUs  2m58.8s/5m0s  1.00 iters/s

running (3m00.0s), 000/050 VUs, 180 complete and 0 interrupted iterations
steady   [  60% ] 000/050 VUs  2m59.8s/5m0s  1.00 iters/s

running (3m01.0s), 000/050 VUs, 181 complete and 0 interrupted iterations
steady   [  60% ] 000/050 VUs  3m00.8s/5m0s  1.00 iters/s

running (3m02.0s), 000/050 VUs, 182 complete and 0 interrupted iterations
steady   [  61% ] 000/050 VUs  3m01.8s/5m0s  1.00 iters/s

running (3m03.0s), 000/050 VUs, 183 complete and 0 interrupted iterations
steady   [  61% ] 000/050 VUs  3m02.8s/5m0s  1.00 iters/s

running (3m04.0s), 000/050 VUs, 184 complete and 0 interrupted iterations
steady   [  61% ] 000/050 VUs  3m03.8s/5m0s  1.00 iters/s

running (3m05.0s), 000/050 VUs, 185 complete and 0 interrupted iterations
steady   [  62% ] 000/050 VUs  3m04.8s/5m0s  1.00 iters/s

running (3m06.0s), 000/050 VUs, 186 complete and 0 interrupted iterations
steady   [  62% ] 000/050 VUs  3m05.8s/5m0s  1.00 iters/s

running (3m07.0s), 000/050 VUs, 187 complete and 0 interrupted iterations
steady   [  62% ] 000/050 VUs  3m06.8s/5m0s  1.00 iters/s

running (3m08.0s), 000/050 VUs, 188 complete and 0 interrupted iterations
steady   [  63% ] 000/050 VUs  3m07.8s/5m0s  1.00 iters/s

running (3m09.0s), 000/050 VUs, 189 complete and 0 interrupted iterations
steady   [  63% ] 000/050 VUs  3m08.8s/5m0s  1.00 iters/s

running (3m10.0s), 000/050 VUs, 190 complete and 0 interrupted iterations
steady   [  63% ] 000/050 VUs  3m09.8s/5m0s  1.00 iters/s

running (3m11.0s), 000/050 VUs, 191 complete and 0 interrupted iterations
steady   [  64% ] 000/050 VUs  3m10.8s/5m0s  1.00 iters/s

running (3m12.0s), 000/050 VUs, 192 complete and 0 interrupted iterations
steady   [  64% ] 000/050 VUs  3m11.8s/5m0s  1.00 iters/s

running (3m13.0s), 000/050 VUs, 193 complete and 0 interrupted iterations
steady   [  64% ] 000/050 VUs  3m12.8s/5m0s  1.00 iters/s

running (3m14.0s), 000/050 VUs, 194 complete and 0 interrupted iterations
steady   [  65% ] 000/050 VUs  3m13.8s/5m0s  1.00 iters/s

running (3m15.0s), 000/050 VUs, 195 complete and 0 interrupted iterations
steady   [  65% ] 000/050 VUs  3m14.8s/5m0s  1.00 iters/s

running (3m16.0s), 000/050 VUs, 196 complete and 0 interrupted iterations
steady   [  65% ] 000/050 VUs  3m15.8s/5m0s  1.00 iters/s

running (3m17.0s), 000/050 VUs, 197 complete and 0 interrupted iterations
steady   [  66% ] 000/050 VUs  3m16.8s/5m0s  1.00 iters/s

running (3m18.0s), 000/050 VUs, 198 complete and 0 interrupted iterations
steady   [  66% ] 000/050 VUs  3m17.8s/5m0s  1.00 iters/s

running (3m19.0s), 000/050 VUs, 199 complete and 0 interrupted iterations
steady   [  66% ] 000/050 VUs  3m18.8s/5m0s  1.00 iters/s

running (3m20.0s), 000/050 VUs, 200 complete and 0 interrupted iterations
steady   [  67% ] 000/050 VUs  3m19.8s/5m0s  1.00 iters/s

running (3m21.0s), 000/050 VUs, 201 complete and 0 interrupted iterations
steady   [  67% ] 000/050 VUs  3m20.8s/5m0s  1.00 iters/s

running (3m22.0s), 000/050 VUs, 202 complete and 0 interrupted iterations
steady   [  67% ] 000/050 VUs  3m21.8s/5m0s  1.00 iters/s

running (3m23.0s), 000/050 VUs, 203 complete and 0 interrupted iterations
steady   [  68% ] 000/050 VUs  3m22.8s/5m0s  1.00 iters/s

running (3m24.0s), 000/050 VUs, 204 complete and 0 interrupted iterations
steady   [  68% ] 000/050 VUs  3m23.8s/5m0s  1.00 iters/s

running (3m25.0s), 000/050 VUs, 205 complete and 0 interrupted iterations
steady   [  68% ] 000/050 VUs  3m24.8s/5m0s  1.00 iters/s

running (3m26.0s), 000/050 VUs, 206 complete and 0 interrupted iterations
steady   [  69% ] 000/050 VUs  3m25.8s/5m0s  1.00 iters/s

running (3m27.0s), 000/050 VUs, 207 complete and 0 interrupted iterations
steady   [  69% ] 000/050 VUs  3m26.8s/5m0s  1.00 iters/s

running (3m28.0s), 000/050 VUs, 208 complete and 0 interrupted iterations
steady   [  69% ] 000/050 VUs  3m27.8s/5m0s  1.00 iters/s

running (3m29.0s), 000/050 VUs, 209 complete and 0 interrupted iterations
steady   [  70% ] 000/050 VUs  3m28.8s/5m0s  1.00 iters/s

running (3m30.0s), 000/050 VUs, 210 complete and 0 interrupted iterations
steady   [  70% ] 000/050 VUs  3m29.8s/5m0s  1.00 iters/s

running (3m31.0s), 000/050 VUs, 211 complete and 0 interrupted iterations
steady   [  70% ] 000/050 VUs  3m30.8s/5m0s  1.00 iters/s

running (3m32.0s), 000/050 VUs, 212 complete and 0 interrupted iterations
steady   [  71% ] 000/050 VUs  3m31.8s/5m0s  1.00 iters/s

running (3m33.0s), 000/050 VUs, 213 complete and 0 interrupted iterations
steady   [  71% ] 000/050 VUs  3m32.8s/5m0s  1.00 iters/s

running (3m34.0s), 000/050 VUs, 214 complete and 0 interrupted iterations
steady   [  71% ] 000/050 VUs  3m33.8s/5m0s  1.00 iters/s

running (3m35.0s), 000/050 VUs, 215 complete and 0 interrupted iterations
steady   [  72% ] 000/050 VUs  3m34.8s/5m0s  1.00 iters/s

running (3m36.0s), 000/050 VUs, 216 complete and 0 interrupted iterations
steady   [  72% ] 000/050 VUs  3m35.8s/5m0s  1.00 iters/s

running (3m37.0s), 000/050 VUs, 217 complete and 0 interrupted iterations
steady   [  72% ] 000/050 VUs  3m36.8s/5m0s  1.00 iters/s

running (3m38.0s), 000/050 VUs, 218 complete and 0 interrupted iterations
steady   [  73% ] 000/050 VUs  3m37.8s/5m0s  1.00 iters/s

running (3m39.0s), 000/050 VUs, 219 complete and 0 interrupted iterations
steady   [  73% ] 000/050 VUs  3m38.8s/5m0s  1.00 iters/s

running (3m40.0s), 000/050 VUs, 220 complete and 0 interrupted iterations
steady   [  73% ] 000/050 VUs  3m39.8s/5m0s  1.00 iters/s

running (3m41.0s), 000/050 VUs, 221 complete and 0 interrupted iterations
steady   [  74% ] 000/050 VUs  3m40.8s/5m0s  1.00 iters/s

running (3m42.0s), 000/050 VUs, 222 complete and 0 interrupted iterations
steady   [  74% ] 000/050 VUs  3m41.8s/5m0s  1.00 iters/s

running (3m43.0s), 000/050 VUs, 223 complete and 0 interrupted iterations
steady   [  74% ] 000/050 VUs  3m42.8s/5m0s  1.00 iters/s

running (3m44.0s), 000/050 VUs, 224 complete and 0 interrupted iterations
steady   [  75% ] 000/050 VUs  3m43.8s/5m0s  1.00 iters/s

running (3m45.0s), 000/050 VUs, 225 complete and 0 interrupted iterations
steady   [  75% ] 000/050 VUs  3m44.8s/5m0s  1.00 iters/s

running (3m46.0s), 000/050 VUs, 226 complete and 0 interrupted iterations
steady   [  75% ] 000/050 VUs  3m45.8s/5m0s  1.00 iters/s

running (3m47.0s), 000/050 VUs, 227 complete and 0 interrupted iterations
steady   [  76% ] 000/050 VUs  3m46.8s/5m0s  1.00 iters/s

running (3m48.0s), 000/050 VUs, 228 complete and 0 interrupted iterations
steady   [  76% ] 000/050 VUs  3m47.8s/5m0s  1.00 iters/s

running (3m49.0s), 000/050 VUs, 229 complete and 0 interrupted iterations
steady   [  76% ] 000/050 VUs  3m48.8s/5m0s  1.00 iters/s

running (3m50.0s), 000/050 VUs, 230 complete and 0 interrupted iterations
steady   [  77% ] 000/050 VUs  3m49.8s/5m0s  1.00 iters/s

running (3m51.0s), 000/050 VUs, 231 complete and 0 interrupted iterations
steady   [  77% ] 000/050 VUs  3m50.8s/5m0s  1.00 iters/s

running (3m52.0s), 000/050 VUs, 232 complete and 0 interrupted iterations
steady   [  77% ] 000/050 VUs  3m51.8s/5m0s  1.00 iters/s

running (3m53.0s), 000/050 VUs, 233 complete and 0 interrupted iterations
steady   [  78% ] 000/050 VUs  3m52.8s/5m0s  1.00 iters/s

running (3m54.0s), 000/050 VUs, 234 complete and 0 interrupted iterations
steady   [  78% ] 000/050 VUs  3m53.8s/5m0s  1.00 iters/s

running (3m55.0s), 000/050 VUs, 235 complete and 0 interrupted iterations
steady   [  78% ] 000/050 VUs  3m54.8s/5m0s  1.00 iters/s

running (3m56.0s), 000/050 VUs, 236 complete and 0 interrupted iterations
steady   [  79% ] 000/050 VUs  3m55.8s/5m0s  1.00 iters/s

running (3m57.0s), 000/050 VUs, 237 complete and 0 interrupted iterations
steady   [  79% ] 000/050 VUs  3m56.8s/5m0s  1.00 iters/s

running (3m58.0s), 000/050 VUs, 238 complete and 0 interrupted iterations
steady   [  79% ] 000/050 VUs  3m57.8s/5m0s  1.00 iters/s

running (3m59.0s), 000/050 VUs, 239 complete and 0 interrupted iterations
steady   [  80% ] 000/050 VUs  3m58.8s/5m0s  1.00 iters/s

running (4m00.0s), 000/050 VUs, 240 complete and 0 interrupted iterations
steady   [  80% ] 000/050 VUs  3m59.8s/5m0s  1.00 iters/s

running (4m01.0s), 000/050 VUs, 241 complete and 0 interrupted iterations
steady   [  80% ] 000/050 VUs  4m00.8s/5m0s  1.00 iters/s

running (4m02.0s), 000/050 VUs, 242 complete and 0 interrupted iterations
steady   [  81% ] 000/050 VUs  4m01.8s/5m0s  1.00 iters/s

running (4m03.0s), 000/050 VUs, 243 complete and 0 interrupted iterations
steady   [  81% ] 000/050 VUs  4m02.8s/5m0s  1.00 iters/s

running (4m04.0s), 000/050 VUs, 244 complete and 0 interrupted iterations
steady   [  81% ] 000/050 VUs  4m03.8s/5m0s  1.00 iters/s

running (4m05.0s), 000/050 VUs, 245 complete and 0 interrupted iterations
steady   [  82% ] 000/050 VUs  4m04.8s/5m0s  1.00 iters/s

running (4m06.0s), 000/050 VUs, 246 complete and 0 interrupted iterations
steady   [  82% ] 000/050 VUs  4m05.8s/5m0s  1.00 iters/s

running (4m07.0s), 000/050 VUs, 247 complete and 0 interrupted iterations
steady   [  82% ] 000/050 VUs  4m06.8s/5m0s  1.00 iters/s

running (4m08.0s), 000/050 VUs, 248 complete and 0 interrupted iterations
steady   [  83% ] 000/050 VUs  4m07.8s/5m0s  1.00 iters/s

running (4m09.0s), 000/050 VUs, 249 complete and 0 interrupted iterations
steady   [  83% ] 000/050 VUs  4m08.8s/5m0s  1.00 iters/s

running (4m10.0s), 000/050 VUs, 250 complete and 0 interrupted iterations
steady   [  83% ] 000/050 VUs  4m09.8s/5m0s  1.00 iters/s

running (4m11.0s), 000/050 VUs, 251 complete and 0 interrupted iterations
steady   [  84% ] 000/050 VUs  4m10.8s/5m0s  1.00 iters/s

running (4m12.0s), 000/050 VUs, 252 complete and 0 interrupted iterations
steady   [  84% ] 000/050 VUs  4m11.8s/5m0s  1.00 iters/s

running (4m13.0s), 000/050 VUs, 253 complete and 0 interrupted iterations
steady   [  84% ] 000/050 VUs  4m12.8s/5m0s  1.00 iters/s

running (4m14.0s), 000/050 VUs, 254 complete and 0 interrupted iterations
steady   [  85% ] 000/050 VUs  4m13.8s/5m0s  1.00 iters/s

running (4m15.0s), 000/050 VUs, 255 complete and 0 interrupted iterations
steady   [  85% ] 000/050 VUs  4m14.8s/5m0s  1.00 iters/s

running (4m16.0s), 000/050 VUs, 256 complete and 0 interrupted iterations
steady   [  85% ] 000/050 VUs  4m15.8s/5m0s  1.00 iters/s

running (4m17.0s), 000/050 VUs, 257 complete and 0 interrupted iterations
steady   [  86% ] 000/050 VUs  4m16.8s/5m0s  1.00 iters/s

running (4m18.0s), 000/050 VUs, 258 complete and 0 interrupted iterations
steady   [  86% ] 000/050 VUs  4m17.8s/5m0s  1.00 iters/s

running (4m19.0s), 000/050 VUs, 259 complete and 0 interrupted iterations
steady   [  86% ] 000/050 VUs  4m18.8s/5m0s  1.00 iters/s

running (4m20.0s), 000/050 VUs, 260 complete and 0 interrupted iterations
steady   [  87% ] 000/050 VUs  4m19.8s/5m0s  1.00 iters/s

running (4m21.0s), 000/050 VUs, 261 complete and 0 interrupted iterations
steady   [  87% ] 000/050 VUs  4m20.8s/5m0s  1.00 iters/s

running (4m22.0s), 000/050 VUs, 262 complete and 0 interrupted iterations
steady   [  87% ] 000/050 VUs  4m21.8s/5m0s  1.00 iters/s

running (4m23.0s), 000/050 VUs, 263 complete and 0 interrupted iterations
steady   [  88% ] 000/050 VUs  4m22.8s/5m0s  1.00 iters/s

running (4m24.0s), 000/050 VUs, 264 complete and 0 interrupted iterations
steady   [  88% ] 000/050 VUs  4m23.8s/5m0s  1.00 iters/s

running (4m25.0s), 000/050 VUs, 265 complete and 0 interrupted iterations
steady   [  88% ] 000/050 VUs  4m24.8s/5m0s  1.00 iters/s

running (4m26.0s), 000/050 VUs, 266 complete and 0 interrupted iterations
steady   [  89% ] 000/050 VUs  4m25.8s/5m0s  1.00 iters/s

running (4m27.0s), 000/050 VUs, 267 complete and 0 interrupted iterations
steady   [  89% ] 000/050 VUs  4m26.8s/5m0s  1.00 iters/s

running (4m28.0s), 000/050 VUs, 268 complete and 0 interrupted iterations
steady   [  89% ] 000/050 VUs  4m27.8s/5m0s  1.00 iters/s

running (4m29.0s), 000/050 VUs, 269 complete and 0 interrupted iterations
steady   [  90% ] 000/050 VUs  4m28.8s/5m0s  1.00 iters/s

running (4m30.0s), 000/050 VUs, 270 complete and 0 interrupted iterations
steady   [  90% ] 000/050 VUs  4m29.8s/5m0s  1.00 iters/s

running (4m31.0s), 000/050 VUs, 271 complete and 0 interrupted iterations
steady   [  90% ] 000/050 VUs  4m30.8s/5m0s  1.00 iters/s

running (4m32.0s), 000/050 VUs, 272 complete and 0 interrupted iterations
steady   [  91% ] 000/050 VUs  4m31.8s/5m0s  1.00 iters/s

running (4m33.0s), 000/050 VUs, 273 complete and 0 interrupted iterations
steady   [  91% ] 000/050 VUs  4m32.8s/5m0s  1.00 iters/s

running (4m34.0s), 000/050 VUs, 274 complete and 0 interrupted iterations
steady   [  91% ] 000/050 VUs  4m33.8s/5m0s  1.00 iters/s

running (4m35.0s), 000/050 VUs, 275 complete and 0 interrupted iterations
steady   [  92% ] 000/050 VUs  4m34.8s/5m0s  1.00 iters/s

running (4m36.0s), 000/050 VUs, 276 complete and 0 interrupted iterations
steady   [  92% ] 000/050 VUs  4m35.8s/5m0s  1.00 iters/s

running (4m37.0s), 000/050 VUs, 277 complete and 0 interrupted iterations
steady   [  92% ] 000/050 VUs  4m36.8s/5m0s  1.00 iters/s

running (4m38.0s), 000/050 VUs, 278 complete and 0 interrupted iterations
steady   [  93% ] 000/050 VUs  4m37.8s/5m0s  1.00 iters/s

running (4m39.0s), 000/050 VUs, 279 complete and 0 interrupted iterations
steady   [  93% ] 000/050 VUs  4m38.8s/5m0s  1.00 iters/s

running (4m40.0s), 000/050 VUs, 280 complete and 0 interrupted iterations
steady   [  93% ] 000/050 VUs  4m39.8s/5m0s  1.00 iters/s

running (4m41.0s), 000/050 VUs, 281 complete and 0 interrupted iterations
steady   [  94% ] 000/050 VUs  4m40.8s/5m0s  1.00 iters/s

running (4m42.0s), 000/050 VUs, 282 complete and 0 interrupted iterations
steady   [  94% ] 000/050 VUs  4m41.8s/5m0s  1.00 iters/s

running (4m43.0s), 000/050 VUs, 283 complete and 0 interrupted iterations
steady   [  94% ] 000/050 VUs  4m42.8s/5m0s  1.00 iters/s

running (4m44.0s), 000/050 VUs, 284 complete and 0 interrupted iterations
steady   [  95% ] 000/050 VUs  4m43.8s/5m0s  1.00 iters/s

running (4m45.0s), 000/050 VUs, 285 complete and 0 interrupted iterations
steady   [  95% ] 000/050 VUs  4m44.8s/5m0s  1.00 iters/s

running (4m46.0s), 000/050 VUs, 286 complete and 0 interrupted iterations
steady   [  95% ] 000/050 VUs  4m45.8s/5m0s  1.00 iters/s

running (4m47.0s), 000/050 VUs, 287 complete and 0 interrupted iterations
steady   [  96% ] 000/050 VUs  4m46.8s/5m0s  1.00 iters/s

running (4m48.0s), 000/050 VUs, 288 complete and 0 interrupted iterations
steady   [  96% ] 000/050 VUs  4m47.8s/5m0s  1.00 iters/s

running (4m49.0s), 000/050 VUs, 289 complete and 0 interrupted iterations
steady   [  96% ] 000/050 VUs  4m48.8s/5m0s  1.00 iters/s

running (4m50.0s), 000/050 VUs, 290 complete and 0 interrupted iterations
steady   [  97% ] 000/050 VUs  4m49.8s/5m0s  1.00 iters/s

running (4m51.0s), 000/050 VUs, 291 complete and 0 interrupted iterations
steady   [  97% ] 000/050 VUs  4m50.8s/5m0s  1.00 iters/s

running (4m52.0s), 000/050 VUs, 292 complete and 0 interrupted iterations
steady   [  97% ] 000/050 VUs  4m51.8s/5m0s  1.00 iters/s

running (4m53.0s), 000/050 VUs, 293 complete and 0 interrupted iterations
steady   [  98% ] 000/050 VUs  4m52.8s/5m0s  1.00 iters/s

running (4m54.0s), 000/050 VUs, 294 complete and 0 interrupted iterations
steady   [  98% ] 000/050 VUs  4m53.8s/5m0s  1.00 iters/s

running (4m55.0s), 000/050 VUs, 295 complete and 0 interrupted iterations
steady   [  98% ] 000/050 VUs  4m54.8s/5m0s  1.00 iters/s

running (4m56.0s), 000/050 VUs, 296 complete and 0 interrupted iterations
steady   [  99% ] 000/050 VUs  4m55.8s/5m0s  1.00 iters/s

running (4m57.0s), 000/050 VUs, 297 complete and 0 interrupted iterations
steady   [  99% ] 000/050 VUs  4m56.8s/5m0s  1.00 iters/s

running (4m58.0s), 000/050 VUs, 298 complete and 0 interrupted iterations
steady   [  99% ] 000/050 VUs  4m57.8s/5m0s  1.00 iters/s

running (4m59.0s), 000/050 VUs, 299 complete and 0 interrupted iterations
steady   [ 100% ] 000/050 VUs  4m58.8s/5m0s  1.00 iters/s

running (5m00.0s), 000/050 VUs, 300 complete and 0 interrupted iterations
steady   [ 100% ] 000/050 VUs  4m59.8s/5m0s  1.00 iters/s

================ DSP benchmark summary ================
-- per-phase latency --
  catalog                    p50=19.6 ms  p95=21.4 ms  p99=30.8 ms  max=31.6 ms  n=300
  negotiation init (POST)    p50=11.6 ms  p95=12.7 ms  p99=20.1 ms  max=23.3 ms  n=300
  time-to-AGREED (async)     p50=254.0 ms  p95=254.0 ms  p99=255.0 ms  max=259.0 ms  n=300
  transfer init (POST)       p50=11.5 ms  p95=12.9 ms  p99=14.5 ms  max=22.5 ms  n=300
  time-to-EDR (async)        p50=253.0 ms  p95=253.0 ms  p99=254.0 ms  max=254.0 ms  n=300
  data pull                  p50=5.4 ms  p95=6.3 ms  p99=6.9 ms  max=7.9 ms  n=300
-- end-to-end + throughput --
  e2e transaction            p50=818.0 ms  p95=826.0 ms  p99=831.0 ms  max=836.0 ms  n=300
  data throughput (MB/s)     p50=0.0  p95=0.0  p99=0.0  max=0.1  n=300
-- outcomes --
  transactions succeeded     count=300  rate=1.000/s
  transactions failed        (no data)
  failed rate                rate=0.00%  (pass=0 fail=300)
    of which TERMINATED      (no data)
    of which TIMED OUT       (no data)
    of which HTTP-FAILED     (no data)
  failure accounting       (no failures)
-- observer effect (poll load) --
  negotiation polls          count=600  rate=1.999/s
  edr polls                  count=600  rate=1.999/s
  polls per transaction     negotiation=2.0  edr=2.0  (timeout ceiling=120)
=======================================================
(full summary -> /home/rohitj/edc/benchmarking-dsp-native-basyx/k6-scripts/results/basyx/off/steady/2026-08-11T19-19-20Z/k6-summary.json; POLL_INTERVAL_MS=250; IDENTITY_MODE=off)

running (5m00.1s), 000/050 VUs, 300 complete and 0 interrupted iterations
steady ✓ [ 100% ] 000/050 VUs  5m0s  1.00 iters/s
Prometheus snapshot [1786476041..1786476357] svc=(dsp-native-basyx|consumer-controlplane) win=1m -> /home/rohitj/edc/benchmarking-dsp-native-basyx/k6-scripts/results/basyx/off/steady/2026-08-11T19-19-20Z
  jvm-heap.csv (64 rows)
  jvm-gc-rate.csv (64 rows)
  jvm-threads.csv (64 rows)
  http-throughput.csv (64 rows)
  http-p95.csv (64 rows)
  http-errors.csv (64 rows)
  http-errors-5xx.csv (0 rows)
  http-status.csv (128 rows)
  host-cpu-busy.csv (64 rows)
  host-mem-used.csv (64 rows)
  5xx: no 5xx in window (confirmed: http-status has 128 samples, so the status label IS scraped)
  logs -> /home/rohitj/edc/benchmarking-dsp-native-basyx/k6-scripts/results/basyx/off/steady/2026-08-11T19-19-20Z/logs (1 files)
0
VALIDITY  ok=300  failed=0  failed_rate=0%  dropped_iterations=0
>>> done: /home/rohitj/edc/benchmarking-dsp-native-basyx/k6-scripts/results/basyx/off/steady/2026-08-11T19-19-20Z  (k6 exit 0)
===== repetition 2/5 =====
----- basyx / steady (rep 2) -----
>>> basyx / steady  ->  /home/rohitj/edc/benchmarking-dsp-native-basyx/k6-scripts/results/basyx/off/steady/2026-08-11T19-25-57Z
parity OK: lib/ + scenarios/ + orchestration/ + tools/ identical to /home/rohitj/edc/benchmarking-dsp-native-basyx/k6-scripts
Health: http://localhost:8090/dsp http://localhost:8888/health + prometheus  OK
Warmup 60s @ 1/s (discarded)
  draining 20s before the measured window opens
k6 -> Prometheus remote-write: http://localhost:9090/api/v1/write

         /\      Grafana   /‾‾/  
    /\  /  \     |\  __   /  /   
   /  \/    \    | |/ /  /   ‾‾\ 
  /          \   |   (  |  (‾)  |
 / __________ \  |_|\_\  \_____/ 


     execution: local
        script: /home/rohitj/edc/benchmarking-dsp-native-basyx/k6-scripts/basyx-off/steady.js
        output: Prometheus remote write (http://localhost:9090/api/v1/write)

     scenarios: (100.00%) 1 scenario, 200 max VUs, 5m30s max duration (incl. graceful stop):
              * steady: 1.00 iterations/s for 5m0s (maxVUs: 50-200, gracefulStop: 30s)


running (0m01.0s), 000/050 VUs, 1 complete and 0 interrupted iterations
steady   [   0% ] 000/050 VUs  0m00.9s/5m0s  1.00 iters/s

running (0m02.0s), 000/050 VUs, 2 complete and 0 interrupted iterations
steady   [   1% ] 000/050 VUs  0m01.9s/5m0s  1.00 iters/s

running (0m03.0s), 000/050 VUs, 3 complete and 0 interrupted iterations
steady   [   1% ] 000/050 VUs  0m02.9s/5m0s  1.00 iters/s

running (0m04.0s), 000/050 VUs, 4 complete and 0 interrupted iterations
steady   [   1% ] 000/050 VUs  0m03.9s/5m0s  1.00 iters/s

running (0m05.0s), 000/050 VUs, 5 complete and 0 interrupted iterations
steady   [   2% ] 000/050 VUs  0m04.9s/5m0s  1.00 iters/s

running (0m06.0s), 000/050 VUs, 6 complete and 0 interrupted iterations
steady   [   2% ] 000/050 VUs  0m05.9s/5m0s  1.00 iters/s

running (0m07.0s), 000/050 VUs, 7 complete and 0 interrupted iterations
steady   [   2% ] 000/050 VUs  0m06.9s/5m0s  1.00 iters/s

running (0m08.0s), 000/050 VUs, 8 complete and 0 interrupted iterations
steady   [   3% ] 000/050 VUs  0m07.9s/5m0s  1.00 iters/s

running (0m09.0s), 000/050 VUs, 9 complete and 0 interrupted iterations
steady   [   3% ] 000/050 VUs  0m08.9s/5m0s  1.00 iters/s

running (0m10.0s), 000/050 VUs, 10 complete and 0 interrupted iterations
steady   [   3% ] 000/050 VUs  0m09.9s/5m0s  1.00 iters/s

running (0m11.0s), 000/050 VUs, 11 complete and 0 interrupted iterations
steady   [   4% ] 000/050 VUs  0m10.9s/5m0s  1.00 iters/s

running (0m12.0s), 000/050 VUs, 12 complete and 0 interrupted iterations
steady   [   4% ] 000/050 VUs  0m11.9s/5m0s  1.00 iters/s

running (0m13.0s), 000/050 VUs, 13 complete and 0 interrupted iterations
steady   [   4% ] 000/050 VUs  0m12.9s/5m0s  1.00 iters/s

running (0m14.0s), 000/050 VUs, 14 complete and 0 interrupted iterations
steady   [   5% ] 000/050 VUs  0m13.9s/5m0s  1.00 iters/s

running (0m15.0s), 000/050 VUs, 15 complete and 0 interrupted iterations
steady   [   5% ] 000/050 VUs  0m14.9s/5m0s  1.00 iters/s

running (0m16.0s), 000/050 VUs, 16 complete and 0 interrupted iterations
steady   [   5% ] 000/050 VUs  0m15.9s/5m0s  1.00 iters/s

running (0m17.0s), 000/050 VUs, 17 complete and 0 interrupted iterations
steady   [   6% ] 000/050 VUs  0m16.9s/5m0s  1.00 iters/s

running (0m18.0s), 000/050 VUs, 18 complete and 0 interrupted iterations
steady   [   6% ] 000/050 VUs  0m17.9s/5m0s  1.00 iters/s

running (0m19.0s), 000/050 VUs, 19 complete and 0 interrupted iterations
steady   [   6% ] 000/050 VUs  0m18.9s/5m0s  1.00 iters/s

running (0m20.0s), 000/050 VUs, 20 complete and 0 interrupted iterations
steady   [   7% ] 000/050 VUs  0m19.9s/5m0s  1.00 iters/s

running (0m21.0s), 000/050 VUs, 21 complete and 0 interrupted iterations
steady   [   7% ] 000/050 VUs  0m20.9s/5m0s  1.00 iters/s

running (0m22.0s), 000/050 VUs, 22 complete and 0 interrupted iterations
steady   [   7% ] 000/050 VUs  0m21.9s/5m0s  1.00 iters/s

running (0m23.0s), 000/050 VUs, 23 complete and 0 interrupted iterations
steady   [   8% ] 000/050 VUs  0m22.9s/5m0s  1.00 iters/s

running (0m24.0s), 000/050 VUs, 24 complete and 0 interrupted iterations
steady   [   8% ] 000/050 VUs  0m23.9s/5m0s  1.00 iters/s

running (0m25.0s), 000/050 VUs, 25 complete and 0 interrupted iterations
steady   [   8% ] 000/050 VUs  0m24.9s/5m0s  1.00 iters/s

running (0m26.0s), 000/050 VUs, 26 complete and 0 interrupted iterations
steady   [   9% ] 000/050 VUs  0m25.9s/5m0s  1.00 iters/s

running (0m27.0s), 000/050 VUs, 27 complete and 0 interrupted iterations
steady   [   9% ] 000/050 VUs  0m26.9s/5m0s  1.00 iters/s

running (0m28.0s), 000/050 VUs, 28 complete and 0 interrupted iterations
steady   [   9% ] 000/050 VUs  0m27.9s/5m0s  1.00 iters/s

running (0m29.0s), 000/050 VUs, 29 complete and 0 interrupted iterations
steady   [  10% ] 000/050 VUs  0m28.9s/5m0s  1.00 iters/s

running (0m30.0s), 000/050 VUs, 30 complete and 0 interrupted iterations
steady   [  10% ] 000/050 VUs  0m29.9s/5m0s  1.00 iters/s

running (0m31.0s), 000/050 VUs, 31 complete and 0 interrupted iterations
steady   [  10% ] 000/050 VUs  0m30.9s/5m0s  1.00 iters/s

running (0m32.0s), 000/050 VUs, 32 complete and 0 interrupted iterations
steady   [  11% ] 000/050 VUs  0m31.9s/5m0s  1.00 iters/s

running (0m33.0s), 000/050 VUs, 33 complete and 0 interrupted iterations
steady   [  11% ] 000/050 VUs  0m32.9s/5m0s  1.00 iters/s

running (0m34.0s), 000/050 VUs, 34 complete and 0 interrupted iterations
steady   [  11% ] 000/050 VUs  0m33.9s/5m0s  1.00 iters/s

running (0m35.0s), 000/050 VUs, 35 complete and 0 interrupted iterations
steady   [  12% ] 000/050 VUs  0m34.9s/5m0s  1.00 iters/s

running (0m36.0s), 000/050 VUs, 36 complete and 0 interrupted iterations
steady   [  12% ] 000/050 VUs  0m35.9s/5m0s  1.00 iters/s

running (0m37.0s), 000/050 VUs, 37 complete and 0 interrupted iterations
steady   [  12% ] 000/050 VUs  0m36.9s/5m0s  1.00 iters/s

running (0m38.0s), 000/050 VUs, 38 complete and 0 interrupted iterations
steady   [  13% ] 000/050 VUs  0m37.9s/5m0s  1.00 iters/s

running (0m39.0s), 000/050 VUs, 39 complete and 0 interrupted iterations
steady   [  13% ] 000/050 VUs  0m38.9s/5m0s  1.00 iters/s

running (0m40.0s), 000/050 VUs, 40 complete and 0 interrupted iterations
steady   [  13% ] 000/050 VUs  0m39.9s/5m0s  1.00 iters/s

running (0m41.0s), 000/050 VUs, 41 complete and 0 interrupted iterations
steady   [  14% ] 000/050 VUs  0m40.9s/5m0s  1.00 iters/s

running (0m42.0s), 000/050 VUs, 42 complete and 0 interrupted iterations
steady   [  14% ] 000/050 VUs  0m41.9s/5m0s  1.00 iters/s

running (0m43.0s), 000/050 VUs, 43 complete and 0 interrupted iterations
steady   [  14% ] 000/050 VUs  0m42.9s/5m0s  1.00 iters/s

running (0m44.0s), 000/050 VUs, 44 complete and 0 interrupted iterations
steady   [  15% ] 000/050 VUs  0m43.9s/5m0s  1.00 iters/s

running (0m45.0s), 000/050 VUs, 45 complete and 0 interrupted iterations
steady   [  15% ] 000/050 VUs  0m44.9s/5m0s  1.00 iters/s

running (0m46.0s), 000/050 VUs, 46 complete and 0 interrupted iterations
steady   [  15% ] 000/050 VUs  0m45.9s/5m0s  1.00 iters/s

running (0m47.0s), 000/050 VUs, 47 complete and 0 interrupted iterations
steady   [  16% ] 000/050 VUs  0m46.9s/5m0s  1.00 iters/s

running (0m48.0s), 000/050 VUs, 48 complete and 0 interrupted iterations
steady   [  16% ] 000/050 VUs  0m47.9s/5m0s  1.00 iters/s

running (0m49.0s), 000/050 VUs, 49 complete and 0 interrupted iterations
steady   [  16% ] 000/050 VUs  0m48.9s/5m0s  1.00 iters/s

running (0m50.0s), 000/050 VUs, 50 complete and 0 interrupted iterations
steady   [  17% ] 000/050 VUs  0m49.9s/5m0s  1.00 iters/s

running (0m51.0s), 000/050 VUs, 51 complete and 0 interrupted iterations
steady   [  17% ] 000/050 VUs  0m50.9s/5m0s  1.00 iters/s

running (0m52.0s), 000/050 VUs, 52 complete and 0 interrupted iterations
steady   [  17% ] 000/050 VUs  0m51.9s/5m0s  1.00 iters/s

running (0m53.0s), 000/050 VUs, 53 complete and 0 interrupted iterations
steady   [  18% ] 000/050 VUs  0m52.9s/5m0s  1.00 iters/s

running (0m54.0s), 000/050 VUs, 54 complete and 0 interrupted iterations
steady   [  18% ] 000/050 VUs  0m53.9s/5m0s  1.00 iters/s

running (0m55.0s), 000/050 VUs, 55 complete and 0 interrupted iterations
steady   [  18% ] 000/050 VUs  0m54.9s/5m0s  1.00 iters/s

running (0m56.0s), 000/050 VUs, 56 complete and 0 interrupted iterations
steady   [  19% ] 000/050 VUs  0m55.9s/5m0s  1.00 iters/s

running (0m57.0s), 000/050 VUs, 57 complete and 0 interrupted iterations
steady   [  19% ] 000/050 VUs  0m56.9s/5m0s  1.00 iters/s

running (0m58.0s), 000/050 VUs, 58 complete and 0 interrupted iterations
steady   [  19% ] 000/050 VUs  0m57.9s/5m0s  1.00 iters/s

running (0m59.0s), 000/050 VUs, 59 complete and 0 interrupted iterations
steady   [  20% ] 000/050 VUs  0m58.9s/5m0s  1.00 iters/s

running (1m00.0s), 000/050 VUs, 60 complete and 0 interrupted iterations
steady   [  20% ] 000/050 VUs  0m59.9s/5m0s  1.00 iters/s

running (1m01.0s), 000/050 VUs, 61 complete and 0 interrupted iterations
steady   [  20% ] 000/050 VUs  1m00.9s/5m0s  1.00 iters/s

running (1m02.0s), 000/050 VUs, 62 complete and 0 interrupted iterations
steady   [  21% ] 000/050 VUs  1m01.9s/5m0s  1.00 iters/s

running (1m03.0s), 000/050 VUs, 63 complete and 0 interrupted iterations
steady   [  21% ] 000/050 VUs  1m02.9s/5m0s  1.00 iters/s

running (1m04.0s), 000/050 VUs, 64 complete and 0 interrupted iterations
steady   [  21% ] 000/050 VUs  1m03.9s/5m0s  1.00 iters/s

running (1m05.0s), 000/050 VUs, 65 complete and 0 interrupted iterations
steady   [  22% ] 000/050 VUs  1m04.9s/5m0s  1.00 iters/s

running (1m06.0s), 000/050 VUs, 66 complete and 0 interrupted iterations
steady   [  22% ] 000/050 VUs  1m05.9s/5m0s  1.00 iters/s

running (1m07.0s), 000/050 VUs, 67 complete and 0 interrupted iterations
steady   [  22% ] 000/050 VUs  1m06.9s/5m0s  1.00 iters/s

running (1m08.0s), 000/050 VUs, 68 complete and 0 interrupted iterations
steady   [  23% ] 000/050 VUs  1m07.9s/5m0s  1.00 iters/s

running (1m09.0s), 000/050 VUs, 69 complete and 0 interrupted iterations
steady   [  23% ] 000/050 VUs  1m08.9s/5m0s  1.00 iters/s

running (1m10.0s), 000/050 VUs, 70 complete and 0 interrupted iterations
steady   [  23% ] 000/050 VUs  1m09.9s/5m0s  1.00 iters/s

running (1m11.0s), 000/050 VUs, 71 complete and 0 interrupted iterations
steady   [  24% ] 000/050 VUs  1m10.9s/5m0s  1.00 iters/s

running (1m12.0s), 000/050 VUs, 72 complete and 0 interrupted iterations
steady   [  24% ] 000/050 VUs  1m11.9s/5m0s  1.00 iters/s

running (1m13.0s), 000/050 VUs, 73 complete and 0 interrupted iterations
steady   [  24% ] 000/050 VUs  1m12.9s/5m0s  1.00 iters/s

running (1m14.0s), 000/050 VUs, 74 complete and 0 interrupted iterations
steady   [  25% ] 000/050 VUs  1m13.9s/5m0s  1.00 iters/s

running (1m15.0s), 000/050 VUs, 75 complete and 0 interrupted iterations
steady   [  25% ] 000/050 VUs  1m14.9s/5m0s  1.00 iters/s

running (1m16.0s), 000/050 VUs, 76 complete and 0 interrupted iterations
steady   [  25% ] 000/050 VUs  1m15.9s/5m0s  1.00 iters/s

running (1m17.0s), 000/050 VUs, 77 complete and 0 interrupted iterations
steady   [  26% ] 000/050 VUs  1m16.9s/5m0s  1.00 iters/s

running (1m18.0s), 000/050 VUs, 78 complete and 0 interrupted iterations
steady   [  26% ] 000/050 VUs  1m17.9s/5m0s  1.00 iters/s

running (1m19.0s), 000/050 VUs, 79 complete and 0 interrupted iterations
steady   [  26% ] 000/050 VUs  1m18.9s/5m0s  1.00 iters/s

running (1m20.0s), 000/050 VUs, 80 complete and 0 interrupted iterations
steady   [  27% ] 000/050 VUs  1m19.9s/5m0s  1.00 iters/s

running (1m21.0s), 000/050 VUs, 81 complete and 0 interrupted iterations
steady   [  27% ] 000/050 VUs  1m20.9s/5m0s  1.00 iters/s

running (1m22.0s), 000/050 VUs, 82 complete and 0 interrupted iterations
steady   [  27% ] 000/050 VUs  1m21.9s/5m0s  1.00 iters/s

running (1m23.0s), 000/050 VUs, 83 complete and 0 interrupted iterations
steady   [  28% ] 000/050 VUs  1m22.9s/5m0s  1.00 iters/s

running (1m24.0s), 000/050 VUs, 84 complete and 0 interrupted iterations
steady   [  28% ] 000/050 VUs  1m23.9s/5m0s  1.00 iters/s

running (1m25.0s), 000/050 VUs, 85 complete and 0 interrupted iterations
steady   [  28% ] 000/050 VUs  1m24.9s/5m0s  1.00 iters/s

running (1m26.0s), 000/050 VUs, 86 complete and 0 interrupted iterations
steady   [  29% ] 000/050 VUs  1m25.9s/5m0s  1.00 iters/s

running (1m27.0s), 000/050 VUs, 87 complete and 0 interrupted iterations
steady   [  29% ] 000/050 VUs  1m26.9s/5m0s  1.00 iters/s

running (1m28.0s), 000/050 VUs, 88 complete and 0 interrupted iterations
steady   [  29% ] 000/050 VUs  1m27.9s/5m0s  1.00 iters/s

running (1m29.0s), 000/050 VUs, 89 complete and 0 interrupted iterations
steady   [  30% ] 000/050 VUs  1m28.9s/5m0s  1.00 iters/s

running (1m30.0s), 000/050 VUs, 90 complete and 0 interrupted iterations
steady   [  30% ] 000/050 VUs  1m29.9s/5m0s  1.00 iters/s

running (1m31.0s), 000/050 VUs, 91 complete and 0 interrupted iterations
steady   [  30% ] 000/050 VUs  1m30.9s/5m0s  1.00 iters/s

running (1m32.0s), 000/050 VUs, 92 complete and 0 interrupted iterations
steady   [  31% ] 000/050 VUs  1m31.9s/5m0s  1.00 iters/s

running (1m33.0s), 000/050 VUs, 93 complete and 0 interrupted iterations
steady   [  31% ] 000/050 VUs  1m32.9s/5m0s  1.00 iters/s

running (1m34.0s), 000/050 VUs, 94 complete and 0 interrupted iterations
steady   [  31% ] 000/050 VUs  1m33.9s/5m0s  1.00 iters/s

running (1m35.0s), 000/050 VUs, 95 complete and 0 interrupted iterations
steady   [  32% ] 000/050 VUs  1m34.9s/5m0s  1.00 iters/s

running (1m36.0s), 000/050 VUs, 96 complete and 0 interrupted iterations
steady   [  32% ] 000/050 VUs  1m35.9s/5m0s  1.00 iters/s

running (1m37.0s), 000/050 VUs, 97 complete and 0 interrupted iterations
steady   [  32% ] 000/050 VUs  1m36.9s/5m0s  1.00 iters/s

running (1m38.0s), 000/050 VUs, 98 complete and 0 interrupted iterations
steady   [  33% ] 000/050 VUs  1m37.9s/5m0s  1.00 iters/s

running (1m39.0s), 000/050 VUs, 99 complete and 0 interrupted iterations
steady   [  33% ] 000/050 VUs  1m38.9s/5m0s  1.00 iters/s

running (1m40.0s), 000/050 VUs, 100 complete and 0 interrupted iterations
steady   [  33% ] 000/050 VUs  1m39.9s/5m0s  1.00 iters/s

running (1m41.0s), 000/050 VUs, 101 complete and 0 interrupted iterations
steady   [  34% ] 000/050 VUs  1m40.9s/5m0s  1.00 iters/s

running (1m42.0s), 000/050 VUs, 102 complete and 0 interrupted iterations
steady   [  34% ] 000/050 VUs  1m41.9s/5m0s  1.00 iters/s

running (1m43.0s), 000/050 VUs, 103 complete and 0 interrupted iterations
steady   [  34% ] 000/050 VUs  1m42.9s/5m0s  1.00 iters/s

running (1m44.0s), 000/050 VUs, 104 complete and 0 interrupted iterations
steady   [  35% ] 000/050 VUs  1m43.9s/5m0s  1.00 iters/s

running (1m45.0s), 000/050 VUs, 105 complete and 0 interrupted iterations
steady   [  35% ] 000/050 VUs  1m44.9s/5m0s  1.00 iters/s

running (1m46.0s), 000/050 VUs, 106 complete and 0 interrupted iterations
steady   [  35% ] 000/050 VUs  1m45.9s/5m0s  1.00 iters/s

running (1m47.0s), 000/050 VUs, 107 complete and 0 interrupted iterations
steady   [  36% ] 000/050 VUs  1m46.9s/5m0s  1.00 iters/s

running (1m48.0s), 000/050 VUs, 108 complete and 0 interrupted iterations
steady   [  36% ] 000/050 VUs  1m47.9s/5m0s  1.00 iters/s

running (1m49.0s), 000/050 VUs, 109 complete and 0 interrupted iterations
steady   [  36% ] 000/050 VUs  1m48.9s/5m0s  1.00 iters/s

running (1m50.0s), 000/050 VUs, 110 complete and 0 interrupted iterations
steady   [  37% ] 000/050 VUs  1m49.9s/5m0s  1.00 iters/s

running (1m51.0s), 000/050 VUs, 111 complete and 0 interrupted iterations
steady   [  37% ] 000/050 VUs  1m50.9s/5m0s  1.00 iters/s

running (1m52.0s), 000/050 VUs, 112 complete and 0 interrupted iterations
steady   [  37% ] 000/050 VUs  1m51.9s/5m0s  1.00 iters/s

running (1m53.0s), 000/050 VUs, 113 complete and 0 interrupted iterations
steady   [  38% ] 000/050 VUs  1m52.9s/5m0s  1.00 iters/s

running (1m54.0s), 000/050 VUs, 114 complete and 0 interrupted iterations
steady   [  38% ] 000/050 VUs  1m53.9s/5m0s  1.00 iters/s

running (1m55.0s), 000/050 VUs, 115 complete and 0 interrupted iterations
steady   [  38% ] 000/050 VUs  1m54.9s/5m0s  1.00 iters/s

running (1m56.0s), 000/050 VUs, 116 complete and 0 interrupted iterations
steady   [  39% ] 000/050 VUs  1m55.9s/5m0s  1.00 iters/s

running (1m57.0s), 000/050 VUs, 117 complete and 0 interrupted iterations
steady   [  39% ] 000/050 VUs  1m56.9s/5m0s  1.00 iters/s

running (1m58.0s), 000/050 VUs, 118 complete and 0 interrupted iterations
steady   [  39% ] 000/050 VUs  1m57.9s/5m0s  1.00 iters/s

running (1m59.0s), 000/050 VUs, 119 complete and 0 interrupted iterations
steady   [  40% ] 000/050 VUs  1m58.9s/5m0s  1.00 iters/s

running (2m00.0s), 000/050 VUs, 120 complete and 0 interrupted iterations
steady   [  40% ] 000/050 VUs  1m59.9s/5m0s  1.00 iters/s

running (2m01.0s), 000/050 VUs, 121 complete and 0 interrupted iterations
steady   [  40% ] 000/050 VUs  2m00.9s/5m0s  1.00 iters/s

running (2m02.0s), 000/050 VUs, 122 complete and 0 interrupted iterations
steady   [  41% ] 000/050 VUs  2m01.9s/5m0s  1.00 iters/s

running (2m03.0s), 000/050 VUs, 123 complete and 0 interrupted iterations
steady   [  41% ] 000/050 VUs  2m02.9s/5m0s  1.00 iters/s

running (2m04.0s), 000/050 VUs, 124 complete and 0 interrupted iterations
steady   [  41% ] 000/050 VUs  2m03.9s/5m0s  1.00 iters/s

running (2m05.0s), 000/050 VUs, 125 complete and 0 interrupted iterations
steady   [  42% ] 000/050 VUs  2m04.9s/5m0s  1.00 iters/s

running (2m06.0s), 000/050 VUs, 126 complete and 0 interrupted iterations
steady   [  42% ] 000/050 VUs  2m05.9s/5m0s  1.00 iters/s

running (2m07.0s), 000/050 VUs, 127 complete and 0 interrupted iterations
steady   [  42% ] 000/050 VUs  2m06.9s/5m0s  1.00 iters/s

running (2m08.0s), 000/050 VUs, 128 complete and 0 interrupted iterations
steady   [  43% ] 000/050 VUs  2m07.9s/5m0s  1.00 iters/s

running (2m09.0s), 000/050 VUs, 129 complete and 0 interrupted iterations
steady   [  43% ] 000/050 VUs  2m08.9s/5m0s  1.00 iters/s

running (2m10.0s), 000/050 VUs, 130 complete and 0 interrupted iterations
steady   [  43% ] 000/050 VUs  2m09.9s/5m0s  1.00 iters/s

running (2m11.0s), 000/050 VUs, 131 complete and 0 interrupted iterations
steady   [  44% ] 000/050 VUs  2m10.9s/5m0s  1.00 iters/s

running (2m12.0s), 000/050 VUs, 132 complete and 0 interrupted iterations
steady   [  44% ] 000/050 VUs  2m11.9s/5m0s  1.00 iters/s

running (2m13.0s), 000/050 VUs, 133 complete and 0 interrupted iterations
steady   [  44% ] 000/050 VUs  2m12.9s/5m0s  1.00 iters/s

running (2m14.0s), 000/050 VUs, 134 complete and 0 interrupted iterations
steady   [  45% ] 000/050 VUs  2m13.9s/5m0s  1.00 iters/s

running (2m15.0s), 000/050 VUs, 135 complete and 0 interrupted iterations
steady   [  45% ] 000/050 VUs  2m14.9s/5m0s  1.00 iters/s

running (2m16.0s), 000/050 VUs, 136 complete and 0 interrupted iterations
steady   [  45% ] 000/050 VUs  2m15.9s/5m0s  1.00 iters/s

running (2m17.0s), 000/050 VUs, 137 complete and 0 interrupted iterations
steady   [  46% ] 000/050 VUs  2m16.9s/5m0s  1.00 iters/s

running (2m18.0s), 000/050 VUs, 138 complete and 0 interrupted iterations
steady   [  46% ] 000/050 VUs  2m17.9s/5m0s  1.00 iters/s

running (2m19.0s), 000/050 VUs, 139 complete and 0 interrupted iterations
steady   [  46% ] 000/050 VUs  2m18.9s/5m0s  1.00 iters/s

running (2m20.0s), 000/050 VUs, 140 complete and 0 interrupted iterations
steady   [  47% ] 000/050 VUs  2m19.9s/5m0s  1.00 iters/s

running (2m21.0s), 000/050 VUs, 141 complete and 0 interrupted iterations
steady   [  47% ] 000/050 VUs  2m20.9s/5m0s  1.00 iters/s

running (2m22.0s), 000/050 VUs, 142 complete and 0 interrupted iterations
steady   [  47% ] 000/050 VUs  2m21.9s/5m0s  1.00 iters/s

running (2m23.0s), 000/050 VUs, 143 complete and 0 interrupted iterations
steady   [  48% ] 000/050 VUs  2m22.9s/5m0s  1.00 iters/s

running (2m24.0s), 000/050 VUs, 144 complete and 0 interrupted iterations
steady   [  48% ] 000/050 VUs  2m23.9s/5m0s  1.00 iters/s

running (2m25.0s), 000/050 VUs, 145 complete and 0 interrupted iterations
steady   [  48% ] 000/050 VUs  2m24.9s/5m0s  1.00 iters/s

running (2m26.0s), 000/050 VUs, 146 complete and 0 interrupted iterations
steady   [  49% ] 000/050 VUs  2m25.9s/5m0s  1.00 iters/s

running (2m27.0s), 000/050 VUs, 147 complete and 0 interrupted iterations
steady   [  49% ] 000/050 VUs  2m26.9s/5m0s  1.00 iters/s

running (2m28.0s), 000/050 VUs, 148 complete and 0 interrupted iterations
steady   [  49% ] 000/050 VUs  2m27.9s/5m0s  1.00 iters/s

running (2m29.0s), 000/050 VUs, 149 complete and 0 interrupted iterations
steady   [  50% ] 000/050 VUs  2m28.9s/5m0s  1.00 iters/s

running (2m30.0s), 000/050 VUs, 150 complete and 0 interrupted iterations
steady   [  50% ] 000/050 VUs  2m29.9s/5m0s  1.00 iters/s

running (2m31.0s), 000/050 VUs, 151 complete and 0 interrupted iterations
steady   [  50% ] 000/050 VUs  2m30.9s/5m0s  1.00 iters/s

running (2m32.0s), 000/050 VUs, 152 complete and 0 interrupted iterations
steady   [  51% ] 000/050 VUs  2m31.9s/5m0s  1.00 iters/s

running (2m33.0s), 000/050 VUs, 153 complete and 0 interrupted iterations
steady   [  51% ] 000/050 VUs  2m32.9s/5m0s  1.00 iters/s

running (2m34.0s), 000/050 VUs, 154 complete and 0 interrupted iterations
steady   [  51% ] 000/050 VUs  2m33.9s/5m0s  1.00 iters/s

running (2m35.0s), 000/050 VUs, 155 complete and 0 interrupted iterations
steady   [  52% ] 000/050 VUs  2m34.9s/5m0s  1.00 iters/s

running (2m36.0s), 000/050 VUs, 156 complete and 0 interrupted iterations
steady   [  52% ] 000/050 VUs  2m35.9s/5m0s  1.00 iters/s

running (2m37.0s), 000/050 VUs, 157 complete and 0 interrupted iterations
steady   [  52% ] 000/050 VUs  2m36.9s/5m0s  1.00 iters/s

running (2m38.0s), 000/050 VUs, 158 complete and 0 interrupted iterations
steady   [  53% ] 000/050 VUs  2m37.9s/5m0s  1.00 iters/s

running (2m39.0s), 000/050 VUs, 159 complete and 0 interrupted iterations
steady   [  53% ] 000/050 VUs  2m38.9s/5m0s  1.00 iters/s

running (2m40.0s), 000/050 VUs, 160 complete and 0 interrupted iterations
steady   [  53% ] 000/050 VUs  2m39.9s/5m0s  1.00 iters/s

running (2m41.0s), 000/050 VUs, 161 complete and 0 interrupted iterations
steady   [  54% ] 000/050 VUs  2m40.9s/5m0s  1.00 iters/s

running (2m42.0s), 000/050 VUs, 162 complete and 0 interrupted iterations
steady   [  54% ] 000/050 VUs  2m41.9s/5m0s  1.00 iters/s

running (2m43.0s), 000/050 VUs, 163 complete and 0 interrupted iterations
steady   [  54% ] 000/050 VUs  2m42.9s/5m0s  1.00 iters/s

running (2m44.0s), 000/050 VUs, 164 complete and 0 interrupted iterations
steady   [  55% ] 000/050 VUs  2m43.9s/5m0s  1.00 iters/s

running (2m45.0s), 000/050 VUs, 165 complete and 0 interrupted iterations
steady   [  55% ] 000/050 VUs  2m44.9s/5m0s  1.00 iters/s

running (2m46.0s), 000/050 VUs, 166 complete and 0 interrupted iterations
steady   [  55% ] 000/050 VUs  2m45.9s/5m0s  1.00 iters/s

running (2m47.0s), 000/050 VUs, 167 complete and 0 interrupted iterations
steady   [  56% ] 000/050 VUs  2m46.9s/5m0s  1.00 iters/s

running (2m48.0s), 000/050 VUs, 168 complete and 0 interrupted iterations
steady   [  56% ] 000/050 VUs  2m47.9s/5m0s  1.00 iters/s

running (2m49.0s), 000/050 VUs, 169 complete and 0 interrupted iterations
steady   [  56% ] 000/050 VUs  2m48.9s/5m0s  1.00 iters/s

running (2m50.0s), 000/050 VUs, 170 complete and 0 interrupted iterations
steady   [  57% ] 000/050 VUs  2m49.9s/5m0s  1.00 iters/s

running (2m51.0s), 000/050 VUs, 171 complete and 0 interrupted iterations
steady   [  57% ] 000/050 VUs  2m50.9s/5m0s  1.00 iters/s

running (2m52.0s), 000/050 VUs, 172 complete and 0 interrupted iterations
steady   [  57% ] 000/050 VUs  2m51.9s/5m0s  1.00 iters/s

running (2m53.0s), 000/050 VUs, 173 complete and 0 interrupted iterations
steady   [  58% ] 000/050 VUs  2m52.9s/5m0s  1.00 iters/s

running (2m54.0s), 000/050 VUs, 174 complete and 0 interrupted iterations
steady   [  58% ] 000/050 VUs  2m53.9s/5m0s  1.00 iters/s

running (2m55.0s), 000/050 VUs, 175 complete and 0 interrupted iterations
steady   [  58% ] 000/050 VUs  2m54.9s/5m0s  1.00 iters/s

running (2m56.0s), 000/050 VUs, 176 complete and 0 interrupted iterations
steady   [  59% ] 000/050 VUs  2m55.9s/5m0s  1.00 iters/s

running (2m57.0s), 000/050 VUs, 177 complete and 0 interrupted iterations
steady   [  59% ] 000/050 VUs  2m56.9s/5m0s  1.00 iters/s

running (2m58.0s), 000/050 VUs, 178 complete and 0 interrupted iterations
steady   [  59% ] 000/050 VUs  2m57.9s/5m0s  1.00 iters/s

running (2m59.0s), 000/050 VUs, 179 complete and 0 interrupted iterations
steady   [  60% ] 000/050 VUs  2m58.9s/5m0s  1.00 iters/s

running (3m00.0s), 000/050 VUs, 180 complete and 0 interrupted iterations
steady   [  60% ] 000/050 VUs  2m59.9s/5m0s  1.00 iters/s

running (3m01.0s), 000/050 VUs, 181 complete and 0 interrupted iterations
steady   [  60% ] 000/050 VUs  3m00.9s/5m0s  1.00 iters/s

running (3m02.0s), 000/050 VUs, 182 complete and 0 interrupted iterations
steady   [  61% ] 000/050 VUs  3m01.9s/5m0s  1.00 iters/s

running (3m03.0s), 000/050 VUs, 183 complete and 0 interrupted iterations
steady   [  61% ] 000/050 VUs  3m02.9s/5m0s  1.00 iters/s

running (3m04.0s), 000/050 VUs, 184 complete and 0 interrupted iterations
steady   [  61% ] 000/050 VUs  3m03.9s/5m0s  1.00 iters/s

running (3m05.0s), 000/050 VUs, 185 complete and 0 interrupted iterations
steady   [  62% ] 000/050 VUs  3m04.9s/5m0s  1.00 iters/s

running (3m06.0s), 000/050 VUs, 186 complete and 0 interrupted iterations
steady   [  62% ] 000/050 VUs  3m05.9s/5m0s  1.00 iters/s

running (3m07.0s), 000/050 VUs, 187 complete and 0 interrupted iterations
steady   [  62% ] 000/050 VUs  3m06.9s/5m0s  1.00 iters/s

running (3m08.0s), 000/050 VUs, 188 complete and 0 interrupted iterations
steady   [  63% ] 000/050 VUs  3m07.9s/5m0s  1.00 iters/s

running (3m09.0s), 000/050 VUs, 189 complete and 0 interrupted iterations
steady   [  63% ] 000/050 VUs  3m08.9s/5m0s  1.00 iters/s

running (3m10.0s), 000/050 VUs, 190 complete and 0 interrupted iterations
steady   [  63% ] 000/050 VUs  3m09.9s/5m0s  1.00 iters/s

running (3m11.0s), 000/050 VUs, 191 complete and 0 interrupted iterations
steady   [  64% ] 000/050 VUs  3m10.9s/5m0s  1.00 iters/s

running (3m12.0s), 000/050 VUs, 192 complete and 0 interrupted iterations
steady   [  64% ] 000/050 VUs  3m11.9s/5m0s  1.00 iters/s

running (3m13.0s), 000/050 VUs, 193 complete and 0 interrupted iterations
steady   [  64% ] 000/050 VUs  3m12.9s/5m0s  1.00 iters/s

running (3m14.0s), 000/050 VUs, 194 complete and 0 interrupted iterations
steady   [  65% ] 000/050 VUs  3m13.9s/5m0s  1.00 iters/s

running (3m15.0s), 000/050 VUs, 195 complete and 0 interrupted iterations
steady   [  65% ] 000/050 VUs  3m14.9s/5m0s  1.00 iters/s

running (3m16.0s), 000/050 VUs, 196 complete and 0 interrupted iterations
steady   [  65% ] 000/050 VUs  3m15.9s/5m0s  1.00 iters/s

running (3m17.0s), 000/050 VUs, 197 complete and 0 interrupted iterations
steady   [  66% ] 000/050 VUs  3m16.9s/5m0s  1.00 iters/s

running (3m18.0s), 000/050 VUs, 198 complete and 0 interrupted iterations
steady   [  66% ] 000/050 VUs  3m17.9s/5m0s  1.00 iters/s

running (3m19.0s), 000/050 VUs, 199 complete and 0 interrupted iterations
steady   [  66% ] 000/050 VUs  3m18.9s/5m0s  1.00 iters/s

running (3m20.0s), 000/050 VUs, 200 complete and 0 interrupted iterations
steady   [  67% ] 000/050 VUs  3m19.9s/5m0s  1.00 iters/s

running (3m21.0s), 000/050 VUs, 201 complete and 0 interrupted iterations
steady   [  67% ] 000/050 VUs  3m20.9s/5m0s  1.00 iters/s

running (3m22.0s), 000/050 VUs, 202 complete and 0 interrupted iterations
steady   [  67% ] 000/050 VUs  3m21.9s/5m0s  1.00 iters/s

running (3m23.0s), 000/050 VUs, 203 complete and 0 interrupted iterations
steady   [  68% ] 000/050 VUs  3m22.9s/5m0s  1.00 iters/s

running (3m24.0s), 000/050 VUs, 204 complete and 0 interrupted iterations
steady   [  68% ] 000/050 VUs  3m23.9s/5m0s  1.00 iters/s

running (3m25.0s), 000/050 VUs, 205 complete and 0 interrupted iterations
steady   [  68% ] 000/050 VUs  3m24.9s/5m0s  1.00 iters/s

running (3m26.0s), 000/050 VUs, 206 complete and 0 interrupted iterations
steady   [  69% ] 000/050 VUs  3m25.9s/5m0s  1.00 iters/s

running (3m27.0s), 000/050 VUs, 207 complete and 0 interrupted iterations
steady   [  69% ] 000/050 VUs  3m26.9s/5m0s  1.00 iters/s

running (3m28.0s), 000/050 VUs, 208 complete and 0 interrupted iterations
steady   [  69% ] 000/050 VUs  3m27.9s/5m0s  1.00 iters/s

running (3m29.0s), 000/050 VUs, 209 complete and 0 interrupted iterations
steady   [  70% ] 000/050 VUs  3m28.9s/5m0s  1.00 iters/s

running (3m30.0s), 000/050 VUs, 210 complete and 0 interrupted iterations
steady   [  70% ] 000/050 VUs  3m29.9s/5m0s  1.00 iters/s

running (3m31.0s), 000/050 VUs, 211 complete and 0 interrupted iterations
steady   [  70% ] 000/050 VUs  3m30.9s/5m0s  1.00 iters/s

running (3m32.0s), 000/050 VUs, 212 complete and 0 interrupted iterations
steady   [  71% ] 000/050 VUs  3m31.9s/5m0s  1.00 iters/s

running (3m33.0s), 000/050 VUs, 213 complete and 0 interrupted iterations
steady   [  71% ] 000/050 VUs  3m32.9s/5m0s  1.00 iters/s

running (3m34.0s), 000/050 VUs, 214 complete and 0 interrupted iterations
steady   [  71% ] 000/050 VUs  3m33.9s/5m0s  1.00 iters/s

running (3m35.0s), 000/050 VUs, 215 complete and 0 interrupted iterations
steady   [  72% ] 000/050 VUs  3m34.9s/5m0s  1.00 iters/s

running (3m36.0s), 000/050 VUs, 216 complete and 0 interrupted iterations
steady   [  72% ] 000/050 VUs  3m35.9s/5m0s  1.00 iters/s

running (3m37.0s), 000/050 VUs, 217 complete and 0 interrupted iterations
steady   [  72% ] 000/050 VUs  3m36.9s/5m0s  1.00 iters/s

running (3m38.0s), 000/050 VUs, 218 complete and 0 interrupted iterations
steady   [  73% ] 000/050 VUs  3m37.9s/5m0s  1.00 iters/s

running (3m39.0s), 000/050 VUs, 219 complete and 0 interrupted iterations
steady   [  73% ] 000/050 VUs  3m38.9s/5m0s  1.00 iters/s

running (3m40.0s), 000/050 VUs, 220 complete and 0 interrupted iterations
steady   [  73% ] 000/050 VUs  3m39.9s/5m0s  1.00 iters/s

running (3m41.0s), 000/050 VUs, 221 complete and 0 interrupted iterations
steady   [  74% ] 000/050 VUs  3m40.9s/5m0s  1.00 iters/s

running (3m42.0s), 000/050 VUs, 222 complete and 0 interrupted iterations
steady   [  74% ] 000/050 VUs  3m41.9s/5m0s  1.00 iters/s

running (3m43.0s), 000/050 VUs, 223 complete and 0 interrupted iterations
steady   [  74% ] 000/050 VUs  3m42.9s/5m0s  1.00 iters/s

running (3m44.0s), 000/050 VUs, 224 complete and 0 interrupted iterations
steady   [  75% ] 000/050 VUs  3m43.9s/5m0s  1.00 iters/s

running (3m45.0s), 000/050 VUs, 225 complete and 0 interrupted iterations
steady   [  75% ] 000/050 VUs  3m44.9s/5m0s  1.00 iters/s

running (3m46.0s), 000/050 VUs, 226 complete and 0 interrupted iterations
steady   [  75% ] 000/050 VUs  3m45.9s/5m0s  1.00 iters/s

running (3m47.0s), 000/050 VUs, 227 complete and 0 interrupted iterations
steady   [  76% ] 000/050 VUs  3m46.9s/5m0s  1.00 iters/s

running (3m48.0s), 000/050 VUs, 228 complete and 0 interrupted iterations
steady   [  76% ] 000/050 VUs  3m47.9s/5m0s  1.00 iters/s

running (3m49.0s), 000/050 VUs, 229 complete and 0 interrupted iterations
steady   [  76% ] 000/050 VUs  3m48.9s/5m0s  1.00 iters/s

running (3m50.0s), 000/050 VUs, 230 complete and 0 interrupted iterations
steady   [  77% ] 000/050 VUs  3m49.9s/5m0s  1.00 iters/s

running (3m51.0s), 000/050 VUs, 231 complete and 0 interrupted iterations
steady   [  77% ] 000/050 VUs  3m50.9s/5m0s  1.00 iters/s

running (3m52.0s), 000/050 VUs, 232 complete and 0 interrupted iterations
steady   [  77% ] 000/050 VUs  3m51.9s/5m0s  1.00 iters/s

running (3m53.0s), 000/050 VUs, 233 complete and 0 interrupted iterations
steady   [  78% ] 000/050 VUs  3m52.9s/5m0s  1.00 iters/s

running (3m54.0s), 000/050 VUs, 234 complete and 0 interrupted iterations
steady   [  78% ] 000/050 VUs  3m53.9s/5m0s  1.00 iters/s

running (3m55.0s), 000/050 VUs, 235 complete and 0 interrupted iterations
steady   [  78% ] 000/050 VUs  3m54.9s/5m0s  1.00 iters/s

running (3m56.0s), 000/050 VUs, 236 complete and 0 interrupted iterations
steady   [  79% ] 000/050 VUs  3m55.9s/5m0s  1.00 iters/s

running (3m57.0s), 000/050 VUs, 237 complete and 0 interrupted iterations
steady   [  79% ] 000/050 VUs  3m56.9s/5m0s  1.00 iters/s

running (3m58.0s), 000/050 VUs, 238 complete and 0 interrupted iterations
steady   [  79% ] 000/050 VUs  3m57.9s/5m0s  1.00 iters/s

running (3m59.0s), 000/050 VUs, 239 complete and 0 interrupted iterations
steady   [  80% ] 000/050 VUs  3m58.9s/5m0s  1.00 iters/s

running (4m00.0s), 000/050 VUs, 240 complete and 0 interrupted iterations
steady   [  80% ] 000/050 VUs  3m59.9s/5m0s  1.00 iters/s

running (4m01.0s), 000/050 VUs, 241 complete and 0 interrupted iterations
steady   [  80% ] 000/050 VUs  4m00.9s/5m0s  1.00 iters/s

running (4m02.0s), 000/050 VUs, 242 complete and 0 interrupted iterations
steady   [  81% ] 000/050 VUs  4m01.9s/5m0s  1.00 iters/s

running (4m03.0s), 000/050 VUs, 243 complete and 0 interrupted iterations
steady   [  81% ] 000/050 VUs  4m02.9s/5m0s  1.00 iters/s

running (4m04.0s), 000/050 VUs, 244 complete and 0 interrupted iterations
steady   [  81% ] 000/050 VUs  4m03.9s/5m0s  1.00 iters/s

running (4m05.0s), 000/050 VUs, 245 complete and 0 interrupted iterations
steady   [  82% ] 000/050 VUs  4m04.9s/5m0s  1.00 iters/s

running (4m06.0s), 000/050 VUs, 246 complete and 0 interrupted iterations
steady   [  82% ] 000/050 VUs  4m05.9s/5m0s  1.00 iters/s

running (4m07.0s), 000/050 VUs, 247 complete and 0 interrupted iterations
steady   [  82% ] 000/050 VUs  4m06.9s/5m0s  1.00 iters/s

running (4m08.0s), 000/050 VUs, 248 complete and 0 interrupted iterations
steady   [  83% ] 000/050 VUs  4m07.9s/5m0s  1.00 iters/s

running (4m09.0s), 000/050 VUs, 249 complete and 0 interrupted iterations
steady   [  83% ] 000/050 VUs  4m08.9s/5m0s  1.00 iters/s

running (4m10.0s), 000/050 VUs, 250 complete and 0 interrupted iterations
steady   [  83% ] 000/050 VUs  4m09.9s/5m0s  1.00 iters/s

running (4m11.0s), 000/050 VUs, 251 complete and 0 interrupted iterations
steady   [  84% ] 000/050 VUs  4m10.9s/5m0s  1.00 iters/s

running (4m12.0s), 000/050 VUs, 252 complete and 0 interrupted iterations
steady   [  84% ] 000/050 VUs  4m11.9s/5m0s  1.00 iters/s

running (4m13.0s), 000/050 VUs, 253 complete and 0 interrupted iterations
steady   [  84% ] 000/050 VUs  4m12.9s/5m0s  1.00 iters/s

running (4m14.0s), 000/050 VUs, 254 complete and 0 interrupted iterations
steady   [  85% ] 000/050 VUs  4m13.9s/5m0s  1.00 iters/s

running (4m15.0s), 000/050 VUs, 255 complete and 0 interrupted iterations
steady   [  85% ] 000/050 VUs  4m14.9s/5m0s  1.00 iters/s

running (4m16.0s), 000/050 VUs, 256 complete and 0 interrupted iterations
steady   [  85% ] 000/050 VUs  4m15.9s/5m0s  1.00 iters/s

running (4m17.0s), 000/050 VUs, 257 complete and 0 interrupted iterations
steady   [  86% ] 000/050 VUs  4m16.9s/5m0s  1.00 iters/s

running (4m18.0s), 000/050 VUs, 258 complete and 0 interrupted iterations
steady   [  86% ] 000/050 VUs  4m17.9s/5m0s  1.00 iters/s

running (4m19.0s), 000/050 VUs, 259 complete and 0 interrupted iterations
steady   [  86% ] 000/050 VUs  4m18.9s/5m0s  1.00 iters/s

running (4m20.0s), 000/050 VUs, 260 complete and 0 interrupted iterations
steady   [  87% ] 000/050 VUs  4m19.9s/5m0s  1.00 iters/s

running (4m21.0s), 000/050 VUs, 261 complete and 0 interrupted iterations
steady   [  87% ] 000/050 VUs  4m20.9s/5m0s  1.00 iters/s

running (4m22.0s), 000/050 VUs, 262 complete and 0 interrupted iterations
steady   [  87% ] 000/050 VUs  4m21.9s/5m0s  1.00 iters/s

running (4m23.0s), 000/050 VUs, 263 complete and 0 interrupted iterations
steady   [  88% ] 000/050 VUs  4m22.9s/5m0s  1.00 iters/s

running (4m24.0s), 000/050 VUs, 264 complete and 0 interrupted iterations
steady   [  88% ] 000/050 VUs  4m23.9s/5m0s  1.00 iters/s

running (4m25.0s), 000/050 VUs, 265 complete and 0 interrupted iterations
steady   [  88% ] 000/050 VUs  4m24.9s/5m0s  1.00 iters/s

running (4m26.0s), 000/050 VUs, 266 complete and 0 interrupted iterations
steady   [  89% ] 000/050 VUs  4m25.9s/5m0s  1.00 iters/s

running (4m27.0s), 000/050 VUs, 267 complete and 0 interrupted iterations
steady   [  89% ] 000/050 VUs  4m26.9s/5m0s  1.00 iters/s

running (4m28.0s), 000/050 VUs, 268 complete and 0 interrupted iterations
steady   [  89% ] 000/050 VUs  4m27.9s/5m0s  1.00 iters/s

running (4m29.0s), 000/050 VUs, 269 complete and 0 interrupted iterations
steady   [  90% ] 000/050 VUs  4m28.9s/5m0s  1.00 iters/s

running (4m30.0s), 000/050 VUs, 270 complete and 0 interrupted iterations
steady   [  90% ] 000/050 VUs  4m29.9s/5m0s  1.00 iters/s

running (4m31.0s), 000/050 VUs, 271 complete and 0 interrupted iterations
steady   [  90% ] 000/050 VUs  4m30.9s/5m0s  1.00 iters/s

running (4m32.0s), 000/050 VUs, 272 complete and 0 interrupted iterations
steady   [  91% ] 000/050 VUs  4m31.9s/5m0s  1.00 iters/s

running (4m33.0s), 000/050 VUs, 273 complete and 0 interrupted iterations
steady   [  91% ] 000/050 VUs  4m32.9s/5m0s  1.00 iters/s

running (4m34.0s), 000/050 VUs, 274 complete and 0 interrupted iterations
steady   [  91% ] 000/050 VUs  4m33.9s/5m0s  1.00 iters/s

running (4m35.0s), 000/050 VUs, 275 complete and 0 interrupted iterations
steady   [  92% ] 000/050 VUs  4m34.9s/5m0s  1.00 iters/s

running (4m36.0s), 000/050 VUs, 276 complete and 0 interrupted iterations
steady   [  92% ] 000/050 VUs  4m35.9s/5m0s  1.00 iters/s

running (4m37.0s), 000/050 VUs, 277 complete and 0 interrupted iterations
steady   [  92% ] 000/050 VUs  4m36.9s/5m0s  1.00 iters/s

running (4m38.0s), 000/050 VUs, 278 complete and 0 interrupted iterations
steady   [  93% ] 000/050 VUs  4m37.9s/5m0s  1.00 iters/s

running (4m39.0s), 000/050 VUs, 279 complete and 0 interrupted iterations
steady   [  93% ] 000/050 VUs  4m38.9s/5m0s  1.00 iters/s

running (4m40.0s), 000/050 VUs, 280 complete and 0 interrupted iterations
steady   [  93% ] 000/050 VUs  4m39.9s/5m0s  1.00 iters/s

running (4m41.0s), 000/050 VUs, 281 complete and 0 interrupted iterations
steady   [  94% ] 000/050 VUs  4m40.9s/5m0s  1.00 iters/s

running (4m42.0s), 000/050 VUs, 282 complete and 0 interrupted iterations
steady   [  94% ] 000/050 VUs  4m41.9s/5m0s  1.00 iters/s

running (4m43.0s), 000/050 VUs, 283 complete and 0 interrupted iterations
steady   [  94% ] 000/050 VUs  4m42.9s/5m0s  1.00 iters/s

running (4m44.0s), 000/050 VUs, 284 complete and 0 interrupted iterations
steady   [  95% ] 000/050 VUs  4m43.9s/5m0s  1.00 iters/s

running (4m45.0s), 000/050 VUs, 285 complete and 0 interrupted iterations
steady   [  95% ] 000/050 VUs  4m44.9s/5m0s  1.00 iters/s

running (4m46.0s), 000/050 VUs, 286 complete and 0 interrupted iterations
steady   [  95% ] 000/050 VUs  4m45.9s/5m0s  1.00 iters/s

running (4m47.0s), 000/050 VUs, 287 complete and 0 interrupted iterations
steady   [  96% ] 000/050 VUs  4m46.9s/5m0s  1.00 iters/s

running (4m48.0s), 000/050 VUs, 288 complete and 0 interrupted iterations
steady   [  96% ] 000/050 VUs  4m47.9s/5m0s  1.00 iters/s

running (4m49.0s), 000/050 VUs, 289 complete and 0 interrupted iterations
steady   [  96% ] 000/050 VUs  4m48.9s/5m0s  1.00 iters/s

running (4m50.0s), 000/050 VUs, 290 complete and 0 interrupted iterations
steady   [  97% ] 000/050 VUs  4m49.9s/5m0s  1.00 iters/s

running (4m51.0s), 000/050 VUs, 291 complete and 0 interrupted iterations
steady   [  97% ] 000/050 VUs  4m50.9s/5m0s  1.00 iters/s

running (4m52.0s), 000/050 VUs, 292 complete and 0 interrupted iterations
steady   [  97% ] 000/050 VUs  4m51.9s/5m0s  1.00 iters/s

running (4m53.0s), 000/050 VUs, 293 complete and 0 interrupted iterations
steady   [  98% ] 000/050 VUs  4m52.9s/5m0s  1.00 iters/s

running (4m54.0s), 000/050 VUs, 294 complete and 0 interrupted iterations
steady   [  98% ] 000/050 VUs  4m53.9s/5m0s  1.00 iters/s

running (4m55.0s), 000/050 VUs, 295 complete and 0 interrupted iterations
steady   [  98% ] 000/050 VUs  4m54.9s/5m0s  1.00 iters/s

running (4m56.0s), 000/050 VUs, 296 complete and 0 interrupted iterations
steady   [  99% ] 000/050 VUs  4m55.9s/5m0s  1.00 iters/s

running (4m57.0s), 000/050 VUs, 297 complete and 0 interrupted iterations
steady   [  99% ] 000/050 VUs  4m56.9s/5m0s  1.00 iters/s

running (4m58.0s), 000/050 VUs, 298 complete and 0 interrupted iterations
steady   [  99% ] 000/050 VUs  4m57.9s/5m0s  1.00 iters/s

running (4m59.0s), 000/050 VUs, 299 complete and 0 interrupted iterations
steady   [ 100% ] 000/050 VUs  4m58.9s/5m0s  1.00 iters/s

running (5m00.0s), 000/050 VUs, 300 complete and 0 interrupted iterations
steady   [ 100% ] 000/050 VUs  4m59.9s/5m0s  1.00 iters/s

================ DSP benchmark summary ================
-- per-phase latency --
  catalog                    p50=19.0 ms  p95=22.9 ms  p99=28.3 ms  max=31.7 ms  n=301
  negotiation init (POST)    p50=10.7 ms  p95=11.5 ms  p99=16.5 ms  max=20.9 ms  n=301
  time-to-AGREED (async)     p50=254.0 ms  p95=254.0 ms  p99=254.0 ms  max=254.0 ms  n=301
  transfer init (POST)       p50=10.6 ms  p95=11.6 ms  p99=17.5 ms  max=20.5 ms  n=301
  time-to-EDR (async)        p50=253.0 ms  p95=253.0 ms  p99=253.0 ms  max=254.0 ms  n=301
  data pull                  p50=5.1 ms  p95=5.8 ms  p99=6.1 ms  max=6.6 ms  n=301
-- end-to-end + throughput --
  e2e transaction            p50=813.0 ms  p95=821.0 ms  p99=825.0 ms  max=827.0 ms  n=301
  data throughput (MB/s)     p50=0.0  p95=0.0  p99=0.0  max=0.1  n=301
-- outcomes --
  transactions succeeded     count=301  rate=1.000/s
  transactions failed        (no data)
  failed rate                rate=0.00%  (pass=0 fail=301)
    of which TERMINATED      (no data)
    of which TIMED OUT       (no data)
    of which HTTP-FAILED     (no data)
  failure accounting       (no failures)
-- observer effect (poll load) --
  negotiation polls          count=602  rate=2.000/s
  edr polls                  count=602  rate=2.000/s
  polls per transaction     negotiation=2.0  edr=2.0  (timeout ceiling=120)
=======================================================
(full summary -> /home/rohitj/edc/benchmarking-dsp-native-basyx/k6-scripts/results/basyx/off/steady/2026-08-11T19-25-57Z/k6-summary.json; POLL_INTERVAL_MS=250; IDENTITY_MODE=off)

running (5m00.9s), 000/050 VUs, 301 complete and 0 interrupted iterations
steady ✓ [ 100% ] 000/050 VUs  5m0s  1.00 iters/s
Prometheus snapshot [1786476438..1786476755] svc=(dsp-native-basyx|consumer-controlplane) win=1m -> /home/rohitj/edc/benchmarking-dsp-native-basyx/k6-scripts/results/basyx/off/steady/2026-08-11T19-25-57Z
  jvm-heap.csv (64 rows)
  jvm-gc-rate.csv (64 rows)
  jvm-threads.csv (64 rows)
  http-throughput.csv (64 rows)
  http-p95.csv (64 rows)
  http-errors.csv (64 rows)
  http-errors-5xx.csv (0 rows)
  http-status.csv (128 rows)
  host-cpu-busy.csv (64 rows)
  host-mem-used.csv (64 rows)
  5xx: no 5xx in window (confirmed: http-status has 128 samples, so the status label IS scraped)
  logs -> /home/rohitj/edc/benchmarking-dsp-native-basyx/k6-scripts/results/basyx/off/steady/2026-08-11T19-25-57Z/logs (1 files)
0
VALIDITY  ok=301  failed=0  failed_rate=0%  dropped_iterations=0
>>> done: /home/rohitj/edc/benchmarking-dsp-native-basyx/k6-scripts/results/basyx/off/steady/2026-08-11T19-25-57Z  (k6 exit 0)
===== repetition 3/5 =====
----- basyx / steady (rep 3) -----
>>> basyx / steady  ->  /home/rohitj/edc/benchmarking-dsp-native-basyx/k6-scripts/results/basyx/off/steady/2026-08-11T19-32-35Z
parity OK: lib/ + scenarios/ + orchestration/ + tools/ identical to /home/rohitj/edc/benchmarking-dsp-native-basyx/k6-scripts
Health: http://localhost:8090/dsp http://localhost:8888/health + prometheus  OK
Warmup 60s @ 1/s (discarded)
  draining 20s before the measured window opens
k6 -> Prometheus remote-write: http://localhost:9090/api/v1/write

         /\      Grafana   /‾‾/  
    /\  /  \     |\  __   /  /   
   /  \/    \    | |/ /  /   ‾‾\ 
  /          \   |   (  |  (‾)  |
 / __________ \  |_|\_\  \_____/ 


     execution: local
        script: /home/rohitj/edc/benchmarking-dsp-native-basyx/k6-scripts/basyx-off/steady.js
        output: Prometheus remote write (http://localhost:9090/api/v1/write)

     scenarios: (100.00%) 1 scenario, 200 max VUs, 5m30s max duration (incl. graceful stop):
              * steady: 1.00 iterations/s for 5m0s (maxVUs: 50-200, gracefulStop: 30s)


running (0m01.0s), 000/050 VUs, 1 complete and 0 interrupted iterations
steady   [   0% ] 000/050 VUs  0m00.8s/5m0s  1.00 iters/s

running (0m02.0s), 000/050 VUs, 2 complete and 0 interrupted iterations
steady   [   1% ] 000/050 VUs  0m01.8s/5m0s  1.00 iters/s

running (0m03.0s), 000/050 VUs, 3 complete and 0 interrupted iterations
steady   [   1% ] 000/050 VUs  0m02.8s/5m0s  1.00 iters/s

running (0m04.0s), 000/050 VUs, 4 complete and 0 interrupted iterations
steady   [   1% ] 000/050 VUs  0m03.8s/5m0s  1.00 iters/s

running (0m05.0s), 000/050 VUs, 5 complete and 0 interrupted iterations
steady   [   2% ] 000/050 VUs  0m04.8s/5m0s  1.00 iters/s

running (0m06.0s), 000/050 VUs, 6 complete and 0 interrupted iterations
steady   [   2% ] 000/050 VUs  0m05.8s/5m0s  1.00 iters/s

running (0m07.0s), 000/050 VUs, 7 complete and 0 interrupted iterations
steady   [   2% ] 000/050 VUs  0m06.8s/5m0s  1.00 iters/s

running (0m08.0s), 000/050 VUs, 8 complete and 0 interrupted iterations
steady   [   3% ] 000/050 VUs  0m07.8s/5m0s  1.00 iters/s

running (0m09.0s), 000/050 VUs, 9 complete and 0 interrupted iterations
steady   [   3% ] 000/050 VUs  0m08.8s/5m0s  1.00 iters/s

running (0m10.0s), 000/050 VUs, 10 complete and 0 interrupted iterations
steady   [   3% ] 000/050 VUs  0m09.8s/5m0s  1.00 iters/s

running (0m11.0s), 000/050 VUs, 11 complete and 0 interrupted iterations
steady   [   4% ] 000/050 VUs  0m10.8s/5m0s  1.00 iters/s

running (0m12.0s), 000/050 VUs, 12 complete and 0 interrupted iterations
steady   [   4% ] 000/050 VUs  0m11.8s/5m0s  1.00 iters/s

running (0m13.0s), 000/050 VUs, 13 complete and 0 interrupted iterations
steady   [   4% ] 000/050 VUs  0m12.8s/5m0s  1.00 iters/s

running (0m14.0s), 000/050 VUs, 14 complete and 0 interrupted iterations
steady   [   5% ] 000/050 VUs  0m13.8s/5m0s  1.00 iters/s

running (0m15.0s), 000/050 VUs, 15 complete and 0 interrupted iterations
steady   [   5% ] 000/050 VUs  0m14.8s/5m0s  1.00 iters/s

running (0m16.0s), 000/050 VUs, 16 complete and 0 interrupted iterations
steady   [   5% ] 000/050 VUs  0m15.8s/5m0s  1.00 iters/s

running (0m17.0s), 000/050 VUs, 17 complete and 0 interrupted iterations
steady   [   6% ] 000/050 VUs  0m16.8s/5m0s  1.00 iters/s

running (0m18.0s), 000/050 VUs, 18 complete and 0 interrupted iterations
steady   [   6% ] 000/050 VUs  0m17.8s/5m0s  1.00 iters/s

running (0m19.0s), 000/050 VUs, 19 complete and 0 interrupted iterations
steady   [   6% ] 000/050 VUs  0m18.8s/5m0s  1.00 iters/s

running (0m20.0s), 000/050 VUs, 20 complete and 0 interrupted iterations
steady   [   7% ] 000/050 VUs  0m19.8s/5m0s  1.00 iters/s

running (0m21.0s), 000/050 VUs, 21 complete and 0 interrupted iterations
steady   [   7% ] 000/050 VUs  0m20.8s/5m0s  1.00 iters/s

running (0m22.0s), 000/050 VUs, 22 complete and 0 interrupted iterations
steady   [   7% ] 000/050 VUs  0m21.8s/5m0s  1.00 iters/s

running (0m23.0s), 000/050 VUs, 23 complete and 0 interrupted iterations
steady   [   8% ] 000/050 VUs  0m22.8s/5m0s  1.00 iters/s

running (0m24.0s), 000/050 VUs, 24 complete and 0 interrupted iterations
steady   [   8% ] 000/050 VUs  0m23.8s/5m0s  1.00 iters/s

running (0m25.0s), 000/050 VUs, 25 complete and 0 interrupted iterations
steady   [   8% ] 000/050 VUs  0m24.8s/5m0s  1.00 iters/s

running (0m26.0s), 000/050 VUs, 26 complete and 0 interrupted iterations
steady   [   9% ] 000/050 VUs  0m25.8s/5m0s  1.00 iters/s

running (0m27.0s), 000/050 VUs, 27 complete and 0 interrupted iterations
steady   [   9% ] 000/050 VUs  0m26.8s/5m0s  1.00 iters/s

running (0m28.0s), 000/050 VUs, 28 complete and 0 interrupted iterations
steady   [   9% ] 000/050 VUs  0m27.8s/5m0s  1.00 iters/s

running (0m29.0s), 000/050 VUs, 29 complete and 0 interrupted iterations
steady   [  10% ] 000/050 VUs  0m28.8s/5m0s  1.00 iters/s

running (0m30.0s), 000/050 VUs, 30 complete and 0 interrupted iterations
steady   [  10% ] 000/050 VUs  0m29.8s/5m0s  1.00 iters/s

running (0m31.0s), 000/050 VUs, 31 complete and 0 interrupted iterations
steady   [  10% ] 000/050 VUs  0m30.8s/5m0s  1.00 iters/s

running (0m32.0s), 000/050 VUs, 32 complete and 0 interrupted iterations
steady   [  11% ] 000/050 VUs  0m31.8s/5m0s  1.00 iters/s

running (0m33.0s), 000/050 VUs, 33 complete and 0 interrupted iterations
steady   [  11% ] 000/050 VUs  0m32.8s/5m0s  1.00 iters/s

running (0m34.0s), 000/050 VUs, 34 complete and 0 interrupted iterations
steady   [  11% ] 000/050 VUs  0m33.8s/5m0s  1.00 iters/s

running (0m35.0s), 000/050 VUs, 35 complete and 0 interrupted iterations
steady   [  12% ] 000/050 VUs  0m34.8s/5m0s  1.00 iters/s

running (0m36.0s), 000/050 VUs, 36 complete and 0 interrupted iterations
steady   [  12% ] 000/050 VUs  0m35.8s/5m0s  1.00 iters/s

running (0m37.0s), 000/050 VUs, 37 complete and 0 interrupted iterations
steady   [  12% ] 000/050 VUs  0m36.8s/5m0s  1.00 iters/s

running (0m38.0s), 000/050 VUs, 38 complete and 0 interrupted iterations
steady   [  13% ] 000/050 VUs  0m37.8s/5m0s  1.00 iters/s

running (0m39.0s), 000/050 VUs, 39 complete and 0 interrupted iterations
steady   [  13% ] 000/050 VUs  0m38.8s/5m0s  1.00 iters/s

running (0m40.0s), 000/050 VUs, 40 complete and 0 interrupted iterations
steady   [  13% ] 000/050 VUs  0m39.8s/5m0s  1.00 iters/s

running (0m41.0s), 000/050 VUs, 41 complete and 0 interrupted iterations
steady   [  14% ] 000/050 VUs  0m40.8s/5m0s  1.00 iters/s

running (0m42.0s), 000/050 VUs, 42 complete and 0 interrupted iterations
steady   [  14% ] 000/050 VUs  0m41.8s/5m0s  1.00 iters/s

running (0m43.0s), 000/050 VUs, 43 complete and 0 interrupted iterations
steady   [  14% ] 000/050 VUs  0m42.8s/5m0s  1.00 iters/s

running (0m44.0s), 000/050 VUs, 44 complete and 0 interrupted iterations
steady   [  15% ] 000/050 VUs  0m43.8s/5m0s  1.00 iters/s

running (0m45.0s), 000/050 VUs, 45 complete and 0 interrupted iterations
steady   [  15% ] 000/050 VUs  0m44.8s/5m0s  1.00 iters/s

running (0m46.0s), 000/050 VUs, 46 complete and 0 interrupted iterations
steady   [  15% ] 000/050 VUs  0m45.8s/5m0s  1.00 iters/s

running (0m47.0s), 000/050 VUs, 47 complete and 0 interrupted iterations
steady   [  16% ] 000/050 VUs  0m46.8s/5m0s  1.00 iters/s

running (0m48.0s), 000/050 VUs, 48 complete and 0 interrupted iterations
steady   [  16% ] 000/050 VUs  0m47.8s/5m0s  1.00 iters/s

running (0m49.0s), 000/050 VUs, 49 complete and 0 interrupted iterations
steady   [  16% ] 000/050 VUs  0m48.8s/5m0s  1.00 iters/s

running (0m50.0s), 000/050 VUs, 50 complete and 0 interrupted iterations
steady   [  17% ] 000/050 VUs  0m49.8s/5m0s  1.00 iters/s

running (0m51.0s), 000/050 VUs, 51 complete and 0 interrupted iterations
steady   [  17% ] 000/050 VUs  0m50.8s/5m0s  1.00 iters/s

running (0m52.0s), 000/050 VUs, 52 complete and 0 interrupted iterations
steady   [  17% ] 000/050 VUs  0m51.8s/5m0s  1.00 iters/s

running (0m53.0s), 000/050 VUs, 53 complete and 0 interrupted iterations
steady   [  18% ] 000/050 VUs  0m52.8s/5m0s  1.00 iters/s

running (0m54.0s), 000/050 VUs, 54 complete and 0 interrupted iterations
steady   [  18% ] 000/050 VUs  0m53.8s/5m0s  1.00 iters/s

running (0m55.0s), 000/050 VUs, 55 complete and 0 interrupted iterations
steady   [  18% ] 000/050 VUs  0m54.8s/5m0s  1.00 iters/s

running (0m56.0s), 000/050 VUs, 56 complete and 0 interrupted iterations
steady   [  19% ] 000/050 VUs  0m55.8s/5m0s  1.00 iters/s

running (0m57.0s), 000/050 VUs, 57 complete and 0 interrupted iterations
steady   [  19% ] 000/050 VUs  0m56.8s/5m0s  1.00 iters/s

running (0m58.0s), 000/050 VUs, 58 complete and 0 interrupted iterations
steady   [  19% ] 000/050 VUs  0m57.8s/5m0s  1.00 iters/s

running (0m59.0s), 000/050 VUs, 59 complete and 0 interrupted iterations
steady   [  20% ] 000/050 VUs  0m58.8s/5m0s  1.00 iters/s

running (1m00.0s), 000/050 VUs, 60 complete and 0 interrupted iterations
steady   [  20% ] 000/050 VUs  0m59.8s/5m0s  1.00 iters/s

running (1m01.0s), 000/050 VUs, 61 complete and 0 interrupted iterations
steady   [  20% ] 000/050 VUs  1m00.8s/5m0s  1.00 iters/s

running (1m02.0s), 000/050 VUs, 62 complete and 0 interrupted iterations
steady   [  21% ] 000/050 VUs  1m01.8s/5m0s  1.00 iters/s

running (1m03.0s), 000/050 VUs, 63 complete and 0 interrupted iterations
steady   [  21% ] 000/050 VUs  1m02.8s/5m0s  1.00 iters/s

running (1m04.0s), 000/050 VUs, 64 complete and 0 interrupted iterations
steady   [  21% ] 000/050 VUs  1m03.8s/5m0s  1.00 iters/s

running (1m05.0s), 000/050 VUs, 65 complete and 0 interrupted iterations
steady   [  22% ] 000/050 VUs  1m04.8s/5m0s  1.00 iters/s

running (1m06.0s), 000/050 VUs, 66 complete and 0 interrupted iterations
steady   [  22% ] 000/050 VUs  1m05.8s/5m0s  1.00 iters/s

running (1m07.0s), 000/050 VUs, 67 complete and 0 interrupted iterations
steady   [  22% ] 000/050 VUs  1m06.8s/5m0s  1.00 iters/s

running (1m08.0s), 000/050 VUs, 68 complete and 0 interrupted iterations
steady   [  23% ] 000/050 VUs  1m07.8s/5m0s  1.00 iters/s

running (1m09.0s), 000/050 VUs, 69 complete and 0 interrupted iterations
steady   [  23% ] 000/050 VUs  1m08.8s/5m0s  1.00 iters/s

running (1m10.0s), 000/050 VUs, 70 complete and 0 interrupted iterations
steady   [  23% ] 000/050 VUs  1m09.8s/5m0s  1.00 iters/s

running (1m11.0s), 000/050 VUs, 71 complete and 0 interrupted iterations
steady   [  24% ] 000/050 VUs  1m10.8s/5m0s  1.00 iters/s

running (1m12.0s), 000/050 VUs, 72 complete and 0 interrupted iterations
steady   [  24% ] 000/050 VUs  1m11.8s/5m0s  1.00 iters/s

running (1m13.0s), 000/050 VUs, 73 complete and 0 interrupted iterations
steady   [  24% ] 000/050 VUs  1m12.8s/5m0s  1.00 iters/s

running (1m14.0s), 000/050 VUs, 74 complete and 0 interrupted iterations
steady   [  25% ] 000/050 VUs  1m13.8s/5m0s  1.00 iters/s

running (1m15.0s), 000/050 VUs, 75 complete and 0 interrupted iterations
steady   [  25% ] 000/050 VUs  1m14.8s/5m0s  1.00 iters/s

running (1m16.0s), 000/050 VUs, 76 complete and 0 interrupted iterations
steady   [  25% ] 000/050 VUs  1m15.8s/5m0s  1.00 iters/s

running (1m17.0s), 000/050 VUs, 77 complete and 0 interrupted iterations
steady   [  26% ] 000/050 VUs  1m16.8s/5m0s  1.00 iters/s

running (1m18.0s), 000/050 VUs, 78 complete and 0 interrupted iterations
steady   [  26% ] 000/050 VUs  1m17.8s/5m0s  1.00 iters/s

running (1m19.0s), 000/050 VUs, 79 complete and 0 interrupted iterations
steady   [  26% ] 000/050 VUs  1m18.8s/5m0s  1.00 iters/s

running (1m20.0s), 000/050 VUs, 80 complete and 0 interrupted iterations
steady   [  27% ] 000/050 VUs  1m19.8s/5m0s  1.00 iters/s

running (1m21.0s), 000/050 VUs, 81 complete and 0 interrupted iterations
steady   [  27% ] 000/050 VUs  1m20.8s/5m0s  1.00 iters/s

running (1m22.0s), 000/050 VUs, 82 complete and 0 interrupted iterations
steady   [  27% ] 000/050 VUs  1m21.8s/5m0s  1.00 iters/s

running (1m23.0s), 000/050 VUs, 83 complete and 0 interrupted iterations
steady   [  28% ] 000/050 VUs  1m22.8s/5m0s  1.00 iters/s

running (1m24.0s), 000/050 VUs, 84 complete and 0 interrupted iterations
steady   [  28% ] 000/050 VUs  1m23.8s/5m0s  1.00 iters/s

running (1m25.0s), 000/050 VUs, 85 complete and 0 interrupted iterations
steady   [  28% ] 000/050 VUs  1m24.8s/5m0s  1.00 iters/s

running (1m26.0s), 000/050 VUs, 86 complete and 0 interrupted iterations
steady   [  29% ] 000/050 VUs  1m25.8s/5m0s  1.00 iters/s

running (1m27.0s), 000/050 VUs, 87 complete and 0 interrupted iterations
steady   [  29% ] 000/050 VUs  1m26.8s/5m0s  1.00 iters/s

running (1m28.0s), 000/050 VUs, 88 complete and 0 interrupted iterations
steady   [  29% ] 000/050 VUs  1m27.8s/5m0s  1.00 iters/s

running (1m29.0s), 000/050 VUs, 89 complete and 0 interrupted iterations
steady   [  30% ] 000/050 VUs  1m28.8s/5m0s  1.00 iters/s

running (1m30.0s), 000/050 VUs, 90 complete and 0 interrupted iterations
steady   [  30% ] 000/050 VUs  1m29.8s/5m0s  1.00 iters/s

running (1m31.0s), 000/050 VUs, 91 complete and 0 interrupted iterations
steady   [  30% ] 000/050 VUs  1m30.8s/5m0s  1.00 iters/s

running (1m32.0s), 000/050 VUs, 92 complete and 0 interrupted iterations
steady   [  31% ] 000/050 VUs  1m31.8s/5m0s  1.00 iters/s

running (1m33.0s), 000/050 VUs, 93 complete and 0 interrupted iterations
steady   [  31% ] 000/050 VUs  1m32.8s/5m0s  1.00 iters/s

running (1m34.0s), 000/050 VUs, 94 complete and 0 interrupted iterations
steady   [  31% ] 000/050 VUs  1m33.8s/5m0s  1.00 iters/s

running (1m35.0s), 000/050 VUs, 95 complete and 0 interrupted iterations
steady   [  32% ] 000/050 VUs  1m34.8s/5m0s  1.00 iters/s

running (1m36.0s), 000/050 VUs, 96 complete and 0 interrupted iterations
steady   [  32% ] 000/050 VUs  1m35.8s/5m0s  1.00 iters/s

running (1m37.0s), 000/050 VUs, 97 complete and 0 interrupted iterations
steady   [  32% ] 000/050 VUs  1m36.8s/5m0s  1.00 iters/s

running (1m38.0s), 000/050 VUs, 98 complete and 0 interrupted iterations
steady   [  33% ] 000/050 VUs  1m37.8s/5m0s  1.00 iters/s

running (1m39.0s), 000/050 VUs, 99 complete and 0 interrupted iterations
steady   [  33% ] 000/050 VUs  1m38.8s/5m0s  1.00 iters/s

running (1m40.0s), 000/050 VUs, 100 complete and 0 interrupted iterations
steady   [  33% ] 000/050 VUs  1m39.8s/5m0s  1.00 iters/s

running (1m41.0s), 000/050 VUs, 101 complete and 0 interrupted iterations
steady   [  34% ] 000/050 VUs  1m40.8s/5m0s  1.00 iters/s

running (1m42.0s), 000/050 VUs, 102 complete and 0 interrupted iterations
steady   [  34% ] 000/050 VUs  1m41.8s/5m0s  1.00 iters/s

running (1m43.0s), 000/050 VUs, 103 complete and 0 interrupted iterations
steady   [  34% ] 000/050 VUs  1m42.8s/5m0s  1.00 iters/s

running (1m44.0s), 000/050 VUs, 104 complete and 0 interrupted iterations
steady   [  35% ] 000/050 VUs  1m43.8s/5m0s  1.00 iters/s

running (1m45.0s), 000/050 VUs, 105 complete and 0 interrupted iterations
steady   [  35% ] 000/050 VUs  1m44.8s/5m0s  1.00 iters/s

running (1m46.0s), 000/050 VUs, 106 complete and 0 interrupted iterations
steady   [  35% ] 000/050 VUs  1m45.8s/5m0s  1.00 iters/s

running (1m47.0s), 000/050 VUs, 107 complete and 0 interrupted iterations
steady   [  36% ] 000/050 VUs  1m46.8s/5m0s  1.00 iters/s

running (1m48.0s), 000/050 VUs, 108 complete and 0 interrupted iterations
steady   [  36% ] 000/050 VUs  1m47.8s/5m0s  1.00 iters/s

running (1m49.0s), 000/050 VUs, 109 complete and 0 interrupted iterations
steady   [  36% ] 000/050 VUs  1m48.8s/5m0s  1.00 iters/s

running (1m50.0s), 000/050 VUs, 110 complete and 0 interrupted iterations
steady   [  37% ] 000/050 VUs  1m49.8s/5m0s  1.00 iters/s

running (1m51.0s), 000/050 VUs, 111 complete and 0 interrupted iterations
steady   [  37% ] 000/050 VUs  1m50.8s/5m0s  1.00 iters/s

running (1m52.0s), 000/050 VUs, 112 complete and 0 interrupted iterations
steady   [  37% ] 000/050 VUs  1m51.8s/5m0s  1.00 iters/s

running (1m53.0s), 000/050 VUs, 113 complete and 0 interrupted iterations
steady   [  38% ] 000/050 VUs  1m52.8s/5m0s  1.00 iters/s

running (1m54.0s), 000/050 VUs, 114 complete and 0 interrupted iterations
steady   [  38% ] 000/050 VUs  1m53.8s/5m0s  1.00 iters/s

running (1m55.0s), 000/050 VUs, 115 complete and 0 interrupted iterations
steady   [  38% ] 000/050 VUs  1m54.8s/5m0s  1.00 iters/s

running (1m56.0s), 000/050 VUs, 116 complete and 0 interrupted iterations
steady   [  39% ] 000/050 VUs  1m55.8s/5m0s  1.00 iters/s

running (1m57.0s), 000/050 VUs, 117 complete and 0 interrupted iterations
steady   [  39% ] 000/050 VUs  1m56.8s/5m0s  1.00 iters/s

running (1m58.0s), 000/050 VUs, 118 complete and 0 interrupted iterations
steady   [  39% ] 000/050 VUs  1m57.8s/5m0s  1.00 iters/s

running (1m59.0s), 000/050 VUs, 119 complete and 0 interrupted iterations
steady   [  40% ] 000/050 VUs  1m58.8s/5m0s  1.00 iters/s

running (2m00.0s), 000/050 VUs, 120 complete and 0 interrupted iterations
steady   [  40% ] 000/050 VUs  1m59.8s/5m0s  1.00 iters/s

running (2m01.0s), 000/050 VUs, 121 complete and 0 interrupted iterations
steady   [  40% ] 000/050 VUs  2m00.8s/5m0s  1.00 iters/s

running (2m02.0s), 000/050 VUs, 122 complete and 0 interrupted iterations
steady   [  41% ] 000/050 VUs  2m01.8s/5m0s  1.00 iters/s

running (2m03.0s), 000/050 VUs, 123 complete and 0 interrupted iterations
steady   [  41% ] 000/050 VUs  2m02.8s/5m0s  1.00 iters/s

running (2m04.0s), 000/050 VUs, 124 complete and 0 interrupted iterations
steady   [  41% ] 000/050 VUs  2m03.8s/5m0s  1.00 iters/s

running (2m05.0s), 000/050 VUs, 125 complete and 0 interrupted iterations
steady   [  42% ] 000/050 VUs  2m04.8s/5m0s  1.00 iters/s

running (2m06.0s), 000/050 VUs, 126 complete and 0 interrupted iterations
steady   [  42% ] 000/050 VUs  2m05.8s/5m0s  1.00 iters/s

running (2m07.0s), 000/050 VUs, 127 complete and 0 interrupted iterations
steady   [  42% ] 000/050 VUs  2m06.8s/5m0s  1.00 iters/s

running (2m08.0s), 000/050 VUs, 128 complete and 0 interrupted iterations
steady   [  43% ] 000/050 VUs  2m07.8s/5m0s  1.00 iters/s

running (2m09.0s), 000/050 VUs, 129 complete and 0 interrupted iterations
steady   [  43% ] 000/050 VUs  2m08.8s/5m0s  1.00 iters/s

running (2m10.0s), 000/050 VUs, 130 complete and 0 interrupted iterations
steady   [  43% ] 000/050 VUs  2m09.8s/5m0s  1.00 iters/s

running (2m11.0s), 000/050 VUs, 131 complete and 0 interrupted iterations
steady   [  44% ] 000/050 VUs  2m10.8s/5m0s  1.00 iters/s

running (2m12.0s), 000/050 VUs, 132 complete and 0 interrupted iterations
steady   [  44% ] 000/050 VUs  2m11.8s/5m0s  1.00 iters/s

running (2m13.0s), 000/050 VUs, 133 complete and 0 interrupted iterations
steady   [  44% ] 000/050 VUs  2m12.8s/5m0s  1.00 iters/s

running (2m14.0s), 000/050 VUs, 134 complete and 0 interrupted iterations
steady   [  45% ] 000/050 VUs  2m13.8s/5m0s  1.00 iters/s

running (2m15.0s), 000/050 VUs, 135 complete and 0 interrupted iterations
steady   [  45% ] 000/050 VUs  2m14.8s/5m0s  1.00 iters/s

running (2m16.0s), 000/050 VUs, 136 complete and 0 interrupted iterations
steady   [  45% ] 000/050 VUs  2m15.8s/5m0s  1.00 iters/s

running (2m17.0s), 000/050 VUs, 137 complete and 0 interrupted iterations
steady   [  46% ] 000/050 VUs  2m16.8s/5m0s  1.00 iters/s

running (2m18.0s), 000/050 VUs, 138 complete and 0 interrupted iterations
steady   [  46% ] 000/050 VUs  2m17.8s/5m0s  1.00 iters/s

running (2m19.0s), 000/050 VUs, 139 complete and 0 interrupted iterations
steady   [  46% ] 000/050 VUs  2m18.8s/5m0s  1.00 iters/s

running (2m20.0s), 000/050 VUs, 140 complete and 0 interrupted iterations
steady   [  47% ] 000/050 VUs  2m19.8s/5m0s  1.00 iters/s

running (2m21.0s), 000/050 VUs, 141 complete and 0 interrupted iterations
steady   [  47% ] 000/050 VUs  2m20.8s/5m0s  1.00 iters/s

running (2m22.0s), 000/050 VUs, 142 complete and 0 interrupted iterations
steady   [  47% ] 000/050 VUs  2m21.8s/5m0s  1.00 iters/s

running (2m23.0s), 000/050 VUs, 143 complete and 0 interrupted iterations
steady   [  48% ] 000/050 VUs  2m22.8s/5m0s  1.00 iters/s

running (2m24.0s), 000/050 VUs, 144 complete and 0 interrupted iterations
steady   [  48% ] 000/050 VUs  2m23.8s/5m0s  1.00 iters/s

running (2m25.0s), 000/050 VUs, 145 complete and 0 interrupted iterations
steady   [  48% ] 000/050 VUs  2m24.8s/5m0s  1.00 iters/s

running (2m26.0s), 000/050 VUs, 146 complete and 0 interrupted iterations
steady   [  49% ] 000/050 VUs  2m25.8s/5m0s  1.00 iters/s

running (2m27.0s), 000/050 VUs, 147 complete and 0 interrupted iterations
steady   [  49% ] 000/050 VUs  2m26.8s/5m0s  1.00 iters/s

running (2m28.0s), 000/050 VUs, 148 complete and 0 interrupted iterations
steady   [  49% ] 000/050 VUs  2m27.8s/5m0s  1.00 iters/s

running (2m29.0s), 000/050 VUs, 149 complete and 0 interrupted iterations
steady   [  50% ] 000/050 VUs  2m28.8s/5m0s  1.00 iters/s

running (2m30.0s), 000/050 VUs, 150 complete and 0 interrupted iterations
steady   [  50% ] 000/050 VUs  2m29.8s/5m0s  1.00 iters/s

running (2m31.0s), 000/050 VUs, 151 complete and 0 interrupted iterations
steady   [  50% ] 000/050 VUs  2m30.8s/5m0s  1.00 iters/s

running (2m32.0s), 000/050 VUs, 152 complete and 0 interrupted iterations
steady   [  51% ] 000/050 VUs  2m31.8s/5m0s  1.00 iters/s

running (2m33.0s), 000/050 VUs, 153 complete and 0 interrupted iterations
steady   [  51% ] 000/050 VUs  2m32.8s/5m0s  1.00 iters/s

running (2m34.0s), 000/050 VUs, 154 complete and 0 interrupted iterations
steady   [  51% ] 000/050 VUs  2m33.8s/5m0s  1.00 iters/s

running (2m35.0s), 000/050 VUs, 155 complete and 0 interrupted iterations
steady   [  52% ] 000/050 VUs  2m34.8s/5m0s  1.00 iters/s

running (2m36.0s), 000/050 VUs, 156 complete and 0 interrupted iterations
steady   [  52% ] 000/050 VUs  2m35.8s/5m0s  1.00 iters/s

running (2m37.0s), 000/050 VUs, 157 complete and 0 interrupted iterations
steady   [  52% ] 000/050 VUs  2m36.8s/5m0s  1.00 iters/s

running (2m38.0s), 000/050 VUs, 158 complete and 0 interrupted iterations
steady   [  53% ] 000/050 VUs  2m37.8s/5m0s  1.00 iters/s

running (2m39.0s), 000/050 VUs, 159 complete and 0 interrupted iterations
steady   [  53% ] 000/050 VUs  2m38.8s/5m0s  1.00 iters/s

running (2m40.0s), 000/050 VUs, 160 complete and 0 interrupted iterations
steady   [  53% ] 000/050 VUs  2m39.8s/5m0s  1.00 iters/s

running (2m41.0s), 000/050 VUs, 161 complete and 0 interrupted iterations
steady   [  54% ] 000/050 VUs  2m40.8s/5m0s  1.00 iters/s

running (2m42.0s), 000/050 VUs, 162 complete and 0 interrupted iterations
steady   [  54% ] 000/050 VUs  2m41.8s/5m0s  1.00 iters/s

running (2m43.0s), 000/050 VUs, 163 complete and 0 interrupted iterations
steady   [  54% ] 000/050 VUs  2m42.8s/5m0s  1.00 iters/s

running (2m44.0s), 000/050 VUs, 164 complete and 0 interrupted iterations
steady   [  55% ] 000/050 VUs  2m43.8s/5m0s  1.00 iters/s

running (2m45.0s), 000/050 VUs, 165 complete and 0 interrupted iterations
steady   [  55% ] 000/050 VUs  2m44.8s/5m0s  1.00 iters/s

running (2m46.0s), 000/050 VUs, 166 complete and 0 interrupted iterations
steady   [  55% ] 000/050 VUs  2m45.8s/5m0s  1.00 iters/s

running (2m47.0s), 000/050 VUs, 167 complete and 0 interrupted iterations
steady   [  56% ] 000/050 VUs  2m46.8s/5m0s  1.00 iters/s

running (2m48.0s), 000/050 VUs, 168 complete and 0 interrupted iterations
steady   [  56% ] 000/050 VUs  2m47.8s/5m0s  1.00 iters/s

running (2m49.0s), 000/050 VUs, 169 complete and 0 interrupted iterations
steady   [  56% ] 000/050 VUs  2m48.8s/5m0s  1.00 iters/s

running (2m50.0s), 000/050 VUs, 170 complete and 0 interrupted iterations
steady   [  57% ] 000/050 VUs  2m49.8s/5m0s  1.00 iters/s

running (2m51.0s), 000/050 VUs, 171 complete and 0 interrupted iterations
steady   [  57% ] 000/050 VUs  2m50.8s/5m0s  1.00 iters/s

running (2m52.0s), 000/050 VUs, 172 complete and 0 interrupted iterations
steady   [  57% ] 000/050 VUs  2m51.8s/5m0s  1.00 iters/s

running (2m53.0s), 000/050 VUs, 173 complete and 0 interrupted iterations
steady   [  58% ] 000/050 VUs  2m52.8s/5m0s  1.00 iters/s

running (2m54.0s), 000/050 VUs, 174 complete and 0 interrupted iterations
steady   [  58% ] 000/050 VUs  2m53.8s/5m0s  1.00 iters/s

running (2m55.0s), 000/050 VUs, 175 complete and 0 interrupted iterations
steady   [  58% ] 000/050 VUs  2m54.8s/5m0s  1.00 iters/s

running (2m56.0s), 000/050 VUs, 176 complete and 0 interrupted iterations
steady   [  59% ] 000/050 VUs  2m55.8s/5m0s  1.00 iters/s

running (2m57.0s), 000/050 VUs, 177 complete and 0 interrupted iterations
steady   [  59% ] 000/050 VUs  2m56.8s/5m0s  1.00 iters/s

running (2m58.0s), 000/050 VUs, 178 complete and 0 interrupted iterations
steady   [  59% ] 000/050 VUs  2m57.8s/5m0s  1.00 iters/s

running (2m59.0s), 000/050 VUs, 179 complete and 0 interrupted iterations
steady   [  60% ] 000/050 VUs  2m58.8s/5m0s  1.00 iters/s

running (3m00.0s), 000/050 VUs, 180 complete and 0 interrupted iterations
steady   [  60% ] 000/050 VUs  2m59.8s/5m0s  1.00 iters/s

running (3m01.0s), 000/050 VUs, 181 complete and 0 interrupted iterations
steady   [  60% ] 000/050 VUs  3m00.8s/5m0s  1.00 iters/s

running (3m02.0s), 000/050 VUs, 182 complete and 0 interrupted iterations
steady   [  61% ] 000/050 VUs  3m01.8s/5m0s  1.00 iters/s

running (3m03.0s), 000/050 VUs, 183 complete and 0 interrupted iterations
steady   [  61% ] 000/050 VUs  3m02.8s/5m0s  1.00 iters/s

running (3m04.0s), 000/050 VUs, 184 complete and 0 interrupted iterations
steady   [  61% ] 000/050 VUs  3m03.8s/5m0s  1.00 iters/s

running (3m05.0s), 000/050 VUs, 185 complete and 0 interrupted iterations
steady   [  62% ] 000/050 VUs  3m04.8s/5m0s  1.00 iters/s

running (3m06.0s), 000/050 VUs, 186 complete and 0 interrupted iterations
steady   [  62% ] 000/050 VUs  3m05.8s/5m0s  1.00 iters/s

running (3m07.0s), 000/050 VUs, 187 complete and 0 interrupted iterations
steady   [  62% ] 000/050 VUs  3m06.8s/5m0s  1.00 iters/s

running (3m08.0s), 000/050 VUs, 188 complete and 0 interrupted iterations
steady   [  63% ] 000/050 VUs  3m07.8s/5m0s  1.00 iters/s

running (3m09.0s), 000/050 VUs, 189 complete and 0 interrupted iterations
steady   [  63% ] 000/050 VUs  3m08.8s/5m0s  1.00 iters/s

running (3m10.0s), 000/050 VUs, 190 complete and 0 interrupted iterations
steady   [  63% ] 000/050 VUs  3m09.8s/5m0s  1.00 iters/s

running (3m11.0s), 000/050 VUs, 191 complete and 0 interrupted iterations
steady   [  64% ] 000/050 VUs  3m10.8s/5m0s  1.00 iters/s

running (3m12.0s), 000/050 VUs, 192 complete and 0 interrupted iterations
steady   [  64% ] 000/050 VUs  3m11.8s/5m0s  1.00 iters/s

running (3m13.0s), 000/050 VUs, 193 complete and 0 interrupted iterations
steady   [  64% ] 000/050 VUs  3m12.8s/5m0s  1.00 iters/s

running (3m14.0s), 000/050 VUs, 194 complete and 0 interrupted iterations
steady   [  65% ] 000/050 VUs  3m13.8s/5m0s  1.00 iters/s

running (3m15.0s), 000/050 VUs, 195 complete and 0 interrupted iterations
steady   [  65% ] 000/050 VUs  3m14.8s/5m0s  1.00 iters/s

running (3m16.0s), 000/050 VUs, 196 complete and 0 interrupted iterations
steady   [  65% ] 000/050 VUs  3m15.8s/5m0s  1.00 iters/s

running (3m17.0s), 000/050 VUs, 197 complete and 0 interrupted iterations
steady   [  66% ] 000/050 VUs  3m16.8s/5m0s  1.00 iters/s

running (3m18.0s), 000/050 VUs, 198 complete and 0 interrupted iterations
steady   [  66% ] 000/050 VUs  3m17.8s/5m0s  1.00 iters/s

running (3m19.0s), 000/050 VUs, 199 complete and 0 interrupted iterations
steady   [  66% ] 000/050 VUs  3m18.8s/5m0s  1.00 iters/s

running (3m20.0s), 000/050 VUs, 200 complete and 0 interrupted iterations
steady   [  67% ] 000/050 VUs  3m19.8s/5m0s  1.00 iters/s

running (3m21.0s), 000/050 VUs, 201 complete and 0 interrupted iterations
steady   [  67% ] 000/050 VUs  3m20.8s/5m0s  1.00 iters/s

running (3m22.0s), 000/050 VUs, 202 complete and 0 interrupted iterations
steady   [  67% ] 000/050 VUs  3m21.8s/5m0s  1.00 iters/s

running (3m23.0s), 000/050 VUs, 203 complete and 0 interrupted iterations
steady   [  68% ] 000/050 VUs  3m22.8s/5m0s  1.00 iters/s

running (3m24.0s), 000/050 VUs, 204 complete and 0 interrupted iterations
steady   [  68% ] 000/050 VUs  3m23.8s/5m0s  1.00 iters/s

running (3m25.0s), 000/050 VUs, 205 complete and 0 interrupted iterations
steady   [  68% ] 000/050 VUs  3m24.8s/5m0s  1.00 iters/s

running (3m26.0s), 000/050 VUs, 206 complete and 0 interrupted iterations
steady   [  69% ] 000/050 VUs  3m25.8s/5m0s  1.00 iters/s

running (3m27.0s), 000/050 VUs, 207 complete and 0 interrupted iterations
steady   [  69% ] 000/050 VUs  3m26.8s/5m0s  1.00 iters/s

running (3m28.0s), 000/050 VUs, 208 complete and 0 interrupted iterations
steady   [  69% ] 000/050 VUs  3m27.8s/5m0s  1.00 iters/s

running (3m29.0s), 000/050 VUs, 209 complete and 0 interrupted iterations
steady   [  70% ] 000/050 VUs  3m28.8s/5m0s  1.00 iters/s

running (3m30.0s), 000/050 VUs, 210 complete and 0 interrupted iterations
steady   [  70% ] 000/050 VUs  3m29.8s/5m0s  1.00 iters/s

running (3m31.0s), 000/050 VUs, 211 complete and 0 interrupted iterations
steady   [  70% ] 000/050 VUs  3m30.8s/5m0s  1.00 iters/s

running (3m32.0s), 000/050 VUs, 212 complete and 0 interrupted iterations
steady   [  71% ] 000/050 VUs  3m31.8s/5m0s  1.00 iters/s

running (3m33.0s), 000/050 VUs, 213 complete and 0 interrupted iterations
steady   [  71% ] 000/050 VUs  3m32.8s/5m0s  1.00 iters/s

running (3m34.0s), 000/050 VUs, 214 complete and 0 interrupted iterations
steady   [  71% ] 000/050 VUs  3m33.8s/5m0s  1.00 iters/s

running (3m35.0s), 000/050 VUs, 215 complete and 0 interrupted iterations
steady   [  72% ] 000/050 VUs  3m34.8s/5m0s  1.00 iters/s

running (3m36.0s), 000/050 VUs, 216 complete and 0 interrupted iterations
steady   [  72% ] 000/050 VUs  3m35.8s/5m0s  1.00 iters/s

running (3m37.0s), 000/050 VUs, 217 complete and 0 interrupted iterations
steady   [  72% ] 000/050 VUs  3m36.8s/5m0s  1.00 iters/s

running (3m38.0s), 000/050 VUs, 218 complete and 0 interrupted iterations
steady   [  73% ] 000/050 VUs  3m37.8s/5m0s  1.00 iters/s

running (3m39.0s), 000/050 VUs, 219 complete and 0 interrupted iterations
steady   [  73% ] 000/050 VUs  3m38.8s/5m0s  1.00 iters/s

running (3m40.0s), 000/050 VUs, 220 complete and 0 interrupted iterations
steady   [  73% ] 000/050 VUs  3m39.8s/5m0s  1.00 iters/s

running (3m41.0s), 000/050 VUs, 221 complete and 0 interrupted iterations
steady   [  74% ] 000/050 VUs  3m40.8s/5m0s  1.00 iters/s

running (3m42.0s), 000/050 VUs, 222 complete and 0 interrupted iterations
steady   [  74% ] 000/050 VUs  3m41.8s/5m0s  1.00 iters/s

running (3m43.0s), 000/050 VUs, 223 complete and 0 interrupted iterations
steady   [  74% ] 000/050 VUs  3m42.8s/5m0s  1.00 iters/s

running (3m44.0s), 000/050 VUs, 224 complete and 0 interrupted iterations
steady   [  75% ] 000/050 VUs  3m43.8s/5m0s  1.00 iters/s

running (3m45.0s), 000/050 VUs, 225 complete and 0 interrupted iterations
steady   [  75% ] 000/050 VUs  3m44.8s/5m0s  1.00 iters/s

running (3m46.0s), 000/050 VUs, 226 complete and 0 interrupted iterations
steady   [  75% ] 000/050 VUs  3m45.8s/5m0s  1.00 iters/s

running (3m47.0s), 000/050 VUs, 227 complete and 0 interrupted iterations
steady   [  76% ] 000/050 VUs  3m46.8s/5m0s  1.00 iters/s

running (3m48.0s), 000/050 VUs, 228 complete and 0 interrupted iterations
steady   [  76% ] 000/050 VUs  3m47.8s/5m0s  1.00 iters/s

running (3m49.0s), 000/050 VUs, 229 complete and 0 interrupted iterations
steady   [  76% ] 000/050 VUs  3m48.8s/5m0s  1.00 iters/s

running (3m50.0s), 000/050 VUs, 230 complete and 0 interrupted iterations
steady   [  77% ] 000/050 VUs  3m49.8s/5m0s  1.00 iters/s

running (3m51.0s), 000/050 VUs, 231 complete and 0 interrupted iterations
steady   [  77% ] 000/050 VUs  3m50.8s/5m0s  1.00 iters/s

running (3m52.0s), 000/050 VUs, 232 complete and 0 interrupted iterations
steady   [  77% ] 000/050 VUs  3m51.8s/5m0s  1.00 iters/s

running (3m53.0s), 000/050 VUs, 233 complete and 0 interrupted iterations
steady   [  78% ] 000/050 VUs  3m52.8s/5m0s  1.00 iters/s

running (3m54.0s), 000/050 VUs, 234 complete and 0 interrupted iterations
steady   [  78% ] 000/050 VUs  3m53.8s/5m0s  1.00 iters/s

running (3m55.0s), 000/050 VUs, 235 complete and 0 interrupted iterations
steady   [  78% ] 000/050 VUs  3m54.8s/5m0s  1.00 iters/s

running (3m56.0s), 000/050 VUs, 236 complete and 0 interrupted iterations
steady   [  79% ] 000/050 VUs  3m55.8s/5m0s  1.00 iters/s

running (3m57.0s), 000/050 VUs, 237 complete and 0 interrupted iterations
steady   [  79% ] 000/050 VUs  3m56.8s/5m0s  1.00 iters/s

running (3m58.0s), 000/050 VUs, 238 complete and 0 interrupted iterations
steady   [  79% ] 000/050 VUs  3m57.8s/5m0s  1.00 iters/s

running (3m59.0s), 000/050 VUs, 239 complete and 0 interrupted iterations
steady   [  80% ] 000/050 VUs  3m58.8s/5m0s  1.00 iters/s

running (4m00.0s), 000/050 VUs, 240 complete and 0 interrupted iterations
steady   [  80% ] 000/050 VUs  3m59.8s/5m0s  1.00 iters/s

running (4m01.0s), 000/050 VUs, 241 complete and 0 interrupted iterations
steady   [  80% ] 000/050 VUs  4m00.8s/5m0s  1.00 iters/s

running (4m02.0s), 000/050 VUs, 242 complete and 0 interrupted iterations
steady   [  81% ] 000/050 VUs  4m01.8s/5m0s  1.00 iters/s

running (4m03.0s), 000/050 VUs, 243 complete and 0 interrupted iterations
steady   [  81% ] 000/050 VUs  4m02.8s/5m0s  1.00 iters/s

running (4m04.0s), 000/050 VUs, 244 complete and 0 interrupted iterations
steady   [  81% ] 000/050 VUs  4m03.8s/5m0s  1.00 iters/s

running (4m05.0s), 000/050 VUs, 245 complete and 0 interrupted iterations
steady   [  82% ] 000/050 VUs  4m04.8s/5m0s  1.00 iters/s

running (4m06.0s), 000/050 VUs, 246 complete and 0 interrupted iterations
steady   [  82% ] 000/050 VUs  4m05.8s/5m0s  1.00 iters/s

running (4m07.0s), 000/050 VUs, 247 complete and 0 interrupted iterations
steady   [  82% ] 000/050 VUs  4m06.8s/5m0s  1.00 iters/s

running (4m08.0s), 000/050 VUs, 248 complete and 0 interrupted iterations
steady   [  83% ] 000/050 VUs  4m07.8s/5m0s  1.00 iters/s

running (4m09.0s), 000/050 VUs, 249 complete and 0 interrupted iterations
steady   [  83% ] 000/050 VUs  4m08.8s/5m0s  1.00 iters/s

running (4m10.0s), 000/050 VUs, 250 complete and 0 interrupted iterations
steady   [  83% ] 000/050 VUs  4m09.8s/5m0s  1.00 iters/s

running (4m11.0s), 000/050 VUs, 251 complete and 0 interrupted iterations
steady   [  84% ] 000/050 VUs  4m10.8s/5m0s  1.00 iters/s

running (4m12.0s), 000/050 VUs, 252 complete and 0 interrupted iterations
steady   [  84% ] 000/050 VUs  4m11.8s/5m0s  1.00 iters/s

running (4m13.0s), 000/050 VUs, 253 complete and 0 interrupted iterations
steady   [  84% ] 000/050 VUs  4m12.8s/5m0s  1.00 iters/s

running (4m14.0s), 000/050 VUs, 254 complete and 0 interrupted iterations
steady   [  85% ] 000/050 VUs  4m13.8s/5m0s  1.00 iters/s

running (4m15.0s), 000/050 VUs, 255 complete and 0 interrupted iterations
steady   [  85% ] 000/050 VUs  4m14.8s/5m0s  1.00 iters/s

running (4m16.0s), 000/050 VUs, 256 complete and 0 interrupted iterations
steady   [  85% ] 000/050 VUs  4m15.8s/5m0s  1.00 iters/s

running (4m17.0s), 000/050 VUs, 257 complete and 0 interrupted iterations
steady   [  86% ] 000/050 VUs  4m16.8s/5m0s  1.00 iters/s

running (4m18.0s), 000/050 VUs, 258 complete and 0 interrupted iterations
steady   [  86% ] 000/050 VUs  4m17.8s/5m0s  1.00 iters/s

running (4m19.0s), 000/050 VUs, 259 complete and 0 interrupted iterations
steady   [  86% ] 000/050 VUs  4m18.8s/5m0s  1.00 iters/s

running (4m20.0s), 000/050 VUs, 260 complete and 0 interrupted iterations
steady   [  87% ] 000/050 VUs  4m19.8s/5m0s  1.00 iters/s

running (4m21.0s), 000/050 VUs, 261 complete and 0 interrupted iterations
steady   [  87% ] 000/050 VUs  4m20.8s/5m0s  1.00 iters/s

running (4m22.0s), 000/050 VUs, 262 complete and 0 interrupted iterations
steady   [  87% ] 000/050 VUs  4m21.8s/5m0s  1.00 iters/s

running (4m23.0s), 000/050 VUs, 263 complete and 0 interrupted iterations
steady   [  88% ] 000/050 VUs  4m22.8s/5m0s  1.00 iters/s

running (4m24.0s), 000/050 VUs, 264 complete and 0 interrupted iterations
steady   [  88% ] 000/050 VUs  4m23.8s/5m0s  1.00 iters/s

running (4m25.0s), 000/050 VUs, 265 complete and 0 interrupted iterations
steady   [  88% ] 000/050 VUs  4m24.8s/5m0s  1.00 iters/s

running (4m26.0s), 000/050 VUs, 266 complete and 0 interrupted iterations
steady   [  89% ] 000/050 VUs  4m25.8s/5m0s  1.00 iters/s

running (4m27.0s), 000/050 VUs, 267 complete and 0 interrupted iterations
steady   [  89% ] 000/050 VUs  4m26.8s/5m0s  1.00 iters/s

running (4m28.0s), 000/050 VUs, 268 complete and 0 interrupted iterations
steady   [  89% ] 000/050 VUs  4m27.8s/5m0s  1.00 iters/s

running (4m29.0s), 000/050 VUs, 269 complete and 0 interrupted iterations
steady   [  90% ] 000/050 VUs  4m28.8s/5m0s  1.00 iters/s

running (4m30.0s), 000/050 VUs, 270 complete and 0 interrupted iterations
steady   [  90% ] 000/050 VUs  4m29.8s/5m0s  1.00 iters/s

running (4m31.0s), 000/050 VUs, 271 complete and 0 interrupted iterations
steady   [  90% ] 000/050 VUs  4m30.8s/5m0s  1.00 iters/s

running (4m32.0s), 000/050 VUs, 272 complete and 0 interrupted iterations
steady   [  91% ] 000/050 VUs  4m31.8s/5m0s  1.00 iters/s

running (4m33.0s), 000/050 VUs, 273 complete and 0 interrupted iterations
steady   [  91% ] 000/050 VUs  4m32.8s/5m0s  1.00 iters/s

running (4m34.0s), 000/050 VUs, 274 complete and 0 interrupted iterations
steady   [  91% ] 000/050 VUs  4m33.8s/5m0s  1.00 iters/s

running (4m35.0s), 000/050 VUs, 275 complete and 0 interrupted iterations
steady   [  92% ] 000/050 VUs  4m34.8s/5m0s  1.00 iters/s

running (4m36.0s), 000/050 VUs, 276 complete and 0 interrupted iterations
steady   [  92% ] 000/050 VUs  4m35.8s/5m0s  1.00 iters/s

running (4m37.0s), 000/050 VUs, 277 complete and 0 interrupted iterations
steady   [  92% ] 000/050 VUs  4m36.8s/5m0s  1.00 iters/s

running (4m38.0s), 000/050 VUs, 278 complete and 0 interrupted iterations
steady   [  93% ] 000/050 VUs  4m37.8s/5m0s  1.00 iters/s

running (4m39.0s), 000/050 VUs, 279 complete and 0 interrupted iterations
steady   [  93% ] 000/050 VUs  4m38.8s/5m0s  1.00 iters/s

running (4m40.0s), 000/050 VUs, 280 complete and 0 interrupted iterations
steady   [  93% ] 000/050 VUs  4m39.8s/5m0s  1.00 iters/s

running (4m41.0s), 000/050 VUs, 281 complete and 0 interrupted iterations
steady   [  94% ] 000/050 VUs  4m40.8s/5m0s  1.00 iters/s

running (4m42.0s), 000/050 VUs, 282 complete and 0 interrupted iterations
steady   [  94% ] 000/050 VUs  4m41.8s/5m0s  1.00 iters/s

running (4m43.0s), 000/050 VUs, 283 complete and 0 interrupted iterations
steady   [  94% ] 000/050 VUs  4m42.8s/5m0s  1.00 iters/s

running (4m44.0s), 000/050 VUs, 284 complete and 0 interrupted iterations
steady   [  95% ] 000/050 VUs  4m43.8s/5m0s  1.00 iters/s

running (4m45.0s), 000/050 VUs, 285 complete and 0 interrupted iterations
steady   [  95% ] 000/050 VUs  4m44.8s/5m0s  1.00 iters/s

running (4m46.0s), 000/050 VUs, 286 complete and 0 interrupted iterations
steady   [  95% ] 000/050 VUs  4m45.8s/5m0s  1.00 iters/s

running (4m47.0s), 000/050 VUs, 287 complete and 0 interrupted iterations
steady   [  96% ] 000/050 VUs  4m46.8s/5m0s  1.00 iters/s

running (4m48.0s), 000/050 VUs, 288 complete and 0 interrupted iterations
steady   [  96% ] 000/050 VUs  4m47.8s/5m0s  1.00 iters/s

running (4m49.0s), 000/050 VUs, 289 complete and 0 interrupted iterations
steady   [  96% ] 000/050 VUs  4m48.8s/5m0s  1.00 iters/s

running (4m50.0s), 000/050 VUs, 290 complete and 0 interrupted iterations
steady   [  97% ] 000/050 VUs  4m49.8s/5m0s  1.00 iters/s

running (4m51.0s), 000/050 VUs, 291 complete and 0 interrupted iterations
steady   [  97% ] 000/050 VUs  4m50.8s/5m0s  1.00 iters/s

running (4m52.0s), 000/050 VUs, 292 complete and 0 interrupted iterations
steady   [  97% ] 000/050 VUs  4m51.8s/5m0s  1.00 iters/s

running (4m53.0s), 000/050 VUs, 293 complete and 0 interrupted iterations
steady   [  98% ] 000/050 VUs  4m52.8s/5m0s  1.00 iters/s

running (4m54.0s), 000/050 VUs, 294 complete and 0 interrupted iterations
steady   [  98% ] 000/050 VUs  4m53.8s/5m0s  1.00 iters/s

running (4m55.0s), 000/050 VUs, 295 complete and 0 interrupted iterations
steady   [  98% ] 000/050 VUs  4m54.8s/5m0s  1.00 iters/s

running (4m56.0s), 000/050 VUs, 296 complete and 0 interrupted iterations
steady   [  99% ] 000/050 VUs  4m55.8s/5m0s  1.00 iters/s

running (4m57.0s), 000/050 VUs, 297 complete and 0 interrupted iterations
steady   [  99% ] 000/050 VUs  4m56.8s/5m0s  1.00 iters/s

running (4m58.0s), 000/050 VUs, 298 complete and 0 interrupted iterations
steady   [  99% ] 000/050 VUs  4m57.8s/5m0s  1.00 iters/s

running (4m59.0s), 000/050 VUs, 299 complete and 0 interrupted iterations
steady   [ 100% ] 000/050 VUs  4m58.8s/5m0s  1.00 iters/s

running (5m00.0s), 000/050 VUs, 300 complete and 0 interrupted iterations
steady   [ 100% ] 000/050 VUs  4m59.8s/5m0s  1.00 iters/s

================ DSP benchmark summary ================
-- per-phase latency --
  catalog                    p50=18.9 ms  p95=20.1 ms  p99=27.8 ms  max=28.3 ms  n=301
  negotiation init (POST)    p50=10.4 ms  p95=10.7 ms  p99=17.6 ms  max=19.7 ms  n=301
  time-to-AGREED (async)     p50=254.0 ms  p95=254.0 ms  p99=254.0 ms  max=254.0 ms  n=301
  transfer init (POST)       p50=10.9 ms  p95=11.9 ms  p99=13.2 ms  max=18.8 ms  n=301
  time-to-EDR (async)        p50=253.0 ms  p95=253.0 ms  p99=253.0 ms  max=257.0 ms  n=301
  data pull                  p50=5.4 ms  p95=6.3 ms  p99=6.7 ms  max=7.3 ms  n=301
-- end-to-end + throughput --
  e2e transaction            p50=814.0 ms  p95=821.0 ms  p99=824.0 ms  max=831.0 ms  n=301
  data throughput (MB/s)     p50=0.0  p95=0.0  p99=0.0  max=0.1  n=301
-- outcomes --
  transactions succeeded     count=301  rate=1.000/s
  transactions failed        (no data)
  failed rate                rate=0.00%  (pass=0 fail=301)
    of which TERMINATED      (no data)
    of which TIMED OUT       (no data)
    of which HTTP-FAILED     (no data)
  failure accounting       (no failures)
-- observer effect (poll load) --
  negotiation polls          count=602  rate=2.000/s
  edr polls                  count=602  rate=2.000/s
  polls per transaction     negotiation=2.0  edr=2.0  (timeout ceiling=120)
=======================================================
(full summary -> /home/rohitj/edc/benchmarking-dsp-native-basyx/k6-scripts/results/basyx/off/steady/2026-08-11T19-32-35Z/k6-summary.json; POLL_INTERVAL_MS=250; IDENTITY_MODE=off)

running (5m00.9s), 000/050 VUs, 301 complete and 0 interrupted iterations
steady ✓ [ 100% ] 000/050 VUs  5m0s  1.00 iters/s
Prometheus snapshot [1786476836..1786477153] svc=(dsp-native-basyx|consumer-controlplane) win=1m -> /home/rohitj/edc/benchmarking-dsp-native-basyx/k6-scripts/results/basyx/off/steady/2026-08-11T19-32-35Z
  jvm-heap.csv (64 rows)
  jvm-gc-rate.csv (64 rows)
  jvm-threads.csv (64 rows)
  http-throughput.csv (64 rows)
  http-p95.csv (64 rows)
  http-errors.csv (64 rows)
  http-errors-5xx.csv (0 rows)
  http-status.csv (128 rows)
  host-cpu-busy.csv (64 rows)
  host-mem-used.csv (64 rows)
  5xx: no 5xx in window (confirmed: http-status has 128 samples, so the status label IS scraped)
  logs -> /home/rohitj/edc/benchmarking-dsp-native-basyx/k6-scripts/results/basyx/off/steady/2026-08-11T19-32-35Z/logs (1 files)
0
VALIDITY  ok=301  failed=0  failed_rate=0%  dropped_iterations=0
>>> done: /home/rohitj/edc/benchmarking-dsp-native-basyx/k6-scripts/results/basyx/off/steady/2026-08-11T19-32-35Z  (k6 exit 0)
===== repetition 4/5 =====
----- basyx / steady (rep 4) -----
>>> basyx / steady  ->  /home/rohitj/edc/benchmarking-dsp-native-basyx/k6-scripts/results/basyx/off/steady/2026-08-11T19-39-13Z
parity OK: lib/ + scenarios/ + orchestration/ + tools/ identical to /home/rohitj/edc/benchmarking-dsp-native-basyx/k6-scripts
Health: http://localhost:8090/dsp http://localhost:8888/health + prometheus  OK
Warmup 60s @ 1/s (discarded)
  draining 20s before the measured window opens
k6 -> Prometheus remote-write: http://localhost:9090/api/v1/write

         /\      Grafana   /‾‾/  
    /\  /  \     |\  __   /  /   
   /  \/    \    | |/ /  /   ‾‾\ 
  /          \   |   (  |  (‾)  |
 / __________ \  |_|\_\  \_____/ 


     execution: local
        script: /home/rohitj/edc/benchmarking-dsp-native-basyx/k6-scripts/basyx-off/steady.js
        output: Prometheus remote write (http://localhost:9090/api/v1/write)

     scenarios: (100.00%) 1 scenario, 200 max VUs, 5m30s max duration (incl. graceful stop):
              * steady: 1.00 iterations/s for 5m0s (maxVUs: 50-200, gracefulStop: 30s)


running (0m01.0s), 000/050 VUs, 1 complete and 0 interrupted iterations
steady   [   0% ] 000/050 VUs  0m00.9s/5m0s  1.00 iters/s

running (0m02.0s), 000/050 VUs, 2 complete and 0 interrupted iterations
steady   [   1% ] 000/050 VUs  0m01.9s/5m0s  1.00 iters/s

running (0m03.0s), 000/050 VUs, 3 complete and 0 interrupted iterations
steady   [   1% ] 000/050 VUs  0m02.9s/5m0s  1.00 iters/s

running (0m04.0s), 000/050 VUs, 4 complete and 0 interrupted iterations
steady   [   1% ] 000/050 VUs  0m03.9s/5m0s  1.00 iters/s

running (0m05.0s), 000/050 VUs, 5 complete and 0 interrupted iterations
steady   [   2% ] 000/050 VUs  0m04.9s/5m0s  1.00 iters/s

running (0m06.0s), 000/050 VUs, 6 complete and 0 interrupted iterations
steady   [   2% ] 000/050 VUs  0m05.9s/5m0s  1.00 iters/s

running (0m07.0s), 000/050 VUs, 7 complete and 0 interrupted iterations
steady   [   2% ] 000/050 VUs  0m06.9s/5m0s  1.00 iters/s

running (0m08.0s), 000/050 VUs, 8 complete and 0 interrupted iterations
steady   [   3% ] 000/050 VUs  0m07.9s/5m0s  1.00 iters/s

running (0m09.0s), 000/050 VUs, 9 complete and 0 interrupted iterations
steady   [   3% ] 000/050 VUs  0m08.9s/5m0s  1.00 iters/s

running (0m10.0s), 000/050 VUs, 10 complete and 0 interrupted iterations
steady   [   3% ] 000/050 VUs  0m09.9s/5m0s  1.00 iters/s

running (0m11.0s), 000/050 VUs, 11 complete and 0 interrupted iterations
steady   [   4% ] 000/050 VUs  0m10.9s/5m0s  1.00 iters/s

running (0m12.0s), 000/050 VUs, 12 complete and 0 interrupted iterations
steady   [   4% ] 000/050 VUs  0m11.9s/5m0s  1.00 iters/s

running (0m13.0s), 000/050 VUs, 13 complete and 0 interrupted iterations
steady   [   4% ] 000/050 VUs  0m12.9s/5m0s  1.00 iters/s

running (0m14.0s), 000/050 VUs, 14 complete and 0 interrupted iterations
steady   [   5% ] 000/050 VUs  0m13.9s/5m0s  1.00 iters/s

running (0m15.0s), 000/050 VUs, 15 complete and 0 interrupted iterations
steady   [   5% ] 000/050 VUs  0m14.9s/5m0s  1.00 iters/s

running (0m16.0s), 000/050 VUs, 16 complete and 0 interrupted iterations
steady   [   5% ] 000/050 VUs  0m15.9s/5m0s  1.00 iters/s

running (0m17.0s), 000/050 VUs, 17 complete and 0 interrupted iterations
steady   [   6% ] 000/050 VUs  0m16.9s/5m0s  1.00 iters/s

running (0m18.0s), 000/050 VUs, 18 complete and 0 interrupted iterations
steady   [   6% ] 000/050 VUs  0m17.9s/5m0s  1.00 iters/s

running (0m19.0s), 000/050 VUs, 19 complete and 0 interrupted iterations
steady   [   6% ] 000/050 VUs  0m18.9s/5m0s  1.00 iters/s

running (0m20.0s), 000/050 VUs, 20 complete and 0 interrupted iterations
steady   [   7% ] 000/050 VUs  0m19.9s/5m0s  1.00 iters/s

running (0m21.0s), 000/050 VUs, 21 complete and 0 interrupted iterations
steady   [   7% ] 000/050 VUs  0m20.9s/5m0s  1.00 iters/s

running (0m22.0s), 000/050 VUs, 22 complete and 0 interrupted iterations
steady   [   7% ] 000/050 VUs  0m21.9s/5m0s  1.00 iters/s

running (0m23.0s), 000/050 VUs, 23 complete and 0 interrupted iterations
steady   [   8% ] 000/050 VUs  0m22.9s/5m0s  1.00 iters/s

running (0m24.0s), 000/050 VUs, 24 complete and 0 interrupted iterations
steady   [   8% ] 000/050 VUs  0m23.9s/5m0s  1.00 iters/s

running (0m25.0s), 000/050 VUs, 25 complete and 0 interrupted iterations
steady   [   8% ] 000/050 VUs  0m24.9s/5m0s  1.00 iters/s

running (0m26.0s), 000/050 VUs, 26 complete and 0 interrupted iterations
steady   [   9% ] 000/050 VUs  0m25.9s/5m0s  1.00 iters/s

running (0m27.0s), 000/050 VUs, 27 complete and 0 interrupted iterations
steady   [   9% ] 000/050 VUs  0m26.9s/5m0s  1.00 iters/s

running (0m28.0s), 000/050 VUs, 28 complete and 0 interrupted iterations
steady   [   9% ] 000/050 VUs  0m27.9s/5m0s  1.00 iters/s

running (0m29.0s), 000/050 VUs, 29 complete and 0 interrupted iterations
steady   [  10% ] 000/050 VUs  0m28.9s/5m0s  1.00 iters/s

running (0m30.0s), 000/050 VUs, 30 complete and 0 interrupted iterations
steady   [  10% ] 000/050 VUs  0m29.9s/5m0s  1.00 iters/s

running (0m31.0s), 000/050 VUs, 31 complete and 0 interrupted iterations
steady   [  10% ] 000/050 VUs  0m30.9s/5m0s  1.00 iters/s

running (0m32.0s), 000/050 VUs, 32 complete and 0 interrupted iterations
steady   [  11% ] 000/050 VUs  0m31.9s/5m0s  1.00 iters/s

running (0m33.0s), 000/050 VUs, 33 complete and 0 interrupted iterations
steady   [  11% ] 000/050 VUs  0m32.9s/5m0s  1.00 iters/s

running (0m34.0s), 000/050 VUs, 34 complete and 0 interrupted iterations
steady   [  11% ] 000/050 VUs  0m33.9s/5m0s  1.00 iters/s

running (0m35.0s), 000/050 VUs, 35 complete and 0 interrupted iterations
steady   [  12% ] 000/050 VUs  0m34.9s/5m0s  1.00 iters/s

running (0m36.0s), 000/050 VUs, 36 complete and 0 interrupted iterations
steady   [  12% ] 000/050 VUs  0m35.9s/5m0s  1.00 iters/s

running (0m37.0s), 000/050 VUs, 37 complete and 0 interrupted iterations
steady   [  12% ] 000/050 VUs  0m36.9s/5m0s  1.00 iters/s

running (0m38.0s), 000/050 VUs, 38 complete and 0 interrupted iterations
steady   [  13% ] 000/050 VUs  0m37.9s/5m0s  1.00 iters/s

running (0m39.0s), 000/050 VUs, 39 complete and 0 interrupted iterations
steady   [  13% ] 000/050 VUs  0m38.9s/5m0s  1.00 iters/s

running (0m40.0s), 000/050 VUs, 40 complete and 0 interrupted iterations
steady   [  13% ] 000/050 VUs  0m39.9s/5m0s  1.00 iters/s

running (0m41.0s), 000/050 VUs, 41 complete and 0 interrupted iterations
steady   [  14% ] 000/050 VUs  0m40.9s/5m0s  1.00 iters/s

running (0m42.0s), 000/050 VUs, 42 complete and 0 interrupted iterations
steady   [  14% ] 000/050 VUs  0m41.9s/5m0s  1.00 iters/s

running (0m43.0s), 000/050 VUs, 43 complete and 0 interrupted iterations
steady   [  14% ] 000/050 VUs  0m42.9s/5m0s  1.00 iters/s

running (0m44.0s), 000/050 VUs, 44 complete and 0 interrupted iterations
steady   [  15% ] 000/050 VUs  0m43.9s/5m0s  1.00 iters/s

running (0m45.0s), 000/050 VUs, 45 complete and 0 interrupted iterations
steady   [  15% ] 000/050 VUs  0m44.9s/5m0s  1.00 iters/s

running (0m46.0s), 000/050 VUs, 46 complete and 0 interrupted iterations
steady   [  15% ] 000/050 VUs  0m45.9s/5m0s  1.00 iters/s

running (0m47.0s), 000/050 VUs, 47 complete and 0 interrupted iterations
steady   [  16% ] 000/050 VUs  0m46.9s/5m0s  1.00 iters/s

running (0m48.0s), 000/050 VUs, 48 complete and 0 interrupted iterations
steady   [  16% ] 000/050 VUs  0m47.9s/5m0s  1.00 iters/s

running (0m49.0s), 000/050 VUs, 49 complete and 0 interrupted iterations
steady   [  16% ] 000/050 VUs  0m48.9s/5m0s  1.00 iters/s

running (0m50.0s), 000/050 VUs, 50 complete and 0 interrupted iterations
steady   [  17% ] 000/050 VUs  0m49.9s/5m0s  1.00 iters/s

running (0m51.0s), 000/050 VUs, 51 complete and 0 interrupted iterations
steady   [  17% ] 000/050 VUs  0m50.9s/5m0s  1.00 iters/s

running (0m52.0s), 000/050 VUs, 52 complete and 0 interrupted iterations
steady   [  17% ] 000/050 VUs  0m51.9s/5m0s  1.00 iters/s

running (0m53.0s), 000/050 VUs, 53 complete and 0 interrupted iterations
steady   [  18% ] 000/050 VUs  0m52.9s/5m0s  1.00 iters/s

running (0m54.0s), 000/050 VUs, 54 complete and 0 interrupted iterations
steady   [  18% ] 000/050 VUs  0m53.9s/5m0s  1.00 iters/s

running (0m55.0s), 000/050 VUs, 55 complete and 0 interrupted iterations
steady   [  18% ] 000/050 VUs  0m54.9s/5m0s  1.00 iters/s

running (0m56.0s), 000/050 VUs, 56 complete and 0 interrupted iterations
steady   [  19% ] 000/050 VUs  0m55.9s/5m0s  1.00 iters/s

running (0m57.0s), 000/050 VUs, 57 complete and 0 interrupted iterations
steady   [  19% ] 000/050 VUs  0m56.9s/5m0s  1.00 iters/s

running (0m58.0s), 000/050 VUs, 58 complete and 0 interrupted iterations
steady   [  19% ] 000/050 VUs  0m57.9s/5m0s  1.00 iters/s

running (0m59.0s), 000/050 VUs, 59 complete and 0 interrupted iterations
steady   [  20% ] 000/050 VUs  0m58.9s/5m0s  1.00 iters/s

running (1m00.0s), 000/050 VUs, 60 complete and 0 interrupted iterations
steady   [  20% ] 000/050 VUs  0m59.9s/5m0s  1.00 iters/s

running (1m01.0s), 000/050 VUs, 61 complete and 0 interrupted iterations
steady   [  20% ] 000/050 VUs  1m00.9s/5m0s  1.00 iters/s

running (1m02.0s), 000/050 VUs, 62 complete and 0 interrupted iterations
steady   [  21% ] 000/050 VUs  1m01.9s/5m0s  1.00 iters/s

running (1m03.0s), 000/050 VUs, 63 complete and 0 interrupted iterations
steady   [  21% ] 000/050 VUs  1m02.9s/5m0s  1.00 iters/s

running (1m04.0s), 000/050 VUs, 64 complete and 0 interrupted iterations
steady   [  21% ] 000/050 VUs  1m03.9s/5m0s  1.00 iters/s

running (1m05.0s), 000/050 VUs, 65 complete and 0 interrupted iterations
steady   [  22% ] 000/050 VUs  1m04.9s/5m0s  1.00 iters/s

running (1m06.0s), 000/050 VUs, 66 complete and 0 interrupted iterations
steady   [  22% ] 000/050 VUs  1m05.9s/5m0s  1.00 iters/s

running (1m07.0s), 000/050 VUs, 67 complete and 0 interrupted iterations
steady   [  22% ] 000/050 VUs  1m06.9s/5m0s  1.00 iters/s

running (1m08.0s), 000/050 VUs, 68 complete and 0 interrupted iterations
steady   [  23% ] 000/050 VUs  1m07.9s/5m0s  1.00 iters/s

running (1m09.0s), 000/050 VUs, 69 complete and 0 interrupted iterations
steady   [  23% ] 000/050 VUs  1m08.9s/5m0s  1.00 iters/s

running (1m10.0s), 000/050 VUs, 70 complete and 0 interrupted iterations
steady   [  23% ] 000/050 VUs  1m09.9s/5m0s  1.00 iters/s

running (1m11.0s), 000/050 VUs, 71 complete and 0 interrupted iterations
steady   [  24% ] 000/050 VUs  1m10.9s/5m0s  1.00 iters/s

running (1m12.0s), 000/050 VUs, 72 complete and 0 interrupted iterations
steady   [  24% ] 000/050 VUs  1m11.9s/5m0s  1.00 iters/s

running (1m13.0s), 000/050 VUs, 73 complete and 0 interrupted iterations
steady   [  24% ] 000/050 VUs  1m12.9s/5m0s  1.00 iters/s

running (1m14.0s), 000/050 VUs, 74 complete and 0 interrupted iterations
steady   [  25% ] 000/050 VUs  1m13.9s/5m0s  1.00 iters/s

running (1m15.0s), 000/050 VUs, 75 complete and 0 interrupted iterations
steady   [  25% ] 000/050 VUs  1m14.9s/5m0s  1.00 iters/s

running (1m16.0s), 000/050 VUs, 76 complete and 0 interrupted iterations
steady   [  25% ] 000/050 VUs  1m15.9s/5m0s  1.00 iters/s

running (1m17.0s), 000/050 VUs, 77 complete and 0 interrupted iterations
steady   [  26% ] 000/050 VUs  1m16.9s/5m0s  1.00 iters/s

running (1m18.0s), 000/050 VUs, 78 complete and 0 interrupted iterations
steady   [  26% ] 000/050 VUs  1m17.9s/5m0s  1.00 iters/s

running (1m19.0s), 000/050 VUs, 79 complete and 0 interrupted iterations
steady   [  26% ] 000/050 VUs  1m18.9s/5m0s  1.00 iters/s

running (1m20.0s), 000/050 VUs, 80 complete and 0 interrupted iterations
steady   [  27% ] 000/050 VUs  1m19.9s/5m0s  1.00 iters/s

running (1m21.0s), 000/050 VUs, 81 complete and 0 interrupted iterations
steady   [  27% ] 000/050 VUs  1m20.9s/5m0s  1.00 iters/s

running (1m22.0s), 000/050 VUs, 82 complete and 0 interrupted iterations
steady   [  27% ] 000/050 VUs  1m21.9s/5m0s  1.00 iters/s

running (1m23.0s), 000/050 VUs, 83 complete and 0 interrupted iterations
steady   [  28% ] 000/050 VUs  1m22.9s/5m0s  1.00 iters/s

running (1m24.0s), 000/050 VUs, 84 complete and 0 interrupted iterations
steady   [  28% ] 000/050 VUs  1m23.9s/5m0s  1.00 iters/s

running (1m25.0s), 000/050 VUs, 85 complete and 0 interrupted iterations
steady   [  28% ] 000/050 VUs  1m24.9s/5m0s  1.00 iters/s

running (1m26.0s), 000/050 VUs, 86 complete and 0 interrupted iterations
steady   [  29% ] 000/050 VUs  1m25.9s/5m0s  1.00 iters/s

running (1m27.0s), 000/050 VUs, 87 complete and 0 interrupted iterations
steady   [  29% ] 000/050 VUs  1m26.9s/5m0s  1.00 iters/s

running (1m28.0s), 000/050 VUs, 88 complete and 0 interrupted iterations
steady   [  29% ] 000/050 VUs  1m27.9s/5m0s  1.00 iters/s

running (1m29.0s), 000/050 VUs, 89 complete and 0 interrupted iterations
steady   [  30% ] 000/050 VUs  1m28.9s/5m0s  1.00 iters/s

running (1m30.0s), 000/050 VUs, 90 complete and 0 interrupted iterations
steady   [  30% ] 000/050 VUs  1m29.9s/5m0s  1.00 iters/s

running (1m31.0s), 000/050 VUs, 91 complete and 0 interrupted iterations
steady   [  30% ] 000/050 VUs  1m30.9s/5m0s  1.00 iters/s

running (1m32.0s), 000/050 VUs, 92 complete and 0 interrupted iterations
steady   [  31% ] 000/050 VUs  1m31.9s/5m0s  1.00 iters/s

running (1m33.0s), 000/050 VUs, 93 complete and 0 interrupted iterations
steady   [  31% ] 000/050 VUs  1m32.9s/5m0s  1.00 iters/s

running (1m34.0s), 000/050 VUs, 94 complete and 0 interrupted iterations
steady   [  31% ] 000/050 VUs  1m33.9s/5m0s  1.00 iters/s

running (1m35.0s), 000/050 VUs, 95 complete and 0 interrupted iterations
steady   [  32% ] 000/050 VUs  1m34.9s/5m0s  1.00 iters/s

running (1m36.0s), 000/050 VUs, 96 complete and 0 interrupted iterations
steady   [  32% ] 000/050 VUs  1m35.9s/5m0s  1.00 iters/s

running (1m37.0s), 000/050 VUs, 97 complete and 0 interrupted iterations
steady   [  32% ] 000/050 VUs  1m36.9s/5m0s  1.00 iters/s

running (1m38.0s), 000/050 VUs, 98 complete and 0 interrupted iterations
steady   [  33% ] 000/050 VUs  1m37.9s/5m0s  1.00 iters/s

running (1m39.0s), 000/050 VUs, 99 complete and 0 interrupted iterations
steady   [  33% ] 000/050 VUs  1m38.9s/5m0s  1.00 iters/s

running (1m40.0s), 000/050 VUs, 100 complete and 0 interrupted iterations
steady   [  33% ] 000/050 VUs  1m39.9s/5m0s  1.00 iters/s

running (1m41.0s), 000/050 VUs, 101 complete and 0 interrupted iterations
steady   [  34% ] 000/050 VUs  1m40.9s/5m0s  1.00 iters/s

running (1m42.0s), 000/050 VUs, 102 complete and 0 interrupted iterations
steady   [  34% ] 000/050 VUs  1m41.9s/5m0s  1.00 iters/s

running (1m43.0s), 000/050 VUs, 103 complete and 0 interrupted iterations
steady   [  34% ] 000/050 VUs  1m42.9s/5m0s  1.00 iters/s

running (1m44.0s), 000/050 VUs, 104 complete and 0 interrupted iterations
steady   [  35% ] 000/050 VUs  1m43.9s/5m0s  1.00 iters/s

running (1m45.0s), 000/050 VUs, 105 complete and 0 interrupted iterations
steady   [  35% ] 000/050 VUs  1m44.9s/5m0s  1.00 iters/s

running (1m46.0s), 000/050 VUs, 106 complete and 0 interrupted iterations
steady   [  35% ] 000/050 VUs  1m45.9s/5m0s  1.00 iters/s

running (1m47.0s), 000/050 VUs, 107 complete and 0 interrupted iterations
steady   [  36% ] 000/050 VUs  1m46.9s/5m0s  1.00 iters/s

running (1m48.0s), 000/050 VUs, 108 complete and 0 interrupted iterations
steady   [  36% ] 000/050 VUs  1m47.9s/5m0s  1.00 iters/s

running (1m49.0s), 000/050 VUs, 109 complete and 0 interrupted iterations
steady   [  36% ] 000/050 VUs  1m48.9s/5m0s  1.00 iters/s

running (1m50.0s), 000/050 VUs, 110 complete and 0 interrupted iterations
steady   [  37% ] 000/050 VUs  1m49.9s/5m0s  1.00 iters/s

running (1m51.0s), 000/050 VUs, 111 complete and 0 interrupted iterations
steady   [  37% ] 000/050 VUs  1m50.9s/5m0s  1.00 iters/s

running (1m52.0s), 000/050 VUs, 112 complete and 0 interrupted iterations
steady   [  37% ] 000/050 VUs  1m51.9s/5m0s  1.00 iters/s

running (1m53.0s), 000/050 VUs, 113 complete and 0 interrupted iterations
steady   [  38% ] 000/050 VUs  1m52.9s/5m0s  1.00 iters/s

running (1m54.0s), 000/050 VUs, 114 complete and 0 interrupted iterations
steady   [  38% ] 000/050 VUs  1m53.9s/5m0s  1.00 iters/s

running (1m55.0s), 000/050 VUs, 115 complete and 0 interrupted iterations
steady   [  38% ] 000/050 VUs  1m54.9s/5m0s  1.00 iters/s

running (1m56.0s), 000/050 VUs, 116 complete and 0 interrupted iterations
steady   [  39% ] 000/050 VUs  1m55.9s/5m0s  1.00 iters/s

running (1m57.0s), 000/050 VUs, 117 complete and 0 interrupted iterations
steady   [  39% ] 000/050 VUs  1m56.9s/5m0s  1.00 iters/s

running (1m58.0s), 000/050 VUs, 118 complete and 0 interrupted iterations
steady   [  39% ] 000/050 VUs  1m57.9s/5m0s  1.00 iters/s

running (1m59.0s), 000/050 VUs, 119 complete and 0 interrupted iterations
steady   [  40% ] 000/050 VUs  1m58.9s/5m0s  1.00 iters/s

running (2m00.0s), 000/050 VUs, 120 complete and 0 interrupted iterations
steady   [  40% ] 000/050 VUs  1m59.9s/5m0s  1.00 iters/s

running (2m01.0s), 000/050 VUs, 121 complete and 0 interrupted iterations
steady   [  40% ] 000/050 VUs  2m00.9s/5m0s  1.00 iters/s

running (2m02.0s), 000/050 VUs, 122 complete and 0 interrupted iterations
steady   [  41% ] 000/050 VUs  2m01.9s/5m0s  1.00 iters/s

running (2m03.0s), 000/050 VUs, 123 complete and 0 interrupted iterations
steady   [  41% ] 000/050 VUs  2m02.9s/5m0s  1.00 iters/s

running (2m04.0s), 000/050 VUs, 124 complete and 0 interrupted iterations
steady   [  41% ] 000/050 VUs  2m03.9s/5m0s  1.00 iters/s

running (2m05.0s), 000/050 VUs, 125 complete and 0 interrupted iterations
steady   [  42% ] 000/050 VUs  2m04.9s/5m0s  1.00 iters/s

running (2m06.0s), 000/050 VUs, 126 complete and 0 interrupted iterations
steady   [  42% ] 000/050 VUs  2m05.9s/5m0s  1.00 iters/s

running (2m07.0s), 000/050 VUs, 127 complete and 0 interrupted iterations
steady   [  42% ] 000/050 VUs  2m06.9s/5m0s  1.00 iters/s

running (2m08.0s), 000/050 VUs, 128 complete and 0 interrupted iterations
steady   [  43% ] 000/050 VUs  2m07.9s/5m0s  1.00 iters/s

running (2m09.0s), 000/050 VUs, 129 complete and 0 interrupted iterations
steady   [  43% ] 000/050 VUs  2m08.9s/5m0s  1.00 iters/s

running (2m10.0s), 000/050 VUs, 130 complete and 0 interrupted iterations
steady   [  43% ] 000/050 VUs  2m09.9s/5m0s  1.00 iters/s

running (2m11.0s), 000/050 VUs, 131 complete and 0 interrupted iterations
steady   [  44% ] 000/050 VUs  2m10.9s/5m0s  1.00 iters/s

running (2m12.0s), 000/050 VUs, 132 complete and 0 interrupted iterations
steady   [  44% ] 000/050 VUs  2m11.9s/5m0s  1.00 iters/s

running (2m13.0s), 000/050 VUs, 133 complete and 0 interrupted iterations
steady   [  44% ] 000/050 VUs  2m12.9s/5m0s  1.00 iters/s

running (2m14.0s), 000/050 VUs, 134 complete and 0 interrupted iterations
steady   [  45% ] 000/050 VUs  2m13.9s/5m0s  1.00 iters/s

running (2m15.0s), 000/050 VUs, 135 complete and 0 interrupted iterations
steady   [  45% ] 000/050 VUs  2m14.9s/5m0s  1.00 iters/s

running (2m16.0s), 000/050 VUs, 136 complete and 0 interrupted iterations
steady   [  45% ] 000/050 VUs  2m15.9s/5m0s  1.00 iters/s

running (2m17.0s), 000/050 VUs, 137 complete and 0 interrupted iterations
steady   [  46% ] 000/050 VUs  2m16.9s/5m0s  1.00 iters/s

running (2m18.0s), 000/050 VUs, 138 complete and 0 interrupted iterations
steady   [  46% ] 000/050 VUs  2m17.9s/5m0s  1.00 iters/s

running (2m19.0s), 000/050 VUs, 139 complete and 0 interrupted iterations
steady   [  46% ] 000/050 VUs  2m18.9s/5m0s  1.00 iters/s

running (2m20.0s), 000/050 VUs, 140 complete and 0 interrupted iterations
steady   [  47% ] 000/050 VUs  2m19.9s/5m0s  1.00 iters/s

running (2m21.0s), 000/050 VUs, 141 complete and 0 interrupted iterations
steady   [  47% ] 000/050 VUs  2m20.9s/5m0s  1.00 iters/s

running (2m22.0s), 000/050 VUs, 142 complete and 0 interrupted iterations
steady   [  47% ] 000/050 VUs  2m21.9s/5m0s  1.00 iters/s

running (2m23.0s), 000/050 VUs, 143 complete and 0 interrupted iterations
steady   [  48% ] 000/050 VUs  2m22.9s/5m0s  1.00 iters/s

running (2m24.0s), 000/050 VUs, 144 complete and 0 interrupted iterations
steady   [  48% ] 000/050 VUs  2m23.9s/5m0s  1.00 iters/s

running (2m25.0s), 000/050 VUs, 145 complete and 0 interrupted iterations
steady   [  48% ] 000/050 VUs  2m24.9s/5m0s  1.00 iters/s

running (2m26.0s), 000/050 VUs, 146 complete and 0 interrupted iterations
steady   [  49% ] 000/050 VUs  2m25.9s/5m0s  1.00 iters/s

running (2m27.0s), 000/050 VUs, 147 complete and 0 interrupted iterations
steady   [  49% ] 000/050 VUs  2m26.9s/5m0s  1.00 iters/s

running (2m28.0s), 000/050 VUs, 148 complete and 0 interrupted iterations
steady   [  49% ] 000/050 VUs  2m27.9s/5m0s  1.00 iters/s

running (2m29.0s), 000/050 VUs, 149 complete and 0 interrupted iterations
steady   [  50% ] 000/050 VUs  2m28.9s/5m0s  1.00 iters/s

running (2m30.0s), 000/050 VUs, 150 complete and 0 interrupted iterations
steady   [  50% ] 000/050 VUs  2m29.9s/5m0s  1.00 iters/s

running (2m31.0s), 000/050 VUs, 151 complete and 0 interrupted iterations
steady   [  50% ] 000/050 VUs  2m30.9s/5m0s  1.00 iters/s

running (2m32.0s), 000/050 VUs, 152 complete and 0 interrupted iterations
steady   [  51% ] 000/050 VUs  2m31.9s/5m0s  1.00 iters/s

running (2m33.0s), 000/050 VUs, 153 complete and 0 interrupted iterations
steady   [  51% ] 000/050 VUs  2m32.9s/5m0s  1.00 iters/s

running (2m34.0s), 000/050 VUs, 154 complete and 0 interrupted iterations
steady   [  51% ] 000/050 VUs  2m33.9s/5m0s  1.00 iters/s

running (2m35.0s), 000/050 VUs, 155 complete and 0 interrupted iterations
steady   [  52% ] 000/050 VUs  2m34.9s/5m0s  1.00 iters/s

running (2m36.0s), 000/050 VUs, 156 complete and 0 interrupted iterations
steady   [  52% ] 000/050 VUs  2m35.9s/5m0s  1.00 iters/s

running (2m37.0s), 000/050 VUs, 157 complete and 0 interrupted iterations
steady   [  52% ] 000/050 VUs  2m36.9s/5m0s  1.00 iters/s

running (2m38.0s), 000/050 VUs, 158 complete and 0 interrupted iterations
steady   [  53% ] 000/050 VUs  2m37.9s/5m0s  1.00 iters/s

running (2m39.0s), 000/050 VUs, 159 complete and 0 interrupted iterations
steady   [  53% ] 000/050 VUs  2m38.9s/5m0s  1.00 iters/s

running (2m40.0s), 000/050 VUs, 160 complete and 0 interrupted iterations
steady   [  53% ] 000/050 VUs  2m39.9s/5m0s  1.00 iters/s

running (2m41.0s), 000/050 VUs, 161 complete and 0 interrupted iterations
steady   [  54% ] 000/050 VUs  2m40.9s/5m0s  1.00 iters/s

running (2m42.0s), 000/050 VUs, 162 complete and 0 interrupted iterations
steady   [  54% ] 000/050 VUs  2m41.9s/5m0s  1.00 iters/s

running (2m43.0s), 000/050 VUs, 163 complete and 0 interrupted iterations
steady   [  54% ] 000/050 VUs  2m42.9s/5m0s  1.00 iters/s

running (2m44.0s), 000/050 VUs, 164 complete and 0 interrupted iterations
steady   [  55% ] 000/050 VUs  2m43.9s/5m0s  1.00 iters/s

running (2m45.0s), 000/050 VUs, 165 complete and 0 interrupted iterations
steady   [  55% ] 000/050 VUs  2m44.9s/5m0s  1.00 iters/s

running (2m46.0s), 000/050 VUs, 166 complete and 0 interrupted iterations
steady   [  55% ] 000/050 VUs  2m45.9s/5m0s  1.00 iters/s

running (2m47.0s), 000/050 VUs, 167 complete and 0 interrupted iterations
steady   [  56% ] 000/050 VUs  2m46.9s/5m0s  1.00 iters/s

running (2m48.0s), 000/050 VUs, 168 complete and 0 interrupted iterations
steady   [  56% ] 000/050 VUs  2m47.9s/5m0s  1.00 iters/s

running (2m49.0s), 000/050 VUs, 169 complete and 0 interrupted iterations
steady   [  56% ] 000/050 VUs  2m48.9s/5m0s  1.00 iters/s

running (2m50.0s), 000/050 VUs, 170 complete and 0 interrupted iterations
steady   [  57% ] 000/050 VUs  2m49.9s/5m0s  1.00 iters/s

running (2m51.0s), 000/050 VUs, 171 complete and 0 interrupted iterations
steady   [  57% ] 000/050 VUs  2m50.9s/5m0s  1.00 iters/s

running (2m52.0s), 000/050 VUs, 172 complete and 0 interrupted iterations
steady   [  57% ] 000/050 VUs  2m51.9s/5m0s  1.00 iters/s

running (2m53.0s), 000/050 VUs, 173 complete and 0 interrupted iterations
steady   [  58% ] 000/050 VUs  2m52.9s/5m0s  1.00 iters/s

running (2m54.0s), 000/050 VUs, 174 complete and 0 interrupted iterations
steady   [  58% ] 000/050 VUs  2m53.9s/5m0s  1.00 iters/s

running (2m55.0s), 000/050 VUs, 175 complete and 0 interrupted iterations
steady   [  58% ] 000/050 VUs  2m54.9s/5m0s  1.00 iters/s

running (2m56.0s), 000/050 VUs, 176 complete and 0 interrupted iterations
steady   [  59% ] 000/050 VUs  2m55.9s/5m0s  1.00 iters/s

running (2m57.0s), 000/050 VUs, 177 complete and 0 interrupted iterations
steady   [  59% ] 000/050 VUs  2m56.9s/5m0s  1.00 iters/s

running (2m58.0s), 000/050 VUs, 178 complete and 0 interrupted iterations
steady   [  59% ] 000/050 VUs  2m57.9s/5m0s  1.00 iters/s

running (2m59.0s), 000/050 VUs, 179 complete and 0 interrupted iterations
steady   [  60% ] 000/050 VUs  2m58.9s/5m0s  1.00 iters/s

running (3m00.0s), 000/050 VUs, 180 complete and 0 interrupted iterations
steady   [  60% ] 000/050 VUs  2m59.9s/5m0s  1.00 iters/s

running (3m01.0s), 000/050 VUs, 181 complete and 0 interrupted iterations
steady   [  60% ] 000/050 VUs  3m00.9s/5m0s  1.00 iters/s

running (3m02.0s), 000/050 VUs, 182 complete and 0 interrupted iterations
steady   [  61% ] 000/050 VUs  3m01.9s/5m0s  1.00 iters/s

running (3m03.0s), 000/050 VUs, 183 complete and 0 interrupted iterations
steady   [  61% ] 000/050 VUs  3m02.9s/5m0s  1.00 iters/s

running (3m04.0s), 000/050 VUs, 184 complete and 0 interrupted iterations
steady   [  61% ] 000/050 VUs  3m03.9s/5m0s  1.00 iters/s

running (3m05.0s), 000/050 VUs, 185 complete and 0 interrupted iterations
steady   [  62% ] 000/050 VUs  3m04.9s/5m0s  1.00 iters/s

running (3m06.0s), 000/050 VUs, 186 complete and 0 interrupted iterations
steady   [  62% ] 000/050 VUs  3m05.9s/5m0s  1.00 iters/s

running (3m07.0s), 000/050 VUs, 187 complete and 0 interrupted iterations
steady   [  62% ] 000/050 VUs  3m06.9s/5m0s  1.00 iters/s

running (3m08.0s), 000/050 VUs, 188 complete and 0 interrupted iterations
steady   [  63% ] 000/050 VUs  3m07.9s/5m0s  1.00 iters/s

running (3m09.0s), 000/050 VUs, 189 complete and 0 interrupted iterations
steady   [  63% ] 000/050 VUs  3m08.9s/5m0s  1.00 iters/s

running (3m10.0s), 000/050 VUs, 190 complete and 0 interrupted iterations
steady   [  63% ] 000/050 VUs  3m09.9s/5m0s  1.00 iters/s

running (3m11.0s), 000/050 VUs, 191 complete and 0 interrupted iterations
steady   [  64% ] 000/050 VUs  3m10.9s/5m0s  1.00 iters/s

running (3m12.0s), 000/050 VUs, 192 complete and 0 interrupted iterations
steady   [  64% ] 000/050 VUs  3m11.9s/5m0s  1.00 iters/s

running (3m13.0s), 000/050 VUs, 193 complete and 0 interrupted iterations
steady   [  64% ] 000/050 VUs  3m12.9s/5m0s  1.00 iters/s

running (3m14.0s), 000/050 VUs, 194 complete and 0 interrupted iterations
steady   [  65% ] 000/050 VUs  3m13.9s/5m0s  1.00 iters/s

running (3m15.0s), 000/050 VUs, 195 complete and 0 interrupted iterations
steady   [  65% ] 000/050 VUs  3m14.9s/5m0s  1.00 iters/s

running (3m16.0s), 000/050 VUs, 196 complete and 0 interrupted iterations
steady   [  65% ] 000/050 VUs  3m15.9s/5m0s  1.00 iters/s

running (3m17.0s), 000/050 VUs, 197 complete and 0 interrupted iterations
steady   [  66% ] 000/050 VUs  3m16.9s/5m0s  1.00 iters/s

running (3m18.0s), 000/050 VUs, 198 complete and 0 interrupted iterations
steady   [  66% ] 000/050 VUs  3m17.9s/5m0s  1.00 iters/s

running (3m19.0s), 000/050 VUs, 199 complete and 0 interrupted iterations
steady   [  66% ] 000/050 VUs  3m18.9s/5m0s  1.00 iters/s

running (3m20.0s), 000/050 VUs, 200 complete and 0 interrupted iterations
steady   [  67% ] 000/050 VUs  3m19.9s/5m0s  1.00 iters/s

running (3m21.0s), 000/050 VUs, 201 complete and 0 interrupted iterations
steady   [  67% ] 000/050 VUs  3m20.9s/5m0s  1.00 iters/s

running (3m22.0s), 000/050 VUs, 202 complete and 0 interrupted iterations
steady   [  67% ] 000/050 VUs  3m21.9s/5m0s  1.00 iters/s

running (3m23.0s), 000/050 VUs, 203 complete and 0 interrupted iterations
steady   [  68% ] 000/050 VUs  3m22.9s/5m0s  1.00 iters/s

running (3m24.0s), 000/050 VUs, 204 complete and 0 interrupted iterations
steady   [  68% ] 000/050 VUs  3m23.9s/5m0s  1.00 iters/s

running (3m25.0s), 000/050 VUs, 205 complete and 0 interrupted iterations
steady   [  68% ] 000/050 VUs  3m24.9s/5m0s  1.00 iters/s

running (3m26.0s), 000/050 VUs, 206 complete and 0 interrupted iterations
steady   [  69% ] 000/050 VUs  3m25.9s/5m0s  1.00 iters/s

running (3m27.0s), 000/050 VUs, 207 complete and 0 interrupted iterations
steady   [  69% ] 000/050 VUs  3m26.9s/5m0s  1.00 iters/s

running (3m28.0s), 000/050 VUs, 208 complete and 0 interrupted iterations
steady   [  69% ] 000/050 VUs  3m27.9s/5m0s  1.00 iters/s

running (3m29.0s), 000/050 VUs, 209 complete and 0 interrupted iterations
steady   [  70% ] 000/050 VUs  3m28.9s/5m0s  1.00 iters/s

running (3m30.0s), 000/050 VUs, 210 complete and 0 interrupted iterations
steady   [  70% ] 000/050 VUs  3m29.9s/5m0s  1.00 iters/s

running (3m31.0s), 000/050 VUs, 211 complete and 0 interrupted iterations
steady   [  70% ] 000/050 VUs  3m30.9s/5m0s  1.00 iters/s

running (3m32.0s), 000/050 VUs, 212 complete and 0 interrupted iterations
steady   [  71% ] 000/050 VUs  3m31.9s/5m0s  1.00 iters/s

running (3m33.0s), 000/050 VUs, 213 complete and 0 interrupted iterations
steady   [  71% ] 000/050 VUs  3m32.9s/5m0s  1.00 iters/s

running (3m34.0s), 000/050 VUs, 214 complete and 0 interrupted iterations
steady   [  71% ] 000/050 VUs  3m33.9s/5m0s  1.00 iters/s

running (3m35.0s), 000/050 VUs, 215 complete and 0 interrupted iterations
steady   [  72% ] 000/050 VUs  3m34.9s/5m0s  1.00 iters/s

running (3m36.0s), 000/050 VUs, 216 complete and 0 interrupted iterations
steady   [  72% ] 000/050 VUs  3m35.9s/5m0s  1.00 iters/s

running (3m37.0s), 000/050 VUs, 217 complete and 0 interrupted iterations
steady   [  72% ] 000/050 VUs  3m36.9s/5m0s  1.00 iters/s

running (3m38.0s), 000/050 VUs, 218 complete and 0 interrupted iterations
steady   [  73% ] 000/050 VUs  3m37.9s/5m0s  1.00 iters/s

running (3m39.0s), 000/050 VUs, 219 complete and 0 interrupted iterations
steady   [  73% ] 000/050 VUs  3m38.9s/5m0s  1.00 iters/s

running (3m40.0s), 000/050 VUs, 220 complete and 0 interrupted iterations
steady   [  73% ] 000/050 VUs  3m39.9s/5m0s  1.00 iters/s

running (3m41.0s), 000/050 VUs, 221 complete and 0 interrupted iterations
steady   [  74% ] 000/050 VUs  3m40.9s/5m0s  1.00 iters/s

running (3m42.0s), 000/050 VUs, 222 complete and 0 interrupted iterations
steady   [  74% ] 000/050 VUs  3m41.9s/5m0s  1.00 iters/s

running (3m43.0s), 000/050 VUs, 223 complete and 0 interrupted iterations
steady   [  74% ] 000/050 VUs  3m42.9s/5m0s  1.00 iters/s

running (3m44.0s), 000/050 VUs, 224 complete and 0 interrupted iterations
steady   [  75% ] 000/050 VUs  3m43.9s/5m0s  1.00 iters/s

running (3m45.0s), 000/050 VUs, 225 complete and 0 interrupted iterations
steady   [  75% ] 000/050 VUs  3m44.9s/5m0s  1.00 iters/s

running (3m46.0s), 000/050 VUs, 226 complete and 0 interrupted iterations
steady   [  75% ] 000/050 VUs  3m45.9s/5m0s  1.00 iters/s

running (3m47.0s), 000/050 VUs, 227 complete and 0 interrupted iterations
steady   [  76% ] 000/050 VUs  3m46.9s/5m0s  1.00 iters/s

running (3m48.0s), 000/050 VUs, 228 complete and 0 interrupted iterations
steady   [  76% ] 000/050 VUs  3m47.9s/5m0s  1.00 iters/s

running (3m49.0s), 000/050 VUs, 229 complete and 0 interrupted iterations
steady   [  76% ] 000/050 VUs  3m48.9s/5m0s  1.00 iters/s

running (3m50.0s), 000/050 VUs, 230 complete and 0 interrupted iterations
steady   [  77% ] 000/050 VUs  3m49.9s/5m0s  1.00 iters/s

running (3m51.0s), 000/050 VUs, 231 complete and 0 interrupted iterations
steady   [  77% ] 000/050 VUs  3m50.9s/5m0s  1.00 iters/s

running (3m52.0s), 000/050 VUs, 232 complete and 0 interrupted iterations
steady   [  77% ] 000/050 VUs  3m51.9s/5m0s  1.00 iters/s

running (3m53.0s), 000/050 VUs, 233 complete and 0 interrupted iterations
steady   [  78% ] 000/050 VUs  3m52.9s/5m0s  1.00 iters/s

running (3m54.0s), 000/050 VUs, 234 complete and 0 interrupted iterations
steady   [  78% ] 000/050 VUs  3m53.9s/5m0s  1.00 iters/s

running (3m55.0s), 000/050 VUs, 235 complete and 0 interrupted iterations
steady   [  78% ] 000/050 VUs  3m54.9s/5m0s  1.00 iters/s

running (3m56.0s), 000/050 VUs, 236 complete and 0 interrupted iterations
steady   [  79% ] 000/050 VUs  3m55.9s/5m0s  1.00 iters/s

running (3m57.0s), 000/050 VUs, 237 complete and 0 interrupted iterations
steady   [  79% ] 000/050 VUs  3m56.9s/5m0s  1.00 iters/s

running (3m58.0s), 000/050 VUs, 238 complete and 0 interrupted iterations
steady   [  79% ] 000/050 VUs  3m57.9s/5m0s  1.00 iters/s

running (3m59.0s), 000/050 VUs, 239 complete and 0 interrupted iterations
steady   [  80% ] 000/050 VUs  3m58.9s/5m0s  1.00 iters/s

running (4m00.0s), 000/050 VUs, 240 complete and 0 interrupted iterations
steady   [  80% ] 000/050 VUs  3m59.9s/5m0s  1.00 iters/s

running (4m01.0s), 000/050 VUs, 241 complete and 0 interrupted iterations
steady   [  80% ] 000/050 VUs  4m00.9s/5m0s  1.00 iters/s

running (4m02.0s), 000/050 VUs, 242 complete and 0 interrupted iterations
steady   [  81% ] 000/050 VUs  4m01.9s/5m0s  1.00 iters/s

running (4m03.0s), 000/050 VUs, 243 complete and 0 interrupted iterations
steady   [  81% ] 000/050 VUs  4m02.9s/5m0s  1.00 iters/s

running (4m04.0s), 000/050 VUs, 244 complete and 0 interrupted iterations
steady   [  81% ] 000/050 VUs  4m03.9s/5m0s  1.00 iters/s

running (4m05.0s), 000/050 VUs, 245 complete and 0 interrupted iterations
steady   [  82% ] 000/050 VUs  4m04.9s/5m0s  1.00 iters/s

running (4m06.0s), 000/050 VUs, 246 complete and 0 interrupted iterations
steady   [  82% ] 000/050 VUs  4m05.9s/5m0s  1.00 iters/s

running (4m07.0s), 000/050 VUs, 247 complete and 0 interrupted iterations
steady   [  82% ] 000/050 VUs  4m06.9s/5m0s  1.00 iters/s

running (4m08.0s), 000/050 VUs, 248 complete and 0 interrupted iterations
steady   [  83% ] 000/050 VUs  4m07.9s/5m0s  1.00 iters/s

running (4m09.0s), 000/050 VUs, 249 complete and 0 interrupted iterations
steady   [  83% ] 000/050 VUs  4m08.9s/5m0s  1.00 iters/s

running (4m10.0s), 000/050 VUs, 250 complete and 0 interrupted iterations
steady   [  83% ] 000/050 VUs  4m09.9s/5m0s  1.00 iters/s

running (4m11.0s), 000/050 VUs, 251 complete and 0 interrupted iterations
steady   [  84% ] 000/050 VUs  4m10.9s/5m0s  1.00 iters/s

running (4m12.0s), 000/050 VUs, 252 complete and 0 interrupted iterations
steady   [  84% ] 000/050 VUs  4m11.9s/5m0s  1.00 iters/s

running (4m13.0s), 000/050 VUs, 253 complete and 0 interrupted iterations
steady   [  84% ] 000/050 VUs  4m12.9s/5m0s  1.00 iters/s

running (4m14.0s), 000/050 VUs, 254 complete and 0 interrupted iterations
steady   [  85% ] 000/050 VUs  4m13.9s/5m0s  1.00 iters/s

running (4m15.0s), 000/050 VUs, 255 complete and 0 interrupted iterations
steady   [  85% ] 000/050 VUs  4m14.9s/5m0s  1.00 iters/s

running (4m16.0s), 000/050 VUs, 256 complete and 0 interrupted iterations
steady   [  85% ] 000/050 VUs  4m15.9s/5m0s  1.00 iters/s

running (4m17.0s), 000/050 VUs, 257 complete and 0 interrupted iterations
steady   [  86% ] 000/050 VUs  4m16.9s/5m0s  1.00 iters/s

running (4m18.0s), 000/050 VUs, 258 complete and 0 interrupted iterations
steady   [  86% ] 000/050 VUs  4m17.9s/5m0s  1.00 iters/s

running (4m19.0s), 000/050 VUs, 259 complete and 0 interrupted iterations
steady   [  86% ] 000/050 VUs  4m18.9s/5m0s  1.00 iters/s

running (4m20.0s), 000/050 VUs, 260 complete and 0 interrupted iterations
steady   [  87% ] 000/050 VUs  4m19.9s/5m0s  1.00 iters/s

running (4m21.0s), 000/050 VUs, 261 complete and 0 interrupted iterations
steady   [  87% ] 000/050 VUs  4m20.9s/5m0s  1.00 iters/s

running (4m22.0s), 000/050 VUs, 262 complete and 0 interrupted iterations
steady   [  87% ] 000/050 VUs  4m21.9s/5m0s  1.00 iters/s

running (4m23.0s), 000/050 VUs, 263 complete and 0 interrupted iterations
steady   [  88% ] 000/050 VUs  4m22.9s/5m0s  1.00 iters/s

running (4m24.0s), 000/050 VUs, 264 complete and 0 interrupted iterations
steady   [  88% ] 000/050 VUs  4m23.9s/5m0s  1.00 iters/s

running (4m25.0s), 000/050 VUs, 265 complete and 0 interrupted iterations
steady   [  88% ] 000/050 VUs  4m24.9s/5m0s  1.00 iters/s

running (4m26.0s), 000/050 VUs, 266 complete and 0 interrupted iterations
steady   [  89% ] 000/050 VUs  4m25.9s/5m0s  1.00 iters/s

running (4m27.0s), 000/050 VUs, 267 complete and 0 interrupted iterations
steady   [  89% ] 000/050 VUs  4m26.9s/5m0s  1.00 iters/s

running (4m28.0s), 000/050 VUs, 268 complete and 0 interrupted iterations
steady   [  89% ] 000/050 VUs  4m27.9s/5m0s  1.00 iters/s

running (4m29.0s), 000/050 VUs, 269 complete and 0 interrupted iterations
steady   [  90% ] 000/050 VUs  4m28.9s/5m0s  1.00 iters/s

running (4m30.0s), 000/050 VUs, 270 complete and 0 interrupted iterations
steady   [  90% ] 000/050 VUs  4m29.9s/5m0s  1.00 iters/s

running (4m31.0s), 000/050 VUs, 271 complete and 0 interrupted iterations
steady   [  90% ] 000/050 VUs  4m30.9s/5m0s  1.00 iters/s

running (4m32.0s), 000/050 VUs, 272 complete and 0 interrupted iterations
steady   [  91% ] 000/050 VUs  4m31.9s/5m0s  1.00 iters/s

running (4m33.0s), 000/050 VUs, 273 complete and 0 interrupted iterations
steady   [  91% ] 000/050 VUs  4m32.9s/5m0s  1.00 iters/s

running (4m34.0s), 000/050 VUs, 274 complete and 0 interrupted iterations
steady   [  91% ] 000/050 VUs  4m33.9s/5m0s  1.00 iters/s

running (4m35.0s), 000/050 VUs, 275 complete and 0 interrupted iterations
steady   [  92% ] 000/050 VUs  4m34.9s/5m0s  1.00 iters/s

running (4m36.0s), 000/050 VUs, 276 complete and 0 interrupted iterations
steady   [  92% ] 000/050 VUs  4m35.9s/5m0s  1.00 iters/s

running (4m37.0s), 000/050 VUs, 277 complete and 0 interrupted iterations
steady   [  92% ] 000/050 VUs  4m36.9s/5m0s  1.00 iters/s

running (4m38.0s), 000/050 VUs, 278 complete and 0 interrupted iterations
steady   [  93% ] 000/050 VUs  4m37.9s/5m0s  1.00 iters/s

running (4m39.0s), 000/050 VUs, 279 complete and 0 interrupted iterations
steady   [  93% ] 000/050 VUs  4m38.9s/5m0s  1.00 iters/s

running (4m40.0s), 000/050 VUs, 280 complete and 0 interrupted iterations
steady   [  93% ] 000/050 VUs  4m39.9s/5m0s  1.00 iters/s

running (4m41.0s), 000/050 VUs, 281 complete and 0 interrupted iterations
steady   [  94% ] 000/050 VUs  4m40.9s/5m0s  1.00 iters/s

running (4m42.0s), 000/050 VUs, 282 complete and 0 interrupted iterations
steady   [  94% ] 000/050 VUs  4m41.9s/5m0s  1.00 iters/s

running (4m43.0s), 000/050 VUs, 283 complete and 0 interrupted iterations
steady   [  94% ] 000/050 VUs  4m42.9s/5m0s  1.00 iters/s

running (4m44.0s), 000/050 VUs, 284 complete and 0 interrupted iterations
steady   [  95% ] 000/050 VUs  4m43.9s/5m0s  1.00 iters/s

running (4m45.0s), 000/050 VUs, 285 complete and 0 interrupted iterations
steady   [  95% ] 000/050 VUs  4m44.9s/5m0s  1.00 iters/s

running (4m46.0s), 000/050 VUs, 286 complete and 0 interrupted iterations
steady   [  95% ] 000/050 VUs  4m45.9s/5m0s  1.00 iters/s

running (4m47.0s), 000/050 VUs, 287 complete and 0 interrupted iterations
steady   [  96% ] 000/050 VUs  4m46.9s/5m0s  1.00 iters/s

running (4m48.0s), 000/050 VUs, 288 complete and 0 interrupted iterations
steady   [  96% ] 000/050 VUs  4m47.9s/5m0s  1.00 iters/s

running (4m49.0s), 000/050 VUs, 289 complete and 0 interrupted iterations
steady   [  96% ] 000/050 VUs  4m48.9s/5m0s  1.00 iters/s

running (4m50.0s), 000/050 VUs, 290 complete and 0 interrupted iterations
steady   [  97% ] 000/050 VUs  4m49.9s/5m0s  1.00 iters/s

running (4m51.0s), 000/050 VUs, 291 complete and 0 interrupted iterations
steady   [  97% ] 000/050 VUs  4m50.9s/5m0s  1.00 iters/s

running (4m52.0s), 000/050 VUs, 292 complete and 0 interrupted iterations
steady   [  97% ] 000/050 VUs  4m51.9s/5m0s  1.00 iters/s

running (4m53.0s), 000/050 VUs, 293 complete and 0 interrupted iterations
steady   [  98% ] 000/050 VUs  4m52.9s/5m0s  1.00 iters/s

running (4m54.0s), 000/050 VUs, 294 complete and 0 interrupted iterations
steady   [  98% ] 000/050 VUs  4m53.9s/5m0s  1.00 iters/s

running (4m55.0s), 000/050 VUs, 295 complete and 0 interrupted iterations
steady   [  98% ] 000/050 VUs  4m54.9s/5m0s  1.00 iters/s

running (4m56.0s), 000/050 VUs, 296 complete and 0 interrupted iterations
steady   [  99% ] 000/050 VUs  4m55.9s/5m0s  1.00 iters/s

running (4m57.0s), 000/050 VUs, 297 complete and 0 interrupted iterations
steady   [  99% ] 000/050 VUs  4m56.9s/5m0s  1.00 iters/s

running (4m58.0s), 000/050 VUs, 298 complete and 0 interrupted iterations
steady   [  99% ] 000/050 VUs  4m57.9s/5m0s  1.00 iters/s

running (4m59.0s), 000/050 VUs, 299 complete and 0 interrupted iterations
steady   [ 100% ] 000/050 VUs  4m58.9s/5m0s  1.00 iters/s

running (5m00.0s), 000/050 VUs, 300 complete and 0 interrupted iterations
steady   [ 100% ] 000/050 VUs  4m59.9s/5m0s  1.00 iters/s

================ DSP benchmark summary ================
-- per-phase latency --
  catalog                    p50=18.7 ms  p95=22.0 ms  p99=27.5 ms  max=28.3 ms  n=300
  negotiation init (POST)    p50=10.2 ms  p95=10.6 ms  p99=17.2 ms  max=20.7 ms  n=300
  time-to-AGREED (async)     p50=253.0 ms  p95=254.0 ms  p99=254.0 ms  max=255.0 ms  n=300
  transfer init (POST)       p50=11.3 ms  p95=12.3 ms  p99=18.1 ms  max=18.8 ms  n=300
  time-to-EDR (async)        p50=253.0 ms  p95=253.0 ms  p99=253.0 ms  max=254.0 ms  n=300
  data pull                  p50=5.8 ms  p95=6.6 ms  p99=7.4 ms  max=7.7 ms  n=300
-- end-to-end + throughput --
  e2e transaction            p50=813.0 ms  p95=821.0 ms  p99=823.0 ms  max=825.0 ms  n=300
  data throughput (MB/s)     p50=0.0  p95=0.0  p99=0.0  max=0.1  n=300
-- outcomes --
  transactions succeeded     count=300  rate=1.000/s
  transactions failed        (no data)
  failed rate                rate=0.00%  (pass=0 fail=300)
    of which TERMINATED      (no data)
    of which TIMED OUT       (no data)
    of which HTTP-FAILED     (no data)
  failure accounting       (no failures)
-- observer effect (poll load) --
  negotiation polls          count=600  rate=1.999/s
  edr polls                  count=600  rate=1.999/s
  polls per transaction     negotiation=2.0  edr=2.0  (timeout ceiling=120)
=======================================================
(full summary -> /home/rohitj/edc/benchmarking-dsp-native-basyx/k6-scripts/results/basyx/off/steady/2026-08-11T19-39-13Z/k6-summary.json; POLL_INTERVAL_MS=250; IDENTITY_MODE=off)

running (5m00.1s), 000/050 VUs, 300 complete and 0 interrupted iterations
steady ✓ [ 100% ] 000/050 VUs  5m0s  1.00 iters/s
Prometheus snapshot [1786477234..1786477550] svc=(dsp-native-basyx|consumer-controlplane) win=1m -> /home/rohitj/edc/benchmarking-dsp-native-basyx/k6-scripts/results/basyx/off/steady/2026-08-11T19-39-13Z
  jvm-heap.csv (64 rows)
  jvm-gc-rate.csv (64 rows)
  jvm-threads.csv (64 rows)
  http-throughput.csv (64 rows)
  http-p95.csv (64 rows)
  http-errors.csv (64 rows)
  http-errors-5xx.csv (0 rows)
  http-status.csv (128 rows)
  host-cpu-busy.csv (64 rows)
  host-mem-used.csv (64 rows)
  5xx: no 5xx in window (confirmed: http-status has 128 samples, so the status label IS scraped)
  logs -> /home/rohitj/edc/benchmarking-dsp-native-basyx/k6-scripts/results/basyx/off/steady/2026-08-11T19-39-13Z/logs (1 files)
0
VALIDITY  ok=300  failed=0  failed_rate=0%  dropped_iterations=0
>>> done: /home/rohitj/edc/benchmarking-dsp-native-basyx/k6-scripts/results/basyx/off/steady/2026-08-11T19-39-13Z  (k6 exit 0)
===== repetition 5/5 =====
----- basyx / steady (rep 5) -----
>>> basyx / steady  ->  /home/rohitj/edc/benchmarking-dsp-native-basyx/k6-scripts/results/basyx/off/steady/2026-08-11T19-45-50Z
parity OK: lib/ + scenarios/ + orchestration/ + tools/ identical to /home/rohitj/edc/benchmarking-dsp-native-basyx/k6-scripts
Health: http://localhost:8090/dsp http://localhost:8888/health + prometheus  OK
Warmup 60s @ 1/s (discarded)
  draining 20s before the measured window opens
k6 -> Prometheus remote-write: http://localhost:9090/api/v1/write

         /\      Grafana   /‾‾/  
    /\  /  \     |\  __   /  /   
   /  \/    \    | |/ /  /   ‾‾\ 
  /          \   |   (  |  (‾)  |
 / __________ \  |_|\_\  \_____/ 


     execution: local
        script: /home/rohitj/edc/benchmarking-dsp-native-basyx/k6-scripts/basyx-off/steady.js
        output: Prometheus remote write (http://localhost:9090/api/v1/write)

     scenarios: (100.00%) 1 scenario, 200 max VUs, 5m30s max duration (incl. graceful stop):
              * steady: 1.00 iterations/s for 5m0s (maxVUs: 50-200, gracefulStop: 30s)


running (0m01.0s), 000/050 VUs, 1 complete and 0 interrupted iterations
steady   [   0% ] 000/050 VUs  0m00.9s/5m0s  1.00 iters/s

running (0m02.0s), 000/050 VUs, 2 complete and 0 interrupted iterations
steady   [   1% ] 000/050 VUs  0m01.9s/5m0s  1.00 iters/s

running (0m03.0s), 000/050 VUs, 3 complete and 0 interrupted iterations
steady   [   1% ] 000/050 VUs  0m02.9s/5m0s  1.00 iters/s

running (0m04.0s), 000/050 VUs, 4 complete and 0 interrupted iterations
steady   [   1% ] 000/050 VUs  0m03.9s/5m0s  1.00 iters/s

running (0m05.0s), 000/050 VUs, 5 complete and 0 interrupted iterations
steady   [   2% ] 000/050 VUs  0m04.9s/5m0s  1.00 iters/s

running (0m06.0s), 000/050 VUs, 6 complete and 0 interrupted iterations
steady   [   2% ] 000/050 VUs  0m05.9s/5m0s  1.00 iters/s

running (0m07.0s), 000/050 VUs, 7 complete and 0 interrupted iterations
steady   [   2% ] 000/050 VUs  0m06.9s/5m0s  1.00 iters/s

running (0m08.0s), 000/050 VUs, 8 complete and 0 interrupted iterations
steady   [   3% ] 000/050 VUs  0m07.9s/5m0s  1.00 iters/s

running (0m09.0s), 000/050 VUs, 9 complete and 0 interrupted iterations
steady   [   3% ] 000/050 VUs  0m08.9s/5m0s  1.00 iters/s

running (0m10.0s), 000/050 VUs, 10 complete and 0 interrupted iterations
steady   [   3% ] 000/050 VUs  0m09.9s/5m0s  1.00 iters/s

running (0m11.0s), 000/050 VUs, 11 complete and 0 interrupted iterations
steady   [   4% ] 000/050 VUs  0m10.9s/5m0s  1.00 iters/s

running (0m12.0s), 000/050 VUs, 12 complete and 0 interrupted iterations
steady   [   4% ] 000/050 VUs  0m11.9s/5m0s  1.00 iters/s

running (0m13.0s), 000/050 VUs, 13 complete and 0 interrupted iterations
steady   [   4% ] 000/050 VUs  0m12.9s/5m0s  1.00 iters/s

running (0m14.0s), 000/050 VUs, 14 complete and 0 interrupted iterations
steady   [   5% ] 000/050 VUs  0m13.9s/5m0s  1.00 iters/s

running (0m15.0s), 000/050 VUs, 15 complete and 0 interrupted iterations
steady   [   5% ] 000/050 VUs  0m14.9s/5m0s  1.00 iters/s

running (0m16.0s), 000/050 VUs, 16 complete and 0 interrupted iterations
steady   [   5% ] 000/050 VUs  0m15.9s/5m0s  1.00 iters/s

running (0m17.0s), 000/050 VUs, 17 complete and 0 interrupted iterations
steady   [   6% ] 000/050 VUs  0m16.9s/5m0s  1.00 iters/s

running (0m18.0s), 000/050 VUs, 18 complete and 0 interrupted iterations
steady   [   6% ] 000/050 VUs  0m17.9s/5m0s  1.00 iters/s

running (0m19.0s), 000/050 VUs, 19 complete and 0 interrupted iterations
steady   [   6% ] 000/050 VUs  0m18.9s/5m0s  1.00 iters/s

running (0m20.0s), 000/050 VUs, 20 complete and 0 interrupted iterations
steady   [   7% ] 000/050 VUs  0m19.9s/5m0s  1.00 iters/s

running (0m21.0s), 000/050 VUs, 21 complete and 0 interrupted iterations
steady   [   7% ] 000/050 VUs  0m20.9s/5m0s  1.00 iters/s

running (0m22.0s), 000/050 VUs, 22 complete and 0 interrupted iterations
steady   [   7% ] 000/050 VUs  0m21.9s/5m0s  1.00 iters/s

running (0m23.0s), 000/050 VUs, 23 complete and 0 interrupted iterations
steady   [   8% ] 000/050 VUs  0m22.9s/5m0s  1.00 iters/s

running (0m24.0s), 000/050 VUs, 24 complete and 0 interrupted iterations
steady   [   8% ] 000/050 VUs  0m23.9s/5m0s  1.00 iters/s

running (0m25.0s), 000/050 VUs, 25 complete and 0 interrupted iterations
steady   [   8% ] 000/050 VUs  0m24.9s/5m0s  1.00 iters/s

running (0m26.0s), 000/050 VUs, 26 complete and 0 interrupted iterations
steady   [   9% ] 000/050 VUs  0m25.9s/5m0s  1.00 iters/s

running (0m27.0s), 000/050 VUs, 27 complete and 0 interrupted iterations
steady   [   9% ] 000/050 VUs  0m26.9s/5m0s  1.00 iters/s

running (0m28.0s), 000/050 VUs, 28 complete and 0 interrupted iterations
steady   [   9% ] 000/050 VUs  0m27.9s/5m0s  1.00 iters/s

running (0m29.0s), 000/050 VUs, 29 complete and 0 interrupted iterations
steady   [  10% ] 000/050 VUs  0m28.9s/5m0s  1.00 iters/s

running (0m30.0s), 000/050 VUs, 30 complete and 0 interrupted iterations
steady   [  10% ] 000/050 VUs  0m29.9s/5m0s  1.00 iters/s

running (0m31.0s), 000/050 VUs, 31 complete and 0 interrupted iterations
steady   [  10% ] 000/050 VUs  0m30.9s/5m0s  1.00 iters/s

running (0m32.0s), 000/050 VUs, 32 complete and 0 interrupted iterations
steady   [  11% ] 000/050 VUs  0m31.9s/5m0s  1.00 iters/s

running (0m33.0s), 000/050 VUs, 33 complete and 0 interrupted iterations
steady   [  11% ] 000/050 VUs  0m32.9s/5m0s  1.00 iters/s

running (0m34.0s), 000/050 VUs, 34 complete and 0 interrupted iterations
steady   [  11% ] 000/050 VUs  0m33.9s/5m0s  1.00 iters/s

running (0m35.0s), 000/050 VUs, 35 complete and 0 interrupted iterations
steady   [  12% ] 000/050 VUs  0m34.9s/5m0s  1.00 iters/s

running (0m36.0s), 000/050 VUs, 36 complete and 0 interrupted iterations
steady   [  12% ] 000/050 VUs  0m35.9s/5m0s  1.00 iters/s

running (0m37.0s), 000/050 VUs, 37 complete and 0 interrupted iterations
steady   [  12% ] 000/050 VUs  0m36.9s/5m0s  1.00 iters/s

running (0m38.0s), 000/050 VUs, 38 complete and 0 interrupted iterations
steady   [  13% ] 000/050 VUs  0m37.9s/5m0s  1.00 iters/s

running (0m39.0s), 000/050 VUs, 39 complete and 0 interrupted iterations
steady   [  13% ] 000/050 VUs  0m38.9s/5m0s  1.00 iters/s

running (0m40.0s), 000/050 VUs, 40 complete and 0 interrupted iterations
steady   [  13% ] 000/050 VUs  0m39.9s/5m0s  1.00 iters/s

running (0m41.0s), 000/050 VUs, 41 complete and 0 interrupted iterations
steady   [  14% ] 000/050 VUs  0m40.9s/5m0s  1.00 iters/s

running (0m42.0s), 000/050 VUs, 42 complete and 0 interrupted iterations
steady   [  14% ] 000/050 VUs  0m41.9s/5m0s  1.00 iters/s

running (0m43.0s), 000/050 VUs, 43 complete and 0 interrupted iterations
steady   [  14% ] 000/050 VUs  0m42.9s/5m0s  1.00 iters/s

running (0m44.0s), 000/050 VUs, 44 complete and 0 interrupted iterations
steady   [  15% ] 000/050 VUs  0m43.9s/5m0s  1.00 iters/s

running (0m45.0s), 000/050 VUs, 45 complete and 0 interrupted iterations
steady   [  15% ] 000/050 VUs  0m44.9s/5m0s  1.00 iters/s

running (0m46.0s), 000/050 VUs, 46 complete and 0 interrupted iterations
steady   [  15% ] 000/050 VUs  0m45.9s/5m0s  1.00 iters/s

running (0m47.0s), 000/050 VUs, 47 complete and 0 interrupted iterations
steady   [  16% ] 000/050 VUs  0m46.9s/5m0s  1.00 iters/s

running (0m48.0s), 000/050 VUs, 48 complete and 0 interrupted iterations
steady   [  16% ] 000/050 VUs  0m47.9s/5m0s  1.00 iters/s

running (0m49.0s), 000/050 VUs, 49 complete and 0 interrupted iterations
steady   [  16% ] 000/050 VUs  0m48.9s/5m0s  1.00 iters/s

running (0m50.0s), 000/050 VUs, 50 complete and 0 interrupted iterations
steady   [  17% ] 000/050 VUs  0m49.9s/5m0s  1.00 iters/s

running (0m51.0s), 000/050 VUs, 51 complete and 0 interrupted iterations
steady   [  17% ] 000/050 VUs  0m50.9s/5m0s  1.00 iters/s

running (0m52.0s), 000/050 VUs, 52 complete and 0 interrupted iterations
steady   [  17% ] 000/050 VUs  0m51.9s/5m0s  1.00 iters/s

running (0m53.0s), 000/050 VUs, 53 complete and 0 interrupted iterations
steady   [  18% ] 000/050 VUs  0m52.9s/5m0s  1.00 iters/s

running (0m54.0s), 000/050 VUs, 54 complete and 0 interrupted iterations
steady   [  18% ] 000/050 VUs  0m53.9s/5m0s  1.00 iters/s

running (0m55.0s), 000/050 VUs, 55 complete and 0 interrupted iterations
steady   [  18% ] 000/050 VUs  0m54.9s/5m0s  1.00 iters/s

running (0m56.0s), 000/050 VUs, 56 complete and 0 interrupted iterations
steady   [  19% ] 000/050 VUs  0m55.9s/5m0s  1.00 iters/s

running (0m57.0s), 000/050 VUs, 57 complete and 0 interrupted iterations
steady   [  19% ] 000/050 VUs  0m56.9s/5m0s  1.00 iters/s

running (0m58.0s), 000/050 VUs, 58 complete and 0 interrupted iterations
steady   [  19% ] 000/050 VUs  0m57.9s/5m0s  1.00 iters/s

running (0m59.0s), 000/050 VUs, 59 complete and 0 interrupted iterations
steady   [  20% ] 000/050 VUs  0m58.9s/5m0s  1.00 iters/s

running (1m00.0s), 000/050 VUs, 60 complete and 0 interrupted iterations
steady   [  20% ] 000/050 VUs  0m59.9s/5m0s  1.00 iters/s

running (1m01.0s), 000/050 VUs, 61 complete and 0 interrupted iterations
steady   [  20% ] 000/050 VUs  1m00.9s/5m0s  1.00 iters/s

running (1m02.0s), 000/050 VUs, 62 complete and 0 interrupted iterations
steady   [  21% ] 000/050 VUs  1m01.9s/5m0s  1.00 iters/s

running (1m03.0s), 000/050 VUs, 63 complete and 0 interrupted iterations
steady   [  21% ] 000/050 VUs  1m02.9s/5m0s  1.00 iters/s

running (1m04.0s), 000/050 VUs, 64 complete and 0 interrupted iterations
steady   [  21% ] 000/050 VUs  1m03.9s/5m0s  1.00 iters/s

running (1m05.0s), 000/050 VUs, 65 complete and 0 interrupted iterations
steady   [  22% ] 000/050 VUs  1m04.9s/5m0s  1.00 iters/s

running (1m06.0s), 000/050 VUs, 66 complete and 0 interrupted iterations
steady   [  22% ] 000/050 VUs  1m05.9s/5m0s  1.00 iters/s

running (1m07.0s), 000/050 VUs, 67 complete and 0 interrupted iterations
steady   [  22% ] 000/050 VUs  1m06.9s/5m0s  1.00 iters/s

running (1m08.0s), 000/050 VUs, 68 complete and 0 interrupted iterations
steady   [  23% ] 000/050 VUs  1m07.9s/5m0s  1.00 iters/s

running (1m09.0s), 000/050 VUs, 69 complete and 0 interrupted iterations
steady   [  23% ] 000/050 VUs  1m08.9s/5m0s  1.00 iters/s

running (1m10.0s), 000/050 VUs, 70 complete and 0 interrupted iterations
steady   [  23% ] 000/050 VUs  1m09.9s/5m0s  1.00 iters/s

running (1m11.0s), 000/050 VUs, 71 complete and 0 interrupted iterations
steady   [  24% ] 000/050 VUs  1m10.9s/5m0s  1.00 iters/s

running (1m12.0s), 000/050 VUs, 72 complete and 0 interrupted iterations
steady   [  24% ] 000/050 VUs  1m11.9s/5m0s  1.00 iters/s

running (1m13.0s), 000/050 VUs, 73 complete and 0 interrupted iterations
steady   [  24% ] 000/050 VUs  1m12.9s/5m0s  1.00 iters/s

running (1m14.0s), 000/050 VUs, 74 complete and 0 interrupted iterations
steady   [  25% ] 000/050 VUs  1m13.9s/5m0s  1.00 iters/s

running (1m15.0s), 000/050 VUs, 75 complete and 0 interrupted iterations
steady   [  25% ] 000/050 VUs  1m14.9s/5m0s  1.00 iters/s

running (1m16.0s), 000/050 VUs, 76 complete and 0 interrupted iterations
steady   [  25% ] 000/050 VUs  1m15.9s/5m0s  1.00 iters/s

running (1m17.0s), 000/050 VUs, 77 complete and 0 interrupted iterations
steady   [  26% ] 000/050 VUs  1m16.9s/5m0s  1.00 iters/s

running (1m18.0s), 000/050 VUs, 78 complete and 0 interrupted iterations
steady   [  26% ] 000/050 VUs  1m17.9s/5m0s  1.00 iters/s

running (1m19.0s), 000/050 VUs, 79 complete and 0 interrupted iterations
steady   [  26% ] 000/050 VUs  1m18.9s/5m0s  1.00 iters/s

running (1m20.0s), 000/050 VUs, 80 complete and 0 interrupted iterations
steady   [  27% ] 000/050 VUs  1m19.9s/5m0s  1.00 iters/s

running (1m21.0s), 000/050 VUs, 81 complete and 0 interrupted iterations
steady   [  27% ] 000/050 VUs  1m20.9s/5m0s  1.00 iters/s

running (1m22.0s), 000/050 VUs, 82 complete and 0 interrupted iterations
steady   [  27% ] 000/050 VUs  1m21.9s/5m0s  1.00 iters/s

running (1m23.0s), 000/050 VUs, 83 complete and 0 interrupted iterations
steady   [  28% ] 000/050 VUs  1m22.9s/5m0s  1.00 iters/s

running (1m24.0s), 000/050 VUs, 84 complete and 0 interrupted iterations
steady   [  28% ] 000/050 VUs  1m23.9s/5m0s  1.00 iters/s

running (1m25.0s), 000/050 VUs, 85 complete and 0 interrupted iterations
steady   [  28% ] 000/050 VUs  1m24.9s/5m0s  1.00 iters/s

running (1m26.0s), 000/050 VUs, 86 complete and 0 interrupted iterations
steady   [  29% ] 000/050 VUs  1m25.9s/5m0s  1.00 iters/s

running (1m27.0s), 000/050 VUs, 87 complete and 0 interrupted iterations
steady   [  29% ] 000/050 VUs  1m26.9s/5m0s  1.00 iters/s

running (1m28.0s), 000/050 VUs, 88 complete and 0 interrupted iterations
steady   [  29% ] 000/050 VUs  1m27.9s/5m0s  1.00 iters/s

running (1m29.0s), 000/050 VUs, 89 complete and 0 interrupted iterations
steady   [  30% ] 000/050 VUs  1m28.9s/5m0s  1.00 iters/s

running (1m30.0s), 000/050 VUs, 90 complete and 0 interrupted iterations
steady   [  30% ] 000/050 VUs  1m29.9s/5m0s  1.00 iters/s

running (1m31.0s), 000/050 VUs, 91 complete and 0 interrupted iterations
steady   [  30% ] 000/050 VUs  1m30.9s/5m0s  1.00 iters/s

running (1m32.0s), 000/050 VUs, 92 complete and 0 interrupted iterations
steady   [  31% ] 000/050 VUs  1m31.9s/5m0s  1.00 iters/s

running (1m33.0s), 000/050 VUs, 93 complete and 0 interrupted iterations
steady   [  31% ] 000/050 VUs  1m32.9s/5m0s  1.00 iters/s

running (1m34.0s), 000/050 VUs, 94 complete and 0 interrupted iterations
steady   [  31% ] 000/050 VUs  1m33.9s/5m0s  1.00 iters/s

running (1m35.0s), 000/050 VUs, 95 complete and 0 interrupted iterations
steady   [  32% ] 000/050 VUs  1m34.9s/5m0s  1.00 iters/s

running (1m36.0s), 000/050 VUs, 96 complete and 0 interrupted iterations
steady   [  32% ] 000/050 VUs  1m35.9s/5m0s  1.00 iters/s

running (1m37.0s), 000/050 VUs, 97 complete and 0 interrupted iterations
steady   [  32% ] 000/050 VUs  1m36.9s/5m0s  1.00 iters/s

running (1m38.0s), 000/050 VUs, 98 complete and 0 interrupted iterations
steady   [  33% ] 000/050 VUs  1m37.9s/5m0s  1.00 iters/s

running (1m39.0s), 000/050 VUs, 99 complete and 0 interrupted iterations
steady   [  33% ] 000/050 VUs  1m38.9s/5m0s  1.00 iters/s

running (1m40.0s), 000/050 VUs, 100 complete and 0 interrupted iterations
steady   [  33% ] 000/050 VUs  1m39.9s/5m0s  1.00 iters/s

running (1m41.0s), 000/050 VUs, 101 complete and 0 interrupted iterations
steady   [  34% ] 000/050 VUs  1m40.9s/5m0s  1.00 iters/s

running (1m42.0s), 000/050 VUs, 102 complete and 0 interrupted iterations
steady   [  34% ] 000/050 VUs  1m41.9s/5m0s  1.00 iters/s

running (1m43.0s), 000/050 VUs, 103 complete and 0 interrupted iterations
steady   [  34% ] 000/050 VUs  1m42.9s/5m0s  1.00 iters/s

running (1m44.0s), 000/050 VUs, 104 complete and 0 interrupted iterations
steady   [  35% ] 000/050 VUs  1m43.9s/5m0s  1.00 iters/s

running (1m45.0s), 000/050 VUs, 105 complete and 0 interrupted iterations
steady   [  35% ] 000/050 VUs  1m44.9s/5m0s  1.00 iters/s

running (1m46.0s), 000/050 VUs, 106 complete and 0 interrupted iterations
steady   [  35% ] 000/050 VUs  1m45.9s/5m0s  1.00 iters/s

running (1m47.0s), 000/050 VUs, 107 complete and 0 interrupted iterations
steady   [  36% ] 000/050 VUs  1m46.9s/5m0s  1.00 iters/s

running (1m48.0s), 000/050 VUs, 108 complete and 0 interrupted iterations
steady   [  36% ] 000/050 VUs  1m47.9s/5m0s  1.00 iters/s

running (1m49.0s), 000/050 VUs, 109 complete and 0 interrupted iterations
steady   [  36% ] 000/050 VUs  1m48.9s/5m0s  1.00 iters/s

running (1m50.0s), 000/050 VUs, 110 complete and 0 interrupted iterations
steady   [  37% ] 000/050 VUs  1m49.9s/5m0s  1.00 iters/s

running (1m51.0s), 000/050 VUs, 111 complete and 0 interrupted iterations
steady   [  37% ] 000/050 VUs  1m50.9s/5m0s  1.00 iters/s

running (1m52.0s), 000/050 VUs, 112 complete and 0 interrupted iterations
steady   [  37% ] 000/050 VUs  1m51.9s/5m0s  1.00 iters/s

running (1m53.0s), 000/050 VUs, 113 complete and 0 interrupted iterations
steady   [  38% ] 000/050 VUs  1m52.9s/5m0s  1.00 iters/s

running (1m54.0s), 000/050 VUs, 114 complete and 0 interrupted iterations
steady   [  38% ] 000/050 VUs  1m53.9s/5m0s  1.00 iters/s

running (1m55.0s), 000/050 VUs, 115 complete and 0 interrupted iterations
steady   [  38% ] 000/050 VUs  1m54.9s/5m0s  1.00 iters/s

running (1m56.0s), 000/050 VUs, 116 complete and 0 interrupted iterations
steady   [  39% ] 000/050 VUs  1m55.9s/5m0s  1.00 iters/s

running (1m57.0s), 000/050 VUs, 117 complete and 0 interrupted iterations
steady   [  39% ] 000/050 VUs  1m56.9s/5m0s  1.00 iters/s

running (1m58.0s), 000/050 VUs, 118 complete and 0 interrupted iterations
steady   [  39% ] 000/050 VUs  1m57.9s/5m0s  1.00 iters/s

running (1m59.0s), 000/050 VUs, 119 complete and 0 interrupted iterations
steady   [  40% ] 000/050 VUs  1m58.9s/5m0s  1.00 iters/s

running (2m00.0s), 000/050 VUs, 120 complete and 0 interrupted iterations
steady   [  40% ] 000/050 VUs  1m59.9s/5m0s  1.00 iters/s

running (2m01.0s), 000/050 VUs, 121 complete and 0 interrupted iterations
steady   [  40% ] 000/050 VUs  2m00.9s/5m0s  1.00 iters/s

running (2m02.0s), 000/050 VUs, 122 complete and 0 interrupted iterations
steady   [  41% ] 000/050 VUs  2m01.9s/5m0s  1.00 iters/s

running (2m03.0s), 000/050 VUs, 123 complete and 0 interrupted iterations
steady   [  41% ] 000/050 VUs  2m02.9s/5m0s  1.00 iters/s

running (2m04.0s), 000/050 VUs, 124 complete and 0 interrupted iterations
steady   [  41% ] 000/050 VUs  2m03.9s/5m0s  1.00 iters/s

running (2m05.0s), 000/050 VUs, 125 complete and 0 interrupted iterations
steady   [  42% ] 000/050 VUs  2m04.9s/5m0s  1.00 iters/s

running (2m06.0s), 000/050 VUs, 126 complete and 0 interrupted iterations
steady   [  42% ] 000/050 VUs  2m05.9s/5m0s  1.00 iters/s

running (2m07.0s), 000/050 VUs, 127 complete and 0 interrupted iterations
steady   [  42% ] 000/050 VUs  2m06.9s/5m0s  1.00 iters/s

running (2m08.0s), 000/050 VUs, 128 complete and 0 interrupted iterations
steady   [  43% ] 000/050 VUs  2m07.9s/5m0s  1.00 iters/s

running (2m09.0s), 000/050 VUs, 129 complete and 0 interrupted iterations
steady   [  43% ] 000/050 VUs  2m08.9s/5m0s  1.00 iters/s

running (2m10.0s), 000/050 VUs, 130 complete and 0 interrupted iterations
steady   [  43% ] 000/050 VUs  2m09.9s/5m0s  1.00 iters/s

running (2m11.0s), 000/050 VUs, 131 complete and 0 interrupted iterations
steady   [  44% ] 000/050 VUs  2m10.9s/5m0s  1.00 iters/s

running (2m12.0s), 000/050 VUs, 132 complete and 0 interrupted iterations
steady   [  44% ] 000/050 VUs  2m11.9s/5m0s  1.00 iters/s

running (2m13.0s), 000/050 VUs, 133 complete and 0 interrupted iterations
steady   [  44% ] 000/050 VUs  2m12.9s/5m0s  1.00 iters/s

running (2m14.0s), 000/050 VUs, 134 complete and 0 interrupted iterations
steady   [  45% ] 000/050 VUs  2m13.9s/5m0s  1.00 iters/s

running (2m15.0s), 000/050 VUs, 135 complete and 0 interrupted iterations
steady   [  45% ] 000/050 VUs  2m14.9s/5m0s  1.00 iters/s

running (2m16.0s), 000/050 VUs, 136 complete and 0 interrupted iterations
steady   [  45% ] 000/050 VUs  2m15.9s/5m0s  1.00 iters/s

running (2m17.0s), 000/050 VUs, 137 complete and 0 interrupted iterations
steady   [  46% ] 000/050 VUs  2m16.9s/5m0s  1.00 iters/s

running (2m18.0s), 000/050 VUs, 138 complete and 0 interrupted iterations
steady   [  46% ] 000/050 VUs  2m17.9s/5m0s  1.00 iters/s

running (2m19.0s), 000/050 VUs, 139 complete and 0 interrupted iterations
steady   [  46% ] 000/050 VUs  2m18.9s/5m0s  1.00 iters/s

running (2m20.0s), 000/050 VUs, 140 complete and 0 interrupted iterations
steady   [  47% ] 000/050 VUs  2m19.9s/5m0s  1.00 iters/s

running (2m21.0s), 000/050 VUs, 141 complete and 0 interrupted iterations
steady   [  47% ] 000/050 VUs  2m20.9s/5m0s  1.00 iters/s

running (2m22.0s), 000/050 VUs, 142 complete and 0 interrupted iterations
steady   [  47% ] 000/050 VUs  2m21.9s/5m0s  1.00 iters/s

running (2m23.0s), 000/050 VUs, 143 complete and 0 interrupted iterations
steady   [  48% ] 000/050 VUs  2m22.9s/5m0s  1.00 iters/s

running (2m24.0s), 000/050 VUs, 144 complete and 0 interrupted iterations
steady   [  48% ] 000/050 VUs  2m23.9s/5m0s  1.00 iters/s

running (2m25.0s), 000/050 VUs, 145 complete and 0 interrupted iterations
steady   [  48% ] 000/050 VUs  2m24.9s/5m0s  1.00 iters/s

running (2m26.0s), 000/050 VUs, 146 complete and 0 interrupted iterations
steady   [  49% ] 000/050 VUs  2m25.9s/5m0s  1.00 iters/s

running (2m27.0s), 000/050 VUs, 147 complete and 0 interrupted iterations
steady   [  49% ] 000/050 VUs  2m26.9s/5m0s  1.00 iters/s

running (2m28.0s), 000/050 VUs, 148 complete and 0 interrupted iterations
steady   [  49% ] 000/050 VUs  2m27.9s/5m0s  1.00 iters/s

running (2m29.0s), 000/050 VUs, 149 complete and 0 interrupted iterations
steady   [  50% ] 000/050 VUs  2m28.9s/5m0s  1.00 iters/s

running (2m30.0s), 000/050 VUs, 150 complete and 0 interrupted iterations
steady   [  50% ] 000/050 VUs  2m29.9s/5m0s  1.00 iters/s

running (2m31.0s), 000/050 VUs, 151 complete and 0 interrupted iterations
steady   [  50% ] 000/050 VUs  2m30.9s/5m0s  1.00 iters/s

running (2m32.0s), 000/050 VUs, 152 complete and 0 interrupted iterations
steady   [  51% ] 000/050 VUs  2m31.9s/5m0s  1.00 iters/s

running (2m33.0s), 000/050 VUs, 153 complete and 0 interrupted iterations
steady   [  51% ] 000/050 VUs  2m32.9s/5m0s  1.00 iters/s

running (2m34.0s), 000/050 VUs, 154 complete and 0 interrupted iterations
steady   [  51% ] 000/050 VUs  2m33.9s/5m0s  1.00 iters/s

running (2m35.0s), 000/050 VUs, 155 complete and 0 interrupted iterations
steady   [  52% ] 000/050 VUs  2m34.9s/5m0s  1.00 iters/s

running (2m36.0s), 000/050 VUs, 156 complete and 0 interrupted iterations
steady   [  52% ] 000/050 VUs  2m35.9s/5m0s  1.00 iters/s

running (2m37.0s), 000/050 VUs, 157 complete and 0 interrupted iterations
steady   [  52% ] 000/050 VUs  2m36.9s/5m0s  1.00 iters/s

running (2m38.0s), 000/050 VUs, 158 complete and 0 interrupted iterations
steady   [  53% ] 000/050 VUs  2m37.9s/5m0s  1.00 iters/s

running (2m39.0s), 000/050 VUs, 159 complete and 0 interrupted iterations
steady   [  53% ] 000/050 VUs  2m38.9s/5m0s  1.00 iters/s

running (2m40.0s), 000/050 VUs, 160 complete and 0 interrupted iterations
steady   [  53% ] 000/050 VUs  2m39.9s/5m0s  1.00 iters/s

running (2m41.0s), 000/050 VUs, 161 complete and 0 interrupted iterations
steady   [  54% ] 000/050 VUs  2m40.9s/5m0s  1.00 iters/s

running (2m42.0s), 000/050 VUs, 162 complete and 0 interrupted iterations
steady   [  54% ] 000/050 VUs  2m41.9s/5m0s  1.00 iters/s

running (2m43.0s), 000/050 VUs, 163 complete and 0 interrupted iterations
steady   [  54% ] 000/050 VUs  2m42.9s/5m0s  1.00 iters/s

running (2m44.0s), 000/050 VUs, 164 complete and 0 interrupted iterations
steady   [  55% ] 000/050 VUs  2m43.9s/5m0s  1.00 iters/s

running (2m45.0s), 000/050 VUs, 165 complete and 0 interrupted iterations
steady   [  55% ] 000/050 VUs  2m44.9s/5m0s  1.00 iters/s

running (2m46.0s), 000/050 VUs, 166 complete and 0 interrupted iterations
steady   [  55% ] 000/050 VUs  2m45.9s/5m0s  1.00 iters/s

running (2m47.0s), 000/050 VUs, 167 complete and 0 interrupted iterations
steady   [  56% ] 000/050 VUs  2m46.9s/5m0s  1.00 iters/s

running (2m48.0s), 000/050 VUs, 168 complete and 0 interrupted iterations
steady   [  56% ] 000/050 VUs  2m47.9s/5m0s  1.00 iters/s

running (2m49.0s), 000/050 VUs, 169 complete and 0 interrupted iterations
steady   [  56% ] 000/050 VUs  2m48.9s/5m0s  1.00 iters/s

running (2m50.0s), 000/050 VUs, 170 complete and 0 interrupted iterations
steady   [  57% ] 000/050 VUs  2m49.9s/5m0s  1.00 iters/s

running (2m51.0s), 000/050 VUs, 171 complete and 0 interrupted iterations
steady   [  57% ] 000/050 VUs  2m50.9s/5m0s  1.00 iters/s

running (2m52.0s), 000/050 VUs, 172 complete and 0 interrupted iterations
steady   [  57% ] 000/050 VUs  2m51.9s/5m0s  1.00 iters/s

running (2m53.0s), 000/050 VUs, 173 complete and 0 interrupted iterations
steady   [  58% ] 000/050 VUs  2m52.9s/5m0s  1.00 iters/s

running (2m54.0s), 000/050 VUs, 174 complete and 0 interrupted iterations
steady   [  58% ] 000/050 VUs  2m53.9s/5m0s  1.00 iters/s

running (2m55.0s), 000/050 VUs, 175 complete and 0 interrupted iterations
steady   [  58% ] 000/050 VUs  2m54.9s/5m0s  1.00 iters/s

running (2m56.0s), 000/050 VUs, 176 complete and 0 interrupted iterations
steady   [  59% ] 000/050 VUs  2m55.9s/5m0s  1.00 iters/s

running (2m57.0s), 000/050 VUs, 177 complete and 0 interrupted iterations
steady   [  59% ] 000/050 VUs  2m56.9s/5m0s  1.00 iters/s

running (2m58.0s), 000/050 VUs, 178 complete and 0 interrupted iterations
steady   [  59% ] 000/050 VUs  2m57.9s/5m0s  1.00 iters/s

running (2m59.0s), 000/050 VUs, 179 complete and 0 interrupted iterations
steady   [  60% ] 000/050 VUs  2m58.9s/5m0s  1.00 iters/s

running (3m00.0s), 000/050 VUs, 180 complete and 0 interrupted iterations
steady   [  60% ] 000/050 VUs  2m59.9s/5m0s  1.00 iters/s

running (3m01.0s), 000/050 VUs, 181 complete and 0 interrupted iterations
steady   [  60% ] 000/050 VUs  3m00.9s/5m0s  1.00 iters/s

running (3m02.0s), 000/050 VUs, 182 complete and 0 interrupted iterations
steady   [  61% ] 000/050 VUs  3m01.9s/5m0s  1.00 iters/s

running (3m03.0s), 000/050 VUs, 183 complete and 0 interrupted iterations
steady   [  61% ] 000/050 VUs  3m02.9s/5m0s  1.00 iters/s

running (3m04.0s), 000/050 VUs, 184 complete and 0 interrupted iterations
steady   [  61% ] 000/050 VUs  3m03.9s/5m0s  1.00 iters/s

running (3m05.0s), 000/050 VUs, 185 complete and 0 interrupted iterations
steady   [  62% ] 000/050 VUs  3m04.9s/5m0s  1.00 iters/s

running (3m06.0s), 000/050 VUs, 186 complete and 0 interrupted iterations
steady   [  62% ] 000/050 VUs  3m05.9s/5m0s  1.00 iters/s

running (3m07.0s), 000/050 VUs, 187 complete and 0 interrupted iterations
steady   [  62% ] 000/050 VUs  3m06.9s/5m0s  1.00 iters/s

running (3m08.0s), 000/050 VUs, 188 complete and 0 interrupted iterations
steady   [  63% ] 000/050 VUs  3m07.9s/5m0s  1.00 iters/s

running (3m09.0s), 000/050 VUs, 189 complete and 0 interrupted iterations
steady   [  63% ] 000/050 VUs  3m08.9s/5m0s  1.00 iters/s

running (3m10.0s), 000/050 VUs, 190 complete and 0 interrupted iterations
steady   [  63% ] 000/050 VUs  3m09.9s/5m0s  1.00 iters/s

running (3m11.0s), 000/050 VUs, 191 complete and 0 interrupted iterations
steady   [  64% ] 000/050 VUs  3m10.9s/5m0s  1.00 iters/s

running (3m12.0s), 000/050 VUs, 192 complete and 0 interrupted iterations
steady   [  64% ] 000/050 VUs  3m11.9s/5m0s  1.00 iters/s

running (3m13.0s), 000/050 VUs, 193 complete and 0 interrupted iterations
steady   [  64% ] 000/050 VUs  3m12.9s/5m0s  1.00 iters/s

running (3m14.0s), 000/050 VUs, 194 complete and 0 interrupted iterations
steady   [  65% ] 000/050 VUs  3m13.9s/5m0s  1.00 iters/s

running (3m15.0s), 000/050 VUs, 195 complete and 0 interrupted iterations
steady   [  65% ] 000/050 VUs  3m14.9s/5m0s  1.00 iters/s

running (3m16.0s), 000/050 VUs, 196 complete and 0 interrupted iterations
steady   [  65% ] 000/050 VUs  3m15.9s/5m0s  1.00 iters/s

running (3m17.0s), 000/050 VUs, 197 complete and 0 interrupted iterations
steady   [  66% ] 000/050 VUs  3m16.9s/5m0s  1.00 iters/s

running (3m18.0s), 000/050 VUs, 198 complete and 0 interrupted iterations
steady   [  66% ] 000/050 VUs  3m17.9s/5m0s  1.00 iters/s

running (3m19.0s), 000/050 VUs, 199 complete and 0 interrupted iterations
steady   [  66% ] 000/050 VUs  3m18.9s/5m0s  1.00 iters/s

running (3m20.0s), 000/050 VUs, 200 complete and 0 interrupted iterations
steady   [  67% ] 000/050 VUs  3m19.9s/5m0s  1.00 iters/s

running (3m21.0s), 000/050 VUs, 201 complete and 0 interrupted iterations
steady   [  67% ] 000/050 VUs  3m20.9s/5m0s  1.00 iters/s

running (3m22.0s), 000/050 VUs, 202 complete and 0 interrupted iterations
steady   [  67% ] 000/050 VUs  3m21.9s/5m0s  1.00 iters/s

running (3m23.0s), 000/050 VUs, 203 complete and 0 interrupted iterations
steady   [  68% ] 000/050 VUs  3m22.9s/5m0s  1.00 iters/s

running (3m24.0s), 000/050 VUs, 204 complete and 0 interrupted iterations
steady   [  68% ] 000/050 VUs  3m23.9s/5m0s  1.00 iters/s

running (3m25.0s), 000/050 VUs, 205 complete and 0 interrupted iterations
steady   [  68% ] 000/050 VUs  3m24.9s/5m0s  1.00 iters/s

running (3m26.0s), 000/050 VUs, 206 complete and 0 interrupted iterations
steady   [  69% ] 000/050 VUs  3m25.9s/5m0s  1.00 iters/s

running (3m27.0s), 000/050 VUs, 207 complete and 0 interrupted iterations
steady   [  69% ] 000/050 VUs  3m26.9s/5m0s  1.00 iters/s

running (3m28.0s), 000/050 VUs, 208 complete and 0 interrupted iterations
steady   [  69% ] 000/050 VUs  3m27.9s/5m0s  1.00 iters/s

running (3m29.0s), 000/050 VUs, 209 complete and 0 interrupted iterations
steady   [  70% ] 000/050 VUs  3m28.9s/5m0s  1.00 iters/s

running (3m30.0s), 000/050 VUs, 210 complete and 0 interrupted iterations
steady   [  70% ] 000/050 VUs  3m29.9s/5m0s  1.00 iters/s

running (3m31.0s), 000/050 VUs, 211 complete and 0 interrupted iterations
steady   [  70% ] 000/050 VUs  3m30.9s/5m0s  1.00 iters/s

running (3m32.0s), 000/050 VUs, 212 complete and 0 interrupted iterations
steady   [  71% ] 000/050 VUs  3m31.9s/5m0s  1.00 iters/s

running (3m33.0s), 000/050 VUs, 213 complete and 0 interrupted iterations
steady   [  71% ] 000/050 VUs  3m32.9s/5m0s  1.00 iters/s

running (3m34.0s), 000/050 VUs, 214 complete and 0 interrupted iterations
steady   [  71% ] 000/050 VUs  3m33.9s/5m0s  1.00 iters/s

running (3m35.0s), 000/050 VUs, 215 complete and 0 interrupted iterations
steady   [  72% ] 000/050 VUs  3m34.9s/5m0s  1.00 iters/s

running (3m36.0s), 000/050 VUs, 216 complete and 0 interrupted iterations
steady   [  72% ] 000/050 VUs  3m35.9s/5m0s  1.00 iters/s

running (3m37.0s), 000/050 VUs, 217 complete and 0 interrupted iterations
steady   [  72% ] 000/050 VUs  3m36.9s/5m0s  1.00 iters/s

running (3m38.0s), 000/050 VUs, 218 complete and 0 interrupted iterations
steady   [  73% ] 000/050 VUs  3m37.9s/5m0s  1.00 iters/s

running (3m39.0s), 000/050 VUs, 219 complete and 0 interrupted iterations
steady   [  73% ] 000/050 VUs  3m38.9s/5m0s  1.00 iters/s

running (3m40.0s), 000/050 VUs, 220 complete and 0 interrupted iterations
steady   [  73% ] 000/050 VUs  3m39.9s/5m0s  1.00 iters/s

running (3m41.0s), 000/050 VUs, 221 complete and 0 interrupted iterations
steady   [  74% ] 000/050 VUs  3m40.9s/5m0s  1.00 iters/s

running (3m42.0s), 000/050 VUs, 222 complete and 0 interrupted iterations
steady   [  74% ] 000/050 VUs  3m41.9s/5m0s  1.00 iters/s

running (3m43.0s), 000/050 VUs, 223 complete and 0 interrupted iterations
steady   [  74% ] 000/050 VUs  3m42.9s/5m0s  1.00 iters/s

running (3m44.0s), 000/050 VUs, 224 complete and 0 interrupted iterations
steady   [  75% ] 000/050 VUs  3m43.9s/5m0s  1.00 iters/s

running (3m45.0s), 000/050 VUs, 225 complete and 0 interrupted iterations
steady   [  75% ] 000/050 VUs  3m44.9s/5m0s  1.00 iters/s

running (3m46.0s), 000/050 VUs, 226 complete and 0 interrupted iterations
steady   [  75% ] 000/050 VUs  3m45.9s/5m0s  1.00 iters/s

running (3m47.0s), 000/050 VUs, 227 complete and 0 interrupted iterations
steady   [  76% ] 000/050 VUs  3m46.9s/5m0s  1.00 iters/s

running (3m48.0s), 000/050 VUs, 228 complete and 0 interrupted iterations
steady   [  76% ] 000/050 VUs  3m47.9s/5m0s  1.00 iters/s

running (3m49.0s), 000/050 VUs, 229 complete and 0 interrupted iterations
steady   [  76% ] 000/050 VUs  3m48.9s/5m0s  1.00 iters/s

running (3m50.0s), 000/050 VUs, 230 complete and 0 interrupted iterations
steady   [  77% ] 000/050 VUs  3m49.9s/5m0s  1.00 iters/s

running (3m51.0s), 000/050 VUs, 231 complete and 0 interrupted iterations
steady   [  77% ] 000/050 VUs  3m50.9s/5m0s  1.00 iters/s

running (3m52.0s), 000/050 VUs, 232 complete and 0 interrupted iterations
steady   [  77% ] 000/050 VUs  3m51.9s/5m0s  1.00 iters/s

running (3m53.0s), 000/050 VUs, 233 complete and 0 interrupted iterations
steady   [  78% ] 000/050 VUs  3m52.9s/5m0s  1.00 iters/s

running (3m54.0s), 000/050 VUs, 234 complete and 0 interrupted iterations
steady   [  78% ] 000/050 VUs  3m53.9s/5m0s  1.00 iters/s

running (3m55.0s), 000/050 VUs, 235 complete and 0 interrupted iterations
steady   [  78% ] 000/050 VUs  3m54.9s/5m0s  1.00 iters/s

running (3m56.0s), 000/050 VUs, 236 complete and 0 interrupted iterations
steady   [  79% ] 000/050 VUs  3m55.9s/5m0s  1.00 iters/s

running (3m57.0s), 000/050 VUs, 237 complete and 0 interrupted iterations
steady   [  79% ] 000/050 VUs  3m56.9s/5m0s  1.00 iters/s

running (3m58.0s), 000/050 VUs, 238 complete and 0 interrupted iterations
steady   [  79% ] 000/050 VUs  3m57.9s/5m0s  1.00 iters/s

running (3m59.0s), 000/050 VUs, 239 complete and 0 interrupted iterations
steady   [  80% ] 000/050 VUs  3m58.9s/5m0s  1.00 iters/s

running (4m00.0s), 000/050 VUs, 240 complete and 0 interrupted iterations
steady   [  80% ] 000/050 VUs  3m59.9s/5m0s  1.00 iters/s

running (4m01.0s), 000/050 VUs, 241 complete and 0 interrupted iterations
steady   [  80% ] 000/050 VUs  4m00.9s/5m0s  1.00 iters/s

running (4m02.0s), 000/050 VUs, 242 complete and 0 interrupted iterations
steady   [  81% ] 000/050 VUs  4m01.9s/5m0s  1.00 iters/s

running (4m03.0s), 000/050 VUs, 243 complete and 0 interrupted iterations
steady   [  81% ] 000/050 VUs  4m02.9s/5m0s  1.00 iters/s

running (4m04.0s), 000/050 VUs, 244 complete and 0 interrupted iterations
steady   [  81% ] 000/050 VUs  4m03.9s/5m0s  1.00 iters/s

running (4m05.0s), 000/050 VUs, 245 complete and 0 interrupted iterations
steady   [  82% ] 000/050 VUs  4m04.9s/5m0s  1.00 iters/s

running (4m06.0s), 000/050 VUs, 246 complete and 0 interrupted iterations
steady   [  82% ] 000/050 VUs  4m05.9s/5m0s  1.00 iters/s

running (4m07.0s), 000/050 VUs, 247 complete and 0 interrupted iterations
steady   [  82% ] 000/050 VUs  4m06.9s/5m0s  1.00 iters/s

running (4m08.0s), 000/050 VUs, 248 complete and 0 interrupted iterations
steady   [  83% ] 000/050 VUs  4m07.9s/5m0s  1.00 iters/s

running (4m09.0s), 000/050 VUs, 249 complete and 0 interrupted iterations
steady   [  83% ] 000/050 VUs  4m08.9s/5m0s  1.00 iters/s

running (4m10.0s), 000/050 VUs, 250 complete and 0 interrupted iterations
steady   [  83% ] 000/050 VUs  4m09.9s/5m0s  1.00 iters/s

running (4m11.0s), 000/050 VUs, 251 complete and 0 interrupted iterations
steady   [  84% ] 000/050 VUs  4m10.9s/5m0s  1.00 iters/s

running (4m12.0s), 000/050 VUs, 252 complete and 0 interrupted iterations
steady   [  84% ] 000/050 VUs  4m11.9s/5m0s  1.00 iters/s

running (4m13.0s), 000/050 VUs, 253 complete and 0 interrupted iterations
steady   [  84% ] 000/050 VUs  4m12.9s/5m0s  1.00 iters/s

running (4m14.0s), 000/050 VUs, 254 complete and 0 interrupted iterations
steady   [  85% ] 000/050 VUs  4m13.9s/5m0s  1.00 iters/s

running (4m15.0s), 000/050 VUs, 255 complete and 0 interrupted iterations
steady   [  85% ] 000/050 VUs  4m14.9s/5m0s  1.00 iters/s

running (4m16.0s), 000/050 VUs, 256 complete and 0 interrupted iterations
steady   [  85% ] 000/050 VUs  4m15.9s/5m0s  1.00 iters/s

running (4m17.0s), 000/050 VUs, 257 complete and 0 interrupted iterations
steady   [  86% ] 000/050 VUs  4m16.9s/5m0s  1.00 iters/s

running (4m18.0s), 000/050 VUs, 258 complete and 0 interrupted iterations
steady   [  86% ] 000/050 VUs  4m17.9s/5m0s  1.00 iters/s

running (4m19.0s), 000/050 VUs, 259 complete and 0 interrupted iterations
steady   [  86% ] 000/050 VUs  4m18.9s/5m0s  1.00 iters/s

running (4m20.0s), 000/050 VUs, 260 complete and 0 interrupted iterations
steady   [  87% ] 000/050 VUs  4m19.9s/5m0s  1.00 iters/s

running (4m21.0s), 000/050 VUs, 261 complete and 0 interrupted iterations
steady   [  87% ] 000/050 VUs  4m20.9s/5m0s  1.00 iters/s

running (4m22.0s), 000/050 VUs, 262 complete and 0 interrupted iterations
steady   [  87% ] 000/050 VUs  4m21.9s/5m0s  1.00 iters/s

running (4m23.0s), 000/050 VUs, 263 complete and 0 interrupted iterations
steady   [  88% ] 000/050 VUs  4m22.9s/5m0s  1.00 iters/s

running (4m24.0s), 000/050 VUs, 264 complete and 0 interrupted iterations
steady   [  88% ] 000/050 VUs  4m23.9s/5m0s  1.00 iters/s

running (4m25.0s), 000/050 VUs, 265 complete and 0 interrupted iterations
steady   [  88% ] 000/050 VUs  4m24.9s/5m0s  1.00 iters/s

running (4m26.0s), 000/050 VUs, 266 complete and 0 interrupted iterations
steady   [  89% ] 000/050 VUs  4m25.9s/5m0s  1.00 iters/s

running (4m27.0s), 000/050 VUs, 267 complete and 0 interrupted iterations
steady   [  89% ] 000/050 VUs  4m26.9s/5m0s  1.00 iters/s

running (4m28.0s), 000/050 VUs, 268 complete and 0 interrupted iterations
steady   [  89% ] 000/050 VUs  4m27.9s/5m0s  1.00 iters/s

running (4m29.0s), 000/050 VUs, 269 complete and 0 interrupted iterations
steady   [  90% ] 000/050 VUs  4m28.9s/5m0s  1.00 iters/s

running (4m30.0s), 000/050 VUs, 270 complete and 0 interrupted iterations
steady   [  90% ] 000/050 VUs  4m29.9s/5m0s  1.00 iters/s

running (4m31.0s), 000/050 VUs, 271 complete and 0 interrupted iterations
steady   [  90% ] 000/050 VUs  4m30.9s/5m0s  1.00 iters/s

running (4m32.0s), 000/050 VUs, 272 complete and 0 interrupted iterations
steady   [  91% ] 000/050 VUs  4m31.9s/5m0s  1.00 iters/s

running (4m33.0s), 000/050 VUs, 273 complete and 0 interrupted iterations
steady   [  91% ] 000/050 VUs  4m32.9s/5m0s  1.00 iters/s

running (4m34.0s), 000/050 VUs, 274 complete and 0 interrupted iterations
steady   [  91% ] 000/050 VUs  4m33.9s/5m0s  1.00 iters/s

running (4m35.0s), 000/050 VUs, 275 complete and 0 interrupted iterations
steady   [  92% ] 000/050 VUs  4m34.9s/5m0s  1.00 iters/s

running (4m36.0s), 000/050 VUs, 276 complete and 0 interrupted iterations
steady   [  92% ] 000/050 VUs  4m35.9s/5m0s  1.00 iters/s

running (4m37.0s), 000/050 VUs, 277 complete and 0 interrupted iterations
steady   [  92% ] 000/050 VUs  4m36.9s/5m0s  1.00 iters/s

running (4m38.0s), 000/050 VUs, 278 complete and 0 interrupted iterations
steady   [  93% ] 000/050 VUs  4m37.9s/5m0s  1.00 iters/s

running (4m39.0s), 000/050 VUs, 279 complete and 0 interrupted iterations
steady   [  93% ] 000/050 VUs  4m38.9s/5m0s  1.00 iters/s

running (4m40.0s), 000/050 VUs, 280 complete and 0 interrupted iterations
steady   [  93% ] 000/050 VUs  4m39.9s/5m0s  1.00 iters/s

running (4m41.0s), 000/050 VUs, 281 complete and 0 interrupted iterations
steady   [  94% ] 000/050 VUs  4m40.9s/5m0s  1.00 iters/s

running (4m42.0s), 000/050 VUs, 282 complete and 0 interrupted iterations
steady   [  94% ] 000/050 VUs  4m41.9s/5m0s  1.00 iters/s

running (4m43.0s), 000/050 VUs, 283 complete and 0 interrupted iterations
steady   [  94% ] 000/050 VUs  4m42.9s/5m0s  1.00 iters/s

running (4m44.0s), 000/050 VUs, 284 complete and 0 interrupted iterations
steady   [  95% ] 000/050 VUs  4m43.9s/5m0s  1.00 iters/s

running (4m45.0s), 000/050 VUs, 285 complete and 0 interrupted iterations
steady   [  95% ] 000/050 VUs  4m44.9s/5m0s  1.00 iters/s

running (4m46.0s), 000/050 VUs, 286 complete and 0 interrupted iterations
steady   [  95% ] 000/050 VUs  4m45.9s/5m0s  1.00 iters/s

running (4m47.0s), 000/050 VUs, 287 complete and 0 interrupted iterations
steady   [  96% ] 000/050 VUs  4m46.9s/5m0s  1.00 iters/s

running (4m48.0s), 000/050 VUs, 288 complete and 0 interrupted iterations
steady   [  96% ] 000/050 VUs  4m47.9s/5m0s  1.00 iters/s

running (4m49.0s), 000/050 VUs, 289 complete and 0 interrupted iterations
steady   [  96% ] 000/050 VUs  4m48.9s/5m0s  1.00 iters/s

running (4m50.0s), 000/050 VUs, 290 complete and 0 interrupted iterations
steady   [  97% ] 000/050 VUs  4m49.9s/5m0s  1.00 iters/s

running (4m51.0s), 000/050 VUs, 291 complete and 0 interrupted iterations
steady   [  97% ] 000/050 VUs  4m50.9s/5m0s  1.00 iters/s

running (4m52.0s), 000/050 VUs, 292 complete and 0 interrupted iterations
steady   [  97% ] 000/050 VUs  4m51.9s/5m0s  1.00 iters/s

running (4m53.0s), 000/050 VUs, 293 complete and 0 interrupted iterations
steady   [  98% ] 000/050 VUs  4m52.9s/5m0s  1.00 iters/s

running (4m54.0s), 000/050 VUs, 294 complete and 0 interrupted iterations
steady   [  98% ] 000/050 VUs  4m53.9s/5m0s  1.00 iters/s

running (4m55.0s), 000/050 VUs, 295 complete and 0 interrupted iterations
steady   [  98% ] 000/050 VUs  4m54.9s/5m0s  1.00 iters/s

running (4m56.0s), 000/050 VUs, 296 complete and 0 interrupted iterations
steady   [  99% ] 000/050 VUs  4m55.9s/5m0s  1.00 iters/s

running (4m57.0s), 000/050 VUs, 297 complete and 0 interrupted iterations
steady   [  99% ] 000/050 VUs  4m56.9s/5m0s  1.00 iters/s

running (4m58.0s), 000/050 VUs, 298 complete and 0 interrupted iterations
steady   [  99% ] 000/050 VUs  4m57.9s/5m0s  1.00 iters/s

running (4m59.0s), 000/050 VUs, 299 complete and 0 interrupted iterations
steady   [ 100% ] 000/050 VUs  4m58.9s/5m0s  1.00 iters/s

running (5m00.0s), 000/050 VUs, 300 complete and 0 interrupted iterations
steady   [ 100% ] 000/050 VUs  4m59.9s/5m0s  1.00 iters/s

================ DSP benchmark summary ================
-- per-phase latency --
  catalog                    p50=18.5 ms  p95=20.1 ms  p99=26.5 ms  max=27.4 ms  n=301
  negotiation init (POST)    p50=10.0 ms  p95=10.3 ms  p99=11.7 ms  max=19.2 ms  n=301
  time-to-AGREED (async)     p50=253.0 ms  p95=254.0 ms  p99=254.0 ms  max=255.0 ms  n=301
  transfer init (POST)       p50=11.6 ms  p95=12.9 ms  p99=14.0 ms  max=20.1 ms  n=301
  time-to-EDR (async)        p50=253.0 ms  p95=253.0 ms  p99=253.0 ms  max=253.0 ms  n=301
  data pull                  p50=6.2 ms  p95=7.1 ms  p99=7.8 ms  max=8.6 ms  n=301
-- end-to-end + throughput --
  e2e transaction            p50=814.0 ms  p95=820.0 ms  p99=821.0 ms  max=825.0 ms  n=301
  data throughput (MB/s)     p50=0.0  p95=0.0  p99=0.0  max=0.0  n=301
-- outcomes --
  transactions succeeded     count=301  rate=1.000/s
  transactions failed        (no data)
  failed rate                rate=0.00%  (pass=0 fail=301)
    of which TERMINATED      (no data)
    of which TIMED OUT       (no data)
    of which HTTP-FAILED     (no data)
  failure accounting       (no failures)
-- observer effect (poll load) --
  negotiation polls          count=602  rate=2.000/s
  edr polls                  count=602  rate=2.000/s
  polls per transaction     negotiation=2.0  edr=2.0  (timeout ceiling=120)
=======================================================
(full summary -> /home/rohitj/edc/benchmarking-dsp-native-basyx/k6-scripts/results/basyx/off/steady/2026-08-11T19-45-50Z/k6-summary.json; POLL_INTERVAL_MS=250; IDENTITY_MODE=off)

running (5m00.9s), 000/050 VUs, 301 complete and 0 interrupted iterations
steady ✓ [ 100% ] 000/050 VUs  5m0s  1.00 iters/s
Prometheus snapshot [1786477631..1786477948] svc=(dsp-native-basyx|consumer-controlplane) win=1m -> /home/rohitj/edc/benchmarking-dsp-native-basyx/k6-scripts/results/basyx/off/steady/2026-08-11T19-45-50Z
  jvm-heap.csv (64 rows)
  jvm-gc-rate.csv (64 rows)
  jvm-threads.csv (64 rows)
  http-throughput.csv (64 rows)
  http-p95.csv (64 rows)
  http-errors.csv (64 rows)
  http-errors-5xx.csv (0 rows)
  http-status.csv (128 rows)
  host-cpu-busy.csv (64 rows)
  host-mem-used.csv (64 rows)
  5xx: no 5xx in window (confirmed: http-status has 128 samples, so the status label IS scraped)
  logs -> /home/rohitj/edc/benchmarking-dsp-native-basyx/k6-scripts/results/basyx/off/steady/2026-08-11T19-45-50Z/logs (1 files)
0
VALIDITY  ok=301  failed=0  failed_rate=0%  dropped_iterations=0
>>> done: /home/rohitj/edc/benchmarking-dsp-native-basyx/k6-scripts/results/basyx/off/steady/2026-08-11T19-45-50Z  (k6 exit 0)
Matrix done. Index: /home/rohitj/edc/benchmarking-dsp-native-basyx/k6-scripts/results/basyx/matrix-2026-08-11T19-19-20Z.log
TIP: aggregate the per-run k6-summary.json across reps into median+IQR before plotting.
19:52:28 |     done (exit 0)
19:52:28 |   … settling 120s before the next scenario
19:54:28 | --> poll-sensitivity @ 250ms
>>> basyx / poll-sensitivity  ->  /home/rohitj/edc/benchmarking-dsp-native-basyx/k6-scripts/results/basyx/off/poll-sensitivity/2026-08-11T19-54-28Z
parity OK: lib/ + scenarios/ + orchestration/ + tools/ identical to /home/rohitj/edc/benchmarking-dsp-native-basyx/k6-scripts
Health: http://localhost:8090/dsp http://localhost:8888/health + prometheus  OK
Warmup 60s @ 1/s (discarded)
  draining 20s before the measured window opens
k6 -> Prometheus remote-write: http://localhost:9090/api/v1/write

         /\      Grafana   /‾‾/  
    /\  /  \     |\  __   /  /   
   /  \/    \    | |/ /  /   ‾‾\ 
  /          \   |   (  |  (‾)  |
 / __________ \  |_|\_\  \_____/ 


     execution: local
        script: /home/rohitj/edc/benchmarking-dsp-native-basyx/k6-scripts/basyx-off/poll-sensitivity.js
        output: Prometheus remote write (http://localhost:9090/api/v1/write)

     scenarios: (100.00%) 1 scenario, 200 max VUs, 5m30s max duration (incl. graceful stop):
              * pollSensitivity: 1.00 iterations/s for 5m0s (maxVUs: 50-200, gracefulStop: 30s)


running (0m01.0s), 000/050 VUs, 1 complete and 0 interrupted iterations
pollSensitivity   [   0% ] 000/050 VUs  0m00.9s/5m0s  1.00 iters/s

running (0m02.0s), 000/050 VUs, 2 complete and 0 interrupted iterations
pollSensitivity   [   1% ] 000/050 VUs  0m01.9s/5m0s  1.00 iters/s

running (0m03.0s), 000/050 VUs, 3 complete and 0 interrupted iterations
pollSensitivity   [   1% ] 000/050 VUs  0m02.9s/5m0s  1.00 iters/s

running (0m04.0s), 000/050 VUs, 4 complete and 0 interrupted iterations
pollSensitivity   [   1% ] 000/050 VUs  0m03.9s/5m0s  1.00 iters/s

running (0m05.0s), 000/050 VUs, 5 complete and 0 interrupted iterations
pollSensitivity   [   2% ] 000/050 VUs  0m04.9s/5m0s  1.00 iters/s

running (0m06.0s), 000/050 VUs, 6 complete and 0 interrupted iterations
pollSensitivity   [   2% ] 000/050 VUs  0m05.9s/5m0s  1.00 iters/s

running (0m07.0s), 000/050 VUs, 7 complete and 0 interrupted iterations
pollSensitivity   [   2% ] 000/050 VUs  0m06.9s/5m0s  1.00 iters/s

running (0m08.0s), 000/050 VUs, 8 complete and 0 interrupted iterations
pollSensitivity   [   3% ] 000/050 VUs  0m07.9s/5m0s  1.00 iters/s

running (0m09.0s), 000/050 VUs, 9 complete and 0 interrupted iterations
pollSensitivity   [   3% ] 000/050 VUs  0m08.9s/5m0s  1.00 iters/s

running (0m10.0s), 000/050 VUs, 10 complete and 0 interrupted iterations
pollSensitivity   [   3% ] 000/050 VUs  0m09.9s/5m0s  1.00 iters/s

running (0m11.0s), 000/050 VUs, 11 complete and 0 interrupted iterations
pollSensitivity   [   4% ] 000/050 VUs  0m10.9s/5m0s  1.00 iters/s

running (0m12.0s), 000/050 VUs, 12 complete and 0 interrupted iterations
pollSensitivity   [   4% ] 000/050 VUs  0m11.9s/5m0s  1.00 iters/s

running (0m13.0s), 000/050 VUs, 13 complete and 0 interrupted iterations
pollSensitivity   [   4% ] 000/050 VUs  0m12.9s/5m0s  1.00 iters/s

running (0m14.0s), 000/050 VUs, 14 complete and 0 interrupted iterations
pollSensitivity   [   5% ] 000/050 VUs  0m13.9s/5m0s  1.00 iters/s

running (0m15.0s), 000/050 VUs, 15 complete and 0 interrupted iterations
pollSensitivity   [   5% ] 000/050 VUs  0m14.9s/5m0s  1.00 iters/s

running (0m16.0s), 000/050 VUs, 16 complete and 0 interrupted iterations
pollSensitivity   [   5% ] 000/050 VUs  0m15.9s/5m0s  1.00 iters/s

running (0m17.0s), 000/050 VUs, 17 complete and 0 interrupted iterations
pollSensitivity   [   6% ] 000/050 VUs  0m16.9s/5m0s  1.00 iters/s

running (0m18.0s), 000/050 VUs, 18 complete and 0 interrupted iterations
pollSensitivity   [   6% ] 000/050 VUs  0m17.9s/5m0s  1.00 iters/s

running (0m19.0s), 000/050 VUs, 19 complete and 0 interrupted iterations
pollSensitivity   [   6% ] 000/050 VUs  0m18.9s/5m0s  1.00 iters/s

running (0m20.0s), 000/050 VUs, 20 complete and 0 interrupted iterations
pollSensitivity   [   7% ] 000/050 VUs  0m19.9s/5m0s  1.00 iters/s

running (0m21.0s), 000/050 VUs, 21 complete and 0 interrupted iterations
pollSensitivity   [   7% ] 000/050 VUs  0m20.9s/5m0s  1.00 iters/s

running (0m22.0s), 000/050 VUs, 22 complete and 0 interrupted iterations
pollSensitivity   [   7% ] 000/050 VUs  0m21.9s/5m0s  1.00 iters/s

running (0m23.0s), 000/050 VUs, 23 complete and 0 interrupted iterations
pollSensitivity   [   8% ] 000/050 VUs  0m22.9s/5m0s  1.00 iters/s

running (0m24.0s), 000/050 VUs, 24 complete and 0 interrupted iterations
pollSensitivity   [   8% ] 000/050 VUs  0m23.9s/5m0s  1.00 iters/s

running (0m25.0s), 000/050 VUs, 25 complete and 0 interrupted iterations
pollSensitivity   [   8% ] 000/050 VUs  0m24.9s/5m0s  1.00 iters/s

running (0m26.0s), 000/050 VUs, 26 complete and 0 interrupted iterations
pollSensitivity   [   9% ] 000/050 VUs  0m25.9s/5m0s  1.00 iters/s

running (0m27.0s), 000/050 VUs, 27 complete and 0 interrupted iterations
pollSensitivity   [   9% ] 000/050 VUs  0m26.9s/5m0s  1.00 iters/s

running (0m28.0s), 000/050 VUs, 28 complete and 0 interrupted iterations
pollSensitivity   [   9% ] 000/050 VUs  0m27.9s/5m0s  1.00 iters/s

running (0m29.0s), 000/050 VUs, 29 complete and 0 interrupted iterations
pollSensitivity   [  10% ] 000/050 VUs  0m28.9s/5m0s  1.00 iters/s

running (0m30.0s), 000/050 VUs, 30 complete and 0 interrupted iterations
pollSensitivity   [  10% ] 000/050 VUs  0m29.9s/5m0s  1.00 iters/s

running (0m31.0s), 000/050 VUs, 31 complete and 0 interrupted iterations
pollSensitivity   [  10% ] 000/050 VUs  0m30.9s/5m0s  1.00 iters/s

running (0m32.0s), 000/050 VUs, 32 complete and 0 interrupted iterations
pollSensitivity   [  11% ] 000/050 VUs  0m31.9s/5m0s  1.00 iters/s

running (0m33.0s), 000/050 VUs, 33 complete and 0 interrupted iterations
pollSensitivity   [  11% ] 000/050 VUs  0m32.9s/5m0s  1.00 iters/s

running (0m34.0s), 000/050 VUs, 34 complete and 0 interrupted iterations
pollSensitivity   [  11% ] 000/050 VUs  0m33.9s/5m0s  1.00 iters/s

running (0m35.0s), 000/050 VUs, 35 complete and 0 interrupted iterations
pollSensitivity   [  12% ] 000/050 VUs  0m34.9s/5m0s  1.00 iters/s

running (0m36.0s), 000/050 VUs, 36 complete and 0 interrupted iterations
pollSensitivity   [  12% ] 000/050 VUs  0m35.9s/5m0s  1.00 iters/s

running (0m37.0s), 000/050 VUs, 37 complete and 0 interrupted iterations
pollSensitivity   [  12% ] 000/050 VUs  0m36.9s/5m0s  1.00 iters/s

running (0m38.0s), 000/050 VUs, 38 complete and 0 interrupted iterations
pollSensitivity   [  13% ] 000/050 VUs  0m37.9s/5m0s  1.00 iters/s

running (0m39.0s), 000/050 VUs, 39 complete and 0 interrupted iterations
pollSensitivity   [  13% ] 000/050 VUs  0m38.9s/5m0s  1.00 iters/s

running (0m40.0s), 000/050 VUs, 40 complete and 0 interrupted iterations
pollSensitivity   [  13% ] 000/050 VUs  0m39.9s/5m0s  1.00 iters/s

running (0m41.0s), 000/050 VUs, 41 complete and 0 interrupted iterations
pollSensitivity   [  14% ] 000/050 VUs  0m40.9s/5m0s  1.00 iters/s

running (0m42.0s), 000/050 VUs, 42 complete and 0 interrupted iterations
pollSensitivity   [  14% ] 000/050 VUs  0m41.9s/5m0s  1.00 iters/s

running (0m43.0s), 000/050 VUs, 43 complete and 0 interrupted iterations
pollSensitivity   [  14% ] 000/050 VUs  0m42.9s/5m0s  1.00 iters/s

running (0m44.0s), 000/050 VUs, 44 complete and 0 interrupted iterations
pollSensitivity   [  15% ] 000/050 VUs  0m43.9s/5m0s  1.00 iters/s

running (0m45.0s), 000/050 VUs, 45 complete and 0 interrupted iterations
pollSensitivity   [  15% ] 000/050 VUs  0m44.9s/5m0s  1.00 iters/s

running (0m46.0s), 000/050 VUs, 46 complete and 0 interrupted iterations
pollSensitivity   [  15% ] 000/050 VUs  0m45.9s/5m0s  1.00 iters/s

running (0m47.0s), 000/050 VUs, 47 complete and 0 interrupted iterations
pollSensitivity   [  16% ] 000/050 VUs  0m46.9s/5m0s  1.00 iters/s

running (0m48.0s), 000/050 VUs, 48 complete and 0 interrupted iterations
pollSensitivity   [  16% ] 000/050 VUs  0m47.9s/5m0s  1.00 iters/s

running (0m49.0s), 000/050 VUs, 49 complete and 0 interrupted iterations
pollSensitivity   [  16% ] 000/050 VUs  0m48.9s/5m0s  1.00 iters/s

running (0m50.0s), 000/050 VUs, 50 complete and 0 interrupted iterations
pollSensitivity   [  17% ] 000/050 VUs  0m49.9s/5m0s  1.00 iters/s

running (0m51.0s), 000/050 VUs, 51 complete and 0 interrupted iterations
pollSensitivity   [  17% ] 000/050 VUs  0m50.9s/5m0s  1.00 iters/s

running (0m52.0s), 000/050 VUs, 52 complete and 0 interrupted iterations
pollSensitivity   [  17% ] 000/050 VUs  0m51.9s/5m0s  1.00 iters/s

running (0m53.0s), 000/050 VUs, 53 complete and 0 interrupted iterations
pollSensitivity   [  18% ] 000/050 VUs  0m52.9s/5m0s  1.00 iters/s

running (0m54.0s), 000/050 VUs, 54 complete and 0 interrupted iterations
pollSensitivity   [  18% ] 000/050 VUs  0m53.9s/5m0s  1.00 iters/s

running (0m55.0s), 000/050 VUs, 55 complete and 0 interrupted iterations
pollSensitivity   [  18% ] 000/050 VUs  0m54.9s/5m0s  1.00 iters/s

running (0m56.0s), 000/050 VUs, 56 complete and 0 interrupted iterations
pollSensitivity   [  19% ] 000/050 VUs  0m55.9s/5m0s  1.00 iters/s

running (0m57.0s), 000/050 VUs, 57 complete and 0 interrupted iterations
pollSensitivity   [  19% ] 000/050 VUs  0m56.9s/5m0s  1.00 iters/s

running (0m58.0s), 000/050 VUs, 58 complete and 0 interrupted iterations
pollSensitivity   [  19% ] 000/050 VUs  0m57.9s/5m0s  1.00 iters/s

running (0m59.0s), 000/050 VUs, 59 complete and 0 interrupted iterations
pollSensitivity   [  20% ] 000/050 VUs  0m58.9s/5m0s  1.00 iters/s

running (1m00.0s), 000/050 VUs, 60 complete and 0 interrupted iterations
pollSensitivity   [  20% ] 000/050 VUs  0m59.9s/5m0s  1.00 iters/s

running (1m01.0s), 000/050 VUs, 61 complete and 0 interrupted iterations
pollSensitivity   [  20% ] 000/050 VUs  1m00.9s/5m0s  1.00 iters/s

running (1m02.0s), 000/050 VUs, 62 complete and 0 interrupted iterations
pollSensitivity   [  21% ] 000/050 VUs  1m01.9s/5m0s  1.00 iters/s

running (1m03.0s), 000/050 VUs, 63 complete and 0 interrupted iterations
pollSensitivity   [  21% ] 000/050 VUs  1m02.9s/5m0s  1.00 iters/s

running (1m04.0s), 000/050 VUs, 64 complete and 0 interrupted iterations
pollSensitivity   [  21% ] 000/050 VUs  1m03.9s/5m0s  1.00 iters/s

running (1m05.0s), 000/050 VUs, 65 complete and 0 interrupted iterations
pollSensitivity   [  22% ] 000/050 VUs  1m04.9s/5m0s  1.00 iters/s

running (1m06.0s), 000/050 VUs, 66 complete and 0 interrupted iterations
pollSensitivity   [  22% ] 000/050 VUs  1m05.9s/5m0s  1.00 iters/s

running (1m07.0s), 000/050 VUs, 67 complete and 0 interrupted iterations
pollSensitivity   [  22% ] 000/050 VUs  1m06.9s/5m0s  1.00 iters/s

running (1m08.0s), 000/050 VUs, 68 complete and 0 interrupted iterations
pollSensitivity   [  23% ] 000/050 VUs  1m07.9s/5m0s  1.00 iters/s

running (1m09.0s), 000/050 VUs, 69 complete and 0 interrupted iterations
pollSensitivity   [  23% ] 000/050 VUs  1m08.9s/5m0s  1.00 iters/s

running (1m10.0s), 000/050 VUs, 70 complete and 0 interrupted iterations
pollSensitivity   [  23% ] 000/050 VUs  1m09.9s/5m0s  1.00 iters/s

running (1m11.0s), 000/050 VUs, 71 complete and 0 interrupted iterations
pollSensitivity   [  24% ] 000/050 VUs  1m10.9s/5m0s  1.00 iters/s

running (1m12.0s), 000/050 VUs, 72 complete and 0 interrupted iterations
pollSensitivity   [  24% ] 000/050 VUs  1m11.9s/5m0s  1.00 iters/s

running (1m13.0s), 000/050 VUs, 73 complete and 0 interrupted iterations
pollSensitivity   [  24% ] 000/050 VUs  1m12.9s/5m0s  1.00 iters/s

running (1m14.0s), 000/050 VUs, 74 complete and 0 interrupted iterations
pollSensitivity   [  25% ] 000/050 VUs  1m13.9s/5m0s  1.00 iters/s

running (1m15.0s), 000/050 VUs, 75 complete and 0 interrupted iterations
pollSensitivity   [  25% ] 000/050 VUs  1m14.9s/5m0s  1.00 iters/s

running (1m16.0s), 000/050 VUs, 76 complete and 0 interrupted iterations
pollSensitivity   [  25% ] 000/050 VUs  1m15.9s/5m0s  1.00 iters/s

running (1m17.0s), 000/050 VUs, 77 complete and 0 interrupted iterations
pollSensitivity   [  26% ] 000/050 VUs  1m16.9s/5m0s  1.00 iters/s

running (1m18.0s), 000/050 VUs, 78 complete and 0 interrupted iterations
pollSensitivity   [  26% ] 000/050 VUs  1m17.9s/5m0s  1.00 iters/s

running (1m19.0s), 000/050 VUs, 79 complete and 0 interrupted iterations
pollSensitivity   [  26% ] 000/050 VUs  1m18.9s/5m0s  1.00 iters/s

running (1m20.0s), 000/050 VUs, 80 complete and 0 interrupted iterations
pollSensitivity   [  27% ] 000/050 VUs  1m19.9s/5m0s  1.00 iters/s

running (1m21.0s), 000/050 VUs, 81 complete and 0 interrupted iterations
pollSensitivity   [  27% ] 000/050 VUs  1m20.9s/5m0s  1.00 iters/s

running (1m22.0s), 000/050 VUs, 82 complete and 0 interrupted iterations
pollSensitivity   [  27% ] 000/050 VUs  1m21.9s/5m0s  1.00 iters/s

running (1m23.0s), 000/050 VUs, 83 complete and 0 interrupted iterations
pollSensitivity   [  28% ] 000/050 VUs  1m22.9s/5m0s  1.00 iters/s

running (1m24.0s), 000/050 VUs, 84 complete and 0 interrupted iterations
pollSensitivity   [  28% ] 000/050 VUs  1m23.9s/5m0s  1.00 iters/s

running (1m25.0s), 000/050 VUs, 85 complete and 0 interrupted iterations
pollSensitivity   [  28% ] 000/050 VUs  1m24.9s/5m0s  1.00 iters/s

running (1m26.0s), 000/050 VUs, 86 complete and 0 interrupted iterations
pollSensitivity   [  29% ] 000/050 VUs  1m25.9s/5m0s  1.00 iters/s

running (1m27.0s), 000/050 VUs, 87 complete and 0 interrupted iterations
pollSensitivity   [  29% ] 000/050 VUs  1m26.9s/5m0s  1.00 iters/s

running (1m28.0s), 000/050 VUs, 88 complete and 0 interrupted iterations
pollSensitivity   [  29% ] 000/050 VUs  1m27.9s/5m0s  1.00 iters/s

running (1m29.0s), 000/050 VUs, 89 complete and 0 interrupted iterations
pollSensitivity   [  30% ] 000/050 VUs  1m28.9s/5m0s  1.00 iters/s

running (1m30.0s), 000/050 VUs, 90 complete and 0 interrupted iterations
pollSensitivity   [  30% ] 000/050 VUs  1m29.9s/5m0s  1.00 iters/s

running (1m31.0s), 000/050 VUs, 91 complete and 0 interrupted iterations
pollSensitivity   [  30% ] 000/050 VUs  1m30.9s/5m0s  1.00 iters/s

running (1m32.0s), 000/050 VUs, 92 complete and 0 interrupted iterations
pollSensitivity   [  31% ] 000/050 VUs  1m31.9s/5m0s  1.00 iters/s

running (1m33.0s), 000/050 VUs, 93 complete and 0 interrupted iterations
pollSensitivity   [  31% ] 000/050 VUs  1m32.9s/5m0s  1.00 iters/s

running (1m34.0s), 000/050 VUs, 94 complete and 0 interrupted iterations
pollSensitivity   [  31% ] 000/050 VUs  1m33.9s/5m0s  1.00 iters/s

running (1m35.0s), 000/050 VUs, 95 complete and 0 interrupted iterations
pollSensitivity   [  32% ] 000/050 VUs  1m34.9s/5m0s  1.00 iters/s

running (1m36.0s), 000/050 VUs, 96 complete and 0 interrupted iterations
pollSensitivity   [  32% ] 000/050 VUs  1m35.9s/5m0s  1.00 iters/s

running (1m37.0s), 000/050 VUs, 97 complete and 0 interrupted iterations
pollSensitivity   [  32% ] 000/050 VUs  1m36.9s/5m0s  1.00 iters/s

running (1m38.0s), 000/050 VUs, 98 complete and 0 interrupted iterations
pollSensitivity   [  33% ] 000/050 VUs  1m37.9s/5m0s  1.00 iters/s

running (1m39.0s), 000/050 VUs, 99 complete and 0 interrupted iterations
pollSensitivity   [  33% ] 000/050 VUs  1m38.9s/5m0s  1.00 iters/s

running (1m40.0s), 000/050 VUs, 100 complete and 0 interrupted iterations
pollSensitivity   [  33% ] 000/050 VUs  1m39.9s/5m0s  1.00 iters/s

running (1m41.0s), 000/050 VUs, 101 complete and 0 interrupted iterations
pollSensitivity   [  34% ] 000/050 VUs  1m40.9s/5m0s  1.00 iters/s

running (1m42.0s), 000/050 VUs, 102 complete and 0 interrupted iterations
pollSensitivity   [  34% ] 000/050 VUs  1m41.9s/5m0s  1.00 iters/s

running (1m43.0s), 000/050 VUs, 103 complete and 0 interrupted iterations
pollSensitivity   [  34% ] 000/050 VUs  1m42.9s/5m0s  1.00 iters/s

running (1m44.0s), 000/050 VUs, 104 complete and 0 interrupted iterations
pollSensitivity   [  35% ] 000/050 VUs  1m43.9s/5m0s  1.00 iters/s

running (1m45.0s), 000/050 VUs, 105 complete and 0 interrupted iterations
pollSensitivity   [  35% ] 000/050 VUs  1m44.9s/5m0s  1.00 iters/s

running (1m46.0s), 000/050 VUs, 106 complete and 0 interrupted iterations
pollSensitivity   [  35% ] 000/050 VUs  1m45.9s/5m0s  1.00 iters/s

running (1m47.0s), 000/050 VUs, 107 complete and 0 interrupted iterations
pollSensitivity   [  36% ] 000/050 VUs  1m46.9s/5m0s  1.00 iters/s

running (1m48.0s), 000/050 VUs, 108 complete and 0 interrupted iterations
pollSensitivity   [  36% ] 000/050 VUs  1m47.9s/5m0s  1.00 iters/s

running (1m49.0s), 000/050 VUs, 109 complete and 0 interrupted iterations
pollSensitivity   [  36% ] 000/050 VUs  1m48.9s/5m0s  1.00 iters/s

running (1m50.0s), 000/050 VUs, 110 complete and 0 interrupted iterations
pollSensitivity   [  37% ] 000/050 VUs  1m49.9s/5m0s  1.00 iters/s

running (1m51.0s), 000/050 VUs, 111 complete and 0 interrupted iterations
pollSensitivity   [  37% ] 000/050 VUs  1m50.9s/5m0s  1.00 iters/s

running (1m52.0s), 000/050 VUs, 112 complete and 0 interrupted iterations
pollSensitivity   [  37% ] 000/050 VUs  1m51.9s/5m0s  1.00 iters/s

running (1m53.0s), 000/050 VUs, 113 complete and 0 interrupted iterations
pollSensitivity   [  38% ] 000/050 VUs  1m52.9s/5m0s  1.00 iters/s

running (1m54.0s), 000/050 VUs, 114 complete and 0 interrupted iterations
pollSensitivity   [  38% ] 000/050 VUs  1m53.9s/5m0s  1.00 iters/s

running (1m55.0s), 000/050 VUs, 115 complete and 0 interrupted iterations
pollSensitivity   [  38% ] 000/050 VUs  1m54.9s/5m0s  1.00 iters/s

running (1m56.0s), 000/050 VUs, 116 complete and 0 interrupted iterations
pollSensitivity   [  39% ] 000/050 VUs  1m55.9s/5m0s  1.00 iters/s

running (1m57.0s), 000/050 VUs, 117 complete and 0 interrupted iterations
pollSensitivity   [  39% ] 000/050 VUs  1m56.9s/5m0s  1.00 iters/s

running (1m58.0s), 000/050 VUs, 118 complete and 0 interrupted iterations
pollSensitivity   [  39% ] 000/050 VUs  1m57.9s/5m0s  1.00 iters/s

running (1m59.0s), 000/050 VUs, 119 complete and 0 interrupted iterations
pollSensitivity   [  40% ] 000/050 VUs  1m58.9s/5m0s  1.00 iters/s

running (2m00.0s), 000/050 VUs, 120 complete and 0 interrupted iterations
pollSensitivity   [  40% ] 000/050 VUs  1m59.9s/5m0s  1.00 iters/s

running (2m01.0s), 000/050 VUs, 121 complete and 0 interrupted iterations
pollSensitivity   [  40% ] 000/050 VUs  2m00.9s/5m0s  1.00 iters/s

running (2m02.0s), 000/050 VUs, 122 complete and 0 interrupted iterations
pollSensitivity   [  41% ] 000/050 VUs  2m01.9s/5m0s  1.00 iters/s

running (2m03.0s), 000/050 VUs, 123 complete and 0 interrupted iterations
pollSensitivity   [  41% ] 000/050 VUs  2m02.9s/5m0s  1.00 iters/s

running (2m04.0s), 000/050 VUs, 124 complete and 0 interrupted iterations
pollSensitivity   [  41% ] 000/050 VUs  2m03.9s/5m0s  1.00 iters/s

running (2m05.0s), 000/050 VUs, 125 complete and 0 interrupted iterations
pollSensitivity   [  42% ] 000/050 VUs  2m04.9s/5m0s  1.00 iters/s

running (2m06.0s), 000/050 VUs, 126 complete and 0 interrupted iterations
pollSensitivity   [  42% ] 000/050 VUs  2m05.9s/5m0s  1.00 iters/s

running (2m07.0s), 000/050 VUs, 127 complete and 0 interrupted iterations
pollSensitivity   [  42% ] 000/050 VUs  2m06.9s/5m0s  1.00 iters/s

running (2m08.0s), 000/050 VUs, 128 complete and 0 interrupted iterations
pollSensitivity   [  43% ] 000/050 VUs  2m07.9s/5m0s  1.00 iters/s

running (2m09.0s), 000/050 VUs, 129 complete and 0 interrupted iterations
pollSensitivity   [  43% ] 000/050 VUs  2m08.9s/5m0s  1.00 iters/s

running (2m10.0s), 000/050 VUs, 130 complete and 0 interrupted iterations
pollSensitivity   [  43% ] 000/050 VUs  2m09.9s/5m0s  1.00 iters/s

running (2m11.0s), 000/050 VUs, 131 complete and 0 interrupted iterations
pollSensitivity   [  44% ] 000/050 VUs  2m10.9s/5m0s  1.00 iters/s

running (2m12.0s), 000/050 VUs, 132 complete and 0 interrupted iterations
pollSensitivity   [  44% ] 000/050 VUs  2m11.9s/5m0s  1.00 iters/s

running (2m13.0s), 000/050 VUs, 133 complete and 0 interrupted iterations
pollSensitivity   [  44% ] 000/050 VUs  2m12.9s/5m0s  1.00 iters/s

running (2m14.0s), 000/050 VUs, 134 complete and 0 interrupted iterations
pollSensitivity   [  45% ] 000/050 VUs  2m13.9s/5m0s  1.00 iters/s

running (2m15.0s), 000/050 VUs, 135 complete and 0 interrupted iterations
pollSensitivity   [  45% ] 000/050 VUs  2m14.9s/5m0s  1.00 iters/s

running (2m16.0s), 000/050 VUs, 136 complete and 0 interrupted iterations
pollSensitivity   [  45% ] 000/050 VUs  2m15.9s/5m0s  1.00 iters/s

running (2m17.0s), 000/050 VUs, 137 complete and 0 interrupted iterations
pollSensitivity   [  46% ] 000/050 VUs  2m16.9s/5m0s  1.00 iters/s

running (2m18.0s), 000/050 VUs, 138 complete and 0 interrupted iterations
pollSensitivity   [  46% ] 000/050 VUs  2m17.9s/5m0s  1.00 iters/s

running (2m19.0s), 000/050 VUs, 139 complete and 0 interrupted iterations
pollSensitivity   [  46% ] 000/050 VUs  2m18.9s/5m0s  1.00 iters/s

running (2m20.0s), 000/050 VUs, 140 complete and 0 interrupted iterations
pollSensitivity   [  47% ] 000/050 VUs  2m19.9s/5m0s  1.00 iters/s

running (2m21.0s), 000/050 VUs, 141 complete and 0 interrupted iterations
pollSensitivity   [  47% ] 000/050 VUs  2m20.9s/5m0s  1.00 iters/s

running (2m22.0s), 000/050 VUs, 142 complete and 0 interrupted iterations
pollSensitivity   [  47% ] 000/050 VUs  2m21.9s/5m0s  1.00 iters/s

running (2m23.0s), 000/050 VUs, 143 complete and 0 interrupted iterations
pollSensitivity   [  48% ] 000/050 VUs  2m22.9s/5m0s  1.00 iters/s

running (2m24.0s), 000/050 VUs, 144 complete and 0 interrupted iterations
pollSensitivity   [  48% ] 000/050 VUs  2m23.9s/5m0s  1.00 iters/s

running (2m25.0s), 000/050 VUs, 145 complete and 0 interrupted iterations
pollSensitivity   [  48% ] 000/050 VUs  2m24.9s/5m0s  1.00 iters/s

running (2m26.0s), 000/050 VUs, 146 complete and 0 interrupted iterations
pollSensitivity   [  49% ] 000/050 VUs  2m25.9s/5m0s  1.00 iters/s

running (2m27.0s), 000/050 VUs, 147 complete and 0 interrupted iterations
pollSensitivity   [  49% ] 000/050 VUs  2m26.9s/5m0s  1.00 iters/s

running (2m28.0s), 000/050 VUs, 148 complete and 0 interrupted iterations
pollSensitivity   [  49% ] 000/050 VUs  2m27.9s/5m0s  1.00 iters/s

running (2m29.0s), 000/050 VUs, 149 complete and 0 interrupted iterations
pollSensitivity   [  50% ] 000/050 VUs  2m28.9s/5m0s  1.00 iters/s

running (2m30.0s), 000/050 VUs, 150 complete and 0 interrupted iterations
pollSensitivity   [  50% ] 000/050 VUs  2m29.9s/5m0s  1.00 iters/s

running (2m31.0s), 000/050 VUs, 151 complete and 0 interrupted iterations
pollSensitivity   [  50% ] 000/050 VUs  2m30.9s/5m0s  1.00 iters/s

running (2m32.0s), 000/050 VUs, 152 complete and 0 interrupted iterations
pollSensitivity   [  51% ] 000/050 VUs  2m31.9s/5m0s  1.00 iters/s

running (2m33.0s), 000/050 VUs, 153 complete and 0 interrupted iterations
pollSensitivity   [  51% ] 000/050 VUs  2m32.9s/5m0s  1.00 iters/s

running (2m34.0s), 000/050 VUs, 154 complete and 0 interrupted iterations
pollSensitivity   [  51% ] 000/050 VUs  2m33.9s/5m0s  1.00 iters/s

running (2m35.0s), 000/050 VUs, 155 complete and 0 interrupted iterations
pollSensitivity   [  52% ] 000/050 VUs  2m34.9s/5m0s  1.00 iters/s

running (2m36.0s), 000/050 VUs, 156 complete and 0 interrupted iterations
pollSensitivity   [  52% ] 000/050 VUs  2m35.9s/5m0s  1.00 iters/s

running (2m37.0s), 000/050 VUs, 157 complete and 0 interrupted iterations
pollSensitivity   [  52% ] 000/050 VUs  2m36.9s/5m0s  1.00 iters/s

running (2m38.0s), 000/050 VUs, 158 complete and 0 interrupted iterations
pollSensitivity   [  53% ] 000/050 VUs  2m37.9s/5m0s  1.00 iters/s

running (2m39.0s), 000/050 VUs, 159 complete and 0 interrupted iterations
pollSensitivity   [  53% ] 000/050 VUs  2m38.9s/5m0s  1.00 iters/s

running (2m40.0s), 000/050 VUs, 160 complete and 0 interrupted iterations
pollSensitivity   [  53% ] 000/050 VUs  2m39.9s/5m0s  1.00 iters/s

running (2m41.0s), 000/050 VUs, 161 complete and 0 interrupted iterations
pollSensitivity   [  54% ] 000/050 VUs  2m40.9s/5m0s  1.00 iters/s

running (2m42.0s), 000/050 VUs, 162 complete and 0 interrupted iterations
pollSensitivity   [  54% ] 000/050 VUs  2m41.9s/5m0s  1.00 iters/s

running (2m43.0s), 000/050 VUs, 163 complete and 0 interrupted iterations
pollSensitivity   [  54% ] 000/050 VUs  2m42.9s/5m0s  1.00 iters/s

running (2m44.0s), 000/050 VUs, 164 complete and 0 interrupted iterations
pollSensitivity   [  55% ] 000/050 VUs  2m43.9s/5m0s  1.00 iters/s

running (2m45.0s), 000/050 VUs, 165 complete and 0 interrupted iterations
pollSensitivity   [  55% ] 000/050 VUs  2m44.9s/5m0s  1.00 iters/s

running (2m46.0s), 000/050 VUs, 166 complete and 0 interrupted iterations
pollSensitivity   [  55% ] 000/050 VUs  2m45.9s/5m0s  1.00 iters/s

running (2m47.0s), 000/050 VUs, 167 complete and 0 interrupted iterations
pollSensitivity   [  56% ] 000/050 VUs  2m46.9s/5m0s  1.00 iters/s

running (2m48.0s), 000/050 VUs, 168 complete and 0 interrupted iterations
pollSensitivity   [  56% ] 000/050 VUs  2m47.9s/5m0s  1.00 iters/s

running (2m49.0s), 000/050 VUs, 169 complete and 0 interrupted iterations
pollSensitivity   [  56% ] 000/050 VUs  2m48.9s/5m0s  1.00 iters/s

running (2m50.0s), 000/050 VUs, 170 complete and 0 interrupted iterations
pollSensitivity   [  57% ] 000/050 VUs  2m49.9s/5m0s  1.00 iters/s

running (2m51.0s), 000/050 VUs, 171 complete and 0 interrupted iterations
pollSensitivity   [  57% ] 000/050 VUs  2m50.9s/5m0s  1.00 iters/s

running (2m52.0s), 000/050 VUs, 172 complete and 0 interrupted iterations
pollSensitivity   [  57% ] 000/050 VUs  2m51.9s/5m0s  1.00 iters/s

running (2m53.0s), 000/050 VUs, 173 complete and 0 interrupted iterations
pollSensitivity   [  58% ] 000/050 VUs  2m52.9s/5m0s  1.00 iters/s

running (2m54.0s), 000/050 VUs, 174 complete and 0 interrupted iterations
pollSensitivity   [  58% ] 000/050 VUs  2m53.9s/5m0s  1.00 iters/s

running (2m55.0s), 000/050 VUs, 175 complete and 0 interrupted iterations
pollSensitivity   [  58% ] 000/050 VUs  2m54.9s/5m0s  1.00 iters/s

running (2m56.0s), 000/050 VUs, 176 complete and 0 interrupted iterations
pollSensitivity   [  59% ] 000/050 VUs  2m55.9s/5m0s  1.00 iters/s

running (2m57.0s), 000/050 VUs, 177 complete and 0 interrupted iterations
pollSensitivity   [  59% ] 000/050 VUs  2m56.9s/5m0s  1.00 iters/s

running (2m58.0s), 000/050 VUs, 178 complete and 0 interrupted iterations
pollSensitivity   [  59% ] 000/050 VUs  2m57.9s/5m0s  1.00 iters/s

running (2m59.0s), 000/050 VUs, 179 complete and 0 interrupted iterations
pollSensitivity   [  60% ] 000/050 VUs  2m58.9s/5m0s  1.00 iters/s

running (3m00.0s), 000/050 VUs, 180 complete and 0 interrupted iterations
pollSensitivity   [  60% ] 000/050 VUs  2m59.9s/5m0s  1.00 iters/s

running (3m01.0s), 000/050 VUs, 181 complete and 0 interrupted iterations
pollSensitivity   [  60% ] 000/050 VUs  3m00.9s/5m0s  1.00 iters/s

running (3m02.0s), 000/050 VUs, 182 complete and 0 interrupted iterations
pollSensitivity   [  61% ] 000/050 VUs  3m01.9s/5m0s  1.00 iters/s

running (3m03.0s), 000/050 VUs, 183 complete and 0 interrupted iterations
pollSensitivity   [  61% ] 000/050 VUs  3m02.9s/5m0s  1.00 iters/s

running (3m04.0s), 000/050 VUs, 184 complete and 0 interrupted iterations
pollSensitivity   [  61% ] 000/050 VUs  3m03.9s/5m0s  1.00 iters/s

running (3m05.0s), 000/050 VUs, 185 complete and 0 interrupted iterations
pollSensitivity   [  62% ] 000/050 VUs  3m04.9s/5m0s  1.00 iters/s

running (3m06.0s), 000/050 VUs, 186 complete and 0 interrupted iterations
pollSensitivity   [  62% ] 000/050 VUs  3m05.9s/5m0s  1.00 iters/s

running (3m07.0s), 000/050 VUs, 187 complete and 0 interrupted iterations
pollSensitivity   [  62% ] 000/050 VUs  3m06.9s/5m0s  1.00 iters/s

running (3m08.0s), 000/050 VUs, 188 complete and 0 interrupted iterations
pollSensitivity   [  63% ] 000/050 VUs  3m07.9s/5m0s  1.00 iters/s

running (3m09.0s), 000/050 VUs, 189 complete and 0 interrupted iterations
pollSensitivity   [  63% ] 000/050 VUs  3m08.9s/5m0s  1.00 iters/s

running (3m10.0s), 000/050 VUs, 190 complete and 0 interrupted iterations
pollSensitivity   [  63% ] 000/050 VUs  3m09.9s/5m0s  1.00 iters/s

running (3m11.0s), 000/050 VUs, 191 complete and 0 interrupted iterations
pollSensitivity   [  64% ] 000/050 VUs  3m10.9s/5m0s  1.00 iters/s

running (3m12.0s), 000/050 VUs, 192 complete and 0 interrupted iterations
pollSensitivity   [  64% ] 000/050 VUs  3m11.9s/5m0s  1.00 iters/s

running (3m13.0s), 000/050 VUs, 193 complete and 0 interrupted iterations
pollSensitivity   [  64% ] 000/050 VUs  3m12.9s/5m0s  1.00 iters/s

running (3m14.0s), 000/050 VUs, 194 complete and 0 interrupted iterations
pollSensitivity   [  65% ] 000/050 VUs  3m13.9s/5m0s  1.00 iters/s

running (3m15.0s), 000/050 VUs, 195 complete and 0 interrupted iterations
pollSensitivity   [  65% ] 000/050 VUs  3m14.9s/5m0s  1.00 iters/s

running (3m16.0s), 000/050 VUs, 196 complete and 0 interrupted iterations
pollSensitivity   [  65% ] 000/050 VUs  3m15.9s/5m0s  1.00 iters/s

running (3m17.0s), 000/050 VUs, 197 complete and 0 interrupted iterations
pollSensitivity   [  66% ] 000/050 VUs  3m16.9s/5m0s  1.00 iters/s

running (3m18.0s), 000/050 VUs, 198 complete and 0 interrupted iterations
pollSensitivity   [  66% ] 000/050 VUs  3m17.9s/5m0s  1.00 iters/s

running (3m19.0s), 000/050 VUs, 199 complete and 0 interrupted iterations
pollSensitivity   [  66% ] 000/050 VUs  3m18.9s/5m0s  1.00 iters/s

running (3m20.0s), 000/050 VUs, 200 complete and 0 interrupted iterations
pollSensitivity   [  67% ] 000/050 VUs  3m19.9s/5m0s  1.00 iters/s

running (3m21.0s), 000/050 VUs, 201 complete and 0 interrupted iterations
pollSensitivity   [  67% ] 000/050 VUs  3m20.9s/5m0s  1.00 iters/s

running (3m22.0s), 000/050 VUs, 202 complete and 0 interrupted iterations
pollSensitivity   [  67% ] 000/050 VUs  3m21.9s/5m0s  1.00 iters/s

running (3m23.0s), 000/050 VUs, 203 complete and 0 interrupted iterations
pollSensitivity   [  68% ] 000/050 VUs  3m22.9s/5m0s  1.00 iters/s

running (3m24.0s), 000/050 VUs, 204 complete and 0 interrupted iterations
pollSensitivity   [  68% ] 000/050 VUs  3m23.9s/5m0s  1.00 iters/s

running (3m25.0s), 000/050 VUs, 205 complete and 0 interrupted iterations
pollSensitivity   [  68% ] 000/050 VUs  3m24.9s/5m0s  1.00 iters/s

running (3m26.0s), 000/050 VUs, 206 complete and 0 interrupted iterations
pollSensitivity   [  69% ] 000/050 VUs  3m25.9s/5m0s  1.00 iters/s

running (3m27.0s), 000/050 VUs, 207 complete and 0 interrupted iterations
pollSensitivity   [  69% ] 000/050 VUs  3m26.9s/5m0s  1.00 iters/s

running (3m28.0s), 000/050 VUs, 208 complete and 0 interrupted iterations
pollSensitivity   [  69% ] 000/050 VUs  3m27.9s/5m0s  1.00 iters/s

running (3m29.0s), 000/050 VUs, 209 complete and 0 interrupted iterations
pollSensitivity   [  70% ] 000/050 VUs  3m28.9s/5m0s  1.00 iters/s

running (3m30.0s), 000/050 VUs, 210 complete and 0 interrupted iterations
pollSensitivity   [  70% ] 000/050 VUs  3m29.9s/5m0s  1.00 iters/s

running (3m31.0s), 000/050 VUs, 211 complete and 0 interrupted iterations
pollSensitivity   [  70% ] 000/050 VUs  3m30.9s/5m0s  1.00 iters/s

running (3m32.0s), 000/050 VUs, 212 complete and 0 interrupted iterations
pollSensitivity   [  71% ] 000/050 VUs  3m31.9s/5m0s  1.00 iters/s

running (3m33.0s), 000/050 VUs, 213 complete and 0 interrupted iterations
pollSensitivity   [  71% ] 000/050 VUs  3m32.9s/5m0s  1.00 iters/s

running (3m34.0s), 000/050 VUs, 214 complete and 0 interrupted iterations
pollSensitivity   [  71% ] 000/050 VUs  3m33.9s/5m0s  1.00 iters/s

running (3m35.0s), 000/050 VUs, 215 complete and 0 interrupted iterations
pollSensitivity   [  72% ] 000/050 VUs  3m34.9s/5m0s  1.00 iters/s

running (3m36.0s), 000/050 VUs, 216 complete and 0 interrupted iterations
pollSensitivity   [  72% ] 000/050 VUs  3m35.9s/5m0s  1.00 iters/s

running (3m37.0s), 000/050 VUs, 217 complete and 0 interrupted iterations
pollSensitivity   [  72% ] 000/050 VUs  3m36.9s/5m0s  1.00 iters/s

running (3m38.0s), 000/050 VUs, 218 complete and 0 interrupted iterations
pollSensitivity   [  73% ] 000/050 VUs  3m37.9s/5m0s  1.00 iters/s

running (3m39.0s), 000/050 VUs, 219 complete and 0 interrupted iterations
pollSensitivity   [  73% ] 000/050 VUs  3m38.9s/5m0s  1.00 iters/s

running (3m40.0s), 000/050 VUs, 220 complete and 0 interrupted iterations
pollSensitivity   [  73% ] 000/050 VUs  3m39.9s/5m0s  1.00 iters/s

running (3m41.0s), 000/050 VUs, 221 complete and 0 interrupted iterations
pollSensitivity   [  74% ] 000/050 VUs  3m40.9s/5m0s  1.00 iters/s

running (3m42.0s), 000/050 VUs, 222 complete and 0 interrupted iterations
pollSensitivity   [  74% ] 000/050 VUs  3m41.9s/5m0s  1.00 iters/s

running (3m43.0s), 000/050 VUs, 223 complete and 0 interrupted iterations
pollSensitivity   [  74% ] 000/050 VUs  3m42.9s/5m0s  1.00 iters/s

running (3m44.0s), 000/050 VUs, 224 complete and 0 interrupted iterations
pollSensitivity   [  75% ] 000/050 VUs  3m43.9s/5m0s  1.00 iters/s

running (3m45.0s), 000/050 VUs, 225 complete and 0 interrupted iterations
pollSensitivity   [  75% ] 000/050 VUs  3m44.9s/5m0s  1.00 iters/s

running (3m46.0s), 000/050 VUs, 226 complete and 0 interrupted iterations
pollSensitivity   [  75% ] 000/050 VUs  3m45.9s/5m0s  1.00 iters/s

running (3m47.0s), 000/050 VUs, 227 complete and 0 interrupted iterations
pollSensitivity   [  76% ] 000/050 VUs  3m46.9s/5m0s  1.00 iters/s

running (3m48.0s), 000/050 VUs, 228 complete and 0 interrupted iterations
pollSensitivity   [  76% ] 000/050 VUs  3m47.9s/5m0s  1.00 iters/s

running (3m49.0s), 000/050 VUs, 229 complete and 0 interrupted iterations
pollSensitivity   [  76% ] 000/050 VUs  3m48.9s/5m0s  1.00 iters/s

running (3m50.0s), 000/050 VUs, 230 complete and 0 interrupted iterations
pollSensitivity   [  77% ] 000/050 VUs  3m49.9s/5m0s  1.00 iters/s

running (3m51.0s), 000/050 VUs, 231 complete and 0 interrupted iterations
pollSensitivity   [  77% ] 000/050 VUs  3m50.9s/5m0s  1.00 iters/s

running (3m52.0s), 000/050 VUs, 232 complete and 0 interrupted iterations
pollSensitivity   [  77% ] 000/050 VUs  3m51.9s/5m0s  1.00 iters/s

running (3m53.0s), 000/050 VUs, 233 complete and 0 interrupted iterations
pollSensitivity   [  78% ] 000/050 VUs  3m52.9s/5m0s  1.00 iters/s

running (3m54.0s), 000/050 VUs, 234 complete and 0 interrupted iterations
pollSensitivity   [  78% ] 000/050 VUs  3m53.9s/5m0s  1.00 iters/s

running (3m55.0s), 000/050 VUs, 235 complete and 0 interrupted iterations
pollSensitivity   [  78% ] 000/050 VUs  3m54.9s/5m0s  1.00 iters/s

running (3m56.0s), 000/050 VUs, 236 complete and 0 interrupted iterations
pollSensitivity   [  79% ] 000/050 VUs  3m55.9s/5m0s  1.00 iters/s

running (3m57.0s), 000/050 VUs, 237 complete and 0 interrupted iterations
pollSensitivity   [  79% ] 000/050 VUs  3m56.9s/5m0s  1.00 iters/s

running (3m58.0s), 000/050 VUs, 238 complete and 0 interrupted iterations
pollSensitivity   [  79% ] 000/050 VUs  3m57.9s/5m0s  1.00 iters/s

running (3m59.0s), 000/050 VUs, 239 complete and 0 interrupted iterations
pollSensitivity   [  80% ] 000/050 VUs  3m58.9s/5m0s  1.00 iters/s

running (4m00.0s), 000/050 VUs, 240 complete and 0 interrupted iterations
pollSensitivity   [  80% ] 000/050 VUs  3m59.9s/5m0s  1.00 iters/s

running (4m01.0s), 000/050 VUs, 241 complete and 0 interrupted iterations
pollSensitivity   [  80% ] 000/050 VUs  4m00.9s/5m0s  1.00 iters/s

running (4m02.0s), 000/050 VUs, 242 complete and 0 interrupted iterations
pollSensitivity   [  81% ] 000/050 VUs  4m01.9s/5m0s  1.00 iters/s

running (4m03.0s), 000/050 VUs, 243 complete and 0 interrupted iterations
pollSensitivity   [  81% ] 000/050 VUs  4m02.9s/5m0s  1.00 iters/s

running (4m04.0s), 000/050 VUs, 244 complete and 0 interrupted iterations
pollSensitivity   [  81% ] 000/050 VUs  4m03.9s/5m0s  1.00 iters/s

running (4m05.0s), 000/050 VUs, 245 complete and 0 interrupted iterations
pollSensitivity   [  82% ] 000/050 VUs  4m04.9s/5m0s  1.00 iters/s

running (4m06.0s), 000/050 VUs, 246 complete and 0 interrupted iterations
pollSensitivity   [  82% ] 000/050 VUs  4m05.9s/5m0s  1.00 iters/s

running (4m07.0s), 000/050 VUs, 247 complete and 0 interrupted iterations
pollSensitivity   [  82% ] 000/050 VUs  4m06.9s/5m0s  1.00 iters/s

running (4m08.0s), 000/050 VUs, 248 complete and 0 interrupted iterations
pollSensitivity   [  83% ] 000/050 VUs  4m07.9s/5m0s  1.00 iters/s

running (4m09.0s), 000/050 VUs, 249 complete and 0 interrupted iterations
pollSensitivity   [  83% ] 000/050 VUs  4m08.9s/5m0s  1.00 iters/s

running (4m10.0s), 000/050 VUs, 250 complete and 0 interrupted iterations
pollSensitivity   [  83% ] 000/050 VUs  4m09.9s/5m0s  1.00 iters/s

running (4m11.0s), 000/050 VUs, 251 complete and 0 interrupted iterations
pollSensitivity   [  84% ] 000/050 VUs  4m10.9s/5m0s  1.00 iters/s

running (4m12.0s), 000/050 VUs, 252 complete and 0 interrupted iterations
pollSensitivity   [  84% ] 000/050 VUs  4m11.9s/5m0s  1.00 iters/s

running (4m13.0s), 000/050 VUs, 253 complete and 0 interrupted iterations
pollSensitivity   [  84% ] 000/050 VUs  4m12.9s/5m0s  1.00 iters/s

running (4m14.0s), 000/050 VUs, 254 complete and 0 interrupted iterations
pollSensitivity   [  85% ] 000/050 VUs  4m13.9s/5m0s  1.00 iters/s

running (4m15.0s), 000/050 VUs, 255 complete and 0 interrupted iterations
pollSensitivity   [  85% ] 000/050 VUs  4m14.9s/5m0s  1.00 iters/s

running (4m16.0s), 000/050 VUs, 256 complete and 0 interrupted iterations
pollSensitivity   [  85% ] 000/050 VUs  4m15.9s/5m0s  1.00 iters/s

running (4m17.0s), 000/050 VUs, 257 complete and 0 interrupted iterations
pollSensitivity   [  86% ] 000/050 VUs  4m16.9s/5m0s  1.00 iters/s

running (4m18.0s), 000/050 VUs, 258 complete and 0 interrupted iterations
pollSensitivity   [  86% ] 000/050 VUs  4m17.9s/5m0s  1.00 iters/s

running (4m19.0s), 000/050 VUs, 259 complete and 0 interrupted iterations
pollSensitivity   [  86% ] 000/050 VUs  4m18.9s/5m0s  1.00 iters/s

running (4m20.0s), 000/050 VUs, 260 complete and 0 interrupted iterations
pollSensitivity   [  87% ] 000/050 VUs  4m19.9s/5m0s  1.00 iters/s

running (4m21.0s), 000/050 VUs, 261 complete and 0 interrupted iterations
pollSensitivity   [  87% ] 000/050 VUs  4m20.9s/5m0s  1.00 iters/s

running (4m22.0s), 000/050 VUs, 262 complete and 0 interrupted iterations
pollSensitivity   [  87% ] 000/050 VUs  4m21.9s/5m0s  1.00 iters/s

running (4m23.0s), 000/050 VUs, 263 complete and 0 interrupted iterations
pollSensitivity   [  88% ] 000/050 VUs  4m22.9s/5m0s  1.00 iters/s

running (4m24.0s), 000/050 VUs, 264 complete and 0 interrupted iterations
pollSensitivity   [  88% ] 000/050 VUs  4m23.9s/5m0s  1.00 iters/s

running (4m25.0s), 000/050 VUs, 265 complete and 0 interrupted iterations
pollSensitivity   [  88% ] 000/050 VUs  4m24.9s/5m0s  1.00 iters/s

running (4m26.0s), 000/050 VUs, 266 complete and 0 interrupted iterations
pollSensitivity   [  89% ] 000/050 VUs  4m25.9s/5m0s  1.00 iters/s

running (4m27.0s), 000/050 VUs, 267 complete and 0 interrupted iterations
pollSensitivity   [  89% ] 000/050 VUs  4m26.9s/5m0s  1.00 iters/s

running (4m28.0s), 000/050 VUs, 268 complete and 0 interrupted iterations
pollSensitivity   [  89% ] 000/050 VUs  4m27.9s/5m0s  1.00 iters/s

running (4m29.0s), 000/050 VUs, 269 complete and 0 interrupted iterations
pollSensitivity   [  90% ] 000/050 VUs  4m28.9s/5m0s  1.00 iters/s

running (4m30.0s), 000/050 VUs, 270 complete and 0 interrupted iterations
pollSensitivity   [  90% ] 000/050 VUs  4m29.9s/5m0s  1.00 iters/s

running (4m31.0s), 000/050 VUs, 271 complete and 0 interrupted iterations
pollSensitivity   [  90% ] 000/050 VUs  4m30.9s/5m0s  1.00 iters/s

running (4m32.0s), 000/050 VUs, 272 complete and 0 interrupted iterations
pollSensitivity   [  91% ] 000/050 VUs  4m31.9s/5m0s  1.00 iters/s

running (4m33.0s), 000/050 VUs, 273 complete and 0 interrupted iterations
pollSensitivity   [  91% ] 000/050 VUs  4m32.9s/5m0s  1.00 iters/s

running (4m34.0s), 000/050 VUs, 274 complete and 0 interrupted iterations
pollSensitivity   [  91% ] 000/050 VUs  4m33.9s/5m0s  1.00 iters/s

running (4m35.0s), 000/050 VUs, 275 complete and 0 interrupted iterations
pollSensitivity   [  92% ] 000/050 VUs  4m34.9s/5m0s  1.00 iters/s

running (4m36.0s), 000/050 VUs, 276 complete and 0 interrupted iterations
pollSensitivity   [  92% ] 000/050 VUs  4m35.9s/5m0s  1.00 iters/s

running (4m37.0s), 000/050 VUs, 277 complete and 0 interrupted iterations
pollSensitivity   [  92% ] 000/050 VUs  4m36.9s/5m0s  1.00 iters/s

running (4m38.0s), 000/050 VUs, 278 complete and 0 interrupted iterations
pollSensitivity   [  93% ] 000/050 VUs  4m37.9s/5m0s  1.00 iters/s

running (4m39.0s), 000/050 VUs, 279 complete and 0 interrupted iterations
pollSensitivity   [  93% ] 000/050 VUs  4m38.9s/5m0s  1.00 iters/s

running (4m40.0s), 000/050 VUs, 280 complete and 0 interrupted iterations
pollSensitivity   [  93% ] 000/050 VUs  4m39.9s/5m0s  1.00 iters/s

running (4m41.0s), 000/050 VUs, 281 complete and 0 interrupted iterations
pollSensitivity   [  94% ] 000/050 VUs  4m40.9s/5m0s  1.00 iters/s

running (4m42.0s), 000/050 VUs, 282 complete and 0 interrupted iterations
pollSensitivity   [  94% ] 000/050 VUs  4m41.9s/5m0s  1.00 iters/s

running (4m43.0s), 000/050 VUs, 283 complete and 0 interrupted iterations
pollSensitivity   [  94% ] 000/050 VUs  4m42.9s/5m0s  1.00 iters/s

running (4m44.0s), 000/050 VUs, 284 complete and 0 interrupted iterations
pollSensitivity   [  95% ] 000/050 VUs  4m43.9s/5m0s  1.00 iters/s

running (4m45.0s), 000/050 VUs, 285 complete and 0 interrupted iterations
pollSensitivity   [  95% ] 000/050 VUs  4m44.9s/5m0s  1.00 iters/s

running (4m46.0s), 000/050 VUs, 286 complete and 0 interrupted iterations
pollSensitivity   [  95% ] 000/050 VUs  4m45.9s/5m0s  1.00 iters/s

running (4m47.0s), 000/050 VUs, 287 complete and 0 interrupted iterations
pollSensitivity   [  96% ] 000/050 VUs  4m46.9s/5m0s  1.00 iters/s

running (4m48.0s), 000/050 VUs, 288 complete and 0 interrupted iterations
pollSensitivity   [  96% ] 000/050 VUs  4m47.9s/5m0s  1.00 iters/s

running (4m49.0s), 000/050 VUs, 289 complete and 0 interrupted iterations
pollSensitivity   [  96% ] 000/050 VUs  4m48.9s/5m0s  1.00 iters/s

running (4m50.0s), 000/050 VUs, 290 complete and 0 interrupted iterations
pollSensitivity   [  97% ] 000/050 VUs  4m49.9s/5m0s  1.00 iters/s

running (4m51.0s), 000/050 VUs, 291 complete and 0 interrupted iterations
pollSensitivity   [  97% ] 000/050 VUs  4m50.9s/5m0s  1.00 iters/s

running (4m52.0s), 000/050 VUs, 292 complete and 0 interrupted iterations
pollSensitivity   [  97% ] 000/050 VUs  4m51.9s/5m0s  1.00 iters/s

running (4m53.0s), 000/050 VUs, 293 complete and 0 interrupted iterations
pollSensitivity   [  98% ] 000/050 VUs  4m52.9s/5m0s  1.00 iters/s

running (4m54.0s), 000/050 VUs, 294 complete and 0 interrupted iterations
pollSensitivity   [  98% ] 000/050 VUs  4m53.9s/5m0s  1.00 iters/s

running (4m55.0s), 000/050 VUs, 295 complete and 0 interrupted iterations
pollSensitivity   [  98% ] 000/050 VUs  4m54.9s/5m0s  1.00 iters/s

running (4m56.0s), 000/050 VUs, 296 complete and 0 interrupted iterations
pollSensitivity   [  99% ] 000/050 VUs  4m55.9s/5m0s  1.00 iters/s

running (4m57.0s), 000/050 VUs, 297 complete and 0 interrupted iterations
pollSensitivity   [  99% ] 000/050 VUs  4m56.9s/5m0s  1.00 iters/s

running (4m58.0s), 000/050 VUs, 298 complete and 0 interrupted iterations
pollSensitivity   [  99% ] 000/050 VUs  4m57.9s/5m0s  1.00 iters/s

running (4m59.0s), 000/050 VUs, 299 complete and 0 interrupted iterations
pollSensitivity   [ 100% ] 000/050 VUs  4m58.9s/5m0s  1.00 iters/s

running (5m00.0s), 000/050 VUs, 300 complete and 0 interrupted iterations
pollSensitivity   [ 100% ] 000/050 VUs  4m59.9s/5m0s  1.00 iters/s

================ DSP benchmark summary ================
-- per-phase latency --
  catalog                    p50=18.4 ms  p95=20.4 ms  p99=26.3 ms  max=26.5 ms  n=300
  negotiation init (POST)    p50=10.0 ms  p95=10.2 ms  p99=16.8 ms  max=17.7 ms  n=300
  time-to-AGREED (async)     p50=254.0 ms  p95=254.0 ms  p99=254.0 ms  max=256.0 ms  n=300
  transfer init (POST)       p50=11.7 ms  p95=12.9 ms  p99=14.3 ms  max=19.5 ms  n=300
  time-to-EDR (async)        p50=253.0 ms  p95=253.0 ms  p99=254.0 ms  max=254.0 ms  n=300
  data pull                  p50=6.3 ms  p95=7.3 ms  p99=7.8 ms  max=9.3 ms  n=300
-- end-to-end + throughput --
  e2e transaction            p50=814.0 ms  p95=819.0 ms  p99=824.0 ms  max=826.0 ms  n=300
  data throughput (MB/s)     p50=0.0  p95=0.0  p99=0.0  max=0.0  n=300
-- outcomes --
  transactions succeeded     count=300  rate=1.000/s
  transactions failed        (no data)
  failed rate                rate=0.00%  (pass=0 fail=300)
    of which TERMINATED      (no data)
    of which TIMED OUT       (no data)
    of which HTTP-FAILED     (no data)
  failure accounting       (no failures)
-- observer effect (poll load) --
  negotiation polls          count=600  rate=1.999/s
  edr polls                  count=600  rate=1.999/s
  polls per transaction     negotiation=2.0  edr=2.0  (timeout ceiling=120)
=======================================================
(full summary -> /home/rohitj/edc/benchmarking-dsp-native-basyx/k6-scripts/results/basyx/off/poll-sensitivity/2026-08-11T19-54-28Z/k6-summary.json; POLL_INTERVAL_MS=250; IDENTITY_MODE=off)

running (5m00.1s), 000/050 VUs, 300 complete and 0 interrupted iterations
pollSensitivity ✓ [ 100% ] 000/050 VUs  5m0s  1.00 iters/s
Prometheus snapshot [1786478149..1786478465] svc=(dsp-native-basyx|consumer-controlplane) win=1m -> /home/rohitj/edc/benchmarking-dsp-native-basyx/k6-scripts/results/basyx/off/poll-sensitivity/2026-08-11T19-54-28Z
  jvm-heap.csv (64 rows)
  jvm-gc-rate.csv (64 rows)
  jvm-threads.csv (64 rows)
  http-throughput.csv (64 rows)
  http-p95.csv (64 rows)
  http-errors.csv (64 rows)
  http-errors-5xx.csv (0 rows)
  http-status.csv (128 rows)
  host-cpu-busy.csv (64 rows)
  host-mem-used.csv (64 rows)
  5xx: no 5xx in window (confirmed: http-status has 128 samples, so the status label IS scraped)
  logs -> /home/rohitj/edc/benchmarking-dsp-native-basyx/k6-scripts/results/basyx/off/poll-sensitivity/2026-08-11T19-54-28Z/logs (1 files)
0
VALIDITY  ok=300  failed=0  failed_rate=0%  dropped_iterations=0
>>> done: /home/rohitj/edc/benchmarking-dsp-native-basyx/k6-scripts/results/basyx/off/poll-sensitivity/2026-08-11T19-54-28Z  (k6 exit 0)
20:01:05 |     done (exit 0)
20:01:05 | --> poll-sensitivity @ 1000ms
>>> basyx / poll-sensitivity  ->  /home/rohitj/edc/benchmarking-dsp-native-basyx/k6-scripts/results/basyx/off/poll-sensitivity/2026-08-11T20-01-05Z
parity OK: lib/ + scenarios/ + orchestration/ + tools/ identical to /home/rohitj/edc/benchmarking-dsp-native-basyx/k6-scripts
Health: http://localhost:8090/dsp http://localhost:8888/health + prometheus  OK
Warmup 60s @ 1/s (discarded)
  draining 20s before the measured window opens
k6 -> Prometheus remote-write: http://localhost:9090/api/v1/write

         /\      Grafana   /‾‾/  
    /\  /  \     |\  __   /  /   
   /  \/    \    | |/ /  /   ‾‾\ 
  /          \   |   (  |  (‾)  |
 / __________ \  |_|\_\  \_____/ 


     execution: local
        script: /home/rohitj/edc/benchmarking-dsp-native-basyx/k6-scripts/basyx-off/poll-sensitivity.js
        output: Prometheus remote write (http://localhost:9090/api/v1/write)

     scenarios: (100.00%) 1 scenario, 200 max VUs, 5m30s max duration (incl. graceful stop):
              * pollSensitivity: 1.00 iterations/s for 5m0s (maxVUs: 50-200, gracefulStop: 30s)


running (0m01.0s), 001/050 VUs, 0 complete and 0 interrupted iterations
pollSensitivity   [   0% ] 001/050 VUs  0m00.9s/5m0s  1.00 iters/s

running (0m02.0s), 002/050 VUs, 0 complete and 0 interrupted iterations
pollSensitivity   [   1% ] 002/050 VUs  0m01.9s/5m0s  1.00 iters/s

running (0m03.0s), 003/050 VUs, 0 complete and 0 interrupted iterations
pollSensitivity   [   1% ] 003/050 VUs  0m02.9s/5m0s  1.00 iters/s

running (0m04.0s), 003/050 VUs, 1 complete and 0 interrupted iterations
pollSensitivity   [   1% ] 003/050 VUs  0m03.9s/5m0s  1.00 iters/s

running (0m05.0s), 003/050 VUs, 2 complete and 0 interrupted iterations
pollSensitivity   [   2% ] 003/050 VUs  0m04.9s/5m0s  1.00 iters/s

running (0m06.0s), 003/050 VUs, 3 complete and 0 interrupted iterations
pollSensitivity   [   2% ] 003/050 VUs  0m05.9s/5m0s  1.00 iters/s

running (0m07.0s), 003/050 VUs, 4 complete and 0 interrupted iterations
pollSensitivity   [   2% ] 003/050 VUs  0m06.9s/5m0s  1.00 iters/s

running (0m08.0s), 003/050 VUs, 5 complete and 0 interrupted iterations
pollSensitivity   [   3% ] 003/050 VUs  0m07.9s/5m0s  1.00 iters/s

running (0m09.0s), 003/050 VUs, 6 complete and 0 interrupted iterations
pollSensitivity   [   3% ] 003/050 VUs  0m08.9s/5m0s  1.00 iters/s

running (0m10.0s), 003/050 VUs, 7 complete and 0 interrupted iterations
pollSensitivity   [   3% ] 003/050 VUs  0m09.9s/5m0s  1.00 iters/s

running (0m11.0s), 003/050 VUs, 8 complete and 0 interrupted iterations
pollSensitivity   [   4% ] 003/050 VUs  0m10.9s/5m0s  1.00 iters/s

running (0m12.0s), 003/050 VUs, 9 complete and 0 interrupted iterations
pollSensitivity   [   4% ] 003/050 VUs  0m11.9s/5m0s  1.00 iters/s

running (0m13.0s), 003/050 VUs, 10 complete and 0 interrupted iterations
pollSensitivity   [   4% ] 003/050 VUs  0m12.9s/5m0s  1.00 iters/s

running (0m14.0s), 003/050 VUs, 11 complete and 0 interrupted iterations
pollSensitivity   [   5% ] 003/050 VUs  0m13.9s/5m0s  1.00 iters/s

running (0m15.0s), 003/050 VUs, 12 complete and 0 interrupted iterations
pollSensitivity   [   5% ] 003/050 VUs  0m14.9s/5m0s  1.00 iters/s

running (0m16.0s), 003/050 VUs, 13 complete and 0 interrupted iterations
pollSensitivity   [   5% ] 003/050 VUs  0m15.9s/5m0s  1.00 iters/s

running (0m17.0s), 003/050 VUs, 14 complete and 0 interrupted iterations
pollSensitivity   [   6% ] 003/050 VUs  0m16.9s/5m0s  1.00 iters/s

running (0m18.0s), 003/050 VUs, 15 complete and 0 interrupted iterations
pollSensitivity   [   6% ] 003/050 VUs  0m17.9s/5m0s  1.00 iters/s

running (0m19.0s), 003/050 VUs, 16 complete and 0 interrupted iterations
pollSensitivity   [   6% ] 003/050 VUs  0m18.9s/5m0s  1.00 iters/s

running (0m20.0s), 003/050 VUs, 17 complete and 0 interrupted iterations
pollSensitivity   [   7% ] 003/050 VUs  0m19.9s/5m0s  1.00 iters/s

running (0m21.0s), 003/050 VUs, 18 complete and 0 interrupted iterations
pollSensitivity   [   7% ] 003/050 VUs  0m20.9s/5m0s  1.00 iters/s

running (0m22.0s), 003/050 VUs, 19 complete and 0 interrupted iterations
pollSensitivity   [   7% ] 003/050 VUs  0m21.9s/5m0s  1.00 iters/s

running (0m23.0s), 003/050 VUs, 20 complete and 0 interrupted iterations
pollSensitivity   [   8% ] 003/050 VUs  0m22.9s/5m0s  1.00 iters/s

running (0m24.0s), 003/050 VUs, 21 complete and 0 interrupted iterations
pollSensitivity   [   8% ] 003/050 VUs  0m23.9s/5m0s  1.00 iters/s

running (0m25.0s), 003/050 VUs, 22 complete and 0 interrupted iterations
pollSensitivity   [   8% ] 003/050 VUs  0m24.9s/5m0s  1.00 iters/s

running (0m26.0s), 003/050 VUs, 23 complete and 0 interrupted iterations
pollSensitivity   [   9% ] 003/050 VUs  0m25.9s/5m0s  1.00 iters/s

running (0m27.0s), 003/050 VUs, 24 complete and 0 interrupted iterations
pollSensitivity   [   9% ] 003/050 VUs  0m26.9s/5m0s  1.00 iters/s

running (0m28.0s), 003/050 VUs, 25 complete and 0 interrupted iterations
pollSensitivity   [   9% ] 003/050 VUs  0m27.9s/5m0s  1.00 iters/s

running (0m29.0s), 003/050 VUs, 26 complete and 0 interrupted iterations
pollSensitivity   [  10% ] 003/050 VUs  0m28.9s/5m0s  1.00 iters/s

running (0m30.0s), 003/050 VUs, 27 complete and 0 interrupted iterations
pollSensitivity   [  10% ] 003/050 VUs  0m29.9s/5m0s  1.00 iters/s

running (0m31.0s), 003/050 VUs, 28 complete and 0 interrupted iterations
pollSensitivity   [  10% ] 003/050 VUs  0m30.9s/5m0s  1.00 iters/s

running (0m32.0s), 003/050 VUs, 29 complete and 0 interrupted iterations
pollSensitivity   [  11% ] 003/050 VUs  0m31.9s/5m0s  1.00 iters/s

running (0m33.0s), 003/050 VUs, 30 complete and 0 interrupted iterations
pollSensitivity   [  11% ] 003/050 VUs  0m32.9s/5m0s  1.00 iters/s

running (0m34.0s), 003/050 VUs, 31 complete and 0 interrupted iterations
pollSensitivity   [  11% ] 003/050 VUs  0m33.9s/5m0s  1.00 iters/s

running (0m35.0s), 003/050 VUs, 32 complete and 0 interrupted iterations
pollSensitivity   [  12% ] 003/050 VUs  0m34.9s/5m0s  1.00 iters/s

running (0m36.0s), 003/050 VUs, 33 complete and 0 interrupted iterations
pollSensitivity   [  12% ] 003/050 VUs  0m35.9s/5m0s  1.00 iters/s

running (0m37.0s), 003/050 VUs, 34 complete and 0 interrupted iterations
pollSensitivity   [  12% ] 003/050 VUs  0m36.9s/5m0s  1.00 iters/s

running (0m38.0s), 003/050 VUs, 35 complete and 0 interrupted iterations
pollSensitivity   [  13% ] 003/050 VUs  0m37.9s/5m0s  1.00 iters/s

running (0m39.0s), 003/050 VUs, 36 complete and 0 interrupted iterations
pollSensitivity   [  13% ] 003/050 VUs  0m38.9s/5m0s  1.00 iters/s

running (0m40.0s), 003/050 VUs, 37 complete and 0 interrupted iterations
pollSensitivity   [  13% ] 003/050 VUs  0m39.9s/5m0s  1.00 iters/s

running (0m41.0s), 003/050 VUs, 38 complete and 0 interrupted iterations
pollSensitivity   [  14% ] 003/050 VUs  0m40.9s/5m0s  1.00 iters/s

running (0m42.0s), 003/050 VUs, 39 complete and 0 interrupted iterations
pollSensitivity   [  14% ] 003/050 VUs  0m41.9s/5m0s  1.00 iters/s

running (0m43.0s), 003/050 VUs, 40 complete and 0 interrupted iterations
pollSensitivity   [  14% ] 003/050 VUs  0m42.9s/5m0s  1.00 iters/s

running (0m44.0s), 003/050 VUs, 41 complete and 0 interrupted iterations
pollSensitivity   [  15% ] 003/050 VUs  0m43.9s/5m0s  1.00 iters/s

running (0m45.0s), 003/050 VUs, 42 complete and 0 interrupted iterations
pollSensitivity   [  15% ] 003/050 VUs  0m44.9s/5m0s  1.00 iters/s

running (0m46.0s), 003/050 VUs, 43 complete and 0 interrupted iterations
pollSensitivity   [  15% ] 003/050 VUs  0m45.9s/5m0s  1.00 iters/s

running (0m47.0s), 003/050 VUs, 44 complete and 0 interrupted iterations
pollSensitivity   [  16% ] 003/050 VUs  0m46.9s/5m0s  1.00 iters/s

running (0m48.0s), 003/050 VUs, 45 complete and 0 interrupted iterations
pollSensitivity   [  16% ] 003/050 VUs  0m47.9s/5m0s  1.00 iters/s

running (0m49.0s), 003/050 VUs, 46 complete and 0 interrupted iterations
pollSensitivity   [  16% ] 003/050 VUs  0m48.9s/5m0s  1.00 iters/s

running (0m50.0s), 003/050 VUs, 47 complete and 0 interrupted iterations
pollSensitivity   [  17% ] 003/050 VUs  0m49.9s/5m0s  1.00 iters/s

running (0m51.0s), 003/050 VUs, 48 complete and 0 interrupted iterations
pollSensitivity   [  17% ] 003/050 VUs  0m50.9s/5m0s  1.00 iters/s

running (0m52.0s), 003/050 VUs, 49 complete and 0 interrupted iterations
pollSensitivity   [  17% ] 003/050 VUs  0m51.9s/5m0s  1.00 iters/s

running (0m53.0s), 003/050 VUs, 50 complete and 0 interrupted iterations
pollSensitivity   [  18% ] 003/050 VUs  0m52.9s/5m0s  1.00 iters/s

running (0m54.0s), 003/050 VUs, 51 complete and 0 interrupted iterations
pollSensitivity   [  18% ] 003/050 VUs  0m53.9s/5m0s  1.00 iters/s

running (0m55.0s), 003/050 VUs, 52 complete and 0 interrupted iterations
pollSensitivity   [  18% ] 003/050 VUs  0m54.9s/5m0s  1.00 iters/s

running (0m56.0s), 003/050 VUs, 53 complete and 0 interrupted iterations
pollSensitivity   [  19% ] 003/050 VUs  0m55.9s/5m0s  1.00 iters/s

running (0m57.0s), 003/050 VUs, 54 complete and 0 interrupted iterations
pollSensitivity   [  19% ] 003/050 VUs  0m56.9s/5m0s  1.00 iters/s

running (0m58.0s), 003/050 VUs, 55 complete and 0 interrupted iterations
pollSensitivity   [  19% ] 003/050 VUs  0m57.9s/5m0s  1.00 iters/s

running (0m59.0s), 003/050 VUs, 56 complete and 0 interrupted iterations
pollSensitivity   [  20% ] 003/050 VUs  0m58.9s/5m0s  1.00 iters/s

running (1m00.0s), 003/050 VUs, 57 complete and 0 interrupted iterations
pollSensitivity   [  20% ] 003/050 VUs  0m59.9s/5m0s  1.00 iters/s

running (1m01.0s), 003/050 VUs, 58 complete and 0 interrupted iterations
pollSensitivity   [  20% ] 003/050 VUs  1m00.9s/5m0s  1.00 iters/s

running (1m02.0s), 003/050 VUs, 59 complete and 0 interrupted iterations
pollSensitivity   [  21% ] 003/050 VUs  1m01.9s/5m0s  1.00 iters/s

running (1m03.0s), 003/050 VUs, 60 complete and 0 interrupted iterations
pollSensitivity   [  21% ] 003/050 VUs  1m02.9s/5m0s  1.00 iters/s

running (1m04.0s), 003/050 VUs, 61 complete and 0 interrupted iterations
pollSensitivity   [  21% ] 003/050 VUs  1m03.9s/5m0s  1.00 iters/s

running (1m05.0s), 003/050 VUs, 62 complete and 0 interrupted iterations
pollSensitivity   [  22% ] 003/050 VUs  1m04.9s/5m0s  1.00 iters/s

running (1m06.0s), 003/050 VUs, 63 complete and 0 interrupted iterations
pollSensitivity   [  22% ] 003/050 VUs  1m05.9s/5m0s  1.00 iters/s

running (1m07.0s), 003/050 VUs, 64 complete and 0 interrupted iterations
pollSensitivity   [  22% ] 003/050 VUs  1m06.9s/5m0s  1.00 iters/s

running (1m08.0s), 003/050 VUs, 65 complete and 0 interrupted iterations
pollSensitivity   [  23% ] 003/050 VUs  1m07.9s/5m0s  1.00 iters/s

running (1m09.0s), 003/050 VUs, 66 complete and 0 interrupted iterations
pollSensitivity   [  23% ] 003/050 VUs  1m08.9s/5m0s  1.00 iters/s

running (1m10.0s), 003/050 VUs, 67 complete and 0 interrupted iterations
pollSensitivity   [  23% ] 003/050 VUs  1m09.9s/5m0s  1.00 iters/s

running (1m11.0s), 003/050 VUs, 68 complete and 0 interrupted iterations
pollSensitivity   [  24% ] 003/050 VUs  1m10.9s/5m0s  1.00 iters/s

running (1m12.0s), 003/050 VUs, 69 complete and 0 interrupted iterations
pollSensitivity   [  24% ] 003/050 VUs  1m11.9s/5m0s  1.00 iters/s

running (1m13.0s), 003/050 VUs, 70 complete and 0 interrupted iterations
pollSensitivity   [  24% ] 003/050 VUs  1m12.9s/5m0s  1.00 iters/s

running (1m14.0s), 003/050 VUs, 71 complete and 0 interrupted iterations
pollSensitivity   [  25% ] 003/050 VUs  1m13.9s/5m0s  1.00 iters/s

running (1m15.0s), 003/050 VUs, 72 complete and 0 interrupted iterations
pollSensitivity   [  25% ] 003/050 VUs  1m14.9s/5m0s  1.00 iters/s

running (1m16.0s), 003/050 VUs, 73 complete and 0 interrupted iterations
pollSensitivity   [  25% ] 003/050 VUs  1m15.9s/5m0s  1.00 iters/s

running (1m17.0s), 003/050 VUs, 74 complete and 0 interrupted iterations
pollSensitivity   [  26% ] 003/050 VUs  1m16.9s/5m0s  1.00 iters/s

running (1m18.0s), 003/050 VUs, 75 complete and 0 interrupted iterations
pollSensitivity   [  26% ] 003/050 VUs  1m17.9s/5m0s  1.00 iters/s

running (1m19.0s), 003/050 VUs, 76 complete and 0 interrupted iterations
pollSensitivity   [  26% ] 003/050 VUs  1m18.9s/5m0s  1.00 iters/s

running (1m20.0s), 003/050 VUs, 77 complete and 0 interrupted iterations
pollSensitivity   [  27% ] 003/050 VUs  1m19.9s/5m0s  1.00 iters/s

running (1m21.0s), 003/050 VUs, 78 complete and 0 interrupted iterations
pollSensitivity   [  27% ] 003/050 VUs  1m20.9s/5m0s  1.00 iters/s

running (1m22.0s), 003/050 VUs, 79 complete and 0 interrupted iterations
pollSensitivity   [  27% ] 003/050 VUs  1m21.9s/5m0s  1.00 iters/s

running (1m23.0s), 003/050 VUs, 80 complete and 0 interrupted iterations
pollSensitivity   [  28% ] 003/050 VUs  1m22.9s/5m0s  1.00 iters/s

running (1m24.0s), 003/050 VUs, 81 complete and 0 interrupted iterations
pollSensitivity   [  28% ] 003/050 VUs  1m23.9s/5m0s  1.00 iters/s

running (1m25.0s), 003/050 VUs, 82 complete and 0 interrupted iterations
pollSensitivity   [  28% ] 003/050 VUs  1m24.9s/5m0s  1.00 iters/s

running (1m26.0s), 003/050 VUs, 83 complete and 0 interrupted iterations
pollSensitivity   [  29% ] 003/050 VUs  1m25.9s/5m0s  1.00 iters/s

running (1m27.0s), 003/050 VUs, 84 complete and 0 interrupted iterations
pollSensitivity   [  29% ] 003/050 VUs  1m26.9s/5m0s  1.00 iters/s

running (1m28.0s), 003/050 VUs, 85 complete and 0 interrupted iterations
pollSensitivity   [  29% ] 003/050 VUs  1m27.9s/5m0s  1.00 iters/s

running (1m29.0s), 003/050 VUs, 86 complete and 0 interrupted iterations
pollSensitivity   [  30% ] 003/050 VUs  1m28.9s/5m0s  1.00 iters/s

running (1m30.0s), 003/050 VUs, 87 complete and 0 interrupted iterations
pollSensitivity   [  30% ] 003/050 VUs  1m29.9s/5m0s  1.00 iters/s

running (1m31.0s), 003/050 VUs, 88 complete and 0 interrupted iterations
pollSensitivity   [  30% ] 003/050 VUs  1m30.9s/5m0s  1.00 iters/s

running (1m32.0s), 003/050 VUs, 89 complete and 0 interrupted iterations
pollSensitivity   [  31% ] 003/050 VUs  1m31.9s/5m0s  1.00 iters/s

running (1m33.0s), 003/050 VUs, 90 complete and 0 interrupted iterations
pollSensitivity   [  31% ] 003/050 VUs  1m32.9s/5m0s  1.00 iters/s

running (1m34.0s), 003/050 VUs, 91 complete and 0 interrupted iterations
pollSensitivity   [  31% ] 003/050 VUs  1m33.9s/5m0s  1.00 iters/s

running (1m35.0s), 003/050 VUs, 92 complete and 0 interrupted iterations
pollSensitivity   [  32% ] 003/050 VUs  1m34.9s/5m0s  1.00 iters/s

running (1m36.0s), 003/050 VUs, 93 complete and 0 interrupted iterations
pollSensitivity   [  32% ] 003/050 VUs  1m35.9s/5m0s  1.00 iters/s

running (1m37.0s), 003/050 VUs, 94 complete and 0 interrupted iterations
pollSensitivity   [  32% ] 003/050 VUs  1m36.9s/5m0s  1.00 iters/s

running (1m38.0s), 003/050 VUs, 95 complete and 0 interrupted iterations
pollSensitivity   [  33% ] 003/050 VUs  1m37.9s/5m0s  1.00 iters/s

running (1m39.0s), 003/050 VUs, 96 complete and 0 interrupted iterations
pollSensitivity   [  33% ] 003/050 VUs  1m38.9s/5m0s  1.00 iters/s

running (1m40.0s), 003/050 VUs, 97 complete and 0 interrupted iterations
pollSensitivity   [  33% ] 003/050 VUs  1m39.9s/5m0s  1.00 iters/s

running (1m41.0s), 003/050 VUs, 98 complete and 0 interrupted iterations
pollSensitivity   [  34% ] 003/050 VUs  1m40.9s/5m0s  1.00 iters/s

running (1m42.0s), 003/050 VUs, 99 complete and 0 interrupted iterations
pollSensitivity   [  34% ] 003/050 VUs  1m41.9s/5m0s  1.00 iters/s

running (1m43.0s), 003/050 VUs, 100 complete and 0 interrupted iterations
pollSensitivity   [  34% ] 003/050 VUs  1m42.9s/5m0s  1.00 iters/s

running (1m44.0s), 003/050 VUs, 101 complete and 0 interrupted iterations
pollSensitivity   [  35% ] 003/050 VUs  1m43.9s/5m0s  1.00 iters/s

running (1m45.0s), 003/050 VUs, 102 complete and 0 interrupted iterations
pollSensitivity   [  35% ] 003/050 VUs  1m44.9s/5m0s  1.00 iters/s

running (1m46.0s), 003/050 VUs, 103 complete and 0 interrupted iterations
pollSensitivity   [  35% ] 003/050 VUs  1m45.9s/5m0s  1.00 iters/s

running (1m47.0s), 003/050 VUs, 104 complete and 0 interrupted iterations
pollSensitivity   [  36% ] 003/050 VUs  1m46.9s/5m0s  1.00 iters/s

running (1m48.0s), 003/050 VUs, 105 complete and 0 interrupted iterations
pollSensitivity   [  36% ] 003/050 VUs  1m47.9s/5m0s  1.00 iters/s

running (1m49.0s), 003/050 VUs, 106 complete and 0 interrupted iterations
pollSensitivity   [  36% ] 003/050 VUs  1m48.9s/5m0s  1.00 iters/s

running (1m50.0s), 003/050 VUs, 107 complete and 0 interrupted iterations
pollSensitivity   [  37% ] 003/050 VUs  1m49.9s/5m0s  1.00 iters/s

running (1m51.0s), 003/050 VUs, 108 complete and 0 interrupted iterations
pollSensitivity   [  37% ] 003/050 VUs  1m50.9s/5m0s  1.00 iters/s

running (1m52.0s), 003/050 VUs, 109 complete and 0 interrupted iterations
pollSensitivity   [  37% ] 003/050 VUs  1m51.9s/5m0s  1.00 iters/s

running (1m53.0s), 003/050 VUs, 110 complete and 0 interrupted iterations
pollSensitivity   [  38% ] 003/050 VUs  1m52.9s/5m0s  1.00 iters/s

running (1m54.0s), 003/050 VUs, 111 complete and 0 interrupted iterations
pollSensitivity   [  38% ] 003/050 VUs  1m53.9s/5m0s  1.00 iters/s

running (1m55.0s), 003/050 VUs, 112 complete and 0 interrupted iterations
pollSensitivity   [  38% ] 003/050 VUs  1m54.9s/5m0s  1.00 iters/s

running (1m56.0s), 003/050 VUs, 113 complete and 0 interrupted iterations
pollSensitivity   [  39% ] 003/050 VUs  1m55.9s/5m0s  1.00 iters/s

running (1m57.0s), 003/050 VUs, 114 complete and 0 interrupted iterations
pollSensitivity   [  39% ] 003/050 VUs  1m56.9s/5m0s  1.00 iters/s

running (1m58.0s), 003/050 VUs, 115 complete and 0 interrupted iterations
pollSensitivity   [  39% ] 003/050 VUs  1m57.9s/5m0s  1.00 iters/s

running (1m59.0s), 003/050 VUs, 116 complete and 0 interrupted iterations
pollSensitivity   [  40% ] 003/050 VUs  1m58.9s/5m0s  1.00 iters/s

running (2m00.0s), 003/050 VUs, 117 complete and 0 interrupted iterations
pollSensitivity   [  40% ] 003/050 VUs  1m59.9s/5m0s  1.00 iters/s

running (2m01.0s), 003/050 VUs, 118 complete and 0 interrupted iterations
pollSensitivity   [  40% ] 003/050 VUs  2m00.9s/5m0s  1.00 iters/s

running (2m02.0s), 003/050 VUs, 119 complete and 0 interrupted iterations
pollSensitivity   [  41% ] 003/050 VUs  2m01.9s/5m0s  1.00 iters/s

running (2m03.0s), 003/050 VUs, 120 complete and 0 interrupted iterations
pollSensitivity   [  41% ] 003/050 VUs  2m02.9s/5m0s  1.00 iters/s

running (2m04.0s), 003/050 VUs, 121 complete and 0 interrupted iterations
pollSensitivity   [  41% ] 003/050 VUs  2m03.9s/5m0s  1.00 iters/s

running (2m05.0s), 003/050 VUs, 122 complete and 0 interrupted iterations
pollSensitivity   [  42% ] 003/050 VUs  2m04.9s/5m0s  1.00 iters/s

running (2m06.0s), 003/050 VUs, 123 complete and 0 interrupted iterations
pollSensitivity   [  42% ] 003/050 VUs  2m05.9s/5m0s  1.00 iters/s

running (2m07.0s), 003/050 VUs, 124 complete and 0 interrupted iterations
pollSensitivity   [  42% ] 003/050 VUs  2m06.9s/5m0s  1.00 iters/s

running (2m08.0s), 003/050 VUs, 125 complete and 0 interrupted iterations
pollSensitivity   [  43% ] 003/050 VUs  2m07.9s/5m0s  1.00 iters/s

running (2m09.0s), 003/050 VUs, 126 complete and 0 interrupted iterations
pollSensitivity   [  43% ] 003/050 VUs  2m08.9s/5m0s  1.00 iters/s

running (2m10.0s), 003/050 VUs, 127 complete and 0 interrupted iterations
pollSensitivity   [  43% ] 003/050 VUs  2m09.9s/5m0s  1.00 iters/s

running (2m11.0s), 003/050 VUs, 128 complete and 0 interrupted iterations
pollSensitivity   [  44% ] 003/050 VUs  2m10.9s/5m0s  1.00 iters/s

running (2m12.0s), 003/050 VUs, 129 complete and 0 interrupted iterations
pollSensitivity   [  44% ] 003/050 VUs  2m11.9s/5m0s  1.00 iters/s

running (2m13.0s), 003/050 VUs, 130 complete and 0 interrupted iterations
pollSensitivity   [  44% ] 003/050 VUs  2m12.9s/5m0s  1.00 iters/s

running (2m14.0s), 003/050 VUs, 131 complete and 0 interrupted iterations
pollSensitivity   [  45% ] 003/050 VUs  2m13.9s/5m0s  1.00 iters/s

running (2m15.0s), 003/050 VUs, 132 complete and 0 interrupted iterations
pollSensitivity   [  45% ] 003/050 VUs  2m14.9s/5m0s  1.00 iters/s

running (2m16.0s), 003/050 VUs, 133 complete and 0 interrupted iterations
pollSensitivity   [  45% ] 003/050 VUs  2m15.9s/5m0s  1.00 iters/s

running (2m17.0s), 003/050 VUs, 134 complete and 0 interrupted iterations
pollSensitivity   [  46% ] 003/050 VUs  2m16.9s/5m0s  1.00 iters/s

running (2m18.0s), 003/050 VUs, 135 complete and 0 interrupted iterations
pollSensitivity   [  46% ] 003/050 VUs  2m17.9s/5m0s  1.00 iters/s

running (2m19.0s), 003/050 VUs, 136 complete and 0 interrupted iterations
pollSensitivity   [  46% ] 003/050 VUs  2m18.9s/5m0s  1.00 iters/s

running (2m20.0s), 003/050 VUs, 137 complete and 0 interrupted iterations
pollSensitivity   [  47% ] 003/050 VUs  2m19.9s/5m0s  1.00 iters/s

running (2m21.0s), 003/050 VUs, 138 complete and 0 interrupted iterations
pollSensitivity   [  47% ] 003/050 VUs  2m20.9s/5m0s  1.00 iters/s

running (2m22.0s), 003/050 VUs, 139 complete and 0 interrupted iterations
pollSensitivity   [  47% ] 003/050 VUs  2m21.9s/5m0s  1.00 iters/s

running (2m23.0s), 003/050 VUs, 140 complete and 0 interrupted iterations
pollSensitivity   [  48% ] 003/050 VUs  2m22.9s/5m0s  1.00 iters/s

running (2m24.0s), 003/050 VUs, 141 complete and 0 interrupted iterations
pollSensitivity   [  48% ] 003/050 VUs  2m23.9s/5m0s  1.00 iters/s

running (2m25.0s), 003/050 VUs, 142 complete and 0 interrupted iterations
pollSensitivity   [  48% ] 003/050 VUs  2m24.9s/5m0s  1.00 iters/s

running (2m26.0s), 003/050 VUs, 143 complete and 0 interrupted iterations
pollSensitivity   [  49% ] 003/050 VUs  2m25.9s/5m0s  1.00 iters/s

running (2m27.0s), 003/050 VUs, 144 complete and 0 interrupted iterations
pollSensitivity   [  49% ] 003/050 VUs  2m26.9s/5m0s  1.00 iters/s

running (2m28.0s), 003/050 VUs, 145 complete and 0 interrupted iterations
pollSensitivity   [  49% ] 003/050 VUs  2m27.9s/5m0s  1.00 iters/s

running (2m29.0s), 003/050 VUs, 146 complete and 0 interrupted iterations
pollSensitivity   [  50% ] 003/050 VUs  2m28.9s/5m0s  1.00 iters/s

running (2m30.0s), 003/050 VUs, 147 complete and 0 interrupted iterations
pollSensitivity   [  50% ] 003/050 VUs  2m29.9s/5m0s  1.00 iters/s

running (2m31.0s), 003/050 VUs, 148 complete and 0 interrupted iterations
pollSensitivity   [  50% ] 003/050 VUs  2m30.9s/5m0s  1.00 iters/s

running (2m32.0s), 003/050 VUs, 149 complete and 0 interrupted iterations
pollSensitivity   [  51% ] 003/050 VUs  2m31.9s/5m0s  1.00 iters/s

running (2m33.0s), 003/050 VUs, 150 complete and 0 interrupted iterations
pollSensitivity   [  51% ] 003/050 VUs  2m32.9s/5m0s  1.00 iters/s

running (2m34.0s), 003/050 VUs, 151 complete and 0 interrupted iterations
pollSensitivity   [  51% ] 003/050 VUs  2m33.9s/5m0s  1.00 iters/s

running (2m35.0s), 003/050 VUs, 152 complete and 0 interrupted iterations
pollSensitivity   [  52% ] 003/050 VUs  2m34.9s/5m0s  1.00 iters/s

running (2m36.0s), 003/050 VUs, 153 complete and 0 interrupted iterations
pollSensitivity   [  52% ] 003/050 VUs  2m35.9s/5m0s  1.00 iters/s

running (2m37.0s), 003/050 VUs, 154 complete and 0 interrupted iterations
pollSensitivity   [  52% ] 003/050 VUs  2m36.9s/5m0s  1.00 iters/s

running (2m38.0s), 003/050 VUs, 155 complete and 0 interrupted iterations
pollSensitivity   [  53% ] 003/050 VUs  2m37.9s/5m0s  1.00 iters/s

running (2m39.0s), 003/050 VUs, 156 complete and 0 interrupted iterations
pollSensitivity   [  53% ] 003/050 VUs  2m38.9s/5m0s  1.00 iters/s

running (2m40.0s), 003/050 VUs, 157 complete and 0 interrupted iterations
pollSensitivity   [  53% ] 003/050 VUs  2m39.9s/5m0s  1.00 iters/s

running (2m41.0s), 003/050 VUs, 158 complete and 0 interrupted iterations
pollSensitivity   [  54% ] 003/050 VUs  2m40.9s/5m0s  1.00 iters/s

running (2m42.0s), 003/050 VUs, 159 complete and 0 interrupted iterations
pollSensitivity   [  54% ] 003/050 VUs  2m41.9s/5m0s  1.00 iters/s

running (2m43.0s), 003/050 VUs, 160 complete and 0 interrupted iterations
pollSensitivity   [  54% ] 003/050 VUs  2m42.9s/5m0s  1.00 iters/s

running (2m44.0s), 003/050 VUs, 161 complete and 0 interrupted iterations
pollSensitivity   [  55% ] 003/050 VUs  2m43.9s/5m0s  1.00 iters/s

running (2m45.0s), 003/050 VUs, 162 complete and 0 interrupted iterations
pollSensitivity   [  55% ] 003/050 VUs  2m44.9s/5m0s  1.00 iters/s

running (2m46.0s), 003/050 VUs, 163 complete and 0 interrupted iterations
pollSensitivity   [  55% ] 003/050 VUs  2m45.9s/5m0s  1.00 iters/s

running (2m47.0s), 003/050 VUs, 164 complete and 0 interrupted iterations
pollSensitivity   [  56% ] 003/050 VUs  2m46.9s/5m0s  1.00 iters/s

running (2m48.0s), 003/050 VUs, 165 complete and 0 interrupted iterations
pollSensitivity   [  56% ] 003/050 VUs  2m47.9s/5m0s  1.00 iters/s

running (2m49.0s), 003/050 VUs, 166 complete and 0 interrupted iterations
pollSensitivity   [  56% ] 003/050 VUs  2m48.9s/5m0s  1.00 iters/s

running (2m50.0s), 003/050 VUs, 167 complete and 0 interrupted iterations
pollSensitivity   [  57% ] 003/050 VUs  2m49.9s/5m0s  1.00 iters/s

running (2m51.0s), 003/050 VUs, 168 complete and 0 interrupted iterations
pollSensitivity   [  57% ] 003/050 VUs  2m50.9s/5m0s  1.00 iters/s

running (2m52.0s), 003/050 VUs, 169 complete and 0 interrupted iterations
pollSensitivity   [  57% ] 003/050 VUs  2m51.9s/5m0s  1.00 iters/s

running (2m53.0s), 003/050 VUs, 170 complete and 0 interrupted iterations
pollSensitivity   [  58% ] 003/050 VUs  2m52.9s/5m0s  1.00 iters/s

running (2m54.0s), 003/050 VUs, 171 complete and 0 interrupted iterations
pollSensitivity   [  58% ] 003/050 VUs  2m53.9s/5m0s  1.00 iters/s

running (2m55.0s), 003/050 VUs, 172 complete and 0 interrupted iterations
pollSensitivity   [  58% ] 003/050 VUs  2m54.9s/5m0s  1.00 iters/s

running (2m56.0s), 003/050 VUs, 173 complete and 0 interrupted iterations
pollSensitivity   [  59% ] 003/050 VUs  2m55.9s/5m0s  1.00 iters/s

running (2m57.0s), 003/050 VUs, 174 complete and 0 interrupted iterations
pollSensitivity   [  59% ] 003/050 VUs  2m56.9s/5m0s  1.00 iters/s

running (2m58.0s), 003/050 VUs, 175 complete and 0 interrupted iterations
pollSensitivity   [  59% ] 003/050 VUs  2m57.9s/5m0s  1.00 iters/s

running (2m59.0s), 003/050 VUs, 176 complete and 0 interrupted iterations
pollSensitivity   [  60% ] 003/050 VUs  2m58.9s/5m0s  1.00 iters/s

running (3m00.0s), 003/050 VUs, 177 complete and 0 interrupted iterations
pollSensitivity   [  60% ] 003/050 VUs  2m59.9s/5m0s  1.00 iters/s

running (3m01.0s), 003/050 VUs, 178 complete and 0 interrupted iterations
pollSensitivity   [  60% ] 003/050 VUs  3m00.9s/5m0s  1.00 iters/s

running (3m02.0s), 003/050 VUs, 179 complete and 0 interrupted iterations
pollSensitivity   [  61% ] 003/050 VUs  3m01.9s/5m0s  1.00 iters/s

running (3m03.0s), 003/050 VUs, 180 complete and 0 interrupted iterations
pollSensitivity   [  61% ] 003/050 VUs  3m02.9s/5m0s  1.00 iters/s

running (3m04.0s), 003/050 VUs, 181 complete and 0 interrupted iterations
pollSensitivity   [  61% ] 003/050 VUs  3m03.9s/5m0s  1.00 iters/s

running (3m05.0s), 003/050 VUs, 182 complete and 0 interrupted iterations
pollSensitivity   [  62% ] 003/050 VUs  3m04.9s/5m0s  1.00 iters/s

running (3m06.0s), 003/050 VUs, 183 complete and 0 interrupted iterations
pollSensitivity   [  62% ] 003/050 VUs  3m05.9s/5m0s  1.00 iters/s

running (3m07.0s), 003/050 VUs, 184 complete and 0 interrupted iterations
pollSensitivity   [  62% ] 003/050 VUs  3m06.9s/5m0s  1.00 iters/s

running (3m08.0s), 003/050 VUs, 185 complete and 0 interrupted iterations
pollSensitivity   [  63% ] 003/050 VUs  3m07.9s/5m0s  1.00 iters/s

running (3m09.0s), 003/050 VUs, 186 complete and 0 interrupted iterations
pollSensitivity   [  63% ] 003/050 VUs  3m08.9s/5m0s  1.00 iters/s

running (3m10.0s), 003/050 VUs, 187 complete and 0 interrupted iterations
pollSensitivity   [  63% ] 003/050 VUs  3m09.9s/5m0s  1.00 iters/s

running (3m11.0s), 003/050 VUs, 188 complete and 0 interrupted iterations
pollSensitivity   [  64% ] 003/050 VUs  3m10.9s/5m0s  1.00 iters/s

running (3m12.0s), 003/050 VUs, 189 complete and 0 interrupted iterations
pollSensitivity   [  64% ] 003/050 VUs  3m11.9s/5m0s  1.00 iters/s

running (3m13.0s), 003/050 VUs, 190 complete and 0 interrupted iterations
pollSensitivity   [  64% ] 003/050 VUs  3m12.9s/5m0s  1.00 iters/s

running (3m14.0s), 003/050 VUs, 191 complete and 0 interrupted iterations
pollSensitivity   [  65% ] 003/050 VUs  3m13.9s/5m0s  1.00 iters/s

running (3m15.0s), 003/050 VUs, 192 complete and 0 interrupted iterations
pollSensitivity   [  65% ] 003/050 VUs  3m14.9s/5m0s  1.00 iters/s

running (3m16.0s), 003/050 VUs, 193 complete and 0 interrupted iterations
pollSensitivity   [  65% ] 003/050 VUs  3m15.9s/5m0s  1.00 iters/s

running (3m17.0s), 003/050 VUs, 194 complete and 0 interrupted iterations
pollSensitivity   [  66% ] 003/050 VUs  3m16.9s/5m0s  1.00 iters/s

running (3m18.0s), 003/050 VUs, 195 complete and 0 interrupted iterations
pollSensitivity   [  66% ] 003/050 VUs  3m17.9s/5m0s  1.00 iters/s

running (3m19.0s), 003/050 VUs, 196 complete and 0 interrupted iterations
pollSensitivity   [  66% ] 003/050 VUs  3m18.9s/5m0s  1.00 iters/s

running (3m20.0s), 003/050 VUs, 197 complete and 0 interrupted iterations
pollSensitivity   [  67% ] 003/050 VUs  3m19.9s/5m0s  1.00 iters/s

running (3m21.0s), 003/050 VUs, 198 complete and 0 interrupted iterations
pollSensitivity   [  67% ] 003/050 VUs  3m20.9s/5m0s  1.00 iters/s

running (3m22.0s), 003/050 VUs, 199 complete and 0 interrupted iterations
pollSensitivity   [  67% ] 003/050 VUs  3m21.9s/5m0s  1.00 iters/s

running (3m23.0s), 003/050 VUs, 200 complete and 0 interrupted iterations
pollSensitivity   [  68% ] 003/050 VUs  3m22.9s/5m0s  1.00 iters/s

running (3m24.0s), 003/050 VUs, 201 complete and 0 interrupted iterations
pollSensitivity   [  68% ] 003/050 VUs  3m23.9s/5m0s  1.00 iters/s

running (3m25.0s), 003/050 VUs, 202 complete and 0 interrupted iterations
pollSensitivity   [  68% ] 003/050 VUs  3m24.9s/5m0s  1.00 iters/s

running (3m26.0s), 003/050 VUs, 203 complete and 0 interrupted iterations
pollSensitivity   [  69% ] 003/050 VUs  3m25.9s/5m0s  1.00 iters/s

running (3m27.0s), 003/050 VUs, 204 complete and 0 interrupted iterations
pollSensitivity   [  69% ] 003/050 VUs  3m26.9s/5m0s  1.00 iters/s

running (3m28.0s), 003/050 VUs, 205 complete and 0 interrupted iterations
pollSensitivity   [  69% ] 003/050 VUs  3m27.9s/5m0s  1.00 iters/s

running (3m29.0s), 003/050 VUs, 206 complete and 0 interrupted iterations
pollSensitivity   [  70% ] 003/050 VUs  3m28.9s/5m0s  1.00 iters/s

running (3m30.0s), 003/050 VUs, 207 complete and 0 interrupted iterations
pollSensitivity   [  70% ] 003/050 VUs  3m29.9s/5m0s  1.00 iters/s

running (3m31.0s), 003/050 VUs, 208 complete and 0 interrupted iterations
pollSensitivity   [  70% ] 003/050 VUs  3m30.9s/5m0s  1.00 iters/s

running (3m32.0s), 003/050 VUs, 209 complete and 0 interrupted iterations
pollSensitivity   [  71% ] 003/050 VUs  3m31.9s/5m0s  1.00 iters/s

running (3m33.0s), 003/050 VUs, 210 complete and 0 interrupted iterations
pollSensitivity   [  71% ] 003/050 VUs  3m32.9s/5m0s  1.00 iters/s

running (3m34.0s), 003/050 VUs, 211 complete and 0 interrupted iterations
pollSensitivity   [  71% ] 003/050 VUs  3m33.9s/5m0s  1.00 iters/s

running (3m35.0s), 003/050 VUs, 212 complete and 0 interrupted iterations
pollSensitivity   [  72% ] 003/050 VUs  3m34.9s/5m0s  1.00 iters/s

running (3m36.0s), 003/050 VUs, 213 complete and 0 interrupted iterations
pollSensitivity   [  72% ] 003/050 VUs  3m35.9s/5m0s  1.00 iters/s

running (3m37.0s), 003/050 VUs, 214 complete and 0 interrupted iterations
pollSensitivity   [  72% ] 003/050 VUs  3m36.9s/5m0s  1.00 iters/s

running (3m38.0s), 003/050 VUs, 215 complete and 0 interrupted iterations
pollSensitivity   [  73% ] 003/050 VUs  3m37.9s/5m0s  1.00 iters/s

running (3m39.0s), 003/050 VUs, 216 complete and 0 interrupted iterations
pollSensitivity   [  73% ] 003/050 VUs  3m38.9s/5m0s  1.00 iters/s

running (3m40.0s), 003/050 VUs, 217 complete and 0 interrupted iterations
pollSensitivity   [  73% ] 003/050 VUs  3m39.9s/5m0s  1.00 iters/s

running (3m41.0s), 003/050 VUs, 218 complete and 0 interrupted iterations
pollSensitivity   [  74% ] 003/050 VUs  3m40.9s/5m0s  1.00 iters/s

running (3m42.0s), 003/050 VUs, 219 complete and 0 interrupted iterations
pollSensitivity   [  74% ] 003/050 VUs  3m41.9s/5m0s  1.00 iters/s

running (3m43.0s), 003/050 VUs, 220 complete and 0 interrupted iterations
pollSensitivity   [  74% ] 003/050 VUs  3m42.9s/5m0s  1.00 iters/s

running (3m44.0s), 003/050 VUs, 221 complete and 0 interrupted iterations
pollSensitivity   [  75% ] 003/050 VUs  3m43.9s/5m0s  1.00 iters/s

running (3m45.0s), 003/050 VUs, 222 complete and 0 interrupted iterations
pollSensitivity   [  75% ] 003/050 VUs  3m44.9s/5m0s  1.00 iters/s

running (3m46.0s), 003/050 VUs, 223 complete and 0 interrupted iterations
pollSensitivity   [  75% ] 003/050 VUs  3m45.9s/5m0s  1.00 iters/s

running (3m47.0s), 003/050 VUs, 224 complete and 0 interrupted iterations
pollSensitivity   [  76% ] 003/050 VUs  3m46.9s/5m0s  1.00 iters/s

running (3m48.0s), 003/050 VUs, 225 complete and 0 interrupted iterations
pollSensitivity   [  76% ] 003/050 VUs  3m47.9s/5m0s  1.00 iters/s

running (3m49.0s), 003/050 VUs, 226 complete and 0 interrupted iterations
pollSensitivity   [  76% ] 003/050 VUs  3m48.9s/5m0s  1.00 iters/s

running (3m50.0s), 003/050 VUs, 227 complete and 0 interrupted iterations
pollSensitivity   [  77% ] 003/050 VUs  3m49.9s/5m0s  1.00 iters/s

running (3m51.0s), 003/050 VUs, 228 complete and 0 interrupted iterations
pollSensitivity   [  77% ] 003/050 VUs  3m50.9s/5m0s  1.00 iters/s

running (3m52.0s), 003/050 VUs, 229 complete and 0 interrupted iterations
pollSensitivity   [  77% ] 003/050 VUs  3m51.9s/5m0s  1.00 iters/s

running (3m53.0s), 003/050 VUs, 230 complete and 0 interrupted iterations
pollSensitivity   [  78% ] 003/050 VUs  3m52.9s/5m0s  1.00 iters/s

running (3m54.0s), 003/050 VUs, 231 complete and 0 interrupted iterations
pollSensitivity   [  78% ] 003/050 VUs  3m53.9s/5m0s  1.00 iters/s

running (3m55.0s), 003/050 VUs, 232 complete and 0 interrupted iterations
pollSensitivity   [  78% ] 003/050 VUs  3m54.9s/5m0s  1.00 iters/s

running (3m56.0s), 003/050 VUs, 233 complete and 0 interrupted iterations
pollSensitivity   [  79% ] 003/050 VUs  3m55.9s/5m0s  1.00 iters/s

running (3m57.0s), 003/050 VUs, 234 complete and 0 interrupted iterations
pollSensitivity   [  79% ] 003/050 VUs  3m56.9s/5m0s  1.00 iters/s

running (3m58.0s), 003/050 VUs, 235 complete and 0 interrupted iterations
pollSensitivity   [  79% ] 003/050 VUs  3m57.9s/5m0s  1.00 iters/s

running (3m59.0s), 003/050 VUs, 236 complete and 0 interrupted iterations
pollSensitivity   [  80% ] 003/050 VUs  3m58.9s/5m0s  1.00 iters/s

running (4m00.0s), 003/050 VUs, 237 complete and 0 interrupted iterations
pollSensitivity   [  80% ] 003/050 VUs  3m59.9s/5m0s  1.00 iters/s

running (4m01.0s), 003/050 VUs, 238 complete and 0 interrupted iterations
pollSensitivity   [  80% ] 003/050 VUs  4m00.9s/5m0s  1.00 iters/s

running (4m02.0s), 003/050 VUs, 239 complete and 0 interrupted iterations
pollSensitivity   [  81% ] 003/050 VUs  4m01.9s/5m0s  1.00 iters/s

running (4m03.0s), 003/050 VUs, 240 complete and 0 interrupted iterations
pollSensitivity   [  81% ] 003/050 VUs  4m02.9s/5m0s  1.00 iters/s

running (4m04.0s), 003/050 VUs, 241 complete and 0 interrupted iterations
pollSensitivity   [  81% ] 003/050 VUs  4m03.9s/5m0s  1.00 iters/s

running (4m05.0s), 003/050 VUs, 242 complete and 0 interrupted iterations
pollSensitivity   [  82% ] 003/050 VUs  4m04.9s/5m0s  1.00 iters/s

running (4m06.0s), 003/050 VUs, 243 complete and 0 interrupted iterations
pollSensitivity   [  82% ] 003/050 VUs  4m05.9s/5m0s  1.00 iters/s

running (4m07.0s), 003/050 VUs, 244 complete and 0 interrupted iterations
pollSensitivity   [  82% ] 003/050 VUs  4m06.9s/5m0s  1.00 iters/s

running (4m08.0s), 003/050 VUs, 245 complete and 0 interrupted iterations
pollSensitivity   [  83% ] 003/050 VUs  4m07.9s/5m0s  1.00 iters/s

running (4m09.0s), 003/050 VUs, 246 complete and 0 interrupted iterations
pollSensitivity   [  83% ] 003/050 VUs  4m08.9s/5m0s  1.00 iters/s

running (4m10.0s), 003/050 VUs, 247 complete and 0 interrupted iterations
pollSensitivity   [  83% ] 003/050 VUs  4m09.9s/5m0s  1.00 iters/s

running (4m11.0s), 003/050 VUs, 248 complete and 0 interrupted iterations
pollSensitivity   [  84% ] 003/050 VUs  4m10.9s/5m0s  1.00 iters/s

running (4m12.0s), 003/050 VUs, 249 complete and 0 interrupted iterations
pollSensitivity   [  84% ] 003/050 VUs  4m11.9s/5m0s  1.00 iters/s

running (4m13.0s), 003/050 VUs, 250 complete and 0 interrupted iterations
pollSensitivity   [  84% ] 003/050 VUs  4m12.9s/5m0s  1.00 iters/s

running (4m14.0s), 003/050 VUs, 251 complete and 0 interrupted iterations
pollSensitivity   [  85% ] 003/050 VUs  4m13.9s/5m0s  1.00 iters/s

running (4m15.0s), 003/050 VUs, 252 complete and 0 interrupted iterations
pollSensitivity   [  85% ] 003/050 VUs  4m14.9s/5m0s  1.00 iters/s

running (4m16.0s), 003/050 VUs, 253 complete and 0 interrupted iterations
pollSensitivity   [  85% ] 003/050 VUs  4m15.9s/5m0s  1.00 iters/s

running (4m17.0s), 003/050 VUs, 254 complete and 0 interrupted iterations
pollSensitivity   [  86% ] 003/050 VUs  4m16.9s/5m0s  1.00 iters/s

running (4m18.0s), 003/050 VUs, 255 complete and 0 interrupted iterations
pollSensitivity   [  86% ] 003/050 VUs  4m17.9s/5m0s  1.00 iters/s

running (4m19.0s), 003/050 VUs, 256 complete and 0 interrupted iterations
pollSensitivity   [  86% ] 003/050 VUs  4m18.9s/5m0s  1.00 iters/s

running (4m20.0s), 003/050 VUs, 257 complete and 0 interrupted iterations
pollSensitivity   [  87% ] 003/050 VUs  4m19.9s/5m0s  1.00 iters/s

running (4m21.0s), 003/050 VUs, 258 complete and 0 interrupted iterations
pollSensitivity   [  87% ] 003/050 VUs  4m20.9s/5m0s  1.00 iters/s

running (4m22.0s), 003/050 VUs, 259 complete and 0 interrupted iterations
pollSensitivity   [  87% ] 003/050 VUs  4m21.9s/5m0s  1.00 iters/s

running (4m23.0s), 003/050 VUs, 260 complete and 0 interrupted iterations
pollSensitivity   [  88% ] 003/050 VUs  4m22.9s/5m0s  1.00 iters/s

running (4m24.0s), 003/050 VUs, 261 complete and 0 interrupted iterations
pollSensitivity   [  88% ] 003/050 VUs  4m23.9s/5m0s  1.00 iters/s

running (4m25.0s), 003/050 VUs, 262 complete and 0 interrupted iterations
pollSensitivity   [  88% ] 003/050 VUs  4m24.9s/5m0s  1.00 iters/s

running (4m26.0s), 003/050 VUs, 263 complete and 0 interrupted iterations
pollSensitivity   [  89% ] 003/050 VUs  4m25.9s/5m0s  1.00 iters/s

running (4m27.0s), 003/050 VUs, 264 complete and 0 interrupted iterations
pollSensitivity   [  89% ] 003/050 VUs  4m26.9s/5m0s  1.00 iters/s

running (4m28.0s), 003/050 VUs, 265 complete and 0 interrupted iterations
pollSensitivity   [  89% ] 003/050 VUs  4m27.9s/5m0s  1.00 iters/s

running (4m29.0s), 003/050 VUs, 266 complete and 0 interrupted iterations
pollSensitivity   [  90% ] 003/050 VUs  4m28.9s/5m0s  1.00 iters/s

running (4m30.0s), 003/050 VUs, 267 complete and 0 interrupted iterations
pollSensitivity   [  90% ] 003/050 VUs  4m29.9s/5m0s  1.00 iters/s

running (4m31.0s), 003/050 VUs, 268 complete and 0 interrupted iterations
pollSensitivity   [  90% ] 003/050 VUs  4m30.9s/5m0s  1.00 iters/s

running (4m32.0s), 003/050 VUs, 269 complete and 0 interrupted iterations
pollSensitivity   [  91% ] 003/050 VUs  4m31.9s/5m0s  1.00 iters/s

running (4m33.0s), 003/050 VUs, 270 complete and 0 interrupted iterations
pollSensitivity   [  91% ] 003/050 VUs  4m32.9s/5m0s  1.00 iters/s

running (4m34.0s), 003/050 VUs, 271 complete and 0 interrupted iterations
pollSensitivity   [  91% ] 003/050 VUs  4m33.9s/5m0s  1.00 iters/s

running (4m35.0s), 003/050 VUs, 272 complete and 0 interrupted iterations
pollSensitivity   [  92% ] 003/050 VUs  4m34.9s/5m0s  1.00 iters/s

running (4m36.0s), 003/050 VUs, 273 complete and 0 interrupted iterations
pollSensitivity   [  92% ] 003/050 VUs  4m35.9s/5m0s  1.00 iters/s

running (4m37.0s), 003/050 VUs, 274 complete and 0 interrupted iterations
pollSensitivity   [  92% ] 003/050 VUs  4m36.9s/5m0s  1.00 iters/s

running (4m38.0s), 003/050 VUs, 275 complete and 0 interrupted iterations
pollSensitivity   [  93% ] 003/050 VUs  4m37.9s/5m0s  1.00 iters/s

running (4m39.0s), 003/050 VUs, 276 complete and 0 interrupted iterations
pollSensitivity   [  93% ] 003/050 VUs  4m38.9s/5m0s  1.00 iters/s

running (4m40.0s), 003/050 VUs, 277 complete and 0 interrupted iterations
pollSensitivity   [  93% ] 003/050 VUs  4m39.9s/5m0s  1.00 iters/s

running (4m41.0s), 003/050 VUs, 278 complete and 0 interrupted iterations
pollSensitivity   [  94% ] 003/050 VUs  4m40.9s/5m0s  1.00 iters/s

running (4m42.0s), 003/050 VUs, 279 complete and 0 interrupted iterations
pollSensitivity   [  94% ] 003/050 VUs  4m41.9s/5m0s  1.00 iters/s

running (4m43.0s), 003/050 VUs, 280 complete and 0 interrupted iterations
pollSensitivity   [  94% ] 003/050 VUs  4m42.9s/5m0s  1.00 iters/s

running (4m44.0s), 003/050 VUs, 281 complete and 0 interrupted iterations
pollSensitivity   [  95% ] 003/050 VUs  4m43.9s/5m0s  1.00 iters/s

running (4m45.0s), 003/050 VUs, 282 complete and 0 interrupted iterations
pollSensitivity   [  95% ] 003/050 VUs  4m44.9s/5m0s  1.00 iters/s

running (4m46.0s), 003/050 VUs, 283 complete and 0 interrupted iterations
pollSensitivity   [  95% ] 003/050 VUs  4m45.9s/5m0s  1.00 iters/s

running (4m47.0s), 003/050 VUs, 284 complete and 0 interrupted iterations
pollSensitivity   [  96% ] 003/050 VUs  4m46.9s/5m0s  1.00 iters/s

running (4m48.0s), 003/050 VUs, 285 complete and 0 interrupted iterations
pollSensitivity   [  96% ] 003/050 VUs  4m47.9s/5m0s  1.00 iters/s

running (4m49.0s), 003/050 VUs, 286 complete and 0 interrupted iterations
pollSensitivity   [  96% ] 003/050 VUs  4m48.9s/5m0s  1.00 iters/s

running (4m50.0s), 003/050 VUs, 287 complete and 0 interrupted iterations
pollSensitivity   [  97% ] 003/050 VUs  4m49.9s/5m0s  1.00 iters/s

running (4m51.0s), 003/050 VUs, 288 complete and 0 interrupted iterations
pollSensitivity   [  97% ] 003/050 VUs  4m50.9s/5m0s  1.00 iters/s

running (4m52.0s), 003/050 VUs, 289 complete and 0 interrupted iterations
pollSensitivity   [  97% ] 003/050 VUs  4m51.9s/5m0s  1.00 iters/s

running (4m53.0s), 003/050 VUs, 290 complete and 0 interrupted iterations
pollSensitivity   [  98% ] 003/050 VUs  4m52.9s/5m0s  1.00 iters/s

running (4m54.0s), 003/050 VUs, 291 complete and 0 interrupted iterations
pollSensitivity   [  98% ] 003/050 VUs  4m53.9s/5m0s  1.00 iters/s

running (4m55.0s), 003/050 VUs, 292 complete and 0 interrupted iterations
pollSensitivity   [  98% ] 003/050 VUs  4m54.9s/5m0s  1.00 iters/s

running (4m56.0s), 003/050 VUs, 293 complete and 0 interrupted iterations
pollSensitivity   [  99% ] 003/050 VUs  4m55.9s/5m0s  1.00 iters/s

running (4m57.0s), 003/050 VUs, 294 complete and 0 interrupted iterations
pollSensitivity   [  99% ] 003/050 VUs  4m56.9s/5m0s  1.00 iters/s

running (4m58.0s), 003/050 VUs, 295 complete and 0 interrupted iterations
pollSensitivity   [  99% ] 003/050 VUs  4m57.9s/5m0s  1.00 iters/s

running (4m59.0s), 003/050 VUs, 296 complete and 0 interrupted iterations
pollSensitivity   [ 100% ] 003/050 VUs  4m58.9s/5m0s  1.00 iters/s

running (5m00.0s), 003/050 VUs, 297 complete and 0 interrupted iterations
pollSensitivity   [ 100% ] 003/050 VUs  4m59.9s/5m0s  1.00 iters/s

running (5m01.0s), 003/050 VUs, 298 complete and 0 interrupted iterations
pollSensitivity ↓ [ 100% ] 004/050 VUs  5m0s  1.00 iters/s

running (5m02.0s), 002/050 VUs, 299 complete and 0 interrupted iterations
pollSensitivity ↓ [ 100% ] 004/050 VUs  5m0s  1.00 iters/s

running (5m03.0s), 001/050 VUs, 300 complete and 0 interrupted iterations
pollSensitivity ↓ [ 100% ] 004/050 VUs  5m0s  1.00 iters/s

================ DSP benchmark summary ================
-- per-phase latency --
  catalog                    p50=19.0 ms  p95=19.5 ms  p99=26.6 ms  max=176.4 ms  n=301
  negotiation init (POST)    p50=10.1 ms  p95=10.5 ms  p99=17.9 ms  max=19.1 ms  n=301
  time-to-AGREED (async)     p50=1003.0 ms  p95=1004.0 ms  p99=1004.0 ms  max=1005.0 ms  n=301
  transfer init (POST)       p50=11.8 ms  p95=12.9 ms  p99=19.7 ms  max=134.5 ms  n=301
  time-to-EDR (async)        p50=1002.0 ms  p95=1003.0 ms  p99=1004.0 ms  max=1004.0 ms  n=301
  data pull                  p50=6.4 ms  p95=7.6 ms  p99=13.4 ms  max=110.6 ms  n=301
-- end-to-end + throughput --
  e2e transaction            p50=3064.0 ms  p95=3072.0 ms  p99=3167.0 ms  max=3223.0 ms  n=301
  data throughput (MB/s)     p50=0.0  p95=0.0  p99=0.0  max=0.1  n=301
-- outcomes --
  transactions succeeded     count=301  rate=0.993/s
  transactions failed        (no data)
  failed rate                rate=0.00%  (pass=0 fail=301)
    of which TERMINATED      (no data)
    of which TIMED OUT       (no data)
    of which HTTP-FAILED     (no data)
  failure accounting       (no failures)
-- observer effect (poll load) --
  negotiation polls          count=602  rate=1.986/s
  edr polls                  count=602  rate=1.986/s
  polls per transaction     negotiation=2.0  edr=2.0  (timeout ceiling=30)
=======================================================
(full summary -> /home/rohitj/edc/benchmarking-dsp-native-basyx/k6-scripts/results/basyx/off/poll-sensitivity/2026-08-11T20-01-05Z/k6-summary.json; POLL_INTERVAL_MS=1000; IDENTITY_MODE=off)

running (5m03.2s), 000/050 VUs, 301 complete and 0 interrupted iterations
pollSensitivity ✓ [ 100% ] 000/050 VUs  5m0s  1.00 iters/s
Prometheus snapshot [1786478549..1786478867] svc=(dsp-native-basyx|consumer-controlplane) win=1m -> /home/rohitj/edc/benchmarking-dsp-native-basyx/k6-scripts/results/basyx/off/poll-sensitivity/2026-08-11T20-01-05Z
  jvm-heap.csv (64 rows)
  jvm-gc-rate.csv (64 rows)
  jvm-threads.csv (64 rows)
  http-throughput.csv (64 rows)
  http-p95.csv (64 rows)
  http-errors.csv (64 rows)
  http-errors-5xx.csv (0 rows)
  http-status.csv (128 rows)
  host-cpu-busy.csv (64 rows)
  host-mem-used.csv (64 rows)
  5xx: no 5xx in window (confirmed: http-status has 128 samples, so the status label IS scraped)
  logs -> /home/rohitj/edc/benchmarking-dsp-native-basyx/k6-scripts/results/basyx/off/poll-sensitivity/2026-08-11T20-01-05Z/logs (1 files)
0
VALIDITY  ok=301  failed=0  failed_rate=0%  dropped_iterations=0
>>> done: /home/rohitj/edc/benchmarking-dsp-native-basyx/k6-scripts/results/basyx/off/poll-sensitivity/2026-08-11T20-01-05Z  (k6 exit 0)
20:07:48 |     done (exit 0)
20:07:48 |   … settling 120s before the next scenario
20:09:48 | --> soak (30 min)
>>> basyx / soak  ->  /home/rohitj/edc/benchmarking-dsp-native-basyx/k6-scripts/results/basyx/off/soak/2026-08-11T20-09-48Z
parity OK: lib/ + scenarios/ + orchestration/ + tools/ identical to /home/rohitj/edc/benchmarking-dsp-native-basyx/k6-scripts
Health: http://localhost:8090/dsp http://localhost:8888/health + prometheus  OK
Warmup 60s @ 1/s (discarded)
  draining 20s before the measured window opens
k6 -> Prometheus remote-write: http://localhost:9090/api/v1/write
time="2026-08-11T20:11:08Z" level=error msg="could not initialize '/home/rohitj/edc/benchmarking-dsp-native-basyx/k6-scripts/basyx-off/soak.js': could not load JS test 'file:///home/rohitj/edc/benchmarking-dsp-native-basyx/k6-scripts/basyx-off/soak.js': parsing options from script got error while parsing \"\\\"discardResponseBodies\\\": fal\": json: cannot unmarshal number 0.5 into Go struct field Options.scenarios.rate of type int64"
Prometheus snapshot [1786479068..1786479083] svc=(dsp-native-basyx|consumer-controlplane) win=1m -> /home/rohitj/edc/benchmarking-dsp-native-basyx/k6-scripts/results/basyx/off/soak/2026-08-11T20-09-48Z
  jvm-heap.csv (4 rows)
  jvm-gc-rate.csv (4 rows)
  jvm-threads.csv (4 rows)
  http-throughput.csv (4 rows)
  http-p95.csv (4 rows)
  http-errors.csv (4 rows)
  http-errors-5xx.csv (0 rows)
  http-status.csv (8 rows)
  host-cpu-busy.csv (4 rows)
  host-mem-used.csv (4 rows)
  5xx: no 5xx in window (confirmed: http-status has 8 samples, so the status label IS scraped)
  logs -> /home/rohitj/edc/benchmarking-dsp-native-basyx/k6-scripts/results/basyx/off/soak/2026-08-11T20-09-48Z/logs (1 files)
0
>>> done: /home/rohitj/edc/benchmarking-dsp-native-basyx/k6-scripts/results/basyx/off/soak/2026-08-11T20-09-48Z  (k6 exit 104)
20:11:24 |     done (exit 104)
20:11:24 |   … settling 120s before the next scenario
20:13:24 | --> concurrency-closed
Matrix: connector=basyx reps=1 scenarios=[concurrency-closed]
===== repetition 1/1 =====
----- basyx / concurrency-closed (rep 1) -----
>>> basyx / concurrency-closed  ->  /home/rohitj/edc/benchmarking-dsp-native-basyx/k6-scripts/results/basyx/off/concurrency-closed/2026-08-11T20-13-24Z
parity OK: lib/ + scenarios/ + orchestration/ + tools/ identical to /home/rohitj/edc/benchmarking-dsp-native-basyx/k6-scripts
Health: http://localhost:8090/dsp http://localhost:8888/health + prometheus  OK
Warmup 60s @ 1/s (discarded)
  draining 20s before the measured window opens
k6 -> Prometheus remote-write: http://localhost:9090/api/v1/write

         /\      Grafana   /‾‾/  
    /\  /  \     |\  __   /  /   
   /  \/    \    | |/ /  /   ‾‾\ 
  /          \   |   (  |  (‾)  |
 / __________ \  |_|\_\  \_____/ 


     execution: local
        script: /home/rohitj/edc/benchmarking-dsp-native-basyx/k6-scripts/basyx-off/concurrency-closed.js
        output: Prometheus remote write (http://localhost:9090/api/v1/write)

     scenarios: (100.00%) 1 scenario, 50 max VUs, 8m0s max duration (incl. graceful stop):
              * concurrency: Up to 50 looping VUs for 7m30s over 5 stages (gracefulRampDown: 30s, gracefulStop: 30s)


running (0m01.0s), 01/50 VUs, 1 complete and 0 interrupted iterations
concurrency   [   0% ] 01/50 VUs  0m00.9s/7m30.0s

running (0m02.0s), 01/50 VUs, 2 complete and 0 interrupted iterations
concurrency   [   0% ] 01/50 VUs  0m01.9s/7m30.0s

running (0m03.0s), 01/50 VUs, 3 complete and 0 interrupted iterations
concurrency   [   1% ] 01/50 VUs  0m02.9s/7m30.0s

running (0m04.0s), 01/50 VUs, 4 complete and 0 interrupted iterations
concurrency   [   1% ] 01/50 VUs  0m03.9s/7m30.0s

running (0m05.0s), 01/50 VUs, 5 complete and 0 interrupted iterations
concurrency   [   1% ] 01/50 VUs  0m04.9s/7m30.0s

running (0m06.0s), 01/50 VUs, 7 complete and 0 interrupted iterations
concurrency   [   1% ] 01/50 VUs  0m05.9s/7m30.0s

running (0m07.0s), 01/50 VUs, 8 complete and 0 interrupted iterations
concurrency   [   2% ] 01/50 VUs  0m06.9s/7m30.0s

running (0m08.0s), 01/50 VUs, 9 complete and 0 interrupted iterations
concurrency   [   2% ] 01/50 VUs  0m07.9s/7m30.0s

running (0m09.0s), 01/50 VUs, 10 complete and 0 interrupted iterations
concurrency   [   2% ] 01/50 VUs  0m08.9s/7m30.0s

running (0m10.0s), 01/50 VUs, 12 complete and 0 interrupted iterations
concurrency   [   2% ] 01/50 VUs  0m09.9s/7m30.0s

running (0m11.0s), 01/50 VUs, 13 complete and 0 interrupted iterations
concurrency   [   2% ] 01/50 VUs  0m10.9s/7m30.0s

running (0m12.0s), 01/50 VUs, 14 complete and 0 interrupted iterations
concurrency   [   3% ] 01/50 VUs  0m11.9s/7m30.0s

running (0m13.0s), 01/50 VUs, 15 complete and 0 interrupted iterations
concurrency   [   3% ] 01/50 VUs  0m12.9s/7m30.0s

running (0m14.0s), 01/50 VUs, 17 complete and 0 interrupted iterations
concurrency   [   3% ] 01/50 VUs  0m13.9s/7m30.0s

running (0m15.0s), 01/50 VUs, 18 complete and 0 interrupted iterations
concurrency   [   3% ] 01/50 VUs  0m14.9s/7m30.0s

running (0m16.0s), 01/50 VUs, 19 complete and 0 interrupted iterations
concurrency   [   4% ] 01/50 VUs  0m15.9s/7m30.0s

running (0m17.0s), 01/50 VUs, 20 complete and 0 interrupted iterations
concurrency   [   4% ] 01/50 VUs  0m16.9s/7m30.0s

running (0m18.0s), 01/50 VUs, 21 complete and 0 interrupted iterations
concurrency   [   4% ] 01/50 VUs  0m17.9s/7m30.0s

running (0m19.0s), 01/50 VUs, 23 complete and 0 interrupted iterations
concurrency   [   4% ] 01/50 VUs  0m18.9s/7m30.0s

running (0m20.0s), 01/50 VUs, 24 complete and 0 interrupted iterations
concurrency   [   4% ] 01/50 VUs  0m19.9s/7m30.0s

running (0m21.0s), 01/50 VUs, 25 complete and 0 interrupted iterations
concurrency   [   5% ] 01/50 VUs  0m20.9s/7m30.0s

running (0m22.0s), 01/50 VUs, 26 complete and 0 interrupted iterations
concurrency   [   5% ] 01/50 VUs  0m21.9s/7m30.0s

running (0m23.0s), 02/50 VUs, 28 complete and 0 interrupted iterations
concurrency   [   5% ] 02/50 VUs  0m22.9s/7m30.0s

running (0m24.0s), 02/50 VUs, 30 complete and 0 interrupted iterations
concurrency   [   5% ] 02/50 VUs  0m23.9s/7m30.0s

running (0m25.0s), 02/50 VUs, 32 complete and 0 interrupted iterations
concurrency   [   6% ] 02/50 VUs  0m24.9s/7m30.0s

running (0m26.0s), 02/50 VUs, 35 complete and 0 interrupted iterations
concurrency   [   6% ] 02/50 VUs  0m25.9s/7m30.0s

running (0m27.0s), 02/50 VUs, 37 complete and 0 interrupted iterations
concurrency   [   6% ] 02/50 VUs  0m26.9s/7m30.0s

running (0m28.0s), 02/50 VUs, 40 complete and 0 interrupted iterations
concurrency   [   6% ] 02/50 VUs  0m27.9s/7m30.0s

running (0m29.0s), 02/50 VUs, 42 complete and 0 interrupted iterations
concurrency   [   6% ] 02/50 VUs  0m28.9s/7m30.0s

running (0m30.0s), 02/50 VUs, 45 complete and 0 interrupted iterations
concurrency   [   7% ] 02/50 VUs  0m29.9s/7m30.0s

running (0m31.0s), 02/50 VUs, 47 complete and 0 interrupted iterations
concurrency   [   7% ] 02/50 VUs  0m30.9s/7m30.0s

running (0m32.0s), 02/50 VUs, 50 complete and 0 interrupted iterations
concurrency   [   7% ] 02/50 VUs  0m31.9s/7m30.0s

running (0m33.0s), 02/50 VUs, 52 complete and 0 interrupted iterations
concurrency   [   7% ] 02/50 VUs  0m32.9s/7m30.0s

running (0m34.0s), 02/50 VUs, 54 complete and 0 interrupted iterations
concurrency   [   8% ] 02/50 VUs  0m33.9s/7m30.0s

running (0m35.0s), 02/50 VUs, 57 complete and 0 interrupted iterations
concurrency   [   8% ] 02/50 VUs  0m34.9s/7m30.0s

running (0m36.0s), 02/50 VUs, 60 complete and 0 interrupted iterations
concurrency   [   8% ] 02/50 VUs  0m35.9s/7m30.0s

running (0m37.0s), 02/50 VUs, 62 complete and 0 interrupted iterations
concurrency   [   8% ] 02/50 VUs  0m36.9s/7m30.0s

running (0m38.0s), 02/50 VUs, 64 complete and 0 interrupted iterations
concurrency   [   8% ] 02/50 VUs  0m37.9s/7m30.0s

running (0m39.0s), 02/50 VUs, 67 complete and 0 interrupted iterations
concurrency   [   9% ] 02/50 VUs  0m38.9s/7m30.0s

running (0m40.0s), 02/50 VUs, 69 complete and 0 interrupted iterations
concurrency   [   9% ] 02/50 VUs  0m39.9s/7m30.0s

running (0m41.0s), 02/50 VUs, 72 complete and 0 interrupted iterations
concurrency   [   9% ] 02/50 VUs  0m40.9s/7m30.0s

running (0m42.0s), 02/50 VUs, 74 complete and 0 interrupted iterations
concurrency   [   9% ] 02/50 VUs  0m41.9s/7m30.0s

running (0m43.0s), 02/50 VUs, 76 complete and 0 interrupted iterations
concurrency   [  10% ] 02/50 VUs  0m42.9s/7m30.0s

running (0m44.0s), 02/50 VUs, 79 complete and 0 interrupted iterations
concurrency   [  10% ] 02/50 VUs  0m43.9s/7m30.0s

running (0m45.0s), 02/50 VUs, 82 complete and 0 interrupted iterations
concurrency   [  10% ] 02/50 VUs  0m44.9s/7m30.0s

running (0m46.0s), 03/50 VUs, 85 complete and 0 interrupted iterations
concurrency   [  10% ] 03/50 VUs  0m45.9s/7m30.0s

running (0m47.0s), 03/50 VUs, 88 complete and 0 interrupted iterations
concurrency   [  10% ] 03/50 VUs  0m46.9s/7m30.0s

running (0m48.0s), 03/50 VUs, 92 complete and 0 interrupted iterations
concurrency   [  11% ] 03/50 VUs  0m47.9s/7m30.0s

running (0m49.0s), 03/50 VUs, 96 complete and 0 interrupted iterations
concurrency   [  11% ] 03/50 VUs  0m48.9s/7m30.0s

running (0m50.0s), 03/50 VUs, 99 complete and 0 interrupted iterations
concurrency   [  11% ] 03/50 VUs  0m49.9s/7m30.0s

running (0m51.0s), 03/50 VUs, 103 complete and 0 interrupted iterations
concurrency   [  11% ] 03/50 VUs  0m50.9s/7m30.0s

running (0m52.0s), 03/50 VUs, 107 complete and 0 interrupted iterations
concurrency   [  12% ] 03/50 VUs  0m51.9s/7m30.0s

running (0m53.0s), 03/50 VUs, 110 complete and 0 interrupted iterations
concurrency   [  12% ] 03/50 VUs  0m52.9s/7m30.0s

running (0m54.0s), 03/50 VUs, 114 complete and 0 interrupted iterations
concurrency   [  12% ] 03/50 VUs  0m53.9s/7m30.0s

running (0m55.0s), 03/50 VUs, 118 complete and 0 interrupted iterations
concurrency   [  12% ] 03/50 VUs  0m54.9s/7m30.0s

running (0m56.0s), 03/50 VUs, 121 complete and 0 interrupted iterations
concurrency   [  12% ] 03/50 VUs  0m55.9s/7m30.0s

running (0m57.0s), 03/50 VUs, 125 complete and 0 interrupted iterations
concurrency   [  13% ] 03/50 VUs  0m56.9s/7m30.0s

running (0m58.0s), 03/50 VUs, 129 complete and 0 interrupted iterations
concurrency   [  13% ] 03/50 VUs  0m57.9s/7m30.0s

running (0m59.0s), 03/50 VUs, 132 complete and 0 interrupted iterations
concurrency   [  13% ] 03/50 VUs  0m58.9s/7m30.0s

running (1m00.0s), 03/50 VUs, 136 complete and 0 interrupted iterations
concurrency   [  13% ] 03/50 VUs  0m59.9s/7m30.0s

running (1m01.0s), 03/50 VUs, 140 complete and 0 interrupted iterations
concurrency   [  14% ] 03/50 VUs  1m00.9s/7m30.0s

running (1m02.0s), 03/50 VUs, 143 complete and 0 interrupted iterations
concurrency   [  14% ] 03/50 VUs  1m01.9s/7m30.0s

running (1m03.0s), 03/50 VUs, 147 complete and 0 interrupted iterations
concurrency   [  14% ] 03/50 VUs  1m02.9s/7m30.0s

running (1m04.0s), 03/50 VUs, 151 complete and 0 interrupted iterations
concurrency   [  14% ] 03/50 VUs  1m03.9s/7m30.0s

running (1m05.0s), 03/50 VUs, 154 complete and 0 interrupted iterations
concurrency   [  14% ] 03/50 VUs  1m04.9s/7m30.0s

running (1m06.0s), 03/50 VUs, 158 complete and 0 interrupted iterations
concurrency   [  15% ] 03/50 VUs  1m05.9s/7m30.0s

running (1m07.0s), 03/50 VUs, 162 complete and 0 interrupted iterations
concurrency   [  15% ] 03/50 VUs  1m06.9s/7m30.0s

running (1m08.0s), 04/50 VUs, 166 complete and 0 interrupted iterations
concurrency   [  15% ] 04/50 VUs  1m07.9s/7m30.0s

running (1m09.0s), 04/50 VUs, 170 complete and 0 interrupted iterations
concurrency   [  15% ] 04/50 VUs  1m08.9s/7m30.0s

running (1m10.0s), 04/50 VUs, 175 complete and 0 interrupted iterations
concurrency   [  16% ] 04/50 VUs  1m09.9s/7m30.0s

running (1m11.0s), 04/50 VUs, 181 complete and 0 interrupted iterations
concurrency   [  16% ] 04/50 VUs  1m10.9s/7m30.0s

running (1m12.0s), 04/50 VUs, 185 complete and 0 interrupted iterations
concurrency   [  16% ] 04/50 VUs  1m11.9s/7m30.0s

running (1m13.0s), 04/50 VUs, 190 complete and 0 interrupted iterations
concurrency   [  16% ] 04/50 VUs  1m12.9s/7m30.0s

running (1m14.0s), 04/50 VUs, 195 complete and 0 interrupted iterations
concurrency   [  16% ] 04/50 VUs  1m13.9s/7m30.0s

running (1m15.0s), 04/50 VUs, 200 complete and 0 interrupted iterations
concurrency   [  17% ] 04/50 VUs  1m14.9s/7m30.0s

running (1m16.0s), 04/50 VUs, 205 complete and 0 interrupted iterations
concurrency   [  17% ] 04/50 VUs  1m15.9s/7m30.0s

running (1m17.0s), 04/50 VUs, 210 complete and 0 interrupted iterations
concurrency   [  17% ] 04/50 VUs  1m16.9s/7m30.0s

running (1m18.0s), 04/50 VUs, 214 complete and 0 interrupted iterations
concurrency   [  17% ] 04/50 VUs  1m17.9s/7m30.0s

running (1m19.0s), 04/50 VUs, 219 complete and 0 interrupted iterations
concurrency   [  18% ] 04/50 VUs  1m18.9s/7m30.0s

running (1m20.0s), 04/50 VUs, 225 complete and 0 interrupted iterations
concurrency   [  18% ] 04/50 VUs  1m19.9s/7m30.0s

running (1m21.0s), 04/50 VUs, 229 complete and 0 interrupted iterations
concurrency   [  18% ] 04/50 VUs  1m20.9s/7m30.0s

running (1m22.0s), 04/50 VUs, 234 complete and 0 interrupted iterations
concurrency   [  18% ] 04/50 VUs  1m21.9s/7m30.0s

running (1m23.0s), 04/50 VUs, 239 complete and 0 interrupted iterations
concurrency   [  18% ] 04/50 VUs  1m22.9s/7m30.0s

running (1m24.0s), 04/50 VUs, 245 complete and 0 interrupted iterations
concurrency   [  19% ] 04/50 VUs  1m23.9s/7m30.0s

running (1m25.0s), 04/50 VUs, 249 complete and 0 interrupted iterations
concurrency   [  19% ] 04/50 VUs  1m24.9s/7m30.0s

running (1m26.0s), 04/50 VUs, 254 complete and 0 interrupted iterations
concurrency   [  19% ] 04/50 VUs  1m25.9s/7m30.0s

running (1m27.0s), 04/50 VUs, 259 complete and 0 interrupted iterations
concurrency   [  19% ] 04/50 VUs  1m26.9s/7m30.0s

running (1m28.0s), 04/50 VUs, 264 complete and 0 interrupted iterations
concurrency   [  20% ] 04/50 VUs  1m27.9s/7m30.0s

running (1m29.0s), 04/50 VUs, 269 complete and 0 interrupted iterations
concurrency   [  20% ] 04/50 VUs  1m28.9s/7m30.0s

running (1m30.0s), 04/50 VUs, 274 complete and 0 interrupted iterations
concurrency   [  20% ] 04/50 VUs  1m29.9s/7m30.0s

running (1m31.0s), 05/50 VUs, 279 complete and 0 interrupted iterations
concurrency   [  20% ] 05/50 VUs  1m30.9s/7m30.0s

running (1m32.0s), 05/50 VUs, 285 complete and 0 interrupted iterations
concurrency   [  20% ] 05/50 VUs  1m31.9s/7m30.0s

running (1m33.0s), 05/50 VUs, 292 complete and 0 interrupted iterations
concurrency   [  21% ] 05/50 VUs  1m32.9s/7m30.0s

running (1m34.0s), 05/50 VUs, 297 complete and 0 interrupted iterations
concurrency   [  21% ] 05/50 VUs  1m33.9s/7m30.0s

running (1m35.0s), 05/50 VUs, 303 complete and 0 interrupted iterations
concurrency   [  21% ] 05/50 VUs  1m34.9s/7m30.0s

running (1m36.0s), 05/50 VUs, 310 complete and 0 interrupted iterations
concurrency   [  21% ] 05/50 VUs  1m35.9s/7m30.0s

running (1m37.0s), 05/50 VUs, 316 complete and 0 interrupted iterations
concurrency   [  22% ] 05/50 VUs  1m36.9s/7m30.0s

running (1m38.0s), 05/50 VUs, 322 complete and 0 interrupted iterations
concurrency   [  22% ] 05/50 VUs  1m37.9s/7m30.0s

running (1m39.0s), 05/50 VUs, 328 complete and 0 interrupted iterations
concurrency   [  22% ] 05/50 VUs  1m38.9s/7m30.0s

running (1m40.0s), 05/50 VUs, 334 complete and 0 interrupted iterations
concurrency   [  22% ] 05/50 VUs  1m39.9s/7m30.0s

running (1m41.0s), 05/50 VUs, 340 complete and 0 interrupted iterations
concurrency   [  22% ] 05/50 VUs  1m40.9s/7m30.0s

running (1m42.0s), 05/50 VUs, 347 complete and 0 interrupted iterations
concurrency   [  23% ] 05/50 VUs  1m41.9s/7m30.0s

running (1m43.0s), 05/50 VUs, 352 complete and 0 interrupted iterations
concurrency   [  23% ] 05/50 VUs  1m42.9s/7m30.0s

running (1m44.0s), 05/50 VUs, 359 complete and 0 interrupted iterations
concurrency   [  23% ] 05/50 VUs  1m43.9s/7m30.0s

running (1m45.0s), 05/50 VUs, 365 complete and 0 interrupted iterations
concurrency   [  23% ] 05/50 VUs  1m44.9s/7m30.0s

running (1m46.0s), 05/50 VUs, 371 complete and 0 interrupted iterations
concurrency   [  24% ] 05/50 VUs  1m45.9s/7m30.0s

running (1m47.0s), 05/50 VUs, 377 complete and 0 interrupted iterations
concurrency   [  24% ] 05/50 VUs  1m46.9s/7m30.0s

running (1m48.0s), 05/50 VUs, 383 complete and 0 interrupted iterations
concurrency   [  24% ] 05/50 VUs  1m47.9s/7m30.0s

running (1m49.0s), 06/50 VUs, 390 complete and 0 interrupted iterations
concurrency   [  24% ] 06/50 VUs  1m48.9s/7m30.0s

running (1m50.0s), 06/50 VUs, 398 complete and 0 interrupted iterations
concurrency   [  24% ] 06/50 VUs  1m49.9s/7m30.0s

running (1m51.0s), 06/50 VUs, 405 complete and 0 interrupted iterations
concurrency   [  25% ] 06/50 VUs  1m50.9s/7m30.0s

running (1m52.0s), 06/50 VUs, 411 complete and 0 interrupted iterations
concurrency   [  25% ] 06/50 VUs  1m51.9s/7m30.0s

running (1m53.0s), 06/50 VUs, 419 complete and 0 interrupted iterations
concurrency   [  25% ] 06/50 VUs  1m52.9s/7m30.0s

running (1m54.0s), 06/50 VUs, 427 complete and 0 interrupted iterations
concurrency   [  25% ] 06/50 VUs  1m53.9s/7m30.0s

running (1m55.0s), 06/50 VUs, 434 complete and 0 interrupted iterations
concurrency   [  26% ] 06/50 VUs  1m54.9s/7m30.0s

running (1m56.0s), 06/50 VUs, 441 complete and 0 interrupted iterations
concurrency   [  26% ] 06/50 VUs  1m55.9s/7m30.0s

running (1m57.0s), 06/50 VUs, 448 complete and 0 interrupted iterations
concurrency   [  26% ] 06/50 VUs  1m56.9s/7m30.0s

running (1m58.0s), 06/50 VUs, 457 complete and 0 interrupted iterations
concurrency   [  26% ] 06/50 VUs  1m57.9s/7m30.0s

running (1m59.0s), 06/50 VUs, 464 complete and 0 interrupted iterations
concurrency   [  26% ] 06/50 VUs  1m58.9s/7m30.0s

running (2m00.0s), 06/50 VUs, 471 complete and 0 interrupted iterations
concurrency   [  27% ] 06/50 VUs  1m59.9s/7m30.0s

running (2m01.0s), 06/50 VUs, 477 complete and 0 interrupted iterations
concurrency   [  27% ] 06/50 VUs  2m00.9s/7m30.0s

running (2m02.0s), 06/50 VUs, 486 complete and 0 interrupted iterations
concurrency   [  27% ] 06/50 VUs  2m01.9s/7m30.0s

running (2m03.0s), 06/50 VUs, 493 complete and 0 interrupted iterations
concurrency   [  27% ] 06/50 VUs  2m02.9s/7m30.0s

running (2m04.0s), 06/50 VUs, 501 complete and 0 interrupted iterations
concurrency   [  28% ] 06/50 VUs  2m03.9s/7m30.0s

running (2m05.0s), 06/50 VUs, 507 complete and 0 interrupted iterations
concurrency   [  28% ] 06/50 VUs  2m04.9s/7m30.0s

running (2m06.0s), 06/50 VUs, 515 complete and 0 interrupted iterations
concurrency   [  28% ] 06/50 VUs  2m05.9s/7m30.0s

running (2m07.0s), 07/50 VUs, 524 complete and 0 interrupted iterations
concurrency   [  28% ] 07/50 VUs  2m06.9s/7m30.0s

running (2m08.0s), 07/50 VUs, 532 complete and 0 interrupted iterations
concurrency   [  28% ] 07/50 VUs  2m07.9s/7m30.0s

running (2m09.0s), 07/50 VUs, 540 complete and 0 interrupted iterations
concurrency   [  29% ] 07/50 VUs  2m08.9s/7m30.0s

running (2m10.0s), 07/50 VUs, 548 complete and 0 interrupted iterations
concurrency   [  29% ] 07/50 VUs  2m09.9s/7m30.0s

running (2m11.0s), 07/50 VUs, 557 complete and 0 interrupted iterations
concurrency   [  29% ] 07/50 VUs  2m10.9s/7m30.0s

running (2m12.0s), 07/50 VUs, 567 complete and 0 interrupted iterations
concurrency   [  29% ] 07/50 VUs  2m11.9s/7m30.0s

running (2m13.0s), 07/50 VUs, 575 complete and 0 interrupted iterations
concurrency   [  30% ] 07/50 VUs  2m12.9s/7m30.0s

running (2m14.0s), 07/50 VUs, 582 complete and 0 interrupted iterations
concurrency   [  30% ] 07/50 VUs  2m13.9s/7m30.0s

running (2m15.0s), 07/50 VUs, 591 complete and 0 interrupted iterations
concurrency   [  30% ] 07/50 VUs  2m14.9s/7m30.0s

running (2m16.0s), 07/50 VUs, 601 complete and 0 interrupted iterations
concurrency   [  30% ] 07/50 VUs  2m15.9s/7m30.0s

running (2m17.0s), 07/50 VUs, 610 complete and 0 interrupted iterations
concurrency   [  30% ] 07/50 VUs  2m16.9s/7m30.0s

running (2m18.0s), 07/50 VUs, 617 complete and 0 interrupted iterations
concurrency   [  31% ] 07/50 VUs  2m17.9s/7m30.0s

running (2m19.0s), 07/50 VUs, 626 complete and 0 interrupted iterations
concurrency   [  31% ] 07/50 VUs  2m18.9s/7m30.0s

running (2m20.0s), 07/50 VUs, 634 complete and 0 interrupted iterations
concurrency   [  31% ] 07/50 VUs  2m19.9s/7m30.0s

running (2m21.0s), 07/50 VUs, 644 complete and 0 interrupted iterations
concurrency   [  31% ] 07/50 VUs  2m20.9s/7m30.0s

running (2m22.0s), 07/50 VUs, 652 complete and 0 interrupted iterations
concurrency   [  32% ] 07/50 VUs  2m21.9s/7m30.0s

running (2m23.0s), 07/50 VUs, 660 complete and 0 interrupted iterations
concurrency   [  32% ] 07/50 VUs  2m22.9s/7m30.0s

running (2m24.0s), 07/50 VUs, 669 complete and 0 interrupted iterations
concurrency   [  32% ] 07/50 VUs  2m23.9s/7m30.0s

running (2m25.0s), 08/50 VUs, 680 complete and 0 interrupted iterations
concurrency   [  32% ] 08/50 VUs  2m24.9s/7m30.0s

running (2m26.0s), 08/50 VUs, 689 complete and 0 interrupted iterations
concurrency   [  32% ] 08/50 VUs  2m25.9s/7m30.0s

running (2m27.0s), 08/50 VUs, 698 complete and 0 interrupted iterations
concurrency   [  33% ] 08/50 VUs  2m26.9s/7m30.0s

running (2m28.0s), 08/50 VUs, 707 complete and 0 interrupted iterations
concurrency   [  33% ] 08/50 VUs  2m27.9s/7m30.0s

running (2m29.0s), 08/50 VUs, 717 complete and 0 interrupted iterations
concurrency   [  33% ] 08/50 VUs  2m28.9s/7m30.0s

running (2m30.0s), 08/50 VUs, 728 complete and 0 interrupted iterations
concurrency   [  33% ] 08/50 VUs  2m29.9s/7m30.0s

running (2m31.0s), 08/50 VUs, 737 complete and 0 interrupted iterations
concurrency   [  34% ] 08/50 VUs  2m30.9s/7m30.0s

running (2m32.0s), 08/50 VUs, 747 complete and 0 interrupted iterations
concurrency   [  34% ] 08/50 VUs  2m31.9s/7m30.0s

running (2m33.0s), 08/50 VUs, 756 complete and 0 interrupted iterations
concurrency   [  34% ] 08/50 VUs  2m32.9s/7m30.0s

running (2m34.0s), 08/50 VUs, 765 complete and 0 interrupted iterations
concurrency   [  34% ] 08/50 VUs  2m33.9s/7m30.0s

running (2m35.0s), 08/50 VUs, 777 complete and 0 interrupted iterations
concurrency   [  34% ] 08/50 VUs  2m34.9s/7m30.0s

running (2m36.0s), 08/50 VUs, 786 complete and 0 interrupted iterations
concurrency   [  35% ] 08/50 VUs  2m35.9s/7m30.0s

running (2m37.0s), 08/50 VUs, 795 complete and 0 interrupted iterations
concurrency   [  35% ] 08/50 VUs  2m36.9s/7m30.0s

running (2m38.0s), 08/50 VUs, 805 complete and 0 interrupted iterations
concurrency   [  35% ] 08/50 VUs  2m37.9s/7m30.0s

running (2m39.0s), 08/50 VUs, 817 complete and 0 interrupted iterations
concurrency   [  35% ] 08/50 VUs  2m38.9s/7m30.0s

running (2m40.0s), 08/50 VUs, 825 complete and 0 interrupted iterations
concurrency   [  36% ] 08/50 VUs  2m39.9s/7m30.0s

running (2m41.0s), 08/50 VUs, 835 complete and 0 interrupted iterations
concurrency   [  36% ] 08/50 VUs  2m40.9s/7m30.0s

running (2m42.0s), 08/50 VUs, 845 complete and 0 interrupted iterations
concurrency   [  36% ] 08/50 VUs  2m41.9s/7m30.0s

running (2m43.0s), 09/50 VUs, 854 complete and 0 interrupted iterations
concurrency   [  36% ] 09/50 VUs  2m42.9s/7m30.0s

running (2m44.0s), 09/50 VUs, 867 complete and 0 interrupted iterations
concurrency   [  36% ] 09/50 VUs  2m43.9s/7m30.0s

running (2m45.0s), 09/50 VUs, 877 complete and 0 interrupted iterations
concurrency   [  37% ] 09/50 VUs  2m44.9s/7m30.0s

running (2m46.0s), 09/50 VUs, 887 complete and 0 interrupted iterations
concurrency   [  37% ] 09/50 VUs  2m45.9s/7m30.0s

running (2m47.0s), 09/50 VUs, 898 complete and 0 interrupted iterations
concurrency   [  37% ] 09/50 VUs  2m46.9s/7m30.0s

running (2m48.0s), 09/50 VUs, 912 complete and 0 interrupted iterations
concurrency   [  37% ] 09/50 VUs  2m47.9s/7m30.0s

running (2m49.0s), 09/50 VUs, 922 complete and 0 interrupted iterations
concurrency   [  38% ] 09/50 VUs  2m48.9s/7m30.0s

running (2m50.0s), 09/50 VUs, 932 complete and 0 interrupted iterations
concurrency   [  38% ] 09/50 VUs  2m49.9s/7m30.0s

running (2m51.0s), 09/50 VUs, 942 complete and 0 interrupted iterations
concurrency   [  38% ] 09/50 VUs  2m50.9s/7m30.0s

running (2m52.0s), 09/50 VUs, 953 complete and 0 interrupted iterations
concurrency   [  38% ] 09/50 VUs  2m51.9s/7m30.0s

running (2m53.0s), 09/50 VUs, 966 complete and 0 interrupted iterations
concurrency   [  38% ] 09/50 VUs  2m52.9s/7m30.0s

running (2m54.0s), 09/50 VUs, 976 complete and 0 interrupted iterations
concurrency   [  39% ] 09/50 VUs  2m53.9s/7m30.0s

running (2m55.0s), 09/50 VUs, 986 complete and 0 interrupted iterations
concurrency   [  39% ] 09/50 VUs  2m54.9s/7m30.0s

running (2m56.0s), 09/50 VUs, 997 complete and 0 interrupted iterations
concurrency   [  39% ] 09/50 VUs  2m55.9s/7m30.0s

running (2m57.0s), 09/50 VUs, 1011 complete and 0 interrupted iterations
concurrency   [  39% ] 09/50 VUs  2m56.9s/7m30.0s

running (2m58.0s), 09/50 VUs, 1021 complete and 0 interrupted iterations
concurrency   [  40% ] 09/50 VUs  2m57.9s/7m30.0s

running (2m59.0s), 09/50 VUs, 1031 complete and 0 interrupted iterations
concurrency   [  40% ] 09/50 VUs  2m58.9s/7m30.0s

running (3m00.0s), 09/50 VUs, 1041 complete and 0 interrupted iterations
concurrency   [  40% ] 09/50 VUs  2m59.9s/7m30.0s

running (3m01.0s), 10/50 VUs, 1054 complete and 0 interrupted iterations
concurrency   [  40% ] 10/50 VUs  3m00.9s/7m30.0s

running (3m02.0s), 10/50 VUs, 1067 complete and 0 interrupted iterations
concurrency   [  40% ] 10/50 VUs  3m01.9s/7m30.0s

running (3m03.0s), 10/50 VUs, 1078 complete and 0 interrupted iterations
concurrency   [  41% ] 10/50 VUs  3m02.9s/7m30.0s

running (3m04.0s), 10/50 VUs, 1089 complete and 0 interrupted iterations
concurrency   [  41% ] 10/50 VUs  3m03.9s/7m30.0s

running (3m05.0s), 10/50 VUs, 1102 complete and 0 interrupted iterations
concurrency   [  41% ] 10/50 VUs  3m04.9s/7m30.0s

running (3m06.0s), 10/50 VUs, 1116 complete and 0 interrupted iterations
concurrency   [  41% ] 10/50 VUs  3m05.9s/7m30.0s

running (3m07.0s), 10/50 VUs, 1128 complete and 0 interrupted iterations
concurrency   [  42% ] 10/50 VUs  3m06.9s/7m30.0s

running (3m08.0s), 10/50 VUs, 1139 complete and 0 interrupted iterations
concurrency   [  42% ] 10/50 VUs  3m07.9s/7m30.0s

running (3m09.0s), 10/50 VUs, 1149 complete and 0 interrupted iterations
concurrency   [  42% ] 10/50 VUs  3m08.9s/7m30.0s

running (3m10.0s), 11/50 VUs, 1165 complete and 0 interrupted iterations
concurrency   [  42% ] 11/50 VUs  3m09.9s/7m30.0s

running (3m11.0s), 11/50 VUs, 1180 complete and 0 interrupted iterations
concurrency   [  42% ] 11/50 VUs  3m10.9s/7m30.0s

running (3m12.0s), 11/50 VUs, 1191 complete and 0 interrupted iterations
concurrency   [  43% ] 11/50 VUs  3m11.9s/7m30.0s

running (3m13.0s), 11/50 VUs, 1203 complete and 0 interrupted iterations
concurrency   [  43% ] 11/50 VUs  3m12.9s/7m30.0s

running (3m14.0s), 11/50 VUs, 1217 complete and 0 interrupted iterations
concurrency   [  43% ] 11/50 VUs  3m13.9s/7m30.0s

running (3m15.0s), 11/50 VUs, 1232 complete and 0 interrupted iterations
concurrency   [  43% ] 11/50 VUs  3m14.9s/7m30.0s

running (3m16.0s), 11/50 VUs, 1246 complete and 0 interrupted iterations
concurrency   [  44% ] 11/50 VUs  3m15.9s/7m30.0s

running (3m17.0s), 11/50 VUs, 1258 complete and 0 interrupted iterations
concurrency   [  44% ] 11/50 VUs  3m16.9s/7m30.0s

running (3m18.0s), 11/50 VUs, 1270 complete and 0 interrupted iterations
concurrency   [  44% ] 11/50 VUs  3m17.9s/7m30.0s

running (3m19.0s), 12/50 VUs, 1285 complete and 0 interrupted iterations
concurrency   [  44% ] 12/50 VUs  3m18.9s/7m30.0s

running (3m20.0s), 12/50 VUs, 1303 complete and 0 interrupted iterations
concurrency   [  44% ] 12/50 VUs  3m19.9s/7m30.0s

running (3m21.0s), 12/50 VUs, 1315 complete and 0 interrupted iterations
concurrency   [  45% ] 12/50 VUs  3m20.9s/7m30.0s

running (3m22.0s), 12/50 VUs, 1328 complete and 0 interrupted iterations
concurrency   [  45% ] 12/50 VUs  3m21.9s/7m30.0s

running (3m23.0s), 12/50 VUs, 1341 complete and 0 interrupted iterations
concurrency   [  45% ] 12/50 VUs  3m22.9s/7m30.0s

running (3m24.0s), 12/50 VUs, 1360 complete and 0 interrupted iterations
concurrency   [  45% ] 12/50 VUs  3m23.9s/7m30.0s

running (3m25.0s), 12/50 VUs, 1375 complete and 0 interrupted iterations
concurrency   [  46% ] 12/50 VUs  3m24.9s/7m30.0s

running (3m26.0s), 12/50 VUs, 1388 complete and 0 interrupted iterations
concurrency   [  46% ] 12/50 VUs  3m25.9s/7m30.0s

running (3m27.0s), 12/50 VUs, 1401 complete and 0 interrupted iterations
concurrency   [  46% ] 12/50 VUs  3m26.9s/7m30.0s

running (3m28.0s), 13/50 VUs, 1418 complete and 0 interrupted iterations
concurrency   [  46% ] 13/50 VUs  3m27.9s/7m30.0s

running (3m29.0s), 13/50 VUs, 1436 complete and 0 interrupted iterations
concurrency   [  46% ] 13/50 VUs  3m28.9s/7m30.0s

running (3m30.0s), 13/50 VUs, 1451 complete and 0 interrupted iterations
concurrency   [  47% ] 13/50 VUs  3m29.9s/7m30.0s

running (3m31.0s), 13/50 VUs, 1464 complete and 0 interrupted iterations
concurrency   [  47% ] 13/50 VUs  3m30.9s/7m30.0s

running (3m32.0s), 13/50 VUs, 1478 complete and 0 interrupted iterations
concurrency   [  47% ] 13/50 VUs  3m31.9s/7m30.0s

running (3m33.0s), 13/50 VUs, 1499 complete and 0 interrupted iterations
concurrency   [  47% ] 13/50 VUs  3m32.9s/7m30.0s

running (3m34.0s), 13/50 VUs, 1516 complete and 0 interrupted iterations
concurrency   [  48% ] 13/50 VUs  3m33.9s/7m30.0s

running (3m35.0s), 13/50 VUs, 1529 complete and 0 interrupted iterations
concurrency   [  48% ] 13/50 VUs  3m34.9s/7m30.0s

running (3m36.0s), 13/50 VUs, 1543 complete and 0 interrupted iterations
concurrency   [  48% ] 13/50 VUs  3m35.9s/7m30.0s

running (3m37.0s), 14/50 VUs, 1559 complete and 0 interrupted iterations
concurrency   [  48% ] 14/50 VUs  3m36.9s/7m30.0s

running (3m38.0s), 14/50 VUs, 1581 complete and 0 interrupted iterations
concurrency   [  48% ] 14/50 VUs  3m37.9s/7m30.0s

running (3m39.0s), 14/50 VUs, 1597 complete and 0 interrupted iterations
concurrency   [  49% ] 14/50 VUs  3m38.9s/7m30.0s

running (3m40.0s), 14/50 VUs, 1611 complete and 0 interrupted iterations
concurrency   [  49% ] 14/50 VUs  3m39.9s/7m30.0s

running (3m41.0s), 14/50 VUs, 1626 complete and 0 interrupted iterations
concurrency   [  49% ] 14/50 VUs  3m40.9s/7m30.0s

running (3m42.0s), 14/50 VUs, 1645 complete and 0 interrupted iterations
concurrency   [  49% ] 14/50 VUs  3m41.9s/7m30.0s

running (3m43.0s), 14/50 VUs, 1667 complete and 0 interrupted iterations
concurrency   [  50% ] 14/50 VUs  3m42.9s/7m30.0s

running (3m44.0s), 14/50 VUs, 1681 complete and 0 interrupted iterations
concurrency   [  50% ] 14/50 VUs  3m43.9s/7m30.0s

running (3m45.0s), 14/50 VUs, 1696 complete and 0 interrupted iterations
concurrency   [  50% ] 14/50 VUs  3m44.9s/7m30.0s

running (3m46.0s), 15/50 VUs, 1711 complete and 0 interrupted iterations
concurrency   [  50% ] 15/50 VUs  3m45.9s/7m30.0s

running (3m47.0s), 15/50 VUs, 1733 complete and 0 interrupted iterations
concurrency   [  50% ] 15/50 VUs  3m46.9s/7m30.0s

running (3m48.0s), 15/50 VUs, 1754 complete and 0 interrupted iterations
concurrency   [  51% ] 15/50 VUs  3m47.9s/7m30.0s

running (3m49.0s), 15/50 VUs, 1769 complete and 0 interrupted iterations
concurrency   [  51% ] 15/50 VUs  3m48.9s/7m30.0s

running (3m50.0s), 15/50 VUs, 1785 complete and 0 interrupted iterations
concurrency   [  51% ] 15/50 VUs  3m49.9s/7m30.0s

running (3m51.0s), 15/50 VUs, 1806 complete and 0 interrupted iterations
concurrency   [  51% ] 15/50 VUs  3m50.9s/7m30.0s

running (3m52.0s), 15/50 VUs, 1825 complete and 0 interrupted iterations
concurrency   [  52% ] 15/50 VUs  3m51.9s/7m30.0s

running (3m53.0s), 15/50 VUs, 1844 complete and 0 interrupted iterations
concurrency   [  52% ] 15/50 VUs  3m52.9s/7m30.0s

running (3m54.0s), 15/50 VUs, 1859 complete and 0 interrupted iterations
concurrency   [  52% ] 15/50 VUs  3m53.9s/7m30.0s

running (3m55.0s), 16/50 VUs, 1877 complete and 0 interrupted iterations
concurrency   [  52% ] 16/50 VUs  3m54.9s/7m30.0s

running (3m56.0s), 16/50 VUs, 1899 complete and 0 interrupted iterations
concurrency   [  52% ] 16/50 VUs  3m55.9s/7m30.0s

running (3m57.0s), 16/50 VUs, 1919 complete and 0 interrupted iterations
concurrency   [  53% ] 16/50 VUs  3m56.9s/7m30.0s

running (3m58.0s), 16/50 VUs, 1938 complete and 0 interrupted iterations
concurrency   [  53% ] 16/50 VUs  3m57.9s/7m30.0s

running (3m59.0s), 16/50 VUs, 1955 complete and 0 interrupted iterations
concurrency   [  53% ] 16/50 VUs  3m58.9s/7m30.0s

running (4m00.0s), 16/50 VUs, 1973 complete and 0 interrupted iterations
concurrency   [  53% ] 16/50 VUs  3m59.9s/7m30.0s

running (4m01.0s), 16/50 VUs, 1997 complete and 0 interrupted iterations
concurrency   [  54% ] 16/50 VUs  4m00.9s/7m30.0s

running (4m02.0s), 16/50 VUs, 2018 complete and 0 interrupted iterations
concurrency   [  54% ] 16/50 VUs  4m01.9s/7m30.0s

running (4m03.0s), 16/50 VUs, 2034 complete and 0 interrupted iterations
concurrency   [  54% ] 16/50 VUs  4m02.9s/7m30.0s

running (4m04.0s), 17/50 VUs, 2052 complete and 0 interrupted iterations
concurrency   [  54% ] 17/50 VUs  4m03.9s/7m30.0s

running (4m05.0s), 17/50 VUs, 2072 complete and 0 interrupted iterations
concurrency   [  54% ] 17/50 VUs  4m04.9s/7m30.0s

running (4m06.0s), 17/50 VUs, 2098 complete and 0 interrupted iterations
concurrency   [  55% ] 17/50 VUs  4m05.9s/7m30.0s

running (4m07.0s), 17/50 VUs, 2118 complete and 0 interrupted iterations
concurrency   [  55% ] 17/50 VUs  4m06.9s/7m30.0s

running (4m08.0s), 17/50 VUs, 2135 complete and 0 interrupted iterations
concurrency   [  55% ] 17/50 VUs  4m07.9s/7m30.0s

running (4m09.0s), 17/50 VUs, 2156 complete and 0 interrupted iterations
concurrency   [  55% ] 17/50 VUs  4m08.9s/7m30.0s

running (4m10.0s), 17/50 VUs, 2177 complete and 0 interrupted iterations
concurrency   [  56% ] 17/50 VUs  4m09.9s/7m30.0s

running (4m11.0s), 17/50 VUs, 2201 complete and 0 interrupted iterations
concurrency   [  56% ] 17/50 VUs  4m10.9s/7m30.0s

running (4m12.0s), 17/50 VUs, 2220 complete and 0 interrupted iterations
concurrency   [  56% ] 17/50 VUs  4m11.9s/7m30.0s

running (4m13.0s), 18/50 VUs, 2239 complete and 0 interrupted iterations
concurrency   [  56% ] 18/50 VUs  4m12.9s/7m30.0s

running (4m14.0s), 18/50 VUs, 2260 complete and 0 interrupted iterations
concurrency   [  56% ] 18/50 VUs  4m13.9s/7m30.0s

running (4m15.0s), 18/50 VUs, 2283 complete and 0 interrupted iterations
concurrency   [  57% ] 18/50 VUs  4m14.9s/7m30.0s

running (4m16.0s), 18/50 VUs, 2309 complete and 0 interrupted iterations
concurrency   [  57% ] 18/50 VUs  4m15.9s/7m30.0s

running (4m17.0s), 18/50 VUs, 2327 complete and 0 interrupted iterations
concurrency   [  57% ] 18/50 VUs  4m16.9s/7m30.0s

running (4m18.0s), 18/50 VUs, 2348 complete and 0 interrupted iterations
concurrency   [  57% ] 18/50 VUs  4m17.9s/7m30.0s

running (4m19.0s), 18/50 VUs, 2370 complete and 0 interrupted iterations
concurrency   [  58% ] 18/50 VUs  4m18.9s/7m30.0s

running (4m20.0s), 18/50 VUs, 2394 complete and 0 interrupted iterations
concurrency   [  58% ] 18/50 VUs  4m19.9s/7m30.0s

running (4m21.0s), 18/50 VUs, 2417 complete and 0 interrupted iterations
concurrency   [  58% ] 18/50 VUs  4m20.9s/7m30.0s

running (4m22.0s), 19/50 VUs, 2436 complete and 0 interrupted iterations
concurrency   [  58% ] 19/50 VUs  4m21.9s/7m30.0s

running (4m23.0s), 19/50 VUs, 2460 complete and 0 interrupted iterations
concurrency   [  58% ] 19/50 VUs  4m22.9s/7m30.0s

running (4m24.0s), 19/50 VUs, 2483 complete and 0 interrupted iterations
concurrency   [  59% ] 19/50 VUs  4m23.9s/7m30.0s

running (4m25.0s), 19/50 VUs, 2506 complete and 0 interrupted iterations
concurrency   [  59% ] 19/50 VUs  4m24.9s/7m30.0s

running (4m26.0s), 19/50 VUs, 2530 complete and 0 interrupted iterations
concurrency   [  59% ] 19/50 VUs  4m25.9s/7m30.0s

running (4m27.0s), 19/50 VUs, 2552 complete and 0 interrupted iterations
concurrency   [  59% ] 19/50 VUs  4m26.9s/7m30.0s

running (4m28.0s), 19/50 VUs, 2575 complete and 0 interrupted iterations
concurrency   [  60% ] 19/50 VUs  4m27.9s/7m30.0s

running (4m29.0s), 19/50 VUs, 2598 complete and 0 interrupted iterations
concurrency   [  60% ] 19/50 VUs  4m28.9s/7m30.0s

running (4m30.0s), 19/50 VUs, 2624 complete and 0 interrupted iterations
concurrency   [  60% ] 19/50 VUs  4m29.9s/7m30.0s

running (4m31.0s), 20/50 VUs, 2645 complete and 0 interrupted iterations
concurrency   [  60% ] 20/50 VUs  4m30.9s/7m30.0s

running (4m32.0s), 20/50 VUs, 2669 complete and 0 interrupted iterations
concurrency   [  60% ] 20/50 VUs  4m31.9s/7m30.0s

running (4m33.0s), 20/50 VUs, 2692 complete and 0 interrupted iterations
concurrency   [  61% ] 20/50 VUs  4m32.9s/7m30.0s

running (4m34.0s), 21/50 VUs, 2718 complete and 0 interrupted iterations
concurrency   [  61% ] 21/50 VUs  4m33.9s/7m30.0s

running (4m35.0s), 21/50 VUs, 2746 complete and 0 interrupted iterations
concurrency   [  61% ] 21/50 VUs  4m34.9s/7m30.0s

running (4m36.0s), 21/50 VUs, 2769 complete and 0 interrupted iterations
concurrency   [  61% ] 21/50 VUs  4m35.9s/7m30.0s

running (4m37.0s), 22/50 VUs, 2796 complete and 0 interrupted iterations
concurrency   [  62% ] 22/50 VUs  4m36.9s/7m30.0s

running (4m38.0s), 22/50 VUs, 2820 complete and 0 interrupted iterations
concurrency   [  62% ] 22/50 VUs  4m37.9s/7m30.0s

running (4m39.0s), 22/50 VUs, 2849 complete and 0 interrupted iterations
concurrency   [  62% ] 22/50 VUs  4m38.9s/7m30.0s

running (4m40.0s), 23/50 VUs, 2878 complete and 0 interrupted iterations
concurrency   [  62% ] 23/50 VUs  4m39.9s/7m30.0s

running (4m41.0s), 23/50 VUs, 2902 complete and 0 interrupted iterations
concurrency   [  62% ] 23/50 VUs  4m40.9s/7m30.0s

running (4m42.0s), 23/50 VUs, 2929 complete and 0 interrupted iterations
concurrency   [  63% ] 23/50 VUs  4m41.9s/7m30.0s

running (4m43.0s), 24/50 VUs, 2958 complete and 0 interrupted iterations
concurrency   [  63% ] 24/50 VUs  4m42.9s/7m30.0s

running (4m44.0s), 24/50 VUs, 2991 complete and 0 interrupted iterations
concurrency   [  63% ] 24/50 VUs  4m43.9s/7m30.0s

running (4m45.0s), 24/50 VUs, 3019 complete and 0 interrupted iterations
concurrency   [  63% ] 24/50 VUs  4m44.9s/7m30.0s

running (4m46.0s), 25/50 VUs, 3046 complete and 0 interrupted iterations
concurrency   [  64% ] 25/50 VUs  4m45.9s/7m30.0s

running (4m47.0s), 25/50 VUs, 3076 complete and 0 interrupted iterations
concurrency   [  64% ] 25/50 VUs  4m46.9s/7m30.0s

running (4m48.0s), 25/50 VUs, 3105 complete and 0 interrupted iterations
concurrency   [  64% ] 25/50 VUs  4m47.9s/7m30.0s

running (4m49.0s), 26/50 VUs, 3140 complete and 0 interrupted iterations
concurrency   [  64% ] 26/50 VUs  4m48.9s/7m30.0s

running (4m50.0s), 26/50 VUs, 3171 complete and 0 interrupted iterations
concurrency   [  64% ] 26/50 VUs  4m49.9s/7m30.0s

running (4m51.0s), 26/50 VUs, 3200 complete and 0 interrupted iterations
concurrency   [  65% ] 26/50 VUs  4m50.9s/7m30.0s

running (4m52.0s), 27/50 VUs, 3229 complete and 0 interrupted iterations
concurrency   [  65% ] 27/50 VUs  4m51.9s/7m30.0s

running (4m53.0s), 27/50 VUs, 3262 complete and 0 interrupted iterations
concurrency   [  65% ] 27/50 VUs  4m52.9s/7m30.0s

running (4m54.0s), 27/50 VUs, 3299 complete and 0 interrupted iterations
concurrency   [  65% ] 27/50 VUs  4m53.9s/7m30.0s

running (4m55.0s), 28/50 VUs, 3332 complete and 0 interrupted iterations
concurrency   [  66% ] 28/50 VUs  4m54.9s/7m30.0s

running (4m56.0s), 28/50 VUs, 3364 complete and 0 interrupted iterations
concurrency   [  66% ] 28/50 VUs  4m55.9s/7m30.0s

running (4m57.0s), 28/50 VUs, 3395 complete and 0 interrupted iterations
concurrency   [  66% ] 28/50 VUs  4m56.9s/7m30.0s

running (4m58.0s), 29/50 VUs, 3431 complete and 0 interrupted iterations
concurrency   [  66% ] 29/50 VUs  4m57.9s/7m30.0s

running (4m59.0s), 29/50 VUs, 3468 complete and 0 interrupted iterations
concurrency   [  66% ] 29/50 VUs  4m58.9s/7m30.0s

running (5m00.0s), 29/50 VUs, 3503 complete and 0 interrupted iterations
concurrency   [  67% ] 29/50 VUs  4m59.9s/7m30.0s

running (5m01.0s), 30/50 VUs, 3537 complete and 0 interrupted iterations
concurrency   [  67% ] 30/50 VUs  5m00.9s/7m30.0s

running (5m02.0s), 30/50 VUs, 3570 complete and 0 interrupted iterations
concurrency   [  67% ] 30/50 VUs  5m01.9s/7m30.0s

running (5m03.0s), 30/50 VUs, 3606 complete and 0 interrupted iterations
concurrency   [  67% ] 30/50 VUs  5m02.9s/7m30.0s

running (5m04.0s), 31/50 VUs, 3644 complete and 0 interrupted iterations
concurrency   [  68% ] 31/50 VUs  5m03.9s/7m30.0s

running (5m05.0s), 31/50 VUs, 3684 complete and 0 interrupted iterations
concurrency   [  68% ] 31/50 VUs  5m04.9s/7m30.0s
time="2026-08-11T20:19:50Z" level=warning msg="The test has generated metrics with 100011 unique time series, which is higher than the suggested limit of 100000 and could cause high memory usage. Consider not using high-cardinality values like unique IDs as metric tags or, if you need them in the URL, use the name metric tag or URL grouping. See https://grafana.com/docs/k6/latest/using-k6/tags-and-groups/ for details." component=metrics-engine-ingester

running (5m06.0s), 31/50 VUs, 3720 complete and 0 interrupted iterations
concurrency   [  68% ] 31/50 VUs  5m05.9s/7m30.0s

running (5m07.0s), 32/50 VUs, 3755 complete and 0 interrupted iterations
concurrency   [  68% ] 32/50 VUs  5m06.9s/7m30.0s

running (5m08.0s), 32/50 VUs, 3794 complete and 0 interrupted iterations
concurrency   [  68% ] 32/50 VUs  5m07.9s/7m30.0s

running (5m09.0s), 32/50 VUs, 3833 complete and 0 interrupted iterations
concurrency   [  69% ] 32/50 VUs  5m08.9s/7m30.0s

running (5m10.0s), 33/50 VUs, 3877 complete and 0 interrupted iterations
concurrency   [  69% ] 33/50 VUs  5m09.9s/7m30.0s

running (5m11.0s), 33/50 VUs, 3914 complete and 0 interrupted iterations
concurrency   [  69% ] 33/50 VUs  5m10.9s/7m30.0s

running (5m12.0s), 33/50 VUs, 3951 complete and 0 interrupted iterations
concurrency   [  69% ] 33/50 VUs  5m11.9s/7m30.0s

running (5m13.0s), 34/50 VUs, 3991 complete and 0 interrupted iterations
concurrency   [  70% ] 34/50 VUs  5m12.9s/7m30.0s

running (5m14.0s), 34/50 VUs, 4030 complete and 0 interrupted iterations
concurrency   [  70% ] 34/50 VUs  5m13.9s/7m30.0s

running (5m15.0s), 34/50 VUs, 4071 complete and 0 interrupted iterations
concurrency   [  70% ] 34/50 VUs  5m14.9s/7m30.0s

running (5m16.0s), 35/50 VUs, 4109 complete and 0 interrupted iterations
concurrency   [  70% ] 35/50 VUs  5m15.9s/7m30.0s

running (5m17.0s), 35/50 VUs, 4147 complete and 0 interrupted iterations
concurrency   [  70% ] 35/50 VUs  5m16.9s/7m30.0s

running (5m18.0s), 35/50 VUs, 4186 complete and 0 interrupted iterations
concurrency   [  71% ] 35/50 VUs  5m17.9s/7m30.0s

running (5m19.0s), 36/50 VUs, 4227 complete and 0 interrupted iterations
concurrency   [  71% ] 36/50 VUs  5m18.9s/7m30.0s

running (5m20.0s), 36/50 VUs, 4268 complete and 0 interrupted iterations
concurrency   [  71% ] 36/50 VUs  5m19.9s/7m30.0s

running (5m21.0s), 36/50 VUs, 4321 complete and 0 interrupted iterations
concurrency   [  71% ] 36/50 VUs  5m20.9s/7m30.0s

running (5m22.0s), 37/50 VUs, 4361 complete and 0 interrupted iterations
concurrency   [  72% ] 37/50 VUs  5m21.9s/7m30.0s

running (5m23.0s), 37/50 VUs, 4399 complete and 0 interrupted iterations
concurrency   [  72% ] 37/50 VUs  5m22.9s/7m30.0s

running (5m24.0s), 37/50 VUs, 4440 complete and 0 interrupted iterations
concurrency   [  72% ] 37/50 VUs  5m23.9s/7m30.0s

running (5m25.0s), 38/50 VUs, 4482 complete and 0 interrupted iterations
concurrency   [  72% ] 38/50 VUs  5m24.9s/7m30.0s

running (5m26.0s), 38/50 VUs, 4525 complete and 0 interrupted iterations
concurrency   [  72% ] 38/50 VUs  5m25.9s/7m30.0s

running (5m27.0s), 38/50 VUs, 4566 complete and 0 interrupted iterations
concurrency   [  73% ] 38/50 VUs  5m26.9s/7m30.0s

running (5m28.0s), 39/50 VUs, 4609 complete and 0 interrupted iterations
concurrency   [  73% ] 39/50 VUs  5m27.9s/7m30.0s

running (5m29.0s), 39/50 VUs, 4653 complete and 0 interrupted iterations
concurrency   [  73% ] 39/50 VUs  5m28.9s/7m30.0s

running (5m30.0s), 39/50 VUs, 4705 complete and 0 interrupted iterations
concurrency   [  73% ] 39/50 VUs  5m29.9s/7m30.0s

running (5m31.0s), 40/50 VUs, 4755 complete and 0 interrupted iterations
concurrency   [  74% ] 40/50 VUs  5m30.9s/7m30.0s

running (5m32.0s), 40/50 VUs, 4800 complete and 0 interrupted iterations
concurrency   [  74% ] 40/50 VUs  5m31.9s/7m30.0s

running (5m33.0s), 40/50 VUs, 4845 complete and 0 interrupted iterations
concurrency   [  74% ] 40/50 VUs  5m32.9s/7m30.0s

running (5m34.0s), 41/50 VUs, 4888 complete and 0 interrupted iterations
concurrency   [  74% ] 41/50 VUs  5m33.9s/7m30.0s

running (5m35.0s), 41/50 VUs, 4933 complete and 0 interrupted iterations
concurrency   [  74% ] 41/50 VUs  5m34.9s/7m30.0s

running (5m36.0s), 41/50 VUs, 4977 complete and 0 interrupted iterations
concurrency   [  75% ] 41/50 VUs  5m35.9s/7m30.0s

running (5m37.0s), 42/50 VUs, 5024 complete and 0 interrupted iterations
concurrency   [  75% ] 42/50 VUs  5m36.9s/7m30.0s

running (5m38.0s), 42/50 VUs, 5073 complete and 0 interrupted iterations
concurrency   [  75% ] 42/50 VUs  5m37.9s/7m30.0s

running (5m39.0s), 42/50 VUs, 5119 complete and 0 interrupted iterations
concurrency   [  75% ] 42/50 VUs  5m38.9s/7m30.0s

running (5m40.0s), 43/50 VUs, 5168 complete and 0 interrupted iterations
concurrency   [  76% ] 43/50 VUs  5m39.9s/7m30.0s

running (5m41.0s), 43/50 VUs, 5220 complete and 0 interrupted iterations
concurrency   [  76% ] 43/50 VUs  5m40.9s/7m30.0s

running (5m42.0s), 43/50 VUs, 5268 complete and 0 interrupted iterations
concurrency   [  76% ] 43/50 VUs  5m41.9s/7m30.0s

running (5m43.0s), 44/50 VUs, 5316 complete and 0 interrupted iterations
concurrency   [  76% ] 44/50 VUs  5m42.9s/7m30.0s

running (5m44.0s), 44/50 VUs, 5364 complete and 0 interrupted iterations
concurrency   [  76% ] 44/50 VUs  5m43.9s/7m30.0s

running (5m45.0s), 44/50 VUs, 5413 complete and 0 interrupted iterations
concurrency   [  77% ] 44/50 VUs  5m44.9s/7m30.0s

running (5m46.0s), 45/50 VUs, 5461 complete and 0 interrupted iterations
concurrency   [  77% ] 45/50 VUs  5m45.9s/7m30.0s

running (5m47.0s), 45/50 VUs, 5516 complete and 0 interrupted iterations
concurrency   [  77% ] 45/50 VUs  5m46.9s/7m30.0s

running (5m48.0s), 45/50 VUs, 5563 complete and 0 interrupted iterations
concurrency   [  77% ] 45/50 VUs  5m47.9s/7m30.0s

running (5m49.0s), 46/50 VUs, 5616 complete and 0 interrupted iterations
concurrency   [  78% ] 46/50 VUs  5m48.9s/7m30.0s

running (5m50.0s), 46/50 VUs, 5666 complete and 0 interrupted iterations
concurrency   [  78% ] 46/50 VUs  5m49.9s/7m30.0s

running (5m51.0s), 46/50 VUs, 5716 complete and 0 interrupted iterations
concurrency   [  78% ] 46/50 VUs  5m50.9s/7m30.0s

running (5m52.0s), 47/50 VUs, 5764 complete and 0 interrupted iterations
concurrency   [  78% ] 47/50 VUs  5m51.9s/7m30.0s

running (5m53.0s), 47/50 VUs, 5821 complete and 0 interrupted iterations
concurrency   [  78% ] 47/50 VUs  5m52.9s/7m30.0s

running (5m54.0s), 47/50 VUs, 5874 complete and 0 interrupted iterations
concurrency   [  79% ] 47/50 VUs  5m53.9s/7m30.0s

running (5m55.0s), 48/50 VUs, 5923 complete and 0 interrupted iterations
concurrency   [  79% ] 48/50 VUs  5m54.9s/7m30.0s

running (5m56.0s), 48/50 VUs, 5974 complete and 0 interrupted iterations
concurrency   [  79% ] 48/50 VUs  5m55.9s/7m30.0s

running (5m57.0s), 48/50 VUs, 6032 complete and 0 interrupted iterations
concurrency   [  79% ] 48/50 VUs  5m56.9s/7m30.0s

running (5m58.0s), 49/50 VUs, 6082 complete and 0 interrupted iterations
concurrency   [  80% ] 49/50 VUs  5m57.9s/7m30.0s

running (5m59.0s), 49/50 VUs, 6139 complete and 0 interrupted iterations
concurrency   [  80% ] 49/50 VUs  5m58.9s/7m30.0s

running (6m00.0s), 49/50 VUs, 6194 complete and 0 interrupted iterations
concurrency   [  80% ] 49/50 VUs  5m59.9s/7m30.0s

running (6m01.0s), 50/50 VUs, 6240 complete and 0 interrupted iterations
concurrency   [  80% ] 50/50 VUs  6m00.9s/7m30.0s

running (6m02.0s), 50/50 VUs, 6295 complete and 0 interrupted iterations
concurrency   [  80% ] 50/50 VUs  6m01.9s/7m30.0s

running (6m03.0s), 50/50 VUs, 6352 complete and 0 interrupted iterations
concurrency   [  81% ] 50/50 VUs  6m02.9s/7m30.0s

running (6m04.0s), 50/50 VUs, 6403 complete and 0 interrupted iterations
concurrency   [  81% ] 50/50 VUs  6m03.9s/7m30.0s

running (6m05.0s), 50/50 VUs, 6459 complete and 0 interrupted iterations
concurrency   [  81% ] 50/50 VUs  6m04.9s/7m30.0s

running (6m06.0s), 50/50 VUs, 6522 complete and 0 interrupted iterations
concurrency   [  81% ] 50/50 VUs  6m05.9s/7m30.0s

running (6m07.0s), 50/50 VUs, 6573 complete and 0 interrupted iterations
concurrency   [  82% ] 50/50 VUs  6m06.9s/7m30.0s

running (6m08.0s), 50/50 VUs, 6627 complete and 0 interrupted iterations
concurrency   [  82% ] 50/50 VUs  6m07.9s/7m30.0s

running (6m09.0s), 50/50 VUs, 6682 complete and 0 interrupted iterations
concurrency   [  82% ] 50/50 VUs  6m08.9s/7m30.0s

running (6m10.0s), 50/50 VUs, 6734 complete and 0 interrupted iterations
concurrency   [  82% ] 50/50 VUs  6m09.9s/7m30.0s

running (6m11.0s), 50/50 VUs, 6790 complete and 0 interrupted iterations
concurrency   [  82% ] 50/50 VUs  6m10.9s/7m30.0s

running (6m12.0s), 50/50 VUs, 6841 complete and 0 interrupted iterations
concurrency   [  83% ] 50/50 VUs  6m11.9s/7m30.0s

running (6m13.0s), 50/50 VUs, 6893 complete and 0 interrupted iterations
concurrency   [  83% ] 50/50 VUs  6m12.9s/7m30.0s

running (6m14.0s), 50/50 VUs, 6945 complete and 0 interrupted iterations
concurrency   [  83% ] 50/50 VUs  6m13.9s/7m30.0s

running (6m15.0s), 50/50 VUs, 6999 complete and 0 interrupted iterations
concurrency   [  83% ] 50/50 VUs  6m14.9s/7m30.0s

running (6m16.0s), 50/50 VUs, 7053 complete and 0 interrupted iterations
concurrency   [  84% ] 50/50 VUs  6m15.9s/7m30.0s

running (6m17.0s), 50/50 VUs, 7109 complete and 0 interrupted iterations
concurrency   [  84% ] 50/50 VUs  6m16.9s/7m30.0s

running (6m18.0s), 50/50 VUs, 7169 complete and 0 interrupted iterations
concurrency   [  84% ] 50/50 VUs  6m17.9s/7m30.0s

running (6m19.0s), 50/50 VUs, 7232 complete and 0 interrupted iterations
concurrency   [  84% ] 50/50 VUs  6m18.9s/7m30.0s

running (6m20.0s), 50/50 VUs, 7286 complete and 0 interrupted iterations
concurrency   [  84% ] 50/50 VUs  6m19.9s/7m30.0s

running (6m21.0s), 50/50 VUs, 7346 complete and 0 interrupted iterations
concurrency   [  85% ] 50/50 VUs  6m20.9s/7m30.0s
time="2026-08-11T20:21:07Z" level=warning msg="The test has generated metrics with 200091 unique time series, which is higher than the suggested limit of 100000 and could cause high memory usage. Consider not using high-cardinality values like unique IDs as metric tags or, if you need them in the URL, use the name metric tag or URL grouping. See https://grafana.com/docs/k6/latest/using-k6/tags-and-groups/ for details." component=metrics-engine-ingester

running (6m22.0s), 50/50 VUs, 7399 complete and 0 interrupted iterations
concurrency   [  85% ] 50/50 VUs  6m21.9s/7m30.0s

running (6m23.0s), 50/50 VUs, 7450 complete and 0 interrupted iterations
concurrency   [  85% ] 50/50 VUs  6m22.9s/7m30.0s

running (6m24.0s), 50/50 VUs, 7502 complete and 0 interrupted iterations
concurrency   [  85% ] 50/50 VUs  6m23.9s/7m30.0s

running (6m25.0s), 50/50 VUs, 7556 complete and 0 interrupted iterations
concurrency   [  86% ] 50/50 VUs  6m24.9s/7m30.0s

running (6m26.0s), 50/50 VUs, 7620 complete and 0 interrupted iterations
concurrency   [  86% ] 50/50 VUs  6m25.9s/7m30.0s

running (6m27.0s), 50/50 VUs, 7678 complete and 0 interrupted iterations
concurrency   [  86% ] 50/50 VUs  6m26.9s/7m30.0s

running (6m28.0s), 50/50 VUs, 7740 complete and 0 interrupted iterations
concurrency   [  86% ] 50/50 VUs  6m27.9s/7m30.0s

running (6m29.0s), 50/50 VUs, 7801 complete and 0 interrupted iterations
concurrency   [  86% ] 50/50 VUs  6m28.9s/7m30.0s

running (6m30.0s), 50/50 VUs, 7854 complete and 0 interrupted iterations
concurrency   [  87% ] 50/50 VUs  6m29.9s/7m30.0s

running (6m31.0s), 50/50 VUs, 7907 complete and 0 interrupted iterations
concurrency   [  87% ] 50/50 VUs  6m30.9s/7m30.0s

running (6m32.0s), 50/50 VUs, 7963 complete and 0 interrupted iterations
concurrency   [  87% ] 50/50 VUs  6m31.9s/7m30.0s

running (6m33.0s), 50/50 VUs, 8014 complete and 0 interrupted iterations
concurrency   [  87% ] 50/50 VUs  6m32.9s/7m30.0s

running (6m34.0s), 50/50 VUs, 8066 complete and 0 interrupted iterations
concurrency   [  88% ] 50/50 VUs  6m33.9s/7m30.0s

running (6m35.0s), 50/50 VUs, 8118 complete and 0 interrupted iterations
concurrency   [  88% ] 50/50 VUs  6m34.9s/7m30.0s

running (6m36.0s), 50/50 VUs, 8171 complete and 0 interrupted iterations
concurrency   [  88% ] 50/50 VUs  6m35.9s/7m30.0s

running (6m37.0s), 50/50 VUs, 8223 complete and 0 interrupted iterations
concurrency   [  88% ] 50/50 VUs  6m36.9s/7m30.0s

running (6m38.0s), 50/50 VUs, 8277 complete and 0 interrupted iterations
concurrency   [  88% ] 50/50 VUs  6m37.9s/7m30.0s

running (6m39.0s), 50/50 VUs, 8333 complete and 0 interrupted iterations
concurrency   [  89% ] 50/50 VUs  6m38.9s/7m30.0s

running (6m40.0s), 50/50 VUs, 8395 complete and 0 interrupted iterations
concurrency   [  89% ] 50/50 VUs  6m39.9s/7m30.0s

running (6m41.0s), 50/50 VUs, 8453 complete and 0 interrupted iterations
concurrency   [  89% ] 50/50 VUs  6m40.9s/7m30.0s

running (6m42.0s), 50/50 VUs, 8522 complete and 0 interrupted iterations
concurrency   [  89% ] 50/50 VUs  6m41.9s/7m30.0s

running (6m43.0s), 50/50 VUs, 8574 complete and 0 interrupted iterations
concurrency   [  90% ] 50/50 VUs  6m42.9s/7m30.0s

running (6m44.0s), 50/50 VUs, 8626 complete and 0 interrupted iterations
concurrency   [  90% ] 50/50 VUs  6m43.9s/7m30.0s

running (6m45.0s), 50/50 VUs, 8679 complete and 0 interrupted iterations
concurrency   [  90% ] 50/50 VUs  6m44.9s/7m30.0s

running (6m46.0s), 50/50 VUs, 8735 complete and 0 interrupted iterations
concurrency   [  90% ] 50/50 VUs  6m45.9s/7m30.0s

running (6m47.0s), 50/50 VUs, 8789 complete and 0 interrupted iterations
concurrency   [  90% ] 50/50 VUs  6m46.9s/7m30.0s

running (6m48.0s), 50/50 VUs, 8843 complete and 0 interrupted iterations
concurrency   [  91% ] 50/50 VUs  6m47.9s/7m30.0s

running (6m49.0s), 50/50 VUs, 8896 complete and 0 interrupted iterations
concurrency   [  91% ] 50/50 VUs  6m48.9s/7m30.0s

running (6m50.0s), 50/50 VUs, 8964 complete and 0 interrupted iterations
concurrency   [  91% ] 50/50 VUs  6m49.9s/7m30.0s

running (6m51.0s), 50/50 VUs, 9026 complete and 0 interrupted iterations
concurrency   [  91% ] 50/50 VUs  6m50.9s/7m30.0s

running (6m52.0s), 50/50 VUs, 9086 complete and 0 interrupted iterations
concurrency   [  92% ] 50/50 VUs  6m51.9s/7m30.0s

running (6m53.0s), 50/50 VUs, 9141 complete and 0 interrupted iterations
concurrency   [  92% ] 50/50 VUs  6m52.9s/7m30.0s

running (6m54.0s), 50/50 VUs, 9193 complete and 0 interrupted iterations
concurrency   [  92% ] 50/50 VUs  6m53.9s/7m30.0s

running (6m55.0s), 50/50 VUs, 9244 complete and 0 interrupted iterations
concurrency   [  92% ] 50/50 VUs  6m54.9s/7m30.0s

running (6m56.0s), 50/50 VUs, 9298 complete and 0 interrupted iterations
concurrency   [  92% ] 50/50 VUs  6m55.9s/7m30.0s

running (6m57.0s), 50/50 VUs, 9349 complete and 0 interrupted iterations
concurrency   [  93% ] 50/50 VUs  6m56.9s/7m30.0s

running (6m58.0s), 50/50 VUs, 9404 complete and 0 interrupted iterations
concurrency   [  93% ] 50/50 VUs  6m57.9s/7m30.0s

running (6m59.0s), 50/50 VUs, 9461 complete and 0 interrupted iterations
concurrency   [  93% ] 50/50 VUs  6m58.9s/7m30.0s

running (7m00.0s), 50/50 VUs, 9518 complete and 0 interrupted iterations
concurrency   [  93% ] 50/50 VUs  6m59.9s/7m30.0s

running (7m01.0s), 50/50 VUs, 9574 complete and 0 interrupted iterations
concurrency   [  94% ] 50/50 VUs  7m00.9s/7m30.0s

running (7m02.0s), 50/50 VUs, 9633 complete and 0 interrupted iterations
concurrency   [  94% ] 50/50 VUs  7m01.9s/7m30.0s

running (7m03.0s), 50/50 VUs, 9689 complete and 0 interrupted iterations
concurrency   [  94% ] 50/50 VUs  7m02.9s/7m30.0s

running (7m04.0s), 50/50 VUs, 9749 complete and 0 interrupted iterations
concurrency   [  94% ] 50/50 VUs  7m03.9s/7m30.0s

running (7m05.0s), 50/50 VUs, 9810 complete and 0 interrupted iterations
concurrency   [  94% ] 50/50 VUs  7m04.9s/7m30.0s

running (7m06.0s), 50/50 VUs, 9865 complete and 0 interrupted iterations
concurrency   [  95% ] 50/50 VUs  7m05.9s/7m30.0s

running (7m07.0s), 50/50 VUs, 9923 complete and 0 interrupted iterations
concurrency   [  95% ] 50/50 VUs  7m06.9s/7m30.0s

running (7m08.0s), 50/50 VUs, 9976 complete and 0 interrupted iterations
concurrency   [  95% ] 50/50 VUs  7m07.9s/7m30.0s

running (7m09.0s), 50/50 VUs, 10031 complete and 0 interrupted iterations
concurrency   [  95% ] 50/50 VUs  7m08.9s/7m30.0s

running (7m10.0s), 50/50 VUs, 10082 complete and 0 interrupted iterations
concurrency   [  96% ] 50/50 VUs  7m09.9s/7m30.0s

running (7m11.0s), 50/50 VUs, 10134 complete and 0 interrupted iterations
concurrency   [  96% ] 50/50 VUs  7m10.9s/7m30.0s

running (7m12.0s), 50/50 VUs, 10188 complete and 0 interrupted iterations
concurrency   [  96% ] 50/50 VUs  7m11.9s/7m30.0s

running (7m13.0s), 50/50 VUs, 10244 complete and 0 interrupted iterations
concurrency   [  96% ] 50/50 VUs  7m12.9s/7m30.0s

running (7m14.0s), 50/50 VUs, 10299 complete and 0 interrupted iterations
concurrency   [  96% ] 50/50 VUs  7m13.9s/7m30.0s

running (7m15.0s), 50/50 VUs, 10360 complete and 0 interrupted iterations
concurrency   [  97% ] 50/50 VUs  7m14.9s/7m30.0s

running (7m16.0s), 50/50 VUs, 10412 complete and 0 interrupted iterations
concurrency   [  97% ] 50/50 VUs  7m15.9s/7m30.0s

running (7m17.0s), 50/50 VUs, 10457 complete and 0 interrupted iterations
concurrency   [  97% ] 50/50 VUs  7m16.9s/7m30.0s

running (7m18.0s), 50/50 VUs, 10507 complete and 0 interrupted iterations
concurrency   [  97% ] 50/50 VUs  7m17.9s/7m30.0s

running (7m19.0s), 50/50 VUs, 10565 complete and 0 interrupted iterations
concurrency   [  98% ] 50/50 VUs  7m18.9s/7m30.0s

running (7m20.0s), 50/50 VUs, 10618 complete and 0 interrupted iterations
concurrency   [  98% ] 50/50 VUs  7m19.9s/7m30.0s

running (7m21.0s), 50/50 VUs, 10675 complete and 0 interrupted iterations
concurrency   [  98% ] 50/50 VUs  7m20.9s/7m30.0s

running (7m22.0s), 50/50 VUs, 10737 complete and 0 interrupted iterations
concurrency   [  98% ] 50/50 VUs  7m21.9s/7m30.0s

running (7m23.0s), 50/50 VUs, 10804 complete and 0 interrupted iterations
concurrency   [  98% ] 50/50 VUs  7m22.9s/7m30.0s

running (7m24.0s), 50/50 VUs, 10859 complete and 0 interrupted iterations
concurrency   [  99% ] 50/50 VUs  7m23.9s/7m30.0s

running (7m25.0s), 50/50 VUs, 10911 complete and 0 interrupted iterations
concurrency   [  99% ] 50/50 VUs  7m24.9s/7m30.0s

running (7m26.0s), 50/50 VUs, 10966 complete and 0 interrupted iterations
concurrency   [  99% ] 50/50 VUs  7m25.9s/7m30.0s

running (7m27.0s), 50/50 VUs, 11019 complete and 0 interrupted iterations
concurrency   [  99% ] 50/50 VUs  7m26.9s/7m30.0s

running (7m28.0s), 50/50 VUs, 11073 complete and 0 interrupted iterations
concurrency   [ 100% ] 50/50 VUs  7m27.9s/7m30.0s

running (7m29.0s), 50/50 VUs, 11127 complete and 0 interrupted iterations
concurrency   [ 100% ] 50/50 VUs  7m28.9s/7m30.0s

running (7m30.0s), 50/50 VUs, 11179 complete and 0 interrupted iterations
concurrency   [ 100% ] 50/50 VUs  7m29.9s/7m30.0s

running (7m31.0s), 06/50 VUs, 11230 complete and 0 interrupted iterations
concurrency ↓ [ 100% ] 50/50 VUs  7m30s

================ DSP benchmark summary ================
-- per-phase latency --
  catalog                    p50=28.3 ms  p95=125.0 ms  p99=157.8 ms  max=207.8 ms  n=11236
  negotiation init (POST)    p50=12.9 ms  p95=52.8 ms  p99=68.5 ms  max=126.8 ms  n=11236
  time-to-AGREED (async)     p50=252.0 ms  p95=253.0 ms  p99=254.0 ms  max=264.0 ms  n=11236
  transfer init (POST)       p50=20.6 ms  p95=38.6 ms  p99=49.6 ms  max=111.8 ms  n=11236
  time-to-EDR (async)        p50=252.0 ms  p95=253.0 ms  p99=255.0 ms  max=263.0 ms  n=11236
  data pull                  p50=12.2 ms  p95=22.9 ms  p99=29.5 ms  max=85.3 ms  n=11236
-- end-to-end + throughput --
  e2e transaction            p50=847.0 ms  p95=983.3 ms  p99=1025.0 ms  max=1087.0 ms  n=11236
  data throughput (MB/s)     p50=0.0  p95=0.0  p99=0.0  max=0.1  n=11236
-- outcomes --
  transactions succeeded     count=11236  rate=24.913/s
  transactions failed        (no data)
  failed rate                rate=0.00%  (pass=0 fail=11236)
    of which TERMINATED      (no data)
    of which TIMED OUT       (no data)
    of which HTTP-FAILED     (no data)
  failure accounting       (no failures)
-- observer effect (poll load) --
  negotiation polls          count=22471  rate=49.824/s
  edr polls                  count=22472  rate=49.826/s
  polls per transaction     negotiation=2.0  edr=2.0  (timeout ceiling=120)
=======================================================
(full summary -> /home/rohitj/edc/benchmarking-dsp-native-basyx/k6-scripts/results/basyx/off/concurrency-closed/2026-08-11T20-13-24Z/k6-summary.json; POLL_INTERVAL_MS=250; IDENTITY_MODE=off)

running (7m31.0s), 00/50 VUs, 11236 complete and 0 interrupted iterations
concurrency ✓ [ 100% ] 00/50 VUs  7m30s
Prometheus snapshot [1786479285..1786479751] svc=(dsp-native-basyx|consumer-controlplane) win=1m -> /home/rohitj/edc/benchmarking-dsp-native-basyx/k6-scripts/results/basyx/off/concurrency-closed/2026-08-11T20-13-24Z
  jvm-heap.csv (94 rows)
  jvm-gc-rate.csv (94 rows)
  jvm-threads.csv (94 rows)
  http-throughput.csv (94 rows)
  http-p95.csv (94 rows)
  http-errors.csv (94 rows)
  http-errors-5xx.csv (0 rows)
  http-status.csv (188 rows)
  host-cpu-busy.csv (94 rows)
  host-mem-used.csv (94 rows)
  5xx: no 5xx in window (confirmed: http-status has 188 samples, so the status label IS scraped)
  logs -> /home/rohitj/edc/benchmarking-dsp-native-basyx/k6-scripts/results/basyx/off/concurrency-closed/2026-08-11T20-13-24Z/logs (1 files)
0
Settling 60s (this run stressed the connector; the next one must not inherit its backlog)
VALIDITY  ok=11236  failed=0  failed_rate=0%  dropped_iterations=0
>>> done: /home/rohitj/edc/benchmarking-dsp-native-basyx/k6-scripts/results/basyx/off/concurrency-closed/2026-08-11T20-13-24Z  (k6 exit 0)
Matrix done. Index: /home/rohitj/edc/benchmarking-dsp-native-basyx/k6-scripts/results/basyx/matrix-2026-08-11T20-13-24Z.log
TIP: aggregate the per-run k6-summary.json across reps into median+IQR before plotting.
20:23:32 |     done (exit 0)
20:23:32 |   … settling 120s before the next scenario
20:25:32 | --> saturation-open x3
Matrix: connector=basyx reps=3 scenarios=[saturation-open]
===== repetition 1/3 =====
----- basyx / saturation-open (rep 1) -----
>>> basyx / saturation-open  ->  /home/rohitj/edc/benchmarking-dsp-native-basyx/k6-scripts/results/basyx/off/saturation-open/2026-08-11T20-25-32Z
parity OK: lib/ + scenarios/ + orchestration/ + tools/ identical to /home/rohitj/edc/benchmarking-dsp-native-basyx/k6-scripts
Health: http://localhost:8090/dsp http://localhost:8888/health + prometheus  OK
Warmup 60s @ 1/s (discarded)
  draining 20s before the measured window opens
k6 -> Prometheus remote-write: http://localhost:9090/api/v1/write

         /\      Grafana   /‾‾/  
    /\  /  \     |\  __   /  /   
   /  \/    \    | |/ /  /   ‾‾\ 
  /          \   |   (  |  (‾)  |
 / __________ \  |_|\_\  \_____/ 


     execution: local
        script: /home/rohitj/edc/benchmarking-dsp-native-basyx/k6-scripts/basyx-off/saturation-open.js
        output: Prometheus remote write (http://localhost:9090/api/v1/write)

     scenarios: (100.00%) 1 scenario, 800 max VUs, 11m0s max duration (incl. graceful stop):
              * saturation: Up to 6.00 iterations/s for 10m30s over 7 stages (maxVUs: 600-800, gracefulStop: 30s)


running (00m00.8s), 000/600 VUs, 0 complete and 0 interrupted iterations
saturation   [   0% ] 000/600 VUs  00m00.5s/10m30s  1.00 iters/s

running (00m01.8s), 001/600 VUs, 0 complete and 0 interrupted iterations
saturation   [   0% ] 001/600 VUs  00m01.5s/10m30s  1.00 iters/s

running (00m02.8s), 001/600 VUs, 1 complete and 0 interrupted iterations
saturation   [   0% ] 001/600 VUs  00m02.5s/10m30s  1.00 iters/s

running (00m03.8s), 001/600 VUs, 2 complete and 0 interrupted iterations
saturation   [   1% ] 001/600 VUs  00m03.5s/10m30s  1.00 iters/s

running (00m04.8s), 001/600 VUs, 3 complete and 0 interrupted iterations
saturation   [   1% ] 001/600 VUs  00m04.5s/10m30s  1.00 iters/s

running (00m05.8s), 001/600 VUs, 4 complete and 0 interrupted iterations
saturation   [   1% ] 001/600 VUs  00m05.5s/10m30s  1.00 iters/s

running (00m06.8s), 001/600 VUs, 5 complete and 0 interrupted iterations
saturation   [   1% ] 001/600 VUs  00m06.5s/10m30s  1.00 iters/s

running (00m07.8s), 001/600 VUs, 6 complete and 0 interrupted iterations
saturation   [   1% ] 001/600 VUs  00m07.5s/10m30s  1.00 iters/s

running (00m08.8s), 001/600 VUs, 7 complete and 0 interrupted iterations
saturation   [   1% ] 001/600 VUs  00m08.5s/10m30s  1.00 iters/s

running (00m09.8s), 001/600 VUs, 8 complete and 0 interrupted iterations
saturation   [   2% ] 001/600 VUs  00m09.5s/10m30s  1.00 iters/s

running (00m10.8s), 001/600 VUs, 9 complete and 0 interrupted iterations
saturation   [   2% ] 001/600 VUs  00m10.5s/10m30s  1.00 iters/s

running (00m11.8s), 001/600 VUs, 10 complete and 0 interrupted iterations
saturation   [   2% ] 001/600 VUs  00m11.5s/10m30s  1.00 iters/s

running (00m12.8s), 001/600 VUs, 11 complete and 0 interrupted iterations
saturation   [   2% ] 001/600 VUs  00m12.5s/10m30s  1.00 iters/s

running (00m13.8s), 001/600 VUs, 12 complete and 0 interrupted iterations
saturation   [   2% ] 001/600 VUs  00m13.5s/10m30s  1.00 iters/s

running (00m14.8s), 001/600 VUs, 13 complete and 0 interrupted iterations
saturation   [   2% ] 001/600 VUs  00m14.5s/10m30s  1.00 iters/s

running (00m15.8s), 001/600 VUs, 14 complete and 0 interrupted iterations
saturation   [   2% ] 001/600 VUs  00m15.5s/10m30s  1.00 iters/s

running (00m16.8s), 001/600 VUs, 15 complete and 0 interrupted iterations
saturation   [   3% ] 001/600 VUs  00m16.5s/10m30s  1.00 iters/s

running (00m17.8s), 001/600 VUs, 16 complete and 0 interrupted iterations
saturation   [   3% ] 001/600 VUs  00m17.5s/10m30s  1.00 iters/s

running (00m18.8s), 001/600 VUs, 17 complete and 0 interrupted iterations
saturation   [   3% ] 001/600 VUs  00m18.5s/10m30s  1.00 iters/s

running (00m19.8s), 001/600 VUs, 18 complete and 0 interrupted iterations
saturation   [   3% ] 001/600 VUs  00m19.5s/10m30s  1.00 iters/s

running (00m20.8s), 001/600 VUs, 19 complete and 0 interrupted iterations
saturation   [   3% ] 001/600 VUs  00m20.5s/10m30s  1.00 iters/s

running (00m21.8s), 001/600 VUs, 20 complete and 0 interrupted iterations
saturation   [   3% ] 001/600 VUs  00m21.5s/10m30s  1.00 iters/s

running (00m22.8s), 001/600 VUs, 21 complete and 0 interrupted iterations
saturation   [   4% ] 001/600 VUs  00m22.5s/10m30s  1.00 iters/s

running (00m23.8s), 001/600 VUs, 22 complete and 0 interrupted iterations
saturation   [   4% ] 001/600 VUs  00m23.5s/10m30s  1.00 iters/s

running (00m24.8s), 001/600 VUs, 23 complete and 0 interrupted iterations
saturation   [   4% ] 001/600 VUs  00m24.5s/10m30s  1.00 iters/s

running (00m25.8s), 001/600 VUs, 24 complete and 0 interrupted iterations
saturation   [   4% ] 001/600 VUs  00m25.5s/10m30s  1.00 iters/s

running (00m26.8s), 001/600 VUs, 25 complete and 0 interrupted iterations
saturation   [   4% ] 001/600 VUs  00m26.5s/10m30s  1.00 iters/s

running (00m27.8s), 001/600 VUs, 26 complete and 0 interrupted iterations
saturation   [   4% ] 001/600 VUs  00m27.5s/10m30s  1.00 iters/s

running (00m28.8s), 001/600 VUs, 27 complete and 0 interrupted iterations
saturation   [   5% ] 001/600 VUs  00m28.5s/10m30s  1.00 iters/s

running (00m29.8s), 001/600 VUs, 28 complete and 0 interrupted iterations
saturation   [   5% ] 001/600 VUs  00m29.5s/10m30s  1.00 iters/s

running (00m30.8s), 001/600 VUs, 29 complete and 0 interrupted iterations
saturation   [   5% ] 001/600 VUs  00m30.5s/10m30s  1.00 iters/s

running (00m31.8s), 001/600 VUs, 30 complete and 0 interrupted iterations
saturation   [   5% ] 001/600 VUs  00m31.5s/10m30s  1.00 iters/s

running (00m32.8s), 001/600 VUs, 31 complete and 0 interrupted iterations
saturation   [   5% ] 001/600 VUs  00m32.5s/10m30s  1.00 iters/s

running (00m33.8s), 001/600 VUs, 32 complete and 0 interrupted iterations
saturation   [   5% ] 001/600 VUs  00m33.5s/10m30s  1.00 iters/s

running (00m34.8s), 001/600 VUs, 33 complete and 0 interrupted iterations
saturation   [   5% ] 001/600 VUs  00m34.5s/10m30s  1.00 iters/s

running (00m35.8s), 001/600 VUs, 34 complete and 0 interrupted iterations
saturation   [   6% ] 001/600 VUs  00m35.5s/10m30s  1.00 iters/s

running (00m36.8s), 001/600 VUs, 35 complete and 0 interrupted iterations
saturation   [   6% ] 001/600 VUs  00m36.5s/10m30s  1.00 iters/s

running (00m37.8s), 001/600 VUs, 36 complete and 0 interrupted iterations
saturation   [   6% ] 001/600 VUs  00m37.5s/10m30s  1.00 iters/s

running (00m38.8s), 001/600 VUs, 37 complete and 0 interrupted iterations
saturation   [   6% ] 001/600 VUs  00m38.5s/10m30s  1.00 iters/s

running (00m39.8s), 001/600 VUs, 38 complete and 0 interrupted iterations
saturation   [   6% ] 001/600 VUs  00m39.5s/10m30s  1.00 iters/s

running (00m40.8s), 001/600 VUs, 39 complete and 0 interrupted iterations
saturation   [   6% ] 001/600 VUs  00m40.5s/10m30s  1.00 iters/s

running (00m41.8s), 001/600 VUs, 40 complete and 0 interrupted iterations
saturation   [   7% ] 001/600 VUs  00m41.5s/10m30s  1.00 iters/s

running (00m42.8s), 001/600 VUs, 41 complete and 0 interrupted iterations
saturation   [   7% ] 001/600 VUs  00m42.5s/10m30s  1.00 iters/s

running (00m43.8s), 001/600 VUs, 42 complete and 0 interrupted iterations
saturation   [   7% ] 001/600 VUs  00m43.5s/10m30s  1.00 iters/s

running (00m44.8s), 001/600 VUs, 43 complete and 0 interrupted iterations
saturation   [   7% ] 001/600 VUs  00m44.5s/10m30s  1.00 iters/s

running (00m45.8s), 001/600 VUs, 44 complete and 0 interrupted iterations
saturation   [   7% ] 001/600 VUs  00m45.5s/10m30s  1.00 iters/s

running (00m46.8s), 001/600 VUs, 45 complete and 0 interrupted iterations
saturation   [   7% ] 001/600 VUs  00m46.5s/10m30s  1.00 iters/s

running (00m47.8s), 001/600 VUs, 46 complete and 0 interrupted iterations
saturation   [   8% ] 001/600 VUs  00m47.5s/10m30s  1.00 iters/s

running (00m48.8s), 001/600 VUs, 47 complete and 0 interrupted iterations
saturation   [   8% ] 001/600 VUs  00m48.5s/10m30s  1.00 iters/s

running (00m49.8s), 001/600 VUs, 48 complete and 0 interrupted iterations
saturation   [   8% ] 001/600 VUs  00m49.5s/10m30s  1.00 iters/s

running (00m50.8s), 001/600 VUs, 49 complete and 0 interrupted iterations
saturation   [   8% ] 001/600 VUs  00m50.5s/10m30s  1.00 iters/s

running (00m51.8s), 001/600 VUs, 50 complete and 0 interrupted iterations
saturation   [   8% ] 001/600 VUs  00m51.5s/10m30s  1.00 iters/s

running (00m52.8s), 001/600 VUs, 51 complete and 0 interrupted iterations
saturation   [   8% ] 001/600 VUs  00m52.5s/10m30s  1.00 iters/s

running (00m53.8s), 001/600 VUs, 52 complete and 0 interrupted iterations
saturation   [   8% ] 001/600 VUs  00m53.5s/10m30s  1.00 iters/s

running (00m54.8s), 001/600 VUs, 53 complete and 0 interrupted iterations
saturation   [   9% ] 001/600 VUs  00m54.5s/10m30s  1.00 iters/s

running (00m55.8s), 001/600 VUs, 54 complete and 0 interrupted iterations
saturation   [   9% ] 001/600 VUs  00m55.5s/10m30s  1.00 iters/s

running (00m56.8s), 001/600 VUs, 55 complete and 0 interrupted iterations
saturation   [   9% ] 001/600 VUs  00m56.5s/10m30s  1.00 iters/s

running (00m57.8s), 001/600 VUs, 56 complete and 0 interrupted iterations
saturation   [   9% ] 001/600 VUs  00m57.5s/10m30s  1.00 iters/s

running (00m58.8s), 001/600 VUs, 57 complete and 0 interrupted iterations
saturation   [   9% ] 001/600 VUs  00m58.5s/10m30s  1.00 iters/s

running (00m59.8s), 001/600 VUs, 58 complete and 0 interrupted iterations
saturation   [   9% ] 001/600 VUs  00m59.5s/10m30s  1.00 iters/s

running (01m00.8s), 001/600 VUs, 59 complete and 0 interrupted iterations
saturation   [  10% ] 001/600 VUs  01m00.5s/10m30s  1.00 iters/s

running (01m01.8s), 001/600 VUs, 60 complete and 0 interrupted iterations
saturation   [  10% ] 001/600 VUs  01m01.5s/10m30s  1.00 iters/s

running (01m02.8s), 001/600 VUs, 61 complete and 0 interrupted iterations
saturation   [  10% ] 001/600 VUs  01m02.5s/10m30s  1.00 iters/s

running (01m03.8s), 001/600 VUs, 62 complete and 0 interrupted iterations
saturation   [  10% ] 001/600 VUs  01m03.5s/10m30s  1.00 iters/s

running (01m04.8s), 001/600 VUs, 63 complete and 0 interrupted iterations
saturation   [  10% ] 001/600 VUs  01m04.5s/10m30s  1.00 iters/s

running (01m05.8s), 001/600 VUs, 64 complete and 0 interrupted iterations
saturation   [  10% ] 001/600 VUs  01m05.5s/10m30s  1.00 iters/s

running (01m06.8s), 001/600 VUs, 65 complete and 0 interrupted iterations
saturation   [  11% ] 001/600 VUs  01m06.5s/10m30s  1.00 iters/s

running (01m07.8s), 001/600 VUs, 66 complete and 0 interrupted iterations
saturation   [  11% ] 001/600 VUs  01m07.5s/10m30s  1.00 iters/s

running (01m08.8s), 001/600 VUs, 67 complete and 0 interrupted iterations
saturation   [  11% ] 001/600 VUs  01m08.5s/10m30s  1.00 iters/s

running (01m09.8s), 001/600 VUs, 68 complete and 0 interrupted iterations
saturation   [  11% ] 001/600 VUs  01m09.5s/10m30s  1.00 iters/s

running (01m10.8s), 001/600 VUs, 69 complete and 0 interrupted iterations
saturation   [  11% ] 001/600 VUs  01m10.5s/10m30s  1.00 iters/s

running (01m11.8s), 001/600 VUs, 70 complete and 0 interrupted iterations
saturation   [  11% ] 001/600 VUs  01m11.5s/10m30s  1.00 iters/s

running (01m12.8s), 001/600 VUs, 71 complete and 0 interrupted iterations
saturation   [  12% ] 001/600 VUs  01m12.5s/10m30s  1.00 iters/s

running (01m13.8s), 001/600 VUs, 72 complete and 0 interrupted iterations
saturation   [  12% ] 001/600 VUs  01m13.5s/10m30s  1.00 iters/s

running (01m14.8s), 001/600 VUs, 73 complete and 0 interrupted iterations
saturation   [  12% ] 001/600 VUs  01m14.5s/10m30s  1.00 iters/s

running (01m15.8s), 001/600 VUs, 74 complete and 0 interrupted iterations
saturation   [  12% ] 001/600 VUs  01m15.5s/10m30s  1.00 iters/s

running (01m16.8s), 001/600 VUs, 75 complete and 0 interrupted iterations
saturation   [  12% ] 001/600 VUs  01m16.5s/10m30s  1.00 iters/s

running (01m17.8s), 001/600 VUs, 76 complete and 0 interrupted iterations
saturation   [  12% ] 001/600 VUs  01m17.5s/10m30s  1.00 iters/s

running (01m18.8s), 001/600 VUs, 77 complete and 0 interrupted iterations
saturation   [  12% ] 001/600 VUs  01m18.5s/10m30s  1.00 iters/s

running (01m19.8s), 001/600 VUs, 78 complete and 0 interrupted iterations
saturation   [  13% ] 001/600 VUs  01m19.5s/10m30s  1.00 iters/s

running (01m20.8s), 001/600 VUs, 79 complete and 0 interrupted iterations
saturation   [  13% ] 001/600 VUs  01m20.5s/10m30s  1.00 iters/s

running (01m21.8s), 001/600 VUs, 80 complete and 0 interrupted iterations
saturation   [  13% ] 001/600 VUs  01m21.5s/10m30s  1.00 iters/s

running (01m22.8s), 001/600 VUs, 81 complete and 0 interrupted iterations
saturation   [  13% ] 001/600 VUs  01m22.5s/10m30s  1.00 iters/s

running (01m23.8s), 001/600 VUs, 82 complete and 0 interrupted iterations
saturation   [  13% ] 001/600 VUs  01m23.5s/10m30s  1.00 iters/s

running (01m24.8s), 001/600 VUs, 83 complete and 0 interrupted iterations
saturation   [  13% ] 001/600 VUs  01m24.5s/10m30s  1.00 iters/s

running (01m25.8s), 001/600 VUs, 84 complete and 0 interrupted iterations
saturation   [  14% ] 001/600 VUs  01m25.5s/10m30s  1.00 iters/s

running (01m26.8s), 001/600 VUs, 85 complete and 0 interrupted iterations
saturation   [  14% ] 001/600 VUs  01m26.5s/10m30s  1.00 iters/s

running (01m27.8s), 001/600 VUs, 86 complete and 0 interrupted iterations
saturation   [  14% ] 001/600 VUs  01m27.5s/10m30s  1.00 iters/s

running (01m28.8s), 001/600 VUs, 87 complete and 0 interrupted iterations
saturation   [  14% ] 001/600 VUs  01m28.5s/10m30s  1.00 iters/s

running (01m29.8s), 001/600 VUs, 88 complete and 0 interrupted iterations
saturation   [  14% ] 001/600 VUs  01m29.5s/10m30s  1.00 iters/s

running (01m30.8s), 001/600 VUs, 89 complete and 0 interrupted iterations
saturation   [  14% ] 001/600 VUs  01m30.5s/10m30s  1.01 iters/s

running (01m31.8s), 001/600 VUs, 90 complete and 0 interrupted iterations
saturation   [  15% ] 001/600 VUs  01m31.5s/10m30s  1.02 iters/s

running (01m32.8s), 001/600 VUs, 91 complete and 0 interrupted iterations
saturation   [  15% ] 001/600 VUs  01m32.5s/10m30s  1.03 iters/s

running (01m33.8s), 001/600 VUs, 92 complete and 0 interrupted iterations
saturation   [  15% ] 001/600 VUs  01m33.5s/10m30s  1.04 iters/s

running (01m34.8s), 001/600 VUs, 93 complete and 0 interrupted iterations
saturation   [  15% ] 001/600 VUs  01m34.5s/10m30s  1.05 iters/s

running (01m35.8s), 001/600 VUs, 94 complete and 0 interrupted iterations
saturation   [  15% ] 001/600 VUs  01m35.5s/10m30s  1.06 iters/s

running (01m36.8s), 001/600 VUs, 95 complete and 0 interrupted iterations
saturation   [  15% ] 001/600 VUs  01m36.5s/10m30s  1.07 iters/s

running (01m37.8s), 001/600 VUs, 96 complete and 0 interrupted iterations
saturation   [  15% ] 001/600 VUs  01m37.5s/10m30s  1.08 iters/s

running (01m38.8s), 001/600 VUs, 97 complete and 0 interrupted iterations
saturation   [  16% ] 001/600 VUs  01m38.5s/10m30s  1.09 iters/s

running (01m39.8s), 000/600 VUs, 99 complete and 0 interrupted iterations
saturation   [  16% ] 000/600 VUs  01m39.5s/10m30s  1.10 iters/s

running (01m40.8s), 001/600 VUs, 100 complete and 0 interrupted iterations
saturation   [  16% ] 001/600 VUs  01m40.5s/10m30s  1.12 iters/s

running (01m41.8s), 001/600 VUs, 101 complete and 0 interrupted iterations
saturation   [  16% ] 001/600 VUs  01m41.5s/10m30s  1.13 iters/s

running (01m42.8s), 001/600 VUs, 102 complete and 0 interrupted iterations
saturation   [  16% ] 001/600 VUs  01m42.5s/10m30s  1.14 iters/s

running (01m43.8s), 001/600 VUs, 103 complete and 0 interrupted iterations
saturation   [  16% ] 001/600 VUs  01m43.5s/10m30s  1.15 iters/s

running (01m44.8s), 001/600 VUs, 104 complete and 0 interrupted iterations
saturation   [  17% ] 001/600 VUs  01m44.5s/10m30s  1.16 iters/s

running (01m45.8s), 001/600 VUs, 105 complete and 0 interrupted iterations
saturation   [  17% ] 001/600 VUs  01m45.5s/10m30s  1.17 iters/s

running (01m46.8s), 001/600 VUs, 106 complete and 0 interrupted iterations
saturation   [  17% ] 001/600 VUs  01m46.5s/10m30s  1.18 iters/s

running (01m47.8s), 001/600 VUs, 108 complete and 0 interrupted iterations
saturation   [  17% ] 001/600 VUs  01m47.5s/10m30s  1.20 iters/s

running (01m48.8s), 001/600 VUs, 109 complete and 0 interrupted iterations
saturation   [  17% ] 001/600 VUs  01m48.5s/10m30s  1.21 iters/s

running (01m49.8s), 001/600 VUs, 110 complete and 0 interrupted iterations
saturation   [  17% ] 001/600 VUs  01m49.5s/10m30s  1.22 iters/s

running (01m50.8s), 001/600 VUs, 111 complete and 0 interrupted iterations
saturation   [  18% ] 001/600 VUs  01m50.5s/10m30s  1.22 iters/s

running (01m51.8s), 002/600 VUs, 112 complete and 0 interrupted iterations
saturation   [  18% ] 002/600 VUs  01m51.5s/10m30s  1.24 iters/s

running (01m52.8s), 001/600 VUs, 114 complete and 0 interrupted iterations
saturation   [  18% ] 001/600 VUs  01m52.5s/10m30s  1.25 iters/s

running (01m53.8s), 001/600 VUs, 115 complete and 0 interrupted iterations
saturation   [  18% ] 001/600 VUs  01m53.5s/10m30s  1.26 iters/s

running (01m54.8s), 001/600 VUs, 116 complete and 0 interrupted iterations
saturation   [  18% ] 001/600 VUs  01m54.5s/10m30s  1.27 iters/s

running (01m55.8s), 002/600 VUs, 117 complete and 0 interrupted iterations
saturation   [  18% ] 002/600 VUs  01m55.5s/10m30s  1.29 iters/s

running (01m56.8s), 001/600 VUs, 119 complete and 0 interrupted iterations
saturation   [  18% ] 001/600 VUs  01m56.5s/10m30s  1.30 iters/s

running (01m57.8s), 001/600 VUs, 120 complete and 0 interrupted iterations
saturation   [  19% ] 001/600 VUs  01m57.5s/10m30s  1.30 iters/s

running (01m58.8s), 001/600 VUs, 121 complete and 0 interrupted iterations
saturation   [  19% ] 001/600 VUs  01m58.5s/10m30s  1.31 iters/s

running (01m59.8s), 001/600 VUs, 123 complete and 0 interrupted iterations
saturation   [  19% ] 001/600 VUs  01m59.5s/10m30s  1.33 iters/s

running (02m00.8s), 001/600 VUs, 124 complete and 0 interrupted iterations
saturation   [  19% ] 001/600 VUs  02m00.5s/10m30s  1.34 iters/s

running (02m01.8s), 001/600 VUs, 125 complete and 0 interrupted iterations
saturation   [  19% ] 001/600 VUs  02m01.5s/10m30s  1.35 iters/s

running (02m02.8s), 001/600 VUs, 127 complete and 0 interrupted iterations
saturation   [  19% ] 001/600 VUs  02m02.5s/10m30s  1.36 iters/s

running (02m03.8s), 001/600 VUs, 128 complete and 0 interrupted iterations
saturation   [  20% ] 001/600 VUs  02m03.5s/10m30s  1.37 iters/s

running (02m04.8s), 002/600 VUs, 129 complete and 0 interrupted iterations
saturation   [  20% ] 002/600 VUs  02m04.5s/10m30s  1.39 iters/s

running (02m05.8s), 001/600 VUs, 131 complete and 0 interrupted iterations
saturation   [  20% ] 001/600 VUs  02m05.5s/10m30s  1.39 iters/s

running (02m06.8s), 001/600 VUs, 132 complete and 0 interrupted iterations
saturation   [  20% ] 001/600 VUs  02m06.5s/10m30s  1.40 iters/s

running (02m07.8s), 001/600 VUs, 134 complete and 0 interrupted iterations
saturation   [  20% ] 001/600 VUs  02m07.5s/10m30s  1.42 iters/s

running (02m08.8s), 001/600 VUs, 135 complete and 0 interrupted iterations
saturation   [  20% ] 001/600 VUs  02m08.5s/10m30s  1.43 iters/s

running (02m09.8s), 002/600 VUs, 136 complete and 0 interrupted iterations
saturation   [  21% ] 002/600 VUs  02m09.5s/10m30s  1.44 iters/s

running (02m10.8s), 001/600 VUs, 138 complete and 0 interrupted iterations
saturation   [  21% ] 001/600 VUs  02m10.5s/10m30s  1.45 iters/s

running (02m11.8s), 002/600 VUs, 139 complete and 0 interrupted iterations
saturation   [  21% ] 002/600 VUs  02m11.5s/10m30s  1.46 iters/s

running (02m12.8s), 001/600 VUs, 141 complete and 0 interrupted iterations
saturation   [  21% ] 001/600 VUs  02m12.5s/10m30s  1.47 iters/s

running (02m13.8s), 001/600 VUs, 142 complete and 0 interrupted iterations
saturation   [  21% ] 001/600 VUs  02m13.5s/10m30s  1.48 iters/s

running (02m14.8s), 001/600 VUs, 144 complete and 0 interrupted iterations
saturation   [  21% ] 001/600 VUs  02m14.5s/10m30s  1.49 iters/s

running (02m15.8s), 001/600 VUs, 145 complete and 0 interrupted iterations
saturation   [  22% ] 001/600 VUs  02m15.5s/10m30s  1.50 iters/s

running (02m16.8s), 001/600 VUs, 147 complete and 0 interrupted iterations
saturation   [  22% ] 001/600 VUs  02m16.5s/10m30s  1.52 iters/s

running (02m17.8s), 001/600 VUs, 148 complete and 0 interrupted iterations
saturation   [  22% ] 001/600 VUs  02m17.5s/10m30s  1.52 iters/s

running (02m18.8s), 001/600 VUs, 150 complete and 0 interrupted iterations
saturation   [  22% ] 001/600 VUs  02m18.5s/10m30s  1.54 iters/s

running (02m19.8s), 002/600 VUs, 151 complete and 0 interrupted iterations
saturation   [  22% ] 002/600 VUs  02m19.5s/10m30s  1.55 iters/s

running (02m20.8s), 001/600 VUs, 153 complete and 0 interrupted iterations
saturation   [  22% ] 001/600 VUs  02m20.5s/10m30s  1.56 iters/s

running (02m21.8s), 002/600 VUs, 154 complete and 0 interrupted iterations
saturation   [  22% ] 002/600 VUs  02m21.5s/10m30s  1.57 iters/s

running (02m22.8s), 001/600 VUs, 156 complete and 0 interrupted iterations
saturation   [  23% ] 001/600 VUs  02m22.5s/10m30s  1.58 iters/s

running (02m23.8s), 002/600 VUs, 157 complete and 0 interrupted iterations
saturation   [  23% ] 002/600 VUs  02m23.5s/10m30s  1.60 iters/s

running (02m24.8s), 001/600 VUs, 159 complete and 0 interrupted iterations
saturation   [  23% ] 001/600 VUs  02m24.5s/10m30s  1.60 iters/s

running (02m25.8s), 001/600 VUs, 161 complete and 0 interrupted iterations
saturation   [  23% ] 001/600 VUs  02m25.5s/10m30s  1.62 iters/s

running (02m26.8s), 002/600 VUs, 162 complete and 0 interrupted iterations
saturation   [  23% ] 002/600 VUs  02m26.5s/10m30s  1.63 iters/s

running (02m27.8s), 001/600 VUs, 164 complete and 0 interrupted iterations
saturation   [  23% ] 001/600 VUs  02m27.5s/10m30s  1.64 iters/s

running (02m28.8s), 001/600 VUs, 166 complete and 0 interrupted iterations
saturation   [  24% ] 001/600 VUs  02m28.5s/10m30s  1.65 iters/s

running (02m29.8s), 002/600 VUs, 167 complete and 0 interrupted iterations
saturation   [  24% ] 002/600 VUs  02m29.5s/10m30s  1.66 iters/s

running (02m30.8s), 001/600 VUs, 169 complete and 0 interrupted iterations
saturation   [  24% ] 001/600 VUs  02m30.5s/10m30s  1.67 iters/s

running (02m31.8s), 001/600 VUs, 171 complete and 0 interrupted iterations
saturation   [  24% ] 001/600 VUs  02m31.5s/10m30s  1.68 iters/s

running (02m32.8s), 002/600 VUs, 172 complete and 0 interrupted iterations
saturation   [  24% ] 002/600 VUs  02m32.5s/10m30s  1.70 iters/s

running (02m33.8s), 001/600 VUs, 174 complete and 0 interrupted iterations
saturation   [  24% ] 001/600 VUs  02m33.5s/10m30s  1.70 iters/s

running (02m34.8s), 001/600 VUs, 176 complete and 0 interrupted iterations
saturation   [  25% ] 001/600 VUs  02m34.5s/10m30s  1.72 iters/s

running (02m35.8s), 002/600 VUs, 177 complete and 0 interrupted iterations
saturation   [  25% ] 002/600 VUs  02m35.5s/10m30s  1.73 iters/s

running (02m36.8s), 002/600 VUs, 179 complete and 0 interrupted iterations
saturation   [  25% ] 002/600 VUs  02m36.5s/10m30s  1.74 iters/s

running (02m37.8s), 001/600 VUs, 181 complete and 0 interrupted iterations
saturation   [  25% ] 001/600 VUs  02m37.5s/10m30s  1.75 iters/s

running (02m38.8s), 001/600 VUs, 183 complete and 0 interrupted iterations
saturation   [  25% ] 001/600 VUs  02m38.5s/10m30s  1.76 iters/s

running (02m39.8s), 002/600 VUs, 184 complete and 0 interrupted iterations
saturation   [  25% ] 002/600 VUs  02m39.5s/10m30s  1.77 iters/s

running (02m40.8s), 002/600 VUs, 186 complete and 0 interrupted iterations
saturation   [  25% ] 002/600 VUs  02m40.5s/10m30s  1.79 iters/s

running (02m41.8s), 001/600 VUs, 188 complete and 0 interrupted iterations
saturation   [  26% ] 001/600 VUs  02m41.5s/10m30s  1.79 iters/s

running (02m42.8s), 001/600 VUs, 190 complete and 0 interrupted iterations
saturation   [  26% ] 001/600 VUs  02m42.5s/10m30s  1.80 iters/s

running (02m43.8s), 002/600 VUs, 191 complete and 0 interrupted iterations
saturation   [  26% ] 002/600 VUs  02m43.5s/10m30s  1.82 iters/s

running (02m44.8s), 002/600 VUs, 193 complete and 0 interrupted iterations
saturation   [  26% ] 002/600 VUs  02m44.5s/10m30s  1.83 iters/s

running (02m45.8s), 002/600 VUs, 195 complete and 0 interrupted iterations
saturation   [  26% ] 002/600 VUs  02m45.5s/10m30s  1.84 iters/s

running (02m46.8s), 001/600 VUs, 197 complete and 0 interrupted iterations
saturation   [  26% ] 001/600 VUs  02m46.5s/10m30s  1.85 iters/s

running (02m47.8s), 001/600 VUs, 199 complete and 0 interrupted iterations
saturation   [  27% ] 001/600 VUs  02m47.5s/10m30s  1.86 iters/s

running (02m48.8s), 001/600 VUs, 201 complete and 0 interrupted iterations
saturation   [  27% ] 001/600 VUs  02m48.5s/10m30s  1.87 iters/s

running (02m49.8s), 002/600 VUs, 202 complete and 0 interrupted iterations
saturation   [  27% ] 002/600 VUs  02m49.5s/10m30s  1.88 iters/s

running (02m50.8s), 002/600 VUs, 204 complete and 0 interrupted iterations
saturation   [  27% ] 002/600 VUs  02m50.5s/10m30s  1.89 iters/s

running (02m51.8s), 002/600 VUs, 206 complete and 0 interrupted iterations
saturation   [  27% ] 002/600 VUs  02m51.5s/10m30s  1.91 iters/s

running (02m52.8s), 002/600 VUs, 208 complete and 0 interrupted iterations
saturation   [  27% ] 002/600 VUs  02m52.5s/10m30s  1.92 iters/s

running (02m53.8s), 002/600 VUs, 210 complete and 0 interrupted iterations
saturation   [  28% ] 002/600 VUs  02m53.5s/10m30s  1.93 iters/s

running (02m54.8s), 002/600 VUs, 212 complete and 0 interrupted iterations
saturation   [  28% ] 002/600 VUs  02m54.5s/10m30s  1.94 iters/s

running (02m55.8s), 002/600 VUs, 214 complete and 0 interrupted iterations
saturation   [  28% ] 002/600 VUs  02m55.5s/10m30s  1.95 iters/s

running (02m56.8s), 001/600 VUs, 216 complete and 0 interrupted iterations
saturation   [  28% ] 001/600 VUs  02m56.5s/10m30s  1.96 iters/s

running (02m57.8s), 001/600 VUs, 218 complete and 0 interrupted iterations
saturation   [  28% ] 001/600 VUs  02m57.5s/10m30s  1.97 iters/s

running (02m58.8s), 001/600 VUs, 220 complete and 0 interrupted iterations
saturation   [  28% ] 001/600 VUs  02m58.5s/10m30s  1.98 iters/s

running (02m59.8s), 001/600 VUs, 222 complete and 0 interrupted iterations
saturation   [  28% ] 001/600 VUs  02m59.5s/10m30s  1.99 iters/s

running (03m00.8s), 001/600 VUs, 224 complete and 0 interrupted iterations
saturation   [  29% ] 001/600 VUs  03m00.5s/10m30s  2.00 iters/s

running (03m01.8s), 001/600 VUs, 226 complete and 0 interrupted iterations
saturation   [  29% ] 001/600 VUs  03m01.5s/10m30s  2.01 iters/s

running (03m02.8s), 001/600 VUs, 228 complete and 0 interrupted iterations
saturation   [  29% ] 001/600 VUs  03m02.5s/10m30s  2.02 iters/s

running (03m03.8s), 001/600 VUs, 230 complete and 0 interrupted iterations
saturation   [  29% ] 001/600 VUs  03m03.5s/10m30s  2.04 iters/s

running (03m04.8s), 002/600 VUs, 232 complete and 0 interrupted iterations
saturation   [  29% ] 002/600 VUs  03m04.5s/10m30s  2.05 iters/s

running (03m05.8s), 002/600 VUs, 234 complete and 0 interrupted iterations
saturation   [  29% ] 002/600 VUs  03m05.5s/10m30s  2.06 iters/s

running (03m06.8s), 002/600 VUs, 236 complete and 0 interrupted iterations
saturation   [  30% ] 002/600 VUs  03m06.5s/10m30s  2.07 iters/s

running (03m07.8s), 002/600 VUs, 238 complete and 0 interrupted iterations
saturation   [  30% ] 002/600 VUs  03m07.5s/10m30s  2.08 iters/s

running (03m08.8s), 002/600 VUs, 240 complete and 0 interrupted iterations
saturation   [  30% ] 002/600 VUs  03m08.5s/10m30s  2.09 iters/s

running (03m09.8s), 002/600 VUs, 242 complete and 0 interrupted iterations
saturation   [  30% ] 002/600 VUs  03m09.5s/10m30s  2.11 iters/s

running (03m10.8s), 002/600 VUs, 244 complete and 0 interrupted iterations
saturation   [  30% ] 002/600 VUs  03m10.5s/10m30s  2.12 iters/s

running (03m11.8s), 002/600 VUs, 246 complete and 0 interrupted iterations
saturation   [  30% ] 002/600 VUs  03m11.5s/10m30s  2.13 iters/s

running (03m12.8s), 002/600 VUs, 248 complete and 0 interrupted iterations
saturation   [  31% ] 002/600 VUs  03m12.5s/10m30s  2.14 iters/s

running (03m13.8s), 001/600 VUs, 251 complete and 0 interrupted iterations
saturation   [  31% ] 001/600 VUs  03m13.5s/10m30s  2.15 iters/s

running (03m14.8s), 002/600 VUs, 253 complete and 0 interrupted iterations
saturation   [  31% ] 002/600 VUs  03m14.5s/10m30s  2.16 iters/s

running (03m15.8s), 002/600 VUs, 255 complete and 0 interrupted iterations
saturation   [  31% ] 002/600 VUs  03m15.5s/10m30s  2.17 iters/s

running (03m16.8s), 002/600 VUs, 257 complete and 0 interrupted iterations
saturation   [  31% ] 002/600 VUs  03m16.5s/10m30s  2.18 iters/s

running (03m17.8s), 002/600 VUs, 259 complete and 0 interrupted iterations
saturation   [  31% ] 002/600 VUs  03m17.5s/10m30s  2.19 iters/s

running (03m18.8s), 002/600 VUs, 261 complete and 0 interrupted iterations
saturation   [  32% ] 002/600 VUs  03m18.5s/10m30s  2.20 iters/s

running (03m19.8s), 002/600 VUs, 264 complete and 0 interrupted iterations
saturation   [  32% ] 002/600 VUs  03m19.5s/10m30s  2.22 iters/s

running (03m20.8s), 002/600 VUs, 266 complete and 0 interrupted iterations
saturation   [  32% ] 002/600 VUs  03m20.5s/10m30s  2.23 iters/s

running (03m21.8s), 002/600 VUs, 268 complete and 0 interrupted iterations
saturation   [  32% ] 002/600 VUs  03m21.5s/10m30s  2.24 iters/s

running (03m22.8s), 002/600 VUs, 270 complete and 0 interrupted iterations
saturation   [  32% ] 002/600 VUs  03m22.5s/10m30s  2.25 iters/s

running (03m23.8s), 001/600 VUs, 273 complete and 0 interrupted iterations
saturation   [  32% ] 001/600 VUs  03m23.5s/10m30s  2.26 iters/s

running (03m24.8s), 002/600 VUs, 275 complete and 0 interrupted iterations
saturation   [  32% ] 002/600 VUs  03m24.5s/10m30s  2.27 iters/s

running (03m25.8s), 002/600 VUs, 277 complete and 0 interrupted iterations
saturation   [  33% ] 002/600 VUs  03m25.5s/10m30s  2.28 iters/s

running (03m26.8s), 002/600 VUs, 279 complete and 0 interrupted iterations
saturation   [  33% ] 002/600 VUs  03m26.5s/10m30s  2.29 iters/s

running (03m27.8s), 002/600 VUs, 282 complete and 0 interrupted iterations
saturation   [  33% ] 002/600 VUs  03m27.5s/10m30s  2.31 iters/s

running (03m28.8s), 002/600 VUs, 284 complete and 0 interrupted iterations
saturation   [  33% ] 002/600 VUs  03m28.5s/10m30s  2.32 iters/s

running (03m29.8s), 002/600 VUs, 286 complete and 0 interrupted iterations
saturation   [  33% ] 002/600 VUs  03m29.5s/10m30s  2.33 iters/s

running (03m30.8s), 002/600 VUs, 289 complete and 0 interrupted iterations
saturation   [  33% ] 002/600 VUs  03m30.5s/10m30s  2.34 iters/s

running (03m31.8s), 002/600 VUs, 291 complete and 0 interrupted iterations
saturation   [  34% ] 002/600 VUs  03m31.5s/10m30s  2.35 iters/s

running (03m32.8s), 002/600 VUs, 293 complete and 0 interrupted iterations
saturation   [  34% ] 002/600 VUs  03m32.5s/10m30s  2.36 iters/s

running (03m33.8s), 002/600 VUs, 296 complete and 0 interrupted iterations
saturation   [  34% ] 002/600 VUs  03m33.5s/10m30s  2.37 iters/s

running (03m34.8s), 002/600 VUs, 298 complete and 0 interrupted iterations
saturation   [  34% ] 002/600 VUs  03m34.5s/10m30s  2.38 iters/s

running (03m35.8s), 002/600 VUs, 300 complete and 0 interrupted iterations
saturation   [  34% ] 002/600 VUs  03m35.5s/10m30s  2.39 iters/s

running (03m36.8s), 002/600 VUs, 303 complete and 0 interrupted iterations
saturation   [  34% ] 002/600 VUs  03m36.5s/10m30s  2.41 iters/s

running (03m37.8s), 002/600 VUs, 305 complete and 0 interrupted iterations
saturation   [  35% ] 002/600 VUs  03m37.5s/10m30s  2.42 iters/s

running (03m38.8s), 002/600 VUs, 308 complete and 0 interrupted iterations
saturation   [  35% ] 002/600 VUs  03m38.5s/10m30s  2.43 iters/s

running (03m39.8s), 002/600 VUs, 310 complete and 0 interrupted iterations
saturation   [  35% ] 002/600 VUs  03m39.5s/10m30s  2.44 iters/s

running (03m40.8s), 003/600 VUs, 312 complete and 0 interrupted iterations
saturation   [  35% ] 003/600 VUs  03m40.5s/10m30s  2.45 iters/s

running (03m41.8s), 002/600 VUs, 315 complete and 0 interrupted iterations
saturation   [  35% ] 002/600 VUs  03m41.5s/10m30s  2.46 iters/s

running (03m42.8s), 002/600 VUs, 317 complete and 0 interrupted iterations
saturation   [  35% ] 002/600 VUs  03m42.5s/10m30s  2.47 iters/s

running (03m43.8s), 002/600 VUs, 320 complete and 0 interrupted iterations
saturation   [  35% ] 002/600 VUs  03m43.5s/10m30s  2.48 iters/s

running (03m44.8s), 002/600 VUs, 322 complete and 0 interrupted iterations
saturation   [  36% ] 002/600 VUs  03m44.5s/10m30s  2.49 iters/s

running (03m45.8s), 002/600 VUs, 325 complete and 0 interrupted iterations
saturation   [  36% ] 002/600 VUs  03m45.5s/10m30s  2.51 iters/s

running (03m46.8s), 002/600 VUs, 327 complete and 0 interrupted iterations
saturation   [  36% ] 002/600 VUs  03m46.5s/10m30s  2.51 iters/s

running (03m47.8s), 002/600 VUs, 330 complete and 0 interrupted iterations
saturation   [  36% ] 002/600 VUs  03m47.5s/10m30s  2.53 iters/s

running (03m48.8s), 002/600 VUs, 332 complete and 0 interrupted iterations
saturation   [  36% ] 002/600 VUs  03m48.5s/10m30s  2.54 iters/s

running (03m49.8s), 002/600 VUs, 335 complete and 0 interrupted iterations
saturation   [  36% ] 002/600 VUs  03m49.5s/10m30s  2.55 iters/s

running (03m50.8s), 003/600 VUs, 337 complete and 0 interrupted iterations
saturation   [  37% ] 003/600 VUs  03m50.5s/10m30s  2.56 iters/s

running (03m51.8s), 002/600 VUs, 340 complete and 0 interrupted iterations
saturation   [  37% ] 002/600 VUs  03m51.5s/10m30s  2.57 iters/s

running (03m52.8s), 002/600 VUs, 343 complete and 0 interrupted iterations
saturation   [  37% ] 002/600 VUs  03m52.5s/10m30s  2.58 iters/s

running (03m53.8s), 002/600 VUs, 345 complete and 0 interrupted iterations
saturation   [  37% ] 002/600 VUs  03m53.5s/10m30s  2.59 iters/s

running (03m54.8s), 002/600 VUs, 348 complete and 0 interrupted iterations
saturation   [  37% ] 002/600 VUs  03m54.5s/10m30s  2.61 iters/s

running (03m55.8s), 003/600 VUs, 350 complete and 0 interrupted iterations
saturation   [  37% ] 003/600 VUs  03m55.5s/10m30s  2.62 iters/s

running (03m56.8s), 002/600 VUs, 353 complete and 0 interrupted iterations
saturation   [  38% ] 002/600 VUs  03m56.5s/10m30s  2.63 iters/s

running (03m57.8s), 002/600 VUs, 356 complete and 0 interrupted iterations
saturation   [  38% ] 002/600 VUs  03m57.5s/10m30s  2.64 iters/s

running (03m58.8s), 002/600 VUs, 358 complete and 0 interrupted iterations
saturation   [  38% ] 002/600 VUs  03m58.5s/10m30s  2.65 iters/s

running (03m59.8s), 002/600 VUs, 361 complete and 0 interrupted iterations
saturation   [  38% ] 002/600 VUs  03m59.5s/10m30s  2.66 iters/s

running (04m00.8s), 003/600 VUs, 363 complete and 0 interrupted iterations
saturation   [  38% ] 003/600 VUs  04m00.5s/10m30s  2.67 iters/s

running (04m01.8s), 002/600 VUs, 366 complete and 0 interrupted iterations
saturation   [  38% ] 002/600 VUs  04m01.5s/10m30s  2.68 iters/s

running (04m02.8s), 002/600 VUs, 369 complete and 0 interrupted iterations
saturation   [  38% ] 002/600 VUs  04m02.5s/10m30s  2.69 iters/s

running (04m03.8s), 002/600 VUs, 372 complete and 0 interrupted iterations
saturation   [  39% ] 002/600 VUs  04m03.5s/10m30s  2.71 iters/s

running (04m04.8s), 003/600 VUs, 374 complete and 0 interrupted iterations
saturation   [  39% ] 003/600 VUs  04m04.5s/10m30s  2.72 iters/s

running (04m05.8s), 002/600 VUs, 377 complete and 0 interrupted iterations
saturation   [  39% ] 002/600 VUs  04m05.5s/10m30s  2.73 iters/s

running (04m06.8s), 002/600 VUs, 380 complete and 0 interrupted iterations
saturation   [  39% ] 002/600 VUs  04m06.5s/10m30s  2.74 iters/s

running (04m07.8s), 003/600 VUs, 382 complete and 0 interrupted iterations
saturation   [  39% ] 003/600 VUs  04m07.5s/10m30s  2.75 iters/s

running (04m08.8s), 002/600 VUs, 385 complete and 0 interrupted iterations
saturation   [  39% ] 002/600 VUs  04m08.5s/10m30s  2.76 iters/s

running (04m09.8s), 002/600 VUs, 388 complete and 0 interrupted iterations
saturation   [  40% ] 002/600 VUs  04m09.5s/10m30s  2.77 iters/s

running (04m10.8s), 002/600 VUs, 391 complete and 0 interrupted iterations
saturation   [  40% ] 002/600 VUs  04m10.5s/10m30s  2.78 iters/s

running (04m11.8s), 003/600 VUs, 393 complete and 0 interrupted iterations
saturation   [  40% ] 003/600 VUs  04m11.5s/10m30s  2.79 iters/s

running (04m12.8s), 003/600 VUs, 396 complete and 0 interrupted iterations
saturation   [  40% ] 003/600 VUs  04m12.5s/10m30s  2.81 iters/s

running (04m13.8s), 002/600 VUs, 399 complete and 0 interrupted iterations
saturation   [  40% ] 002/600 VUs  04m13.5s/10m30s  2.81 iters/s

running (04m14.8s), 002/600 VUs, 402 complete and 0 interrupted iterations
saturation   [  40% ] 002/600 VUs  04m14.5s/10m30s  2.83 iters/s

running (04m15.8s), 002/600 VUs, 405 complete and 0 interrupted iterations
saturation   [  41% ] 002/600 VUs  04m15.5s/10m30s  2.84 iters/s

running (04m16.8s), 002/600 VUs, 408 complete and 0 interrupted iterations
saturation   [  41% ] 002/600 VUs  04m16.5s/10m30s  2.85 iters/s

running (04m17.8s), 003/600 VUs, 410 complete and 0 interrupted iterations
saturation   [  41% ] 003/600 VUs  04m17.5s/10m30s  2.86 iters/s

running (04m18.8s), 003/600 VUs, 413 complete and 0 interrupted iterations
saturation   [  41% ] 003/600 VUs  04m18.5s/10m30s  2.87 iters/s

running (04m19.8s), 002/600 VUs, 416 complete and 0 interrupted iterations
saturation   [  41% ] 003/600 VUs  04m19.5s/10m30s  2.88 iters/s

running (04m20.8s), 002/600 VUs, 419 complete and 0 interrupted iterations
saturation   [  41% ] 002/600 VUs  04m20.5s/10m30s  2.89 iters/s

running (04m21.8s), 002/600 VUs, 422 complete and 0 interrupted iterations
saturation   [  42% ] 002/600 VUs  04m21.5s/10m30s  2.90 iters/s

running (04m22.8s), 002/600 VUs, 425 complete and 0 interrupted iterations
saturation   [  42% ] 002/600 VUs  04m22.5s/10m30s  2.92 iters/s

running (04m23.8s), 002/600 VUs, 428 complete and 0 interrupted iterations
saturation   [  42% ] 002/600 VUs  04m23.5s/10m30s  2.93 iters/s

running (04m24.8s), 002/600 VUs, 431 complete and 0 interrupted iterations
saturation   [  42% ] 002/600 VUs  04m24.5s/10m30s  2.94 iters/s

running (04m25.8s), 002/600 VUs, 434 complete and 0 interrupted iterations
saturation   [  42% ] 002/600 VUs  04m25.5s/10m30s  2.95 iters/s

running (04m26.8s), 003/600 VUs, 436 complete and 0 interrupted iterations
saturation   [  42% ] 003/600 VUs  04m26.5s/10m30s  2.96 iters/s

running (04m27.8s), 003/600 VUs, 439 complete and 0 interrupted iterations
saturation   [  42% ] 003/600 VUs  04m27.5s/10m30s  2.97 iters/s

running (04m28.8s), 003/600 VUs, 442 complete and 0 interrupted iterations
saturation   [  43% ] 003/600 VUs  04m28.5s/10m30s  2.98 iters/s

running (04m29.8s), 003/600 VUs, 445 complete and 0 interrupted iterations
saturation   [  43% ] 003/600 VUs  04m29.5s/10m30s  2.99 iters/s

running (04m30.8s), 003/600 VUs, 448 complete and 0 interrupted iterations
saturation   [  43% ] 003/600 VUs  04m30.5s/10m30s  3.01 iters/s

running (04m31.8s), 003/600 VUs, 451 complete and 0 interrupted iterations
saturation   [  43% ] 003/600 VUs  04m31.5s/10m30s  3.02 iters/s

running (04m32.8s), 003/600 VUs, 454 complete and 0 interrupted iterations
saturation   [  43% ] 003/600 VUs  04m32.5s/10m30s  3.03 iters/s

running (04m33.8s), 003/600 VUs, 457 complete and 0 interrupted iterations
saturation   [  43% ] 003/600 VUs  04m33.5s/10m30s  3.04 iters/s

running (04m34.8s), 003/600 VUs, 460 complete and 0 interrupted iterations
saturation   [  44% ] 003/600 VUs  04m34.5s/10m30s  3.05 iters/s

running (04m35.8s), 003/600 VUs, 463 complete and 0 interrupted iterations
saturation   [  44% ] 003/600 VUs  04m35.5s/10m30s  3.06 iters/s

running (04m36.8s), 002/600 VUs, 467 complete and 0 interrupted iterations
saturation   [  44% ] 002/600 VUs  04m36.5s/10m30s  3.07 iters/s

running (04m37.8s), 002/600 VUs, 470 complete and 0 interrupted iterations
saturation   [  44% ] 002/600 VUs  04m37.5s/10m30s  3.08 iters/s

running (04m38.8s), 002/600 VUs, 473 complete and 0 interrupted iterations
saturation   [  44% ] 002/600 VUs  04m38.5s/10m30s  3.09 iters/s

running (04m39.8s), 002/600 VUs, 476 complete and 0 interrupted iterations
saturation   [  44% ] 002/600 VUs  04m39.5s/10m30s  3.10 iters/s

running (04m40.8s), 002/600 VUs, 479 complete and 0 interrupted iterations
saturation   [  45% ] 002/600 VUs  04m40.5s/10m30s  3.11 iters/s

running (04m41.8s), 003/600 VUs, 482 complete and 0 interrupted iterations
saturation   [  45% ] 003/600 VUs  04m41.5s/10m30s  3.13 iters/s

running (04m42.8s), 003/600 VUs, 485 complete and 0 interrupted iterations
saturation   [  45% ] 003/600 VUs  04m42.5s/10m30s  3.14 iters/s

running (04m43.8s), 003/600 VUs, 488 complete and 0 interrupted iterations
saturation   [  45% ] 003/600 VUs  04m43.5s/10m30s  3.15 iters/s

running (04m44.8s), 003/600 VUs, 491 complete and 0 interrupted iterations
saturation   [  45% ] 003/600 VUs  04m44.5s/10m30s  3.16 iters/s

running (04m45.8s), 002/600 VUs, 495 complete and 0 interrupted iterations
saturation   [  45% ] 002/600 VUs  04m45.5s/10m30s  3.17 iters/s

running (04m46.8s), 002/600 VUs, 498 complete and 0 interrupted iterations
saturation   [  45% ] 002/600 VUs  04m46.5s/10m30s  3.18 iters/s

running (04m47.8s), 003/600 VUs, 501 complete and 0 interrupted iterations
saturation   [  46% ] 003/600 VUs  04m47.5s/10m30s  3.20 iters/s

running (04m48.8s), 003/600 VUs, 504 complete and 0 interrupted iterations
saturation   [  46% ] 003/600 VUs  04m48.5s/10m30s  3.21 iters/s

running (04m49.8s), 003/600 VUs, 507 complete and 0 interrupted iterations
saturation   [  46% ] 003/600 VUs  04m49.5s/10m30s  3.22 iters/s

running (04m50.8s), 002/600 VUs, 511 complete and 0 interrupted iterations
saturation   [  46% ] 002/600 VUs  04m50.5s/10m30s  3.23 iters/s

running (04m51.8s), 002/600 VUs, 514 complete and 0 interrupted iterations
saturation   [  46% ] 002/600 VUs  04m51.5s/10m30s  3.24 iters/s

running (04m52.8s), 003/600 VUs, 517 complete and 0 interrupted iterations
saturation   [  46% ] 003/600 VUs  04m52.5s/10m30s  3.25 iters/s

running (04m53.8s), 003/600 VUs, 520 complete and 0 interrupted iterations
saturation   [  47% ] 003/600 VUs  04m53.5s/10m30s  3.26 iters/s

running (04m54.8s), 003/600 VUs, 523 complete and 0 interrupted iterations
saturation   [  47% ] 003/600 VUs  04m54.5s/10m30s  3.27 iters/s

running (04m55.8s), 002/600 VUs, 527 complete and 0 interrupted iterations
saturation   [  47% ] 002/600 VUs  04m55.5s/10m30s  3.28 iters/s

running (04m56.8s), 003/600 VUs, 530 complete and 0 interrupted iterations
saturation   [  47% ] 003/600 VUs  04m56.5s/10m30s  3.29 iters/s

running (04m57.8s), 003/600 VUs, 533 complete and 0 interrupted iterations
saturation   [  47% ] 003/600 VUs  04m57.5s/10m30s  3.30 iters/s

running (04m58.8s), 002/600 VUs, 537 complete and 0 interrupted iterations
saturation   [  47% ] 002/600 VUs  04m58.5s/10m30s  3.31 iters/s

running (04m59.8s), 003/600 VUs, 540 complete and 0 interrupted iterations
saturation   [  48% ] 003/600 VUs  04m59.5s/10m30s  3.33 iters/s

running (05m00.8s), 003/600 VUs, 543 complete and 0 interrupted iterations
saturation   [  48% ] 003/600 VUs  05m00.5s/10m30s  3.34 iters/s

running (05m01.8s), 002/600 VUs, 547 complete and 0 interrupted iterations
saturation   [  48% ] 002/600 VUs  05m01.5s/10m30s  3.35 iters/s

running (05m02.8s), 003/600 VUs, 550 complete and 0 interrupted iterations
saturation   [  48% ] 003/600 VUs  05m02.5s/10m30s  3.36 iters/s

running (05m03.8s), 003/600 VUs, 553 complete and 0 interrupted iterations
saturation   [  48% ] 003/600 VUs  05m03.5s/10m30s  3.37 iters/s

running (05m04.8s), 002/600 VUs, 557 complete and 0 interrupted iterations
saturation   [  48% ] 002/600 VUs  05m04.5s/10m30s  3.38 iters/s

running (05m05.8s), 003/600 VUs, 560 complete and 0 interrupted iterations
saturation   [  48% ] 003/600 VUs  05m05.5s/10m30s  3.39 iters/s

running (05m06.8s), 003/600 VUs, 563 complete and 0 interrupted iterations
saturation   [  49% ] 003/600 VUs  05m06.5s/10m30s  3.40 iters/s

running (05m07.8s), 003/600 VUs, 567 complete and 0 interrupted iterations
saturation   [  49% ] 003/600 VUs  05m07.5s/10m30s  3.42 iters/s

running (05m08.8s), 003/600 VUs, 570 complete and 0 interrupted iterations
saturation   [  49% ] 003/600 VUs  05m08.5s/10m30s  3.43 iters/s

running (05m09.8s), 003/600 VUs, 574 complete and 0 interrupted iterations
saturation   [  49% ] 003/600 VUs  05m09.5s/10m30s  3.44 iters/s

running (05m10.8s), 003/600 VUs, 577 complete and 0 interrupted iterations
saturation   [  49% ] 003/600 VUs  05m10.5s/10m30s  3.45 iters/s

running (05m11.8s), 002/600 VUs, 581 complete and 0 interrupted iterations
saturation   [  49% ] 002/600 VUs  05m11.5s/10m30s  3.46 iters/s

running (05m12.8s), 003/600 VUs, 584 complete and 0 interrupted iterations
saturation   [  50% ] 003/600 VUs  05m12.5s/10m30s  3.47 iters/s

running (05m13.8s), 003/600 VUs, 587 complete and 0 interrupted iterations
saturation   [  50% ] 003/600 VUs  05m13.5s/10m30s  3.48 iters/s

running (05m14.8s), 003/600 VUs, 591 complete and 0 interrupted iterations
saturation   [  50% ] 003/600 VUs  05m14.5s/10m30s  3.49 iters/s

running (05m15.8s), 003/600 VUs, 594 complete and 0 interrupted iterations
saturation   [  50% ] 003/600 VUs  05m15.5s/10m30s  3.50 iters/s

running (05m16.8s), 003/600 VUs, 598 complete and 0 interrupted iterations
saturation   [  50% ] 003/600 VUs  05m16.5s/10m30s  3.52 iters/s

running (05m17.8s), 003/600 VUs, 601 complete and 0 interrupted iterations
saturation   [  50% ] 003/600 VUs  05m17.5s/10m30s  3.53 iters/s

running (05m18.8s), 003/600 VUs, 605 complete and 0 interrupted iterations
saturation   [  51% ] 003/600 VUs  05m18.5s/10m30s  3.54 iters/s

running (05m19.8s), 003/600 VUs, 608 complete and 0 interrupted iterations
saturation   [  51% ] 003/600 VUs  05m19.5s/10m30s  3.55 iters/s

running (05m20.8s), 003/600 VUs, 612 complete and 0 interrupted iterations
saturation   [  51% ] 003/600 VUs  05m20.5s/10m30s  3.56 iters/s

running (05m21.8s), 003/600 VUs, 616 complete and 0 interrupted iterations
saturation   [  51% ] 003/600 VUs  05m21.5s/10m30s  3.57 iters/s

running (05m22.8s), 003/600 VUs, 619 complete and 0 interrupted iterations
saturation   [  51% ] 003/600 VUs  05m22.5s/10m30s  3.58 iters/s

running (05m23.8s), 003/600 VUs, 623 complete and 0 interrupted iterations
saturation   [  51% ] 003/600 VUs  05m23.5s/10m30s  3.59 iters/s

running (05m24.8s), 003/600 VUs, 626 complete and 0 interrupted iterations
saturation   [  52% ] 003/600 VUs  05m24.5s/10m30s  3.60 iters/s

running (05m25.8s), 003/600 VUs, 630 complete and 0 interrupted iterations
saturation   [  52% ] 003/600 VUs  05m25.5s/10m30s  3.62 iters/s

running (05m26.8s), 004/600 VUs, 633 complete and 0 interrupted iterations
saturation   [  52% ] 004/600 VUs  05m26.5s/10m30s  3.63 iters/s

running (05m27.8s), 003/600 VUs, 637 complete and 0 interrupted iterations
saturation   [  52% ] 003/600 VUs  05m27.5s/10m30s  3.64 iters/s

running (05m28.8s), 003/600 VUs, 641 complete and 0 interrupted iterations
saturation   [  52% ] 003/600 VUs  05m28.5s/10m30s  3.65 iters/s

running (05m29.8s), 004/600 VUs, 644 complete and 0 interrupted iterations
saturation   [  52% ] 004/600 VUs  05m29.5s/10m30s  3.66 iters/s

running (05m30.8s), 003/600 VUs, 648 complete and 0 interrupted iterations
saturation   [  52% ] 003/600 VUs  05m30.5s/10m30s  3.67 iters/s

running (05m31.8s), 003/600 VUs, 652 complete and 0 interrupted iterations
saturation   [  53% ] 003/600 VUs  05m31.5s/10m30s  3.68 iters/s

running (05m32.8s), 004/600 VUs, 655 complete and 0 interrupted iterations
saturation   [  53% ] 004/600 VUs  05m32.5s/10m30s  3.70 iters/s

running (05m33.8s), 003/600 VUs, 659 complete and 0 interrupted iterations
saturation   [  53% ] 003/600 VUs  05m33.5s/10m30s  3.70 iters/s

running (05m34.8s), 003/600 VUs, 663 complete and 0 interrupted iterations
saturation   [  53% ] 003/600 VUs  05m34.5s/10m30s  3.72 iters/s

running (05m35.8s), 003/600 VUs, 667 complete and 0 interrupted iterations
saturation   [  53% ] 003/600 VUs  05m35.5s/10m30s  3.73 iters/s

running (05m36.8s), 003/600 VUs, 670 complete and 0 interrupted iterations
saturation   [  53% ] 003/600 VUs  05m36.5s/10m30s  3.74 iters/s

running (05m37.8s), 003/600 VUs, 674 complete and 0 interrupted iterations
saturation   [  54% ] 003/600 VUs  05m37.5s/10m30s  3.75 iters/s

running (05m38.8s), 003/600 VUs, 678 complete and 0 interrupted iterations
saturation   [  54% ] 003/600 VUs  05m38.5s/10m30s  3.76 iters/s

running (05m39.8s), 004/600 VUs, 681 complete and 0 interrupted iterations
saturation   [  54% ] 004/600 VUs  05m39.5s/10m30s  3.77 iters/s

running (05m40.8s), 003/600 VUs, 685 complete and 0 interrupted iterations
saturation   [  54% ] 003/600 VUs  05m40.5s/10m30s  3.78 iters/s

running (05m41.8s), 003/600 VUs, 689 complete and 0 interrupted iterations
saturation   [  54% ] 003/600 VUs  05m41.5s/10m30s  3.79 iters/s

running (05m42.8s), 003/600 VUs, 693 complete and 0 interrupted iterations
saturation   [  54% ] 003/600 VUs  05m42.5s/10m30s  3.80 iters/s

running (05m43.8s), 003/600 VUs, 697 complete and 0 interrupted iterations
saturation   [  55% ] 003/600 VUs  05m43.5s/10m30s  3.82 iters/s

running (05m44.8s), 004/600 VUs, 700 complete and 0 interrupted iterations
saturation   [  55% ] 004/600 VUs  05m44.5s/10m30s  3.83 iters/s

running (05m45.8s), 004/600 VUs, 704 complete and 0 interrupted iterations
saturation   [  55% ] 004/600 VUs  05m45.5s/10m30s  3.84 iters/s

running (05m46.8s), 003/600 VUs, 708 complete and 0 interrupted iterations
saturation   [  55% ] 003/600 VUs  05m46.5s/10m30s  3.85 iters/s

running (05m47.8s), 003/600 VUs, 712 complete and 0 interrupted iterations
saturation   [  55% ] 003/600 VUs  05m47.5s/10m30s  3.86 iters/s

running (05m48.8s), 003/600 VUs, 716 complete and 0 interrupted iterations
saturation   [  55% ] 003/600 VUs  05m48.5s/10m30s  3.87 iters/s

running (05m49.8s), 003/600 VUs, 720 complete and 0 interrupted iterations
saturation   [  55% ] 003/600 VUs  05m49.5s/10m30s  3.88 iters/s

running (05m50.8s), 003/600 VUs, 724 complete and 0 interrupted iterations
saturation   [  56% ] 003/600 VUs  05m50.5s/10m30s  3.89 iters/s

running (05m51.8s), 004/600 VUs, 727 complete and 0 interrupted iterations
saturation   [  56% ] 004/600 VUs  05m51.5s/10m30s  3.91 iters/s

running (05m52.8s), 004/600 VUs, 731 complete and 0 interrupted iterations
saturation   [  56% ] 004/600 VUs  05m52.5s/10m30s  3.92 iters/s

running (05m53.8s), 004/600 VUs, 735 complete and 0 interrupted iterations
saturation   [  56% ] 004/600 VUs  05m53.5s/10m30s  3.93 iters/s

running (05m54.8s), 004/600 VUs, 739 complete and 0 interrupted iterations
saturation   [  56% ] 004/600 VUs  05m54.5s/10m30s  3.94 iters/s

running (05m55.8s), 003/600 VUs, 743 complete and 0 interrupted iterations
saturation   [  56% ] 003/600 VUs  05m55.5s/10m30s  3.95 iters/s

running (05m56.8s), 003/600 VUs, 747 complete and 0 interrupted iterations
saturation   [  57% ] 003/600 VUs  05m56.5s/10m30s  3.96 iters/s

running (05m57.8s), 003/600 VUs, 751 complete and 0 interrupted iterations
saturation   [  57% ] 003/600 VUs  05m57.5s/10m30s  3.97 iters/s

running (05m58.8s), 003/600 VUs, 755 complete and 0 interrupted iterations
saturation   [  57% ] 003/600 VUs  05m58.5s/10m30s  3.98 iters/s

running (05m59.8s), 003/600 VUs, 759 complete and 0 interrupted iterations
saturation   [  57% ] 003/600 VUs  05m59.5s/10m30s  3.99 iters/s

running (06m00.8s), 003/600 VUs, 763 complete and 0 interrupted iterations
saturation   [  57% ] 003/600 VUs  06m00.5s/10m30s  4.00 iters/s

running (06m01.8s), 003/600 VUs, 767 complete and 0 interrupted iterations
saturation   [  57% ] 003/600 VUs  06m01.5s/10m30s  4.02 iters/s

running (06m02.8s), 003/600 VUs, 771 complete and 0 interrupted iterations
saturation   [  58% ] 003/600 VUs  06m02.5s/10m30s  4.03 iters/s

running (06m03.8s), 003/600 VUs, 775 complete and 0 interrupted iterations
saturation   [  58% ] 003/600 VUs  06m03.5s/10m30s  4.04 iters/s

running (06m04.8s), 003/600 VUs, 779 complete and 0 interrupted iterations
saturation   [  58% ] 003/600 VUs  06m04.5s/10m30s  4.05 iters/s

running (06m05.8s), 004/600 VUs, 783 complete and 0 interrupted iterations
saturation   [  58% ] 004/600 VUs  06m05.5s/10m30s  4.06 iters/s

running (06m06.8s), 004/600 VUs, 787 complete and 0 interrupted iterations
saturation   [  58% ] 004/600 VUs  06m06.5s/10m30s  4.07 iters/s

running (06m07.8s), 004/600 VUs, 791 complete and 0 interrupted iterations
saturation   [  58% ] 004/600 VUs  06m07.5s/10m30s  4.08 iters/s

running (06m08.8s), 004/600 VUs, 795 complete and 0 interrupted iterations
saturation   [  58% ] 004/600 VUs  06m08.5s/10m30s  4.09 iters/s

running (06m09.8s), 004/600 VUs, 799 complete and 0 interrupted iterations
saturation   [  59% ] 004/600 VUs  06m09.5s/10m30s  4.11 iters/s

running (06m10.8s), 004/600 VUs, 803 complete and 0 interrupted iterations
saturation   [  59% ] 004/600 VUs  06m10.5s/10m30s  4.12 iters/s

running (06m11.8s), 003/600 VUs, 808 complete and 0 interrupted iterations
saturation   [  59% ] 003/600 VUs  06m11.5s/10m30s  4.13 iters/s

running (06m12.8s), 003/600 VUs, 812 complete and 0 interrupted iterations
saturation   [  59% ] 003/600 VUs  06m12.5s/10m30s  4.14 iters/s

running (06m13.8s), 003/600 VUs, 816 complete and 0 interrupted iterations
saturation   [  59% ] 003/600 VUs  06m13.5s/10m30s  4.15 iters/s

running (06m14.8s), 003/600 VUs, 820 complete and 0 interrupted iterations
saturation   [  59% ] 003/600 VUs  06m14.5s/10m30s  4.16 iters/s

running (06m15.8s), 004/600 VUs, 824 complete and 0 interrupted iterations
saturation   [  60% ] 004/600 VUs  06m15.5s/10m30s  4.17 iters/s

running (06m16.8s), 004/600 VUs, 828 complete and 0 interrupted iterations
saturation   [  60% ] 004/600 VUs  06m16.5s/10m30s  4.18 iters/s

running (06m17.8s), 003/600 VUs, 833 complete and 0 interrupted iterations
saturation   [  60% ] 003/600 VUs  06m17.5s/10m30s  4.19 iters/s

running (06m18.8s), 003/600 VUs, 837 complete and 0 interrupted iterations
saturation   [  60% ] 003/600 VUs  06m18.5s/10m30s  4.20 iters/s

running (06m19.8s), 003/600 VUs, 841 complete and 0 interrupted iterations
saturation   [  60% ] 003/600 VUs  06m19.5s/10m30s  4.22 iters/s

running (06m20.8s), 004/600 VUs, 845 complete and 0 interrupted iterations
saturation   [  60% ] 004/600 VUs  06m20.5s/10m30s  4.23 iters/s

running (06m21.8s), 004/600 VUs, 849 complete and 0 interrupted iterations
saturation   [  61% ] 004/600 VUs  06m21.5s/10m30s  4.24 iters/s

running (06m22.8s), 003/600 VUs, 854 complete and 0 interrupted iterations
saturation   [  61% ] 003/600 VUs  06m22.5s/10m30s  4.25 iters/s

running (06m23.8s), 003/600 VUs, 858 complete and 0 interrupted iterations
saturation   [  61% ] 003/600 VUs  06m23.5s/10m30s  4.26 iters/s

running (06m24.8s), 004/600 VUs, 862 complete and 0 interrupted iterations
saturation   [  61% ] 004/600 VUs  06m24.5s/10m30s  4.27 iters/s

running (06m25.8s), 004/600 VUs, 866 complete and 0 interrupted iterations
saturation   [  61% ] 004/600 VUs  06m25.5s/10m30s  4.28 iters/s

running (06m26.8s), 003/600 VUs, 871 complete and 0 interrupted iterations
saturation   [  61% ] 003/600 VUs  06m26.5s/10m30s  4.29 iters/s

running (06m27.8s), 004/600 VUs, 875 complete and 0 interrupted iterations
saturation   [  62% ] 004/600 VUs  06m27.5s/10m30s  4.31 iters/s

running (06m28.8s), 004/600 VUs, 879 complete and 0 interrupted iterations
saturation   [  62% ] 004/600 VUs  06m28.5s/10m30s  4.32 iters/s

running (06m29.8s), 003/600 VUs, 884 complete and 0 interrupted iterations
saturation   [  62% ] 003/600 VUs  06m29.5s/10m30s  4.33 iters/s

running (06m30.8s), 003/600 VUs, 888 complete and 0 interrupted iterations
saturation   [  62% ] 003/600 VUs  06m30.5s/10m30s  4.34 iters/s

running (06m31.8s), 004/600 VUs, 892 complete and 0 interrupted iterations
saturation   [  62% ] 004/600 VUs  06m31.5s/10m30s  4.35 iters/s

running (06m32.8s), 004/600 VUs, 896 complete and 0 interrupted iterations
saturation   [  62% ] 004/600 VUs  06m32.5s/10m30s  4.36 iters/s

running (06m33.8s), 004/600 VUs, 901 complete and 0 interrupted iterations
saturation   [  62% ] 004/600 VUs  06m33.5s/10m30s  4.37 iters/s

running (06m34.8s), 004/600 VUs, 905 complete and 0 interrupted iterations
saturation   [  63% ] 004/600 VUs  06m34.5s/10m30s  4.38 iters/s

running (06m35.8s), 003/600 VUs, 910 complete and 0 interrupted iterations
saturation   [  63% ] 003/600 VUs  06m35.5s/10m30s  4.39 iters/s

running (06m36.8s), 004/600 VUs, 914 complete and 0 interrupted iterations
saturation   [  63% ] 004/600 VUs  06m36.5s/10m30s  4.41 iters/s

running (06m37.8s), 004/600 VUs, 918 complete and 0 interrupted iterations
saturation   [  63% ] 004/600 VUs  06m37.5s/10m30s  4.42 iters/s

running (06m38.8s), 004/600 VUs, 923 complete and 0 interrupted iterations
saturation   [  63% ] 004/600 VUs  06m38.5s/10m30s  4.43 iters/s

running (06m39.8s), 004/600 VUs, 927 complete and 0 interrupted iterations
saturation   [  63% ] 004/600 VUs  06m39.5s/10m30s  4.44 iters/s

running (06m40.8s), 003/600 VUs, 932 complete and 0 interrupted iterations
saturation   [  64% ] 003/600 VUs  06m40.5s/10m30s  4.45 iters/s

running (06m41.8s), 004/600 VUs, 936 complete and 0 interrupted iterations
saturation   [  64% ] 004/600 VUs  06m41.5s/10m30s  4.46 iters/s

running (06m42.8s), 003/600 VUs, 941 complete and 0 interrupted iterations
saturation   [  64% ] 003/600 VUs  06m42.5s/10m30s  4.47 iters/s

running (06m43.8s), 004/600 VUs, 945 complete and 0 interrupted iterations
saturation   [  64% ] 004/600 VUs  06m43.5s/10m30s  4.48 iters/s

running (06m44.8s), 003/600 VUs, 950 complete and 0 interrupted iterations
saturation   [  64% ] 003/600 VUs  06m44.5s/10m30s  4.49 iters/s

running (06m45.8s), 004/600 VUs, 954 complete and 0 interrupted iterations
saturation   [  64% ] 004/600 VUs  06m45.5s/10m30s  4.51 iters/s

running (06m46.8s), 003/600 VUs, 959 complete and 0 interrupted iterations
saturation   [  65% ] 003/600 VUs  06m46.5s/10m30s  4.52 iters/s

running (06m47.8s), 004/600 VUs, 963 complete and 0 interrupted iterations
saturation   [  65% ] 004/600 VUs  06m47.5s/10m30s  4.53 iters/s

running (06m48.8s), 003/600 VUs, 968 complete and 0 interrupted iterations
saturation   [  65% ] 003/600 VUs  06m48.5s/10m30s  4.54 iters/s

running (06m49.8s), 004/600 VUs, 972 complete and 0 interrupted iterations
saturation   [  65% ] 004/600 VUs  06m49.5s/10m30s  4.55 iters/s

running (06m50.8s), 003/600 VUs, 977 complete and 0 interrupted iterations
saturation   [  65% ] 003/600 VUs  06m50.5s/10m30s  4.56 iters/s

running (06m51.8s), 004/600 VUs, 981 complete and 0 interrupted iterations
saturation   [  65% ] 004/600 VUs  06m51.5s/10m30s  4.57 iters/s

running (06m52.8s), 004/600 VUs, 986 complete and 0 interrupted iterations
saturation   [  65% ] 004/600 VUs  06m52.5s/10m30s  4.58 iters/s

running (06m53.8s), 004/600 VUs, 990 complete and 0 interrupted iterations
saturation   [  66% ] 004/600 VUs  06m53.5s/10m30s  4.59 iters/s

running (06m54.8s), 004/600 VUs, 995 complete and 0 interrupted iterations
saturation   [  66% ] 004/600 VUs  06m54.5s/10m30s  4.61 iters/s

running (06m55.8s), 003/600 VUs, 1000 complete and 0 interrupted iterations
saturation   [  66% ] 003/600 VUs  06m55.5s/10m30s  4.62 iters/s

running (06m56.8s), 004/600 VUs, 1004 complete and 0 interrupted iterations
saturation   [  66% ] 004/600 VUs  06m56.5s/10m30s  4.63 iters/s

running (06m57.8s), 004/600 VUs, 1009 complete and 0 interrupted iterations
saturation   [  66% ] 004/600 VUs  06m57.5s/10m30s  4.64 iters/s

running (06m58.8s), 004/600 VUs, 1013 complete and 0 interrupted iterations
saturation   [  66% ] 004/600 VUs  06m58.5s/10m30s  4.65 iters/s

running (06m59.8s), 004/600 VUs, 1018 complete and 0 interrupted iterations
saturation   [  67% ] 004/600 VUs  06m59.5s/10m30s  4.66 iters/s

running (07m00.8s), 004/600 VUs, 1023 complete and 0 interrupted iterations
saturation   [  67% ] 004/600 VUs  07m00.5s/10m30s  4.67 iters/s

running (07m01.8s), 004/600 VUs, 1027 complete and 0 interrupted iterations
saturation   [  67% ] 004/600 VUs  07m01.5s/10m30s  4.68 iters/s

running (07m02.8s), 004/600 VUs, 1032 complete and 0 interrupted iterations
saturation   [  67% ] 004/600 VUs  07m02.5s/10m30s  4.69 iters/s

running (07m03.8s), 004/600 VUs, 1037 complete and 0 interrupted iterations
saturation   [  67% ] 004/600 VUs  07m03.5s/10m30s  4.71 iters/s

running (07m04.8s), 004/600 VUs, 1041 complete and 0 interrupted iterations
saturation   [  67% ] 004/600 VUs  07m04.5s/10m30s  4.72 iters/s

running (07m05.8s), 004/600 VUs, 1046 complete and 0 interrupted iterations
saturation   [  68% ] 004/600 VUs  07m05.5s/10m30s  4.73 iters/s

running (07m06.8s), 004/600 VUs, 1051 complete and 0 interrupted iterations
saturation   [  68% ] 004/600 VUs  07m06.5s/10m30s  4.74 iters/s

running (07m07.8s), 004/600 VUs, 1056 complete and 0 interrupted iterations
saturation   [  68% ] 004/600 VUs  07m07.5s/10m30s  4.75 iters/s

running (07m08.8s), 004/600 VUs, 1060 complete and 0 interrupted iterations
saturation   [  68% ] 004/600 VUs  07m08.5s/10m30s  4.76 iters/s

running (07m09.8s), 004/600 VUs, 1065 complete and 0 interrupted iterations
saturation   [  68% ] 004/600 VUs  07m09.5s/10m30s  4.77 iters/s

running (07m10.8s), 004/600 VUs, 1070 complete and 0 interrupted iterations
saturation   [  68% ] 004/600 VUs  07m10.5s/10m30s  4.78 iters/s

running (07m11.8s), 004/600 VUs, 1075 complete and 0 interrupted iterations
saturation   [  68% ] 004/600 VUs  07m11.5s/10m30s  4.79 iters/s

running (07m12.8s), 005/600 VUs, 1079 complete and 0 interrupted iterations
saturation   [  69% ] 005/600 VUs  07m12.5s/10m30s  4.81 iters/s

running (07m13.8s), 004/600 VUs, 1084 complete and 0 interrupted iterations
saturation   [  69% ] 004/600 VUs  07m13.5s/10m30s  4.82 iters/s

running (07m14.8s), 004/600 VUs, 1089 complete and 0 interrupted iterations
saturation   [  69% ] 004/600 VUs  07m14.5s/10m30s  4.83 iters/s

running (07m15.8s), 004/600 VUs, 1094 complete and 0 interrupted iterations
saturation   [  69% ] 004/600 VUs  07m15.5s/10m30s  4.84 iters/s

running (07m16.8s), 004/600 VUs, 1099 complete and 0 interrupted iterations
saturation   [  69% ] 004/600 VUs  07m16.5s/10m30s  4.85 iters/s

running (07m17.8s), 004/600 VUs, 1104 complete and 0 interrupted iterations
saturation   [  69% ] 004/600 VUs  07m17.5s/10m30s  4.86 iters/s

running (07m18.8s), 005/600 VUs, 1108 complete and 0 interrupted iterations
saturation   [  70% ] 005/600 VUs  07m18.5s/10m30s  4.87 iters/s

running (07m19.8s), 004/600 VUs, 1113 complete and 0 interrupted iterations
saturation   [  70% ] 004/600 VUs  07m19.5s/10m30s  4.88 iters/s

running (07m20.8s), 004/600 VUs, 1118 complete and 0 interrupted iterations
saturation   [  70% ] 004/600 VUs  07m20.5s/10m30s  4.89 iters/s

running (07m21.8s), 004/600 VUs, 1123 complete and 0 interrupted iterations
saturation   [  70% ] 004/600 VUs  07m21.5s/10m30s  4.90 iters/s

running (07m22.8s), 004/600 VUs, 1128 complete and 0 interrupted iterations
saturation   [  70% ] 004/600 VUs  07m22.5s/10m30s  4.92 iters/s

running (07m23.8s), 004/600 VUs, 1133 complete and 0 interrupted iterations
saturation   [  70% ] 004/600 VUs  07m23.5s/10m30s  4.93 iters/s

running (07m24.8s), 004/600 VUs, 1138 complete and 0 interrupted iterations
saturation   [  71% ] 004/600 VUs  07m24.5s/10m30s  4.94 iters/s

running (07m25.8s), 004/600 VUs, 1143 complete and 0 interrupted iterations
saturation   [  71% ] 004/600 VUs  07m25.5s/10m30s  4.95 iters/s

running (07m26.8s), 004/600 VUs, 1148 complete and 0 interrupted iterations
saturation   [  71% ] 004/600 VUs  07m26.5s/10m30s  4.96 iters/s

running (07m27.8s), 004/600 VUs, 1153 complete and 0 interrupted iterations
saturation   [  71% ] 004/600 VUs  07m27.5s/10m30s  4.97 iters/s

running (07m28.8s), 004/600 VUs, 1158 complete and 0 interrupted iterations
saturation   [  71% ] 004/600 VUs  07m28.5s/10m30s  4.98 iters/s

running (07m29.8s), 004/600 VUs, 1163 complete and 0 interrupted iterations
saturation   [  71% ] 004/600 VUs  07m29.5s/10m30s  4.99 iters/s

running (07m30.8s), 004/600 VUs, 1168 complete and 0 interrupted iterations
saturation   [  72% ] 004/600 VUs  07m30.5s/10m30s  5.01 iters/s

running (07m31.8s), 004/600 VUs, 1173 complete and 0 interrupted iterations
saturation   [  72% ] 004/600 VUs  07m31.5s/10m30s  5.02 iters/s

running (07m32.8s), 004/600 VUs, 1178 complete and 0 interrupted iterations
saturation   [  72% ] 004/600 VUs  07m32.5s/10m30s  5.03 iters/s

running (07m33.8s), 004/600 VUs, 1183 complete and 0 interrupted iterations
saturation   [  72% ] 004/600 VUs  07m33.5s/10m30s  5.04 iters/s

running (07m34.8s), 004/600 VUs, 1188 complete and 0 interrupted iterations
saturation   [  72% ] 004/600 VUs  07m34.5s/10m30s  5.05 iters/s

running (07m35.8s), 004/600 VUs, 1193 complete and 0 interrupted iterations
saturation   [  72% ] 004/600 VUs  07m35.5s/10m30s  5.06 iters/s

running (07m36.8s), 004/600 VUs, 1198 complete and 0 interrupted iterations
saturation   [  72% ] 004/600 VUs  07m36.5s/10m30s  5.07 iters/s

running (07m37.8s), 004/600 VUs, 1203 complete and 0 interrupted iterations
saturation   [  73% ] 004/600 VUs  07m37.5s/10m30s  5.08 iters/s

running (07m38.8s), 004/600 VUs, 1208 complete and 0 interrupted iterations
saturation   [  73% ] 004/600 VUs  07m38.5s/10m30s  5.09 iters/s

running (07m39.8s), 004/600 VUs, 1213 complete and 0 interrupted iterations
saturation   [  73% ] 004/600 VUs  07m39.5s/10m30s  5.10 iters/s

running (07m40.8s), 004/600 VUs, 1218 complete and 0 interrupted iterations
saturation   [  73% ] 004/600 VUs  07m40.5s/10m30s  5.12 iters/s

running (07m41.8s), 005/600 VUs, 1223 complete and 0 interrupted iterations
saturation   [  73% ] 005/600 VUs  07m41.5s/10m30s  5.13 iters/s

running (07m42.8s), 005/600 VUs, 1228 complete and 0 interrupted iterations
saturation   [  73% ] 005/600 VUs  07m42.5s/10m30s  5.14 iters/s

running (07m43.8s), 005/600 VUs, 1233 complete and 0 interrupted iterations
saturation   [  74% ] 005/600 VUs  07m43.5s/10m30s  5.15 iters/s

running (07m44.8s), 004/600 VUs, 1239 complete and 0 interrupted iterations
saturation   [  74% ] 004/600 VUs  07m44.5s/10m30s  5.16 iters/s

running (07m45.8s), 004/600 VUs, 1244 complete and 0 interrupted iterations
saturation   [  74% ] 004/600 VUs  07m45.5s/10m30s  5.17 iters/s

running (07m46.8s), 004/600 VUs, 1249 complete and 0 interrupted iterations
saturation   [  74% ] 004/600 VUs  07m46.5s/10m30s  5.18 iters/s

running (07m47.8s), 004/600 VUs, 1254 complete and 0 interrupted iterations
saturation   [  74% ] 004/600 VUs  07m47.5s/10m30s  5.19 iters/s

running (07m48.8s), 005/600 VUs, 1259 complete and 0 interrupted iterations
saturation   [  74% ] 005/600 VUs  07m48.5s/10m30s  5.21 iters/s

running (07m49.8s), 004/600 VUs, 1265 complete and 0 interrupted iterations
saturation   [  75% ] 004/600 VUs  07m49.5s/10m30s  5.22 iters/s

running (07m50.8s), 004/600 VUs, 1270 complete and 0 interrupted iterations
saturation   [  75% ] 004/600 VUs  07m50.5s/10m30s  5.23 iters/s

running (07m51.8s), 004/600 VUs, 1275 complete and 0 interrupted iterations
saturation   [  75% ] 004/600 VUs  07m51.5s/10m30s  5.24 iters/s

running (07m52.8s), 005/600 VUs, 1280 complete and 0 interrupted iterations
saturation   [  75% ] 005/600 VUs  07m52.5s/10m30s  5.25 iters/s

running (07m53.8s), 005/600 VUs, 1285 complete and 0 interrupted iterations
saturation   [  75% ] 005/600 VUs  07m53.5s/10m30s  5.26 iters/s

running (07m54.8s), 004/600 VUs, 1291 complete and 0 interrupted iterations
saturation   [  75% ] 004/600 VUs  07m54.5s/10m30s  5.27 iters/s

running (07m55.8s), 004/600 VUs, 1296 complete and 0 interrupted iterations
saturation   [  75% ] 004/600 VUs  07m55.5s/10m30s  5.28 iters/s

running (07m56.8s), 005/600 VUs, 1301 complete and 0 interrupted iterations
saturation   [  76% ] 005/600 VUs  07m56.5s/10m30s  5.29 iters/s

running (07m57.8s), 004/600 VUs, 1307 complete and 0 interrupted iterations
saturation   [  76% ] 004/600 VUs  07m57.5s/10m30s  5.31 iters/s

running (07m58.8s), 004/600 VUs, 1312 complete and 0 interrupted iterations
saturation   [  76% ] 004/600 VUs  07m58.5s/10m30s  5.32 iters/s

running (07m59.8s), 005/600 VUs, 1317 complete and 0 interrupted iterations
saturation   [  76% ] 005/600 VUs  07m59.5s/10m30s  5.33 iters/s

running (08m00.8s), 005/600 VUs, 1322 complete and 0 interrupted iterations
saturation   [  76% ] 005/600 VUs  08m00.5s/10m30s  5.34 iters/s

running (08m01.8s), 004/600 VUs, 1328 complete and 0 interrupted iterations
saturation   [  76% ] 004/600 VUs  08m01.5s/10m30s  5.35 iters/s

running (08m02.8s), 005/600 VUs, 1333 complete and 0 interrupted iterations
saturation   [  77% ] 005/600 VUs  08m02.5s/10m30s  5.36 iters/s

running (08m03.8s), 005/600 VUs, 1338 complete and 0 interrupted iterations
saturation   [  77% ] 005/600 VUs  08m03.5s/10m30s  5.37 iters/s

running (08m04.8s), 004/600 VUs, 1344 complete and 0 interrupted iterations
saturation   [  77% ] 004/600 VUs  08m04.5s/10m30s  5.38 iters/s

running (08m05.8s), 005/600 VUs, 1349 complete and 0 interrupted iterations
saturation   [  77% ] 005/600 VUs  08m05.5s/10m30s  5.39 iters/s

running (08m06.8s), 004/600 VUs, 1355 complete and 0 interrupted iterations
saturation   [  77% ] 004/600 VUs  08m06.5s/10m30s  5.40 iters/s

running (08m07.8s), 005/600 VUs, 1360 complete and 0 interrupted iterations
saturation   [  77% ] 005/600 VUs  08m07.5s/10m30s  5.42 iters/s

running (08m08.8s), 005/600 VUs, 1365 complete and 0 interrupted iterations
saturation   [  78% ] 005/600 VUs  08m08.5s/10m30s  5.43 iters/s

running (08m09.8s), 004/600 VUs, 1371 complete and 0 interrupted iterations
saturation   [  78% ] 004/600 VUs  08m09.5s/10m30s  5.44 iters/s

running (08m10.8s), 005/600 VUs, 1376 complete and 0 interrupted iterations
saturation   [  78% ] 005/600 VUs  08m10.5s/10m30s  5.45 iters/s

running (08m11.8s), 004/600 VUs, 1382 complete and 0 interrupted iterations
saturation   [  78% ] 004/600 VUs  08m11.5s/10m30s  5.46 iters/s

running (08m12.8s), 005/600 VUs, 1387 complete and 0 interrupted iterations
saturation   [  78% ] 005/600 VUs  08m12.5s/10m30s  5.47 iters/s

running (08m13.8s), 004/600 VUs, 1393 complete and 0 interrupted iterations
saturation   [  78% ] 004/600 VUs  08m13.5s/10m30s  5.48 iters/s

running (08m14.8s), 005/600 VUs, 1398 complete and 0 interrupted iterations
saturation   [  78% ] 005/600 VUs  08m14.5s/10m30s  5.49 iters/s

running (08m15.8s), 004/600 VUs, 1404 complete and 0 interrupted iterations
saturation   [  79% ] 004/600 VUs  08m15.5s/10m30s  5.50 iters/s

running (08m16.8s), 005/600 VUs, 1409 complete and 0 interrupted iterations
saturation   [  79% ] 005/600 VUs  08m16.5s/10m30s  5.52 iters/s

running (08m17.8s), 004/600 VUs, 1415 complete and 0 interrupted iterations
saturation   [  79% ] 004/600 VUs  08m17.5s/10m30s  5.53 iters/s

running (08m18.8s), 005/600 VUs, 1420 complete and 0 interrupted iterations
saturation   [  79% ] 005/600 VUs  08m18.5s/10m30s  5.54 iters/s

running (08m19.8s), 004/600 VUs, 1426 complete and 0 interrupted iterations
saturation   [  79% ] 004/600 VUs  08m19.5s/10m30s  5.55 iters/s

running (08m20.8s), 005/600 VUs, 1431 complete and 0 interrupted iterations
saturation   [  79% ] 005/600 VUs  08m20.5s/10m30s  5.56 iters/s

running (08m21.8s), 005/600 VUs, 1437 complete and 0 interrupted iterations
saturation   [  80% ] 005/600 VUs  08m21.5s/10m30s  5.57 iters/s

running (08m22.8s), 005/600 VUs, 1442 complete and 0 interrupted iterations
saturation   [  80% ] 005/600 VUs  08m22.5s/10m30s  5.58 iters/s

running (08m23.8s), 005/600 VUs, 1448 complete and 0 interrupted iterations
saturation   [  80% ] 005/600 VUs  08m23.5s/10m30s  5.59 iters/s

running (08m24.8s), 005/600 VUs, 1453 complete and 0 interrupted iterations
saturation   [  80% ] 005/600 VUs  08m24.5s/10m30s  5.60 iters/s

running (08m25.8s), 005/600 VUs, 1459 complete and 0 interrupted iterations
saturation   [  80% ] 005/600 VUs  08m25.5s/10m30s  5.62 iters/s

running (08m26.8s), 005/600 VUs, 1465 complete and 0 interrupted iterations
saturation   [  80% ] 005/600 VUs  08m26.5s/10m30s  5.63 iters/s

running (08m27.8s), 005/600 VUs, 1470 complete and 0 interrupted iterations
saturation   [  81% ] 005/600 VUs  08m27.5s/10m30s  5.64 iters/s

running (08m28.8s), 005/600 VUs, 1476 complete and 0 interrupted iterations
saturation   [  81% ] 005/600 VUs  08m28.5s/10m30s  5.65 iters/s

running (08m29.8s), 004/600 VUs, 1482 complete and 0 interrupted iterations
saturation   [  81% ] 004/600 VUs  08m29.5s/10m30s  5.66 iters/s

running (08m30.8s), 005/600 VUs, 1487 complete and 0 interrupted iterations
saturation   [  81% ] 005/600 VUs  08m30.5s/10m30s  5.67 iters/s

running (08m31.8s), 005/600 VUs, 1493 complete and 0 interrupted iterations
saturation   [  81% ] 005/600 VUs  08m31.5s/10m30s  5.68 iters/s

running (08m32.8s), 004/600 VUs, 1499 complete and 0 interrupted iterations
saturation   [  81% ] 004/600 VUs  08m32.5s/10m30s  5.69 iters/s

running (08m33.8s), 005/600 VUs, 1504 complete and 0 interrupted iterations
saturation   [  82% ] 005/600 VUs  08m33.5s/10m30s  5.70 iters/s

running (08m34.8s), 005/600 VUs, 1510 complete and 0 interrupted iterations
saturation   [  82% ] 005/600 VUs  08m34.5s/10m30s  5.72 iters/s

running (08m35.8s), 005/600 VUs, 1516 complete and 0 interrupted iterations
saturation   [  82% ] 005/600 VUs  08m35.5s/10m30s  5.73 iters/s

running (08m36.8s), 005/600 VUs, 1521 complete and 0 interrupted iterations
saturation   [  82% ] 005/600 VUs  08m36.5s/10m30s  5.74 iters/s

running (08m37.8s), 005/600 VUs, 1527 complete and 0 interrupted iterations
saturation   [  82% ] 005/600 VUs  08m37.5s/10m30s  5.75 iters/s

running (08m38.8s), 005/600 VUs, 1533 complete and 0 interrupted iterations
saturation   [  82% ] 005/600 VUs  08m38.5s/10m30s  5.76 iters/s

running (08m39.8s), 005/600 VUs, 1539 complete and 0 interrupted iterations
saturation   [  82% ] 005/600 VUs  08m39.5s/10m30s  5.77 iters/s

running (08m40.8s), 005/600 VUs, 1544 complete and 0 interrupted iterations
saturation   [  83% ] 005/600 VUs  08m40.5s/10m30s  5.78 iters/s

running (08m41.8s), 005/600 VUs, 1550 complete and 0 interrupted iterations
saturation   [  83% ] 005/600 VUs  08m41.5s/10m30s  5.79 iters/s

running (08m42.8s), 005/600 VUs, 1556 complete and 0 interrupted iterations
saturation   [  83% ] 005/600 VUs  08m42.5s/10m30s  5.81 iters/s

running (08m43.8s), 005/600 VUs, 1562 complete and 0 interrupted iterations
saturation   [  83% ] 005/600 VUs  08m43.5s/10m30s  5.82 iters/s

running (08m44.8s), 005/600 VUs, 1568 complete and 0 interrupted iterations
saturation   [  83% ] 005/600 VUs  08m44.5s/10m30s  5.83 iters/s

running (08m45.8s), 005/600 VUs, 1573 complete and 0 interrupted iterations
saturation   [  83% ] 005/600 VUs  08m45.5s/10m30s  5.84 iters/s

running (08m46.8s), 005/600 VUs, 1579 complete and 0 interrupted iterations
saturation   [  84% ] 005/600 VUs  08m46.5s/10m30s  5.85 iters/s

running (08m47.8s), 005/600 VUs, 1585 complete and 0 interrupted iterations
saturation   [  84% ] 005/600 VUs  08m47.5s/10m30s  5.86 iters/s

running (08m48.8s), 005/600 VUs, 1591 complete and 0 interrupted iterations
saturation   [  84% ] 005/600 VUs  08m48.5s/10m30s  5.87 iters/s

running (08m49.8s), 005/600 VUs, 1597 complete and 0 interrupted iterations
saturation   [  84% ] 005/600 VUs  08m49.5s/10m30s  5.88 iters/s

running (08m50.8s), 005/600 VUs, 1603 complete and 0 interrupted iterations
saturation   [  84% ] 005/600 VUs  08m50.5s/10m30s  5.89 iters/s

running (08m51.8s), 005/600 VUs, 1609 complete and 0 interrupted iterations
saturation   [  84% ] 005/600 VUs  08m51.5s/10m30s  5.91 iters/s

running (08m52.8s), 005/600 VUs, 1615 complete and 0 interrupted iterations
saturation   [  85% ] 005/600 VUs  08m52.5s/10m30s  5.92 iters/s

running (08m53.8s), 006/600 VUs, 1620 complete and 0 interrupted iterations
saturation   [  85% ] 006/600 VUs  08m53.5s/10m30s  5.93 iters/s

running (08m54.8s), 005/600 VUs, 1626 complete and 0 interrupted iterations
saturation   [  85% ] 005/600 VUs  08m54.5s/10m30s  5.94 iters/s

running (08m55.8s), 005/600 VUs, 1632 complete and 0 interrupted iterations
saturation   [  85% ] 005/600 VUs  08m55.5s/10m30s  5.95 iters/s

running (08m56.8s), 005/600 VUs, 1638 complete and 0 interrupted iterations
saturation   [  85% ] 005/600 VUs  08m56.5s/10m30s  5.96 iters/s

running (08m57.8s), 005/600 VUs, 1644 complete and 0 interrupted iterations
saturation   [  85% ] 005/600 VUs  08m57.5s/10m30s  5.97 iters/s

running (08m58.8s), 005/600 VUs, 1650 complete and 0 interrupted iterations
saturation   [  85% ] 005/600 VUs  08m58.5s/10m30s  5.98 iters/s

running (08m59.8s), 005/600 VUs, 1656 complete and 0 interrupted iterations
saturation   [  86% ] 005/600 VUs  08m59.5s/10m30s  5.99 iters/s

running (09m00.8s), 005/600 VUs, 1662 complete and 0 interrupted iterations
saturation   [  86% ] 005/600 VUs  09m00.5s/10m30s  6.00 iters/s

running (09m01.8s), 005/600 VUs, 1668 complete and 0 interrupted iterations
saturation   [  86% ] 005/600 VUs  09m01.5s/10m30s  6.00 iters/s

running (09m02.8s), 005/600 VUs, 1674 complete and 0 interrupted iterations
saturation   [  86% ] 005/600 VUs  09m02.5s/10m30s  6.00 iters/s

running (09m03.8s), 005/600 VUs, 1680 complete and 0 interrupted iterations
saturation   [  86% ] 005/600 VUs  09m03.5s/10m30s  6.00 iters/s

running (09m04.8s), 005/600 VUs, 1686 complete and 0 interrupted iterations
saturation   [  86% ] 005/600 VUs  09m04.5s/10m30s  6.00 iters/s

running (09m05.8s), 005/600 VUs, 1692 complete and 0 interrupted iterations
saturation   [  87% ] 005/600 VUs  09m05.5s/10m30s  6.00 iters/s

running (09m06.8s), 005/600 VUs, 1698 complete and 0 interrupted iterations
saturation   [  87% ] 005/600 VUs  09m06.5s/10m30s  6.00 iters/s

running (09m07.8s), 005/600 VUs, 1704 complete and 0 interrupted iterations
saturation   [  87% ] 005/600 VUs  09m07.5s/10m30s  6.00 iters/s

running (09m08.8s), 005/600 VUs, 1710 complete and 0 interrupted iterations
saturation   [  87% ] 005/600 VUs  09m08.5s/10m30s  6.00 iters/s

running (09m09.8s), 005/600 VUs, 1716 complete and 0 interrupted iterations
saturation   [  87% ] 005/600 VUs  09m09.5s/10m30s  6.00 iters/s

running (09m10.8s), 005/600 VUs, 1722 complete and 0 interrupted iterations
saturation   [  87% ] 005/600 VUs  09m10.5s/10m30s  6.00 iters/s

running (09m11.8s), 005/600 VUs, 1728 complete and 0 interrupted iterations
saturation   [  88% ] 005/600 VUs  09m11.5s/10m30s  6.00 iters/s

running (09m12.8s), 005/600 VUs, 1734 complete and 0 interrupted iterations
saturation   [  88% ] 005/600 VUs  09m12.5s/10m30s  6.00 iters/s

running (09m13.8s), 005/600 VUs, 1740 complete and 0 interrupted iterations
saturation   [  88% ] 005/600 VUs  09m13.5s/10m30s  6.00 iters/s

running (09m14.8s), 005/600 VUs, 1746 complete and 0 interrupted iterations
saturation   [  88% ] 005/600 VUs  09m14.5s/10m30s  6.00 iters/s

running (09m15.8s), 005/600 VUs, 1752 complete and 0 interrupted iterations
saturation   [  88% ] 005/600 VUs  09m15.5s/10m30s  6.00 iters/s

running (09m16.8s), 005/600 VUs, 1758 complete and 0 interrupted iterations
saturation   [  88% ] 005/600 VUs  09m16.5s/10m30s  6.00 iters/s

running (09m17.8s), 005/600 VUs, 1764 complete and 0 interrupted iterations
saturation   [  88% ] 005/600 VUs  09m17.5s/10m30s  6.00 iters/s

running (09m18.8s), 005/600 VUs, 1770 complete and 0 interrupted iterations
saturation   [  89% ] 005/600 VUs  09m18.5s/10m30s  6.00 iters/s

running (09m19.8s), 005/600 VUs, 1776 complete and 0 interrupted iterations
saturation   [  89% ] 005/600 VUs  09m19.5s/10m30s  6.00 iters/s

running (09m20.8s), 005/600 VUs, 1782 complete and 0 interrupted iterations
saturation   [  89% ] 005/600 VUs  09m20.5s/10m30s  6.00 iters/s

running (09m21.8s), 005/600 VUs, 1788 complete and 0 interrupted iterations
saturation   [  89% ] 005/600 VUs  09m21.5s/10m30s  6.00 iters/s

running (09m22.8s), 005/600 VUs, 1794 complete and 0 interrupted iterations
saturation   [  89% ] 005/600 VUs  09m22.5s/10m30s  6.00 iters/s

running (09m23.8s), 005/600 VUs, 1800 complete and 0 interrupted iterations
saturation   [  89% ] 005/600 VUs  09m23.5s/10m30s  6.00 iters/s

running (09m24.8s), 005/600 VUs, 1806 complete and 0 interrupted iterations
saturation   [  90% ] 005/600 VUs  09m24.5s/10m30s  6.00 iters/s

running (09m25.8s), 005/600 VUs, 1812 complete and 0 interrupted iterations
saturation   [  90% ] 005/600 VUs  09m25.5s/10m30s  6.00 iters/s

running (09m26.8s), 005/600 VUs, 1818 complete and 0 interrupted iterations
saturation   [  90% ] 005/600 VUs  09m26.5s/10m30s  6.00 iters/s

running (09m27.8s), 005/600 VUs, 1824 complete and 0 interrupted iterations
saturation   [  90% ] 005/600 VUs  09m27.5s/10m30s  6.00 iters/s

running (09m28.8s), 005/600 VUs, 1830 complete and 0 interrupted iterations
saturation   [  90% ] 005/600 VUs  09m28.5s/10m30s  6.00 iters/s

running (09m29.8s), 005/600 VUs, 1836 complete and 0 interrupted iterations
saturation   [  90% ] 005/600 VUs  09m29.5s/10m30s  6.00 iters/s

running (09m30.8s), 005/600 VUs, 1842 complete and 0 interrupted iterations
saturation   [  91% ] 005/600 VUs  09m30.5s/10m30s  6.00 iters/s

running (09m31.8s), 005/600 VUs, 1848 complete and 0 interrupted iterations
saturation   [  91% ] 005/600 VUs  09m31.5s/10m30s  6.00 iters/s

running (09m32.8s), 005/600 VUs, 1854 complete and 0 interrupted iterations
saturation   [  91% ] 005/600 VUs  09m32.5s/10m30s  6.00 iters/s

running (09m33.8s), 005/600 VUs, 1860 complete and 0 interrupted iterations
saturation   [  91% ] 005/600 VUs  09m33.5s/10m30s  6.00 iters/s

running (09m34.8s), 005/600 VUs, 1866 complete and 0 interrupted iterations
saturation   [  91% ] 005/600 VUs  09m34.5s/10m30s  6.00 iters/s

running (09m35.8s), 005/600 VUs, 1872 complete and 0 interrupted iterations
saturation   [  91% ] 005/600 VUs  09m35.5s/10m30s  6.00 iters/s

running (09m36.8s), 005/600 VUs, 1878 complete and 0 interrupted iterations
saturation   [  92% ] 005/600 VUs  09m36.5s/10m30s  6.00 iters/s

running (09m37.8s), 005/600 VUs, 1884 complete and 0 interrupted iterations
saturation   [  92% ] 005/600 VUs  09m37.5s/10m30s  6.00 iters/s

running (09m38.8s), 005/600 VUs, 1890 complete and 0 interrupted iterations
saturation   [  92% ] 005/600 VUs  09m38.5s/10m30s  6.00 iters/s

running (09m39.8s), 005/600 VUs, 1896 complete and 0 interrupted iterations
saturation   [  92% ] 005/600 VUs  09m39.5s/10m30s  6.00 iters/s

running (09m40.8s), 005/600 VUs, 1902 complete and 0 interrupted iterations
saturation   [  92% ] 005/600 VUs  09m40.5s/10m30s  6.00 iters/s

running (09m41.8s), 005/600 VUs, 1908 complete and 0 interrupted iterations
saturation   [  92% ] 005/600 VUs  09m41.5s/10m30s  6.00 iters/s

running (09m42.8s), 005/600 VUs, 1914 complete and 0 interrupted iterations
saturation   [  92% ] 005/600 VUs  09m42.5s/10m30s  6.00 iters/s

running (09m43.8s), 005/600 VUs, 1920 complete and 0 interrupted iterations
saturation   [  93% ] 005/600 VUs  09m43.5s/10m30s  6.00 iters/s

running (09m44.8s), 005/600 VUs, 1926 complete and 0 interrupted iterations
saturation   [  93% ] 005/600 VUs  09m44.5s/10m30s  6.00 iters/s

running (09m45.8s), 005/600 VUs, 1932 complete and 0 interrupted iterations
saturation   [  93% ] 005/600 VUs  09m45.5s/10m30s  6.00 iters/s

running (09m46.8s), 005/600 VUs, 1938 complete and 0 interrupted iterations
saturation   [  93% ] 005/600 VUs  09m46.5s/10m30s  6.00 iters/s

running (09m47.8s), 005/600 VUs, 1944 complete and 0 interrupted iterations
saturation   [  93% ] 005/600 VUs  09m47.5s/10m30s  6.00 iters/s

running (09m48.8s), 005/600 VUs, 1950 complete and 0 interrupted iterations
saturation   [  93% ] 005/600 VUs  09m48.5s/10m30s  6.00 iters/s

running (09m49.8s), 005/600 VUs, 1956 complete and 0 interrupted iterations
saturation   [  94% ] 005/600 VUs  09m49.5s/10m30s  6.00 iters/s

running (09m50.8s), 005/600 VUs, 1962 complete and 0 interrupted iterations
saturation   [  94% ] 005/600 VUs  09m50.5s/10m30s  6.00 iters/s

running (09m51.8s), 005/600 VUs, 1968 complete and 0 interrupted iterations
saturation   [  94% ] 005/600 VUs  09m51.5s/10m30s  6.00 iters/s

running (09m52.8s), 005/600 VUs, 1974 complete and 0 interrupted iterations
saturation   [  94% ] 005/600 VUs  09m52.5s/10m30s  6.00 iters/s

running (09m53.8s), 005/600 VUs, 1980 complete and 0 interrupted iterations
saturation   [  94% ] 005/600 VUs  09m53.5s/10m30s  6.00 iters/s

running (09m54.8s), 005/600 VUs, 1986 complete and 0 interrupted iterations
saturation   [  94% ] 005/600 VUs  09m54.5s/10m30s  6.00 iters/s

running (09m55.8s), 005/600 VUs, 1992 complete and 0 interrupted iterations
saturation   [  95% ] 005/600 VUs  09m55.5s/10m30s  6.00 iters/s

running (09m56.8s), 005/600 VUs, 1998 complete and 0 interrupted iterations
saturation   [  95% ] 005/600 VUs  09m56.5s/10m30s  6.00 iters/s

running (09m57.8s), 005/600 VUs, 2004 complete and 0 interrupted iterations
saturation   [  95% ] 005/600 VUs  09m57.5s/10m30s  6.00 iters/s

running (09m58.8s), 005/600 VUs, 2010 complete and 0 interrupted iterations
saturation   [  95% ] 005/600 VUs  09m58.5s/10m30s  6.00 iters/s

running (09m59.8s), 005/600 VUs, 2016 complete and 0 interrupted iterations
saturation   [  95% ] 005/600 VUs  09m59.5s/10m30s  6.00 iters/s

running (10m00.8s), 005/600 VUs, 2022 complete and 0 interrupted iterations
saturation   [  95% ] 005/600 VUs  10m00.5s/10m30s  6.00 iters/s

running (10m01.8s), 005/600 VUs, 2028 complete and 0 interrupted iterations
saturation   [  95% ] 005/600 VUs  10m01.5s/10m30s  6.00 iters/s

running (10m02.8s), 005/600 VUs, 2034 complete and 0 interrupted iterations
saturation   [  96% ] 005/600 VUs  10m02.5s/10m30s  6.00 iters/s

running (10m03.8s), 005/600 VUs, 2040 complete and 0 interrupted iterations
saturation   [  96% ] 005/600 VUs  10m03.5s/10m30s  6.00 iters/s

running (10m04.8s), 005/600 VUs, 2046 complete and 0 interrupted iterations
saturation   [  96% ] 005/600 VUs  10m04.5s/10m30s  6.00 iters/s

running (10m05.8s), 005/600 VUs, 2052 complete and 0 interrupted iterations
saturation   [  96% ] 005/600 VUs  10m05.5s/10m30s  6.00 iters/s

running (10m06.8s), 005/600 VUs, 2058 complete and 0 interrupted iterations
saturation   [  96% ] 005/600 VUs  10m06.5s/10m30s  6.00 iters/s

running (10m07.8s), 005/600 VUs, 2064 complete and 0 interrupted iterations
saturation   [  96% ] 005/600 VUs  10m07.5s/10m30s  6.00 iters/s

running (10m08.8s), 005/600 VUs, 2070 complete and 0 interrupted iterations
saturation   [  97% ] 005/600 VUs  10m08.5s/10m30s  6.00 iters/s

running (10m09.8s), 005/600 VUs, 2076 complete and 0 interrupted iterations
saturation   [  97% ] 005/600 VUs  10m09.5s/10m30s  6.00 iters/s

running (10m10.8s), 005/600 VUs, 2082 complete and 0 interrupted iterations
saturation   [  97% ] 005/600 VUs  10m10.5s/10m30s  6.00 iters/s

running (10m11.8s), 005/600 VUs, 2088 complete and 0 interrupted iterations
saturation   [  97% ] 005/600 VUs  10m11.5s/10m30s  6.00 iters/s

running (10m12.8s), 005/600 VUs, 2094 complete and 0 interrupted iterations
saturation   [  97% ] 005/600 VUs  10m12.5s/10m30s  6.00 iters/s

running (10m13.8s), 005/600 VUs, 2100 complete and 0 interrupted iterations
saturation   [  97% ] 005/600 VUs  10m13.5s/10m30s  6.00 iters/s

running (10m14.8s), 005/600 VUs, 2106 complete and 0 interrupted iterations
saturation   [  98% ] 005/600 VUs  10m14.5s/10m30s  6.00 iters/s

running (10m15.8s), 005/600 VUs, 2112 complete and 0 interrupted iterations
saturation   [  98% ] 005/600 VUs  10m15.5s/10m30s  6.00 iters/s

running (10m16.8s), 005/600 VUs, 2118 complete and 0 interrupted iterations
saturation   [  98% ] 005/600 VUs  10m16.5s/10m30s  6.00 iters/s

running (10m17.8s), 005/600 VUs, 2124 complete and 0 interrupted iterations
saturation   [  98% ] 005/600 VUs  10m17.5s/10m30s  6.00 iters/s

running (10m18.8s), 005/600 VUs, 2130 complete and 0 interrupted iterations
saturation   [  98% ] 005/600 VUs  10m18.5s/10m30s  6.00 iters/s

running (10m19.8s), 005/600 VUs, 2136 complete and 0 interrupted iterations
saturation   [  98% ] 005/600 VUs  10m19.5s/10m30s  6.00 iters/s

running (10m20.8s), 005/600 VUs, 2142 complete and 0 interrupted iterations
saturation   [  98% ] 005/600 VUs  10m20.5s/10m30s  6.00 iters/s

running (10m21.8s), 005/600 VUs, 2148 complete and 0 interrupted iterations
saturation   [  99% ] 005/600 VUs  10m21.5s/10m30s  6.00 iters/s

running (10m22.8s), 005/600 VUs, 2154 complete and 0 interrupted iterations
saturation   [  99% ] 005/600 VUs  10m22.5s/10m30s  6.00 iters/s

running (10m23.8s), 005/600 VUs, 2160 complete and 0 interrupted iterations
saturation   [  99% ] 005/600 VUs  10m23.5s/10m30s  6.00 iters/s

running (10m24.8s), 005/600 VUs, 2166 complete and 0 interrupted iterations
saturation   [  99% ] 005/600 VUs  10m24.5s/10m30s  6.00 iters/s

running (10m25.8s), 005/600 VUs, 2172 complete and 0 interrupted iterations
saturation   [  99% ] 005/600 VUs  10m25.5s/10m30s  6.00 iters/s

running (10m26.8s), 005/600 VUs, 2178 complete and 0 interrupted iterations
saturation   [  99% ] 005/600 VUs  10m26.5s/10m30s  6.00 iters/s

running (10m27.8s), 005/600 VUs, 2184 complete and 0 interrupted iterations
saturation   [ 100% ] 005/600 VUs  10m27.5s/10m30s  6.00 iters/s

running (10m28.8s), 005/600 VUs, 2190 complete and 0 interrupted iterations
saturation   [ 100% ] 005/600 VUs  10m28.5s/10m30s  6.00 iters/s

running (10m29.8s), 005/600 VUs, 2196 complete and 0 interrupted iterations
saturation   [ 100% ] 005/600 VUs  10m29.5s/10m30s  6.00 iters/s

running (10m30.8s), 002/600 VUs, 2202 complete and 0 interrupted iterations
saturation ↓ [ 100% ] 005/600 VUs  10m30s  6.00 iters/s

================ DSP benchmark summary ================
-- per-phase latency --
  catalog                    p50=18.4 ms  p95=25.4 ms  p99=29.0 ms  max=38.5 ms  n=2204
  negotiation init (POST)    p50=9.9 ms  p95=11.1 ms  p99=18.7 ms  max=22.2 ms  n=2204
  time-to-AGREED (async)     p50=253.0 ms  p95=254.0 ms  p99=254.0 ms  max=262.0 ms  n=2204
  transfer init (POST)       p50=27.6 ms  p95=32.7 ms  p99=39.7 ms  max=46.4 ms  n=2204
  time-to-EDR (async)        p50=253.0 ms  p95=253.0 ms  p99=253.0 ms  max=262.0 ms  n=2204
  data pull                  p50=22.1 ms  p95=25.4 ms  p99=32.8 ms  max=39.1 ms  n=2204
-- end-to-end + throughput --
  e2e transaction            p50=846.0 ms  p95=857.0 ms  p99=862.0 ms  max=874.0 ms  n=2204
  data throughput (MB/s)     p50=0.0  p95=0.0  p99=0.0  max=0.0  n=2204
-- outcomes --
  transactions succeeded     count=2204  rate=3.493/s
  transactions failed        (no data)
  failed rate                rate=0.00%  (pass=0 fail=2204)
    of which TERMINATED      (no data)
    of which TIMED OUT       (no data)
    of which HTTP-FAILED     (no data)
  failure accounting       (no failures)
-- observer effect (poll load) --
  negotiation polls          count=4408  rate=6.985/s
  edr polls                  count=4408  rate=6.985/s
  polls per transaction     negotiation=2.0  edr=2.0  (timeout ceiling=120)
=======================================================
(full summary -> /home/rohitj/edc/benchmarking-dsp-native-basyx/k6-scripts/results/basyx/off/saturation-open/2026-08-11T20-25-32Z/k6-summary.json; POLL_INTERVAL_MS=250; IDENTITY_MODE=off)

running (10m31.1s), 000/600 VUs, 2204 complete and 0 interrupted iterations
saturation ✓ [ 100% ] 000/600 VUs  10m30s  6.00 iters/s
Prometheus snapshot [1786480012..1786480659] svc=(dsp-native-basyx|consumer-controlplane) win=1m -> /home/rohitj/edc/benchmarking-dsp-native-basyx/k6-scripts/results/basyx/off/saturation-open/2026-08-11T20-25-32Z
  jvm-heap.csv (130 rows)
  jvm-gc-rate.csv (130 rows)
  jvm-threads.csv (130 rows)
  http-throughput.csv (130 rows)
  http-p95.csv (130 rows)
  http-errors.csv (130 rows)
  http-errors-5xx.csv (0 rows)
  http-status.csv (260 rows)
  host-cpu-busy.csv (130 rows)
  host-mem-used.csv (130 rows)
  5xx: no 5xx in window (confirmed: http-status has 260 samples, so the status label IS scraped)
  logs -> /home/rohitj/edc/benchmarking-dsp-native-basyx/k6-scripts/results/basyx/off/saturation-open/2026-08-11T20-25-32Z/logs (1 files)
0
Settling 60s (this run stressed the connector; the next one must not inherit its backlog)
VALIDITY  ok=2204  failed=0  failed_rate=0%  dropped_iterations=0
>>> done: /home/rohitj/edc/benchmarking-dsp-native-basyx/k6-scripts/results/basyx/off/saturation-open/2026-08-11T20-25-32Z  (k6 exit 0)
===== repetition 2/3 =====
----- basyx / saturation-open (rep 2) -----
>>> basyx / saturation-open  ->  /home/rohitj/edc/benchmarking-dsp-native-basyx/k6-scripts/results/basyx/off/saturation-open/2026-08-11T20-38-39Z
parity OK: lib/ + scenarios/ + orchestration/ + tools/ identical to /home/rohitj/edc/benchmarking-dsp-native-basyx/k6-scripts
Health: http://localhost:8090/dsp http://localhost:8888/health + prometheus  OK
Warmup 60s @ 1/s (discarded)
  draining 20s before the measured window opens
k6 -> Prometheus remote-write: http://localhost:9090/api/v1/write

         /\      Grafana   /‾‾/  
    /\  /  \     |\  __   /  /   
   /  \/    \    | |/ /  /   ‾‾\ 
  /          \   |   (  |  (‾)  |
 / __________ \  |_|\_\  \_____/ 


     execution: local
        script: /home/rohitj/edc/benchmarking-dsp-native-basyx/k6-scripts/basyx-off/saturation-open.js
        output: Prometheus remote write (http://localhost:9090/api/v1/write)

     scenarios: (100.00%) 1 scenario, 800 max VUs, 11m0s max duration (incl. graceful stop):
              * saturation: Up to 6.00 iterations/s for 10m30s over 7 stages (maxVUs: 600-800, gracefulStop: 30s)


running (00m00.8s), 000/600 VUs, 0 complete and 0 interrupted iterations
saturation   [   0% ] 000/600 VUs  00m00.7s/10m30s  1.00 iters/s

running (00m01.8s), 001/600 VUs, 0 complete and 0 interrupted iterations
saturation   [   0% ] 001/600 VUs  00m01.7s/10m30s  1.00 iters/s

running (00m02.8s), 001/600 VUs, 1 complete and 0 interrupted iterations
saturation   [   0% ] 001/600 VUs  00m02.7s/10m30s  1.00 iters/s

running (00m03.8s), 001/600 VUs, 2 complete and 0 interrupted iterations
saturation   [   1% ] 001/600 VUs  00m03.7s/10m30s  1.00 iters/s

running (00m04.8s), 001/600 VUs, 3 complete and 0 interrupted iterations
saturation   [   1% ] 001/600 VUs  00m04.7s/10m30s  1.00 iters/s

running (00m05.8s), 001/600 VUs, 4 complete and 0 interrupted iterations
saturation   [   1% ] 001/600 VUs  00m05.7s/10m30s  1.00 iters/s

running (00m06.8s), 001/600 VUs, 5 complete and 0 interrupted iterations
saturation   [   1% ] 001/600 VUs  00m06.7s/10m30s  1.00 iters/s

running (00m07.8s), 001/600 VUs, 6 complete and 0 interrupted iterations
saturation   [   1% ] 001/600 VUs  00m07.7s/10m30s  1.00 iters/s

running (00m08.8s), 001/600 VUs, 7 complete and 0 interrupted iterations
saturation   [   1% ] 001/600 VUs  00m08.7s/10m30s  1.00 iters/s

running (00m09.8s), 001/600 VUs, 8 complete and 0 interrupted iterations
saturation   [   2% ] 001/600 VUs  00m09.7s/10m30s  1.00 iters/s

running (00m10.8s), 001/600 VUs, 9 complete and 0 interrupted iterations
saturation   [   2% ] 001/600 VUs  00m10.7s/10m30s  1.00 iters/s

running (00m11.8s), 001/600 VUs, 10 complete and 0 interrupted iterations
saturation   [   2% ] 001/600 VUs  00m11.7s/10m30s  1.00 iters/s

running (00m12.8s), 001/600 VUs, 11 complete and 0 interrupted iterations
saturation   [   2% ] 001/600 VUs  00m12.7s/10m30s  1.00 iters/s

running (00m13.8s), 001/600 VUs, 12 complete and 0 interrupted iterations
saturation   [   2% ] 001/600 VUs  00m13.7s/10m30s  1.00 iters/s

running (00m14.8s), 001/600 VUs, 13 complete and 0 interrupted iterations
saturation   [   2% ] 001/600 VUs  00m14.7s/10m30s  1.00 iters/s

running (00m15.8s), 001/600 VUs, 14 complete and 0 interrupted iterations
saturation   [   2% ] 001/600 VUs  00m15.7s/10m30s  1.00 iters/s

running (00m16.8s), 001/600 VUs, 15 complete and 0 interrupted iterations
saturation   [   3% ] 001/600 VUs  00m16.7s/10m30s  1.00 iters/s

running (00m17.8s), 001/600 VUs, 16 complete and 0 interrupted iterations
saturation   [   3% ] 001/600 VUs  00m17.7s/10m30s  1.00 iters/s

running (00m18.8s), 001/600 VUs, 17 complete and 0 interrupted iterations
saturation   [   3% ] 001/600 VUs  00m18.7s/10m30s  1.00 iters/s

running (00m19.8s), 001/600 VUs, 18 complete and 0 interrupted iterations
saturation   [   3% ] 001/600 VUs  00m19.7s/10m30s  1.00 iters/s

running (00m20.8s), 001/600 VUs, 19 complete and 0 interrupted iterations
saturation   [   3% ] 001/600 VUs  00m20.7s/10m30s  1.00 iters/s

running (00m21.8s), 001/600 VUs, 20 complete and 0 interrupted iterations
saturation   [   3% ] 001/600 VUs  00m21.7s/10m30s  1.00 iters/s

running (00m22.8s), 001/600 VUs, 21 complete and 0 interrupted iterations
saturation   [   4% ] 001/600 VUs  00m22.7s/10m30s  1.00 iters/s

running (00m23.8s), 001/600 VUs, 22 complete and 0 interrupted iterations
saturation   [   4% ] 001/600 VUs  00m23.7s/10m30s  1.00 iters/s

running (00m24.8s), 001/600 VUs, 23 complete and 0 interrupted iterations
saturation   [   4% ] 001/600 VUs  00m24.7s/10m30s  1.00 iters/s

running (00m25.8s), 001/600 VUs, 24 complete and 0 interrupted iterations
saturation   [   4% ] 001/600 VUs  00m25.7s/10m30s  1.00 iters/s

running (00m26.8s), 001/600 VUs, 25 complete and 0 interrupted iterations
saturation   [   4% ] 001/600 VUs  00m26.7s/10m30s  1.00 iters/s

running (00m27.8s), 001/600 VUs, 26 complete and 0 interrupted iterations
saturation   [   4% ] 001/600 VUs  00m27.7s/10m30s  1.00 iters/s

running (00m28.8s), 001/600 VUs, 27 complete and 0 interrupted iterations
saturation   [   5% ] 001/600 VUs  00m28.7s/10m30s  1.00 iters/s

running (00m29.8s), 001/600 VUs, 28 complete and 0 interrupted iterations
saturation   [   5% ] 001/600 VUs  00m29.7s/10m30s  1.00 iters/s

running (00m30.8s), 001/600 VUs, 29 complete and 0 interrupted iterations
saturation   [   5% ] 001/600 VUs  00m30.7s/10m30s  1.00 iters/s

running (00m31.8s), 001/600 VUs, 30 complete and 0 interrupted iterations
saturation   [   5% ] 001/600 VUs  00m31.7s/10m30s  1.00 iters/s

running (00m32.8s), 001/600 VUs, 31 complete and 0 interrupted iterations
saturation   [   5% ] 001/600 VUs  00m32.7s/10m30s  1.00 iters/s

running (00m33.8s), 001/600 VUs, 32 complete and 0 interrupted iterations
saturation   [   5% ] 001/600 VUs  00m33.7s/10m30s  1.00 iters/s

running (00m34.8s), 001/600 VUs, 33 complete and 0 interrupted iterations
saturation   [   6% ] 001/600 VUs  00m34.7s/10m30s  1.00 iters/s

running (00m35.8s), 001/600 VUs, 34 complete and 0 interrupted iterations
saturation   [   6% ] 001/600 VUs  00m35.7s/10m30s  1.00 iters/s

running (00m36.8s), 001/600 VUs, 35 complete and 0 interrupted iterations
saturation   [   6% ] 001/600 VUs  00m36.7s/10m30s  1.00 iters/s

running (00m37.8s), 001/600 VUs, 36 complete and 0 interrupted iterations
saturation   [   6% ] 001/600 VUs  00m37.7s/10m30s  1.00 iters/s

running (00m38.8s), 001/600 VUs, 37 complete and 0 interrupted iterations
saturation   [   6% ] 001/600 VUs  00m38.7s/10m30s  1.00 iters/s

running (00m39.8s), 001/600 VUs, 38 complete and 0 interrupted iterations
saturation   [   6% ] 001/600 VUs  00m39.7s/10m30s  1.00 iters/s

running (00m40.8s), 001/600 VUs, 39 complete and 0 interrupted iterations
saturation   [   6% ] 001/600 VUs  00m40.7s/10m30s  1.00 iters/s

running (00m41.8s), 001/600 VUs, 40 complete and 0 interrupted iterations
saturation   [   7% ] 001/600 VUs  00m41.7s/10m30s  1.00 iters/s

running (00m42.8s), 001/600 VUs, 41 complete and 0 interrupted iterations
saturation   [   7% ] 001/600 VUs  00m42.7s/10m30s  1.00 iters/s

running (00m43.8s), 001/600 VUs, 42 complete and 0 interrupted iterations
saturation   [   7% ] 001/600 VUs  00m43.7s/10m30s  1.00 iters/s

running (00m44.8s), 001/600 VUs, 43 complete and 0 interrupted iterations
saturation   [   7% ] 001/600 VUs  00m44.7s/10m30s  1.00 iters/s

running (00m45.8s), 001/600 VUs, 44 complete and 0 interrupted iterations
saturation   [   7% ] 001/600 VUs  00m45.7s/10m30s  1.00 iters/s

running (00m46.8s), 001/600 VUs, 45 complete and 0 interrupted iterations
saturation   [   7% ] 001/600 VUs  00m46.7s/10m30s  1.00 iters/s

running (00m47.8s), 001/600 VUs, 46 complete and 0 interrupted iterations
saturation   [   8% ] 001/600 VUs  00m47.7s/10m30s  1.00 iters/s

running (00m48.8s), 001/600 VUs, 47 complete and 0 interrupted iterations
saturation   [   8% ] 001/600 VUs  00m48.7s/10m30s  1.00 iters/s

running (00m49.8s), 001/600 VUs, 48 complete and 0 interrupted iterations
saturation   [   8% ] 001/600 VUs  00m49.7s/10m30s  1.00 iters/s

running (00m50.8s), 001/600 VUs, 49 complete and 0 interrupted iterations
saturation   [   8% ] 001/600 VUs  00m50.7s/10m30s  1.00 iters/s

running (00m51.8s), 001/600 VUs, 50 complete and 0 interrupted iterations
saturation   [   8% ] 001/600 VUs  00m51.7s/10m30s  1.00 iters/s

running (00m52.8s), 001/600 VUs, 51 complete and 0 interrupted iterations
saturation   [   8% ] 001/600 VUs  00m52.7s/10m30s  1.00 iters/s

running (00m53.8s), 001/600 VUs, 52 complete and 0 interrupted iterations
saturation   [   9% ] 001/600 VUs  00m53.7s/10m30s  1.00 iters/s

running (00m54.8s), 001/600 VUs, 53 complete and 0 interrupted iterations
saturation   [   9% ] 001/600 VUs  00m54.7s/10m30s  1.00 iters/s

running (00m55.8s), 001/600 VUs, 54 complete and 0 interrupted iterations
saturation   [   9% ] 001/600 VUs  00m55.7s/10m30s  1.00 iters/s

running (00m56.8s), 001/600 VUs, 55 complete and 0 interrupted iterations
saturation   [   9% ] 001/600 VUs  00m56.7s/10m30s  1.00 iters/s

running (00m57.8s), 001/600 VUs, 56 complete and 0 interrupted iterations
saturation   [   9% ] 001/600 VUs  00m57.7s/10m30s  1.00 iters/s

running (00m58.8s), 001/600 VUs, 57 complete and 0 interrupted iterations
saturation   [   9% ] 001/600 VUs  00m58.7s/10m30s  1.00 iters/s

running (00m59.8s), 001/600 VUs, 58 complete and 0 interrupted iterations
saturation   [   9% ] 001/600 VUs  00m59.7s/10m30s  1.00 iters/s

running (01m00.8s), 001/600 VUs, 59 complete and 0 interrupted iterations
saturation   [  10% ] 001/600 VUs  01m00.7s/10m30s  1.00 iters/s

running (01m01.8s), 001/600 VUs, 60 complete and 0 interrupted iterations
saturation   [  10% ] 001/600 VUs  01m01.7s/10m30s  1.00 iters/s

running (01m02.8s), 001/600 VUs, 61 complete and 0 interrupted iterations
saturation   [  10% ] 001/600 VUs  01m02.7s/10m30s  1.00 iters/s

running (01m03.8s), 001/600 VUs, 62 complete and 0 interrupted iterations
saturation   [  10% ] 001/600 VUs  01m03.7s/10m30s  1.00 iters/s

running (01m04.8s), 001/600 VUs, 63 complete and 0 interrupted iterations
saturation   [  10% ] 001/600 VUs  01m04.7s/10m30s  1.00 iters/s

running (01m05.8s), 001/600 VUs, 64 complete and 0 interrupted iterations
saturation   [  10% ] 001/600 VUs  01m05.7s/10m30s  1.00 iters/s

running (01m06.8s), 001/600 VUs, 65 complete and 0 interrupted iterations
saturation   [  11% ] 001/600 VUs  01m06.7s/10m30s  1.00 iters/s

running (01m07.8s), 001/600 VUs, 66 complete and 0 interrupted iterations
saturation   [  11% ] 001/600 VUs  01m07.7s/10m30s  1.00 iters/s

running (01m08.8s), 001/600 VUs, 67 complete and 0 interrupted iterations
saturation   [  11% ] 001/600 VUs  01m08.7s/10m30s  1.00 iters/s

running (01m09.8s), 001/600 VUs, 68 complete and 0 interrupted iterations
saturation   [  11% ] 001/600 VUs  01m09.7s/10m30s  1.00 iters/s

running (01m10.8s), 001/600 VUs, 69 complete and 0 interrupted iterations
saturation   [  11% ] 001/600 VUs  01m10.7s/10m30s  1.00 iters/s

running (01m11.8s), 001/600 VUs, 70 complete and 0 interrupted iterations
saturation   [  11% ] 001/600 VUs  01m11.7s/10m30s  1.00 iters/s

running (01m12.8s), 001/600 VUs, 71 complete and 0 interrupted iterations
saturation   [  12% ] 001/600 VUs  01m12.7s/10m30s  1.00 iters/s

running (01m13.8s), 001/600 VUs, 72 complete and 0 interrupted iterations
saturation   [  12% ] 001/600 VUs  01m13.7s/10m30s  1.00 iters/s

running (01m14.8s), 001/600 VUs, 73 complete and 0 interrupted iterations
saturation   [  12% ] 001/600 VUs  01m14.7s/10m30s  1.00 iters/s

running (01m15.8s), 001/600 VUs, 74 complete and 0 interrupted iterations
saturation   [  12% ] 001/600 VUs  01m15.7s/10m30s  1.00 iters/s

running (01m16.8s), 001/600 VUs, 75 complete and 0 interrupted iterations
saturation   [  12% ] 001/600 VUs  01m16.7s/10m30s  1.00 iters/s

running (01m17.8s), 001/600 VUs, 76 complete and 0 interrupted iterations
saturation   [  12% ] 001/600 VUs  01m17.7s/10m30s  1.00 iters/s

running (01m18.8s), 001/600 VUs, 77 complete and 0 interrupted iterations
saturation   [  12% ] 001/600 VUs  01m18.7s/10m30s  1.00 iters/s

running (01m19.8s), 001/600 VUs, 78 complete and 0 interrupted iterations
saturation   [  13% ] 001/600 VUs  01m19.7s/10m30s  1.00 iters/s

running (01m20.8s), 001/600 VUs, 79 complete and 0 interrupted iterations
saturation   [  13% ] 001/600 VUs  01m20.7s/10m30s  1.00 iters/s

running (01m21.8s), 001/600 VUs, 80 complete and 0 interrupted iterations
saturation   [  13% ] 001/600 VUs  01m21.7s/10m30s  1.00 iters/s

running (01m22.8s), 001/600 VUs, 81 complete and 0 interrupted iterations
saturation   [  13% ] 001/600 VUs  01m22.7s/10m30s  1.00 iters/s

running (01m23.8s), 001/600 VUs, 82 complete and 0 interrupted iterations
saturation   [  13% ] 001/600 VUs  01m23.7s/10m30s  1.00 iters/s

running (01m24.8s), 001/600 VUs, 83 complete and 0 interrupted iterations
saturation   [  13% ] 001/600 VUs  01m24.7s/10m30s  1.00 iters/s

running (01m25.8s), 001/600 VUs, 84 complete and 0 interrupted iterations
saturation   [  14% ] 001/600 VUs  01m25.7s/10m30s  1.00 iters/s

running (01m26.8s), 001/600 VUs, 85 complete and 0 interrupted iterations
saturation   [  14% ] 001/600 VUs  01m26.7s/10m30s  1.00 iters/s

running (01m27.8s), 001/600 VUs, 86 complete and 0 interrupted iterations
saturation   [  14% ] 001/600 VUs  01m27.7s/10m30s  1.00 iters/s

running (01m28.8s), 001/600 VUs, 87 complete and 0 interrupted iterations
saturation   [  14% ] 001/600 VUs  01m28.7s/10m30s  1.00 iters/s

running (01m29.8s), 001/600 VUs, 88 complete and 0 interrupted iterations
saturation   [  14% ] 001/600 VUs  01m29.7s/10m30s  1.00 iters/s

running (01m30.8s), 001/600 VUs, 89 complete and 0 interrupted iterations
saturation   [  14% ] 001/600 VUs  01m30.7s/10m30s  1.01 iters/s

running (01m31.8s), 001/600 VUs, 90 complete and 0 interrupted iterations
saturation   [  15% ] 001/600 VUs  01m31.7s/10m30s  1.02 iters/s

running (01m32.8s), 001/600 VUs, 91 complete and 0 interrupted iterations
saturation   [  15% ] 001/600 VUs  01m32.7s/10m30s  1.03 iters/s

running (01m33.8s), 001/600 VUs, 92 complete and 0 interrupted iterations
saturation   [  15% ] 001/600 VUs  01m33.7s/10m30s  1.04 iters/s

running (01m34.8s), 001/600 VUs, 93 complete and 0 interrupted iterations
saturation   [  15% ] 001/600 VUs  01m34.7s/10m30s  1.05 iters/s

running (01m35.8s), 001/600 VUs, 94 complete and 0 interrupted iterations
saturation   [  15% ] 001/600 VUs  01m35.7s/10m30s  1.06 iters/s

running (01m36.8s), 000/600 VUs, 96 complete and 0 interrupted iterations
saturation   [  15% ] 000/600 VUs  01m36.7s/10m30s  1.07 iters/s

running (01m37.8s), 001/600 VUs, 97 complete and 0 interrupted iterations
saturation   [  16% ] 001/600 VUs  01m37.7s/10m30s  1.09 iters/s

running (01m38.8s), 001/600 VUs, 98 complete and 0 interrupted iterations
saturation   [  16% ] 001/600 VUs  01m38.7s/10m30s  1.10 iters/s

running (01m39.8s), 001/600 VUs, 99 complete and 0 interrupted iterations
saturation   [  16% ] 001/600 VUs  01m39.7s/10m30s  1.11 iters/s

running (01m40.8s), 001/600 VUs, 100 complete and 0 interrupted iterations
saturation   [  16% ] 001/600 VUs  01m40.7s/10m30s  1.12 iters/s

running (01m41.8s), 001/600 VUs, 101 complete and 0 interrupted iterations
saturation   [  16% ] 001/600 VUs  01m41.7s/10m30s  1.13 iters/s

running (01m42.8s), 001/600 VUs, 102 complete and 0 interrupted iterations
saturation   [  16% ] 001/600 VUs  01m42.7s/10m30s  1.14 iters/s

running (01m43.8s), 001/600 VUs, 103 complete and 0 interrupted iterations
saturation   [  16% ] 001/600 VUs  01m43.7s/10m30s  1.15 iters/s

running (01m44.8s), 001/600 VUs, 104 complete and 0 interrupted iterations
saturation   [  17% ] 001/600 VUs  01m44.7s/10m30s  1.16 iters/s

running (01m45.8s), 001/600 VUs, 106 complete and 0 interrupted iterations
saturation   [  17% ] 001/600 VUs  01m45.7s/10m30s  1.18 iters/s

running (01m46.8s), 001/600 VUs, 107 complete and 0 interrupted iterations
saturation   [  17% ] 001/600 VUs  01m46.7s/10m30s  1.19 iters/s

running (01m47.8s), 001/600 VUs, 108 complete and 0 interrupted iterations
saturation   [  17% ] 001/600 VUs  01m47.7s/10m30s  1.20 iters/s

running (01m48.8s), 001/600 VUs, 109 complete and 0 interrupted iterations
saturation   [  17% ] 001/600 VUs  01m48.7s/10m30s  1.21 iters/s

running (01m49.8s), 001/600 VUs, 110 complete and 0 interrupted iterations
saturation   [  17% ] 001/600 VUs  01m49.7s/10m30s  1.22 iters/s

running (01m50.8s), 001/600 VUs, 112 complete and 0 interrupted iterations
saturation   [  18% ] 001/600 VUs  01m50.7s/10m30s  1.23 iters/s

running (01m51.8s), 001/600 VUs, 113 complete and 0 interrupted iterations
saturation   [  18% ] 001/600 VUs  01m51.7s/10m30s  1.24 iters/s

running (01m52.8s), 001/600 VUs, 114 complete and 0 interrupted iterations
saturation   [  18% ] 001/600 VUs  01m52.7s/10m30s  1.25 iters/s

running (01m53.8s), 001/600 VUs, 115 complete and 0 interrupted iterations
saturation   [  18% ] 001/600 VUs  01m53.7s/10m30s  1.26 iters/s

running (01m54.8s), 001/600 VUs, 117 complete and 0 interrupted iterations
saturation   [  18% ] 001/600 VUs  01m54.7s/10m30s  1.28 iters/s

running (01m55.8s), 001/600 VUs, 118 complete and 0 interrupted iterations
saturation   [  18% ] 001/600 VUs  01m55.7s/10m30s  1.29 iters/s

running (01m56.8s), 001/600 VUs, 119 complete and 0 interrupted iterations
saturation   [  19% ] 001/600 VUs  01m56.7s/10m30s  1.30 iters/s

running (01m57.8s), 001/600 VUs, 120 complete and 0 interrupted iterations
saturation   [  19% ] 001/600 VUs  01m57.7s/10m30s  1.30 iters/s

running (01m58.8s), 001/600 VUs, 122 complete and 0 interrupted iterations
saturation   [  19% ] 001/600 VUs  01m58.7s/10m30s  1.32 iters/s

running (01m59.8s), 001/600 VUs, 123 complete and 0 interrupted iterations
saturation   [  19% ] 001/600 VUs  01m59.7s/10m30s  1.33 iters/s

running (02m00.8s), 001/600 VUs, 124 complete and 0 interrupted iterations
saturation   [  19% ] 001/600 VUs  02m00.7s/10m30s  1.34 iters/s

running (02m01.8s), 001/600 VUs, 126 complete and 0 interrupted iterations
saturation   [  19% ] 001/600 VUs  02m01.7s/10m30s  1.35 iters/s

running (02m02.8s), 001/600 VUs, 127 complete and 0 interrupted iterations
saturation   [  19% ] 001/600 VUs  02m02.7s/10m30s  1.36 iters/s

running (02m03.8s), 002/600 VUs, 128 complete and 0 interrupted iterations
saturation   [  20% ] 002/600 VUs  02m03.7s/10m30s  1.38 iters/s

running (02m04.8s), 001/600 VUs, 130 complete and 0 interrupted iterations
saturation   [  20% ] 001/600 VUs  02m04.7s/10m30s  1.39 iters/s

running (02m05.8s), 001/600 VUs, 131 complete and 0 interrupted iterations
saturation   [  20% ] 001/600 VUs  02m05.7s/10m30s  1.39 iters/s

running (02m06.8s), 001/600 VUs, 133 complete and 0 interrupted iterations
saturation   [  20% ] 001/600 VUs  02m06.7s/10m30s  1.41 iters/s

running (02m07.8s), 001/600 VUs, 134 complete and 0 interrupted iterations
saturation   [  20% ] 001/600 VUs  02m07.7s/10m30s  1.42 iters/s

running (02m08.8s), 002/600 VUs, 135 complete and 0 interrupted iterations
saturation   [  20% ] 002/600 VUs  02m08.7s/10m30s  1.43 iters/s

running (02m09.8s), 001/600 VUs, 137 complete and 0 interrupted iterations
saturation   [  21% ] 001/600 VUs  02m09.7s/10m30s  1.44 iters/s

running (02m10.8s), 001/600 VUs, 138 complete and 0 interrupted iterations
saturation   [  21% ] 001/600 VUs  02m10.7s/10m30s  1.45 iters/s

running (02m11.8s), 001/600 VUs, 140 complete and 0 interrupted iterations
saturation   [  21% ] 001/600 VUs  02m11.7s/10m30s  1.46 iters/s

running (02m12.8s), 001/600 VUs, 141 complete and 0 interrupted iterations
saturation   [  21% ] 001/600 VUs  02m12.7s/10m30s  1.47 iters/s

running (02m13.8s), 001/600 VUs, 143 complete and 0 interrupted iterations
saturation   [  21% ] 001/600 VUs  02m13.7s/10m30s  1.49 iters/s

running (02m14.8s), 001/600 VUs, 144 complete and 0 interrupted iterations
saturation   [  21% ] 001/600 VUs  02m14.7s/10m30s  1.49 iters/s

running (02m15.8s), 001/600 VUs, 146 complete and 0 interrupted iterations
saturation   [  22% ] 001/600 VUs  02m15.7s/10m30s  1.51 iters/s

running (02m16.8s), 001/600 VUs, 147 complete and 0 interrupted iterations
saturation   [  22% ] 001/600 VUs  02m16.7s/10m30s  1.52 iters/s

running (02m17.8s), 001/600 VUs, 149 complete and 0 interrupted iterations
saturation   [  22% ] 001/600 VUs  02m17.7s/10m30s  1.53 iters/s

running (02m18.8s), 001/600 VUs, 150 complete and 0 interrupted iterations
saturation   [  22% ] 001/600 VUs  02m18.7s/10m30s  1.54 iters/s

running (02m19.8s), 001/600 VUs, 152 complete and 0 interrupted iterations
saturation   [  22% ] 001/600 VUs  02m19.7s/10m30s  1.55 iters/s

running (02m20.8s), 001/600 VUs, 153 complete and 0 interrupted iterations
saturation   [  22% ] 001/600 VUs  02m20.7s/10m30s  1.56 iters/s

running (02m21.8s), 001/600 VUs, 155 complete and 0 interrupted iterations
saturation   [  22% ] 001/600 VUs  02m21.7s/10m30s  1.57 iters/s

running (02m22.8s), 002/600 VUs, 156 complete and 0 interrupted iterations
saturation   [  23% ] 002/600 VUs  02m22.7s/10m30s  1.59 iters/s

running (02m23.8s), 001/600 VUs, 158 complete and 0 interrupted iterations
saturation   [  23% ] 001/600 VUs  02m23.7s/10m30s  1.60 iters/s

running (02m24.8s), 002/600 VUs, 159 complete and 0 interrupted iterations
saturation   [  23% ] 002/600 VUs  02m24.7s/10m30s  1.61 iters/s

running (02m25.8s), 001/600 VUs, 161 complete and 0 interrupted iterations
saturation   [  23% ] 001/600 VUs  02m25.7s/10m30s  1.62 iters/s

running (02m26.8s), 001/600 VUs, 163 complete and 0 interrupted iterations
saturation   [  23% ] 001/600 VUs  02m26.7s/10m30s  1.63 iters/s

running (02m27.8s), 002/600 VUs, 164 complete and 0 interrupted iterations
saturation   [  23% ] 002/600 VUs  02m27.7s/10m30s  1.64 iters/s

running (02m28.8s), 001/600 VUs, 166 complete and 0 interrupted iterations
saturation   [  24% ] 001/600 VUs  02m28.7s/10m30s  1.65 iters/s

running (02m29.8s), 001/600 VUs, 168 complete and 0 interrupted iterations
saturation   [  24% ] 001/600 VUs  02m29.7s/10m30s  1.66 iters/s

running (02m30.8s), 002/600 VUs, 169 complete and 0 interrupted iterations
saturation   [  24% ] 002/600 VUs  02m30.7s/10m30s  1.68 iters/s

running (02m31.8s), 001/600 VUs, 171 complete and 0 interrupted iterations
saturation   [  24% ] 001/600 VUs  02m31.7s/10m30s  1.68 iters/s

running (02m32.8s), 001/600 VUs, 173 complete and 0 interrupted iterations
saturation   [  24% ] 001/600 VUs  02m32.7s/10m30s  1.70 iters/s

running (02m33.8s), 002/600 VUs, 174 complete and 0 interrupted iterations
saturation   [  24% ] 002/600 VUs  02m33.7s/10m30s  1.71 iters/s

running (02m34.8s), 001/600 VUs, 176 complete and 0 interrupted iterations
saturation   [  25% ] 001/600 VUs  02m34.7s/10m30s  1.72 iters/s

running (02m35.8s), 001/600 VUs, 178 complete and 0 interrupted iterations
saturation   [  25% ] 001/600 VUs  02m35.7s/10m30s  1.73 iters/s

running (02m36.8s), 002/600 VUs, 179 complete and 0 interrupted iterations
saturation   [  25% ] 002/600 VUs  02m36.7s/10m30s  1.74 iters/s

running (02m37.8s), 002/600 VUs, 181 complete and 0 interrupted iterations
saturation   [  25% ] 002/600 VUs  02m37.7s/10m30s  1.75 iters/s

running (02m38.8s), 001/600 VUs, 183 complete and 0 interrupted iterations
saturation   [  25% ] 001/600 VUs  02m38.7s/10m30s  1.76 iters/s

running (02m39.8s), 001/600 VUs, 185 complete and 0 interrupted iterations
saturation   [  25% ] 001/600 VUs  02m39.7s/10m30s  1.77 iters/s

running (02m40.8s), 002/600 VUs, 186 complete and 0 interrupted iterations
saturation   [  26% ] 002/600 VUs  02m40.7s/10m30s  1.79 iters/s

running (02m41.8s), 002/600 VUs, 188 complete and 0 interrupted iterations
saturation   [  26% ] 002/600 VUs  02m41.7s/10m30s  1.80 iters/s

running (02m42.8s), 002/600 VUs, 190 complete and 0 interrupted iterations
saturation   [  26% ] 002/600 VUs  02m42.7s/10m30s  1.81 iters/s

running (02m43.8s), 001/600 VUs, 192 complete and 0 interrupted iterations
saturation   [  26% ] 001/600 VUs  02m43.7s/10m30s  1.82 iters/s

running (02m44.8s), 001/600 VUs, 194 complete and 0 interrupted iterations
saturation   [  26% ] 001/600 VUs  02m44.7s/10m30s  1.83 iters/s

running (02m45.8s), 002/600 VUs, 195 complete and 0 interrupted iterations
saturation   [  26% ] 002/600 VUs  02m45.7s/10m30s  1.84 iters/s

running (02m46.8s), 002/600 VUs, 197 complete and 0 interrupted iterations
saturation   [  26% ] 002/600 VUs  02m46.7s/10m30s  1.85 iters/s

running (02m47.8s), 002/600 VUs, 199 complete and 0 interrupted iterations
saturation   [  27% ] 002/600 VUs  02m47.7s/10m30s  1.86 iters/s

running (02m48.8s), 002/600 VUs, 201 complete and 0 interrupted iterations
saturation   [  27% ] 002/600 VUs  02m48.7s/10m30s  1.88 iters/s

running (02m49.8s), 002/600 VUs, 203 complete and 0 interrupted iterations
saturation   [  27% ] 002/600 VUs  02m49.7s/10m30s  1.89 iters/s

running (02m50.8s), 001/600 VUs, 205 complete and 0 interrupted iterations
saturation   [  27% ] 001/600 VUs  02m50.7s/10m30s  1.89 iters/s

running (02m51.8s), 001/600 VUs, 207 complete and 0 interrupted iterations
saturation   [  27% ] 001/600 VUs  02m51.7s/10m30s  1.91 iters/s

running (02m52.8s), 001/600 VUs, 209 complete and 0 interrupted iterations
saturation   [  27% ] 001/600 VUs  02m52.7s/10m30s  1.92 iters/s

running (02m53.8s), 002/600 VUs, 210 complete and 0 interrupted iterations
saturation   [  28% ] 002/600 VUs  02m53.7s/10m30s  1.93 iters/s

running (02m54.8s), 002/600 VUs, 212 complete and 0 interrupted iterations
saturation   [  28% ] 002/600 VUs  02m54.7s/10m30s  1.94 iters/s

running (02m55.8s), 002/600 VUs, 214 complete and 0 interrupted iterations
saturation   [  28% ] 002/600 VUs  02m55.7s/10m30s  1.95 iters/s

running (02m56.8s), 002/600 VUs, 216 complete and 0 interrupted iterations
saturation   [  28% ] 002/600 VUs  02m56.7s/10m30s  1.96 iters/s

running (02m57.8s), 002/600 VUs, 218 complete and 0 interrupted iterations
saturation   [  28% ] 002/600 VUs  02m57.7s/10m30s  1.97 iters/s

running (02m58.8s), 002/600 VUs, 220 complete and 0 interrupted iterations
saturation   [  28% ] 002/600 VUs  02m58.7s/10m30s  1.99 iters/s

running (02m59.8s), 002/600 VUs, 222 complete and 0 interrupted iterations
saturation   [  29% ] 002/600 VUs  02m59.7s/10m30s  2.00 iters/s

running (03m00.8s), 002/600 VUs, 224 complete and 0 interrupted iterations
saturation   [  29% ] 002/600 VUs  03m00.7s/10m30s  2.01 iters/s

running (03m01.8s), 002/600 VUs, 226 complete and 0 interrupted iterations
saturation   [  29% ] 002/600 VUs  03m01.7s/10m30s  2.02 iters/s

running (03m02.8s), 002/600 VUs, 228 complete and 0 interrupted iterations
saturation   [  29% ] 002/600 VUs  03m02.7s/10m30s  2.03 iters/s

running (03m03.8s), 002/600 VUs, 230 complete and 0 interrupted iterations
saturation   [  29% ] 002/600 VUs  03m03.7s/10m30s  2.04 iters/s

running (03m04.8s), 002/600 VUs, 232 complete and 0 interrupted iterations
saturation   [  29% ] 002/600 VUs  03m04.7s/10m30s  2.05 iters/s

running (03m05.8s), 002/600 VUs, 234 complete and 0 interrupted iterations
saturation   [  29% ] 002/600 VUs  03m05.7s/10m30s  2.06 iters/s

running (03m06.8s), 002/600 VUs, 236 complete and 0 interrupted iterations
saturation   [  30% ] 002/600 VUs  03m06.7s/10m30s  2.07 iters/s

running (03m07.8s), 002/600 VUs, 238 complete and 0 interrupted iterations
saturation   [  30% ] 002/600 VUs  03m07.7s/10m30s  2.08 iters/s

running (03m08.8s), 001/600 VUs, 241 complete and 0 interrupted iterations
saturation   [  30% ] 001/600 VUs  03m08.7s/10m30s  2.09 iters/s

running (03m09.8s), 001/600 VUs, 243 complete and 0 interrupted iterations
saturation   [  30% ] 001/600 VUs  03m09.7s/10m30s  2.11 iters/s

running (03m10.8s), 002/600 VUs, 245 complete and 0 interrupted iterations
saturation   [  30% ] 002/600 VUs  03m10.7s/10m30s  2.12 iters/s

running (03m11.8s), 002/600 VUs, 247 complete and 0 interrupted iterations
saturation   [  30% ] 002/600 VUs  03m11.7s/10m30s  2.13 iters/s

running (03m12.8s), 002/600 VUs, 249 complete and 0 interrupted iterations
saturation   [  31% ] 002/600 VUs  03m12.7s/10m30s  2.14 iters/s

running (03m13.8s), 002/600 VUs, 251 complete and 0 interrupted iterations
saturation   [  31% ] 002/600 VUs  03m13.7s/10m30s  2.15 iters/s

running (03m14.8s), 002/600 VUs, 253 complete and 0 interrupted iterations
saturation   [  31% ] 002/600 VUs  03m14.7s/10m30s  2.16 iters/s

running (03m15.8s), 002/600 VUs, 255 complete and 0 interrupted iterations
saturation   [  31% ] 002/600 VUs  03m15.7s/10m30s  2.17 iters/s

running (03m16.8s), 001/600 VUs, 258 complete and 0 interrupted iterations
saturation   [  31% ] 001/600 VUs  03m16.7s/10m30s  2.18 iters/s

running (03m17.8s), 002/600 VUs, 260 complete and 0 interrupted iterations
saturation   [  31% ] 002/600 VUs  03m17.7s/10m30s  2.20 iters/s

running (03m18.8s), 002/600 VUs, 262 complete and 0 interrupted iterations
saturation   [  32% ] 002/600 VUs  03m18.7s/10m30s  2.21 iters/s

running (03m19.8s), 002/600 VUs, 264 complete and 0 interrupted iterations
saturation   [  32% ] 002/600 VUs  03m19.7s/10m30s  2.22 iters/s

running (03m20.8s), 002/600 VUs, 266 complete and 0 interrupted iterations
saturation   [  32% ] 002/600 VUs  03m20.7s/10m30s  2.23 iters/s

running (03m21.8s), 002/600 VUs, 269 complete and 0 interrupted iterations
saturation   [  32% ] 002/600 VUs  03m21.7s/10m30s  2.24 iters/s

running (03m22.8s), 002/600 VUs, 271 complete and 0 interrupted iterations
saturation   [  32% ] 002/600 VUs  03m22.7s/10m30s  2.25 iters/s

running (03m23.8s), 002/600 VUs, 273 complete and 0 interrupted iterations
saturation   [  32% ] 002/600 VUs  03m23.7s/10m30s  2.26 iters/s

running (03m24.8s), 002/600 VUs, 275 complete and 0 interrupted iterations
saturation   [  32% ] 002/600 VUs  03m24.7s/10m30s  2.27 iters/s

running (03m25.8s), 002/600 VUs, 278 complete and 0 interrupted iterations
saturation   [  33% ] 002/600 VUs  03m25.7s/10m30s  2.29 iters/s

running (03m26.8s), 002/600 VUs, 280 complete and 0 interrupted iterations
saturation   [  33% ] 002/600 VUs  03m26.7s/10m30s  2.30 iters/s

running (03m27.8s), 002/600 VUs, 282 complete and 0 interrupted iterations
saturation   [  33% ] 002/600 VUs  03m27.7s/10m30s  2.31 iters/s

running (03m28.8s), 001/600 VUs, 285 complete and 0 interrupted iterations
saturation   [  33% ] 001/600 VUs  03m28.7s/10m30s  2.32 iters/s

running (03m29.8s), 002/600 VUs, 287 complete and 0 interrupted iterations
saturation   [  33% ] 002/600 VUs  03m29.7s/10m30s  2.33 iters/s

running (03m30.8s), 002/600 VUs, 289 complete and 0 interrupted iterations
saturation   [  33% ] 002/600 VUs  03m30.7s/10m30s  2.34 iters/s

running (03m31.8s), 001/600 VUs, 292 complete and 0 interrupted iterations
saturation   [  34% ] 001/600 VUs  03m31.7s/10m30s  2.35 iters/s

running (03m32.8s), 002/600 VUs, 294 complete and 0 interrupted iterations
saturation   [  34% ] 002/600 VUs  03m32.7s/10m30s  2.36 iters/s

running (03m33.8s), 002/600 VUs, 296 complete and 0 interrupted iterations
saturation   [  34% ] 002/600 VUs  03m33.7s/10m30s  2.37 iters/s

running (03m34.8s), 002/600 VUs, 299 complete and 0 interrupted iterations
saturation   [  34% ] 002/600 VUs  03m34.7s/10m30s  2.39 iters/s

running (03m35.8s), 002/600 VUs, 301 complete and 0 interrupted iterations
saturation   [  34% ] 002/600 VUs  03m35.7s/10m30s  2.40 iters/s

running (03m36.8s), 002/600 VUs, 303 complete and 0 interrupted iterations
saturation   [  34% ] 002/600 VUs  03m36.7s/10m30s  2.41 iters/s

running (03m37.8s), 002/600 VUs, 306 complete and 0 interrupted iterations
saturation   [  35% ] 002/600 VUs  03m37.7s/10m30s  2.42 iters/s

running (03m38.8s), 002/600 VUs, 308 complete and 0 interrupted iterations
saturation   [  35% ] 002/600 VUs  03m38.7s/10m30s  2.43 iters/s

running (03m39.8s), 002/600 VUs, 311 complete and 0 interrupted iterations
saturation   [  35% ] 002/600 VUs  03m39.7s/10m30s  2.44 iters/s

running (03m40.8s), 002/600 VUs, 313 complete and 0 interrupted iterations
saturation   [  35% ] 002/600 VUs  03m40.7s/10m30s  2.45 iters/s

running (03m41.8s), 003/600 VUs, 315 complete and 0 interrupted iterations
saturation   [  35% ] 003/600 VUs  03m41.7s/10m30s  2.47 iters/s

running (03m42.8s), 002/600 VUs, 318 complete and 0 interrupted iterations
saturation   [  35% ] 002/600 VUs  03m42.7s/10m30s  2.47 iters/s

running (03m43.8s), 003/600 VUs, 320 complete and 0 interrupted iterations
saturation   [  36% ] 003/600 VUs  03m43.7s/10m30s  2.49 iters/s

running (03m44.8s), 002/600 VUs, 323 complete and 0 interrupted iterations
saturation   [  36% ] 002/600 VUs  03m44.7s/10m30s  2.50 iters/s

running (03m45.8s), 003/600 VUs, 325 complete and 0 interrupted iterations
saturation   [  36% ] 003/600 VUs  03m45.7s/10m30s  2.51 iters/s

running (03m46.8s), 002/600 VUs, 328 complete and 0 interrupted iterations
saturation   [  36% ] 002/600 VUs  03m46.7s/10m30s  2.52 iters/s

running (03m47.8s), 003/600 VUs, 330 complete and 0 interrupted iterations
saturation   [  36% ] 003/600 VUs  03m47.7s/10m30s  2.53 iters/s

running (03m48.8s), 002/600 VUs, 333 complete and 0 interrupted iterations
saturation   [  36% ] 002/600 VUs  03m48.7s/10m30s  2.54 iters/s

running (03m49.8s), 003/600 VUs, 335 complete and 0 interrupted iterations
saturation   [  36% ] 003/600 VUs  03m49.7s/10m30s  2.55 iters/s

running (03m50.8s), 002/600 VUs, 338 complete and 0 interrupted iterations
saturation   [  37% ] 002/600 VUs  03m50.7s/10m30s  2.56 iters/s

running (03m51.8s), 002/600 VUs, 341 complete and 0 interrupted iterations
saturation   [  37% ] 002/600 VUs  03m51.7s/10m30s  2.58 iters/s

running (03m52.8s), 002/600 VUs, 343 complete and 0 interrupted iterations
saturation   [  37% ] 002/600 VUs  03m52.7s/10m30s  2.58 iters/s

running (03m53.8s), 002/600 VUs, 346 complete and 0 interrupted iterations
saturation   [  37% ] 002/600 VUs  03m53.7s/10m30s  2.60 iters/s

running (03m54.8s), 003/600 VUs, 348 complete and 0 interrupted iterations
saturation   [  37% ] 003/600 VUs  03m54.7s/10m30s  2.61 iters/s

running (03m55.8s), 002/600 VUs, 351 complete and 0 interrupted iterations
saturation   [  37% ] 002/600 VUs  03m55.7s/10m30s  2.62 iters/s

running (03m56.8s), 002/600 VUs, 354 complete and 0 interrupted iterations
saturation   [  38% ] 002/600 VUs  03m56.7s/10m30s  2.63 iters/s

running (03m57.8s), 002/600 VUs, 356 complete and 0 interrupted iterations
saturation   [  38% ] 002/600 VUs  03m57.7s/10m30s  2.64 iters/s

running (03m58.8s), 002/600 VUs, 359 complete and 0 interrupted iterations
saturation   [  38% ] 002/600 VUs  03m58.7s/10m30s  2.65 iters/s

running (03m59.8s), 003/600 VUs, 361 complete and 0 interrupted iterations
saturation   [  38% ] 003/600 VUs  03m59.7s/10m30s  2.66 iters/s

running (04m00.8s), 002/600 VUs, 364 complete and 0 interrupted iterations
saturation   [  38% ] 002/600 VUs  04m00.7s/10m30s  2.67 iters/s

running (04m01.8s), 002/600 VUs, 367 complete and 0 interrupted iterations
saturation   [  38% ] 002/600 VUs  04m01.7s/10m30s  2.69 iters/s

running (04m02.8s), 003/600 VUs, 369 complete and 0 interrupted iterations
saturation   [  39% ] 003/600 VUs  04m02.7s/10m30s  2.70 iters/s

running (04m03.8s), 002/600 VUs, 372 complete and 0 interrupted iterations
saturation   [  39% ] 002/600 VUs  04m03.7s/10m30s  2.71 iters/s

running (04m04.8s), 002/600 VUs, 375 complete and 0 interrupted iterations
saturation   [  39% ] 002/600 VUs  04m04.7s/10m30s  2.72 iters/s

running (04m05.8s), 002/600 VUs, 378 complete and 0 interrupted iterations
saturation   [  39% ] 002/600 VUs  04m05.7s/10m30s  2.73 iters/s

running (04m06.8s), 003/600 VUs, 380 complete and 0 interrupted iterations
saturation   [  39% ] 003/600 VUs  04m06.7s/10m30s  2.74 iters/s

running (04m07.8s), 002/600 VUs, 383 complete and 0 interrupted iterations
saturation   [  39% ] 002/600 VUs  04m07.7s/10m30s  2.75 iters/s

running (04m08.8s), 002/600 VUs, 386 complete and 0 interrupted iterations
saturation   [  39% ] 002/600 VUs  04m08.7s/10m30s  2.76 iters/s

running (04m09.8s), 002/600 VUs, 389 complete and 0 interrupted iterations
saturation   [  40% ] 002/600 VUs  04m09.7s/10m30s  2.77 iters/s

running (04m10.8s), 003/600 VUs, 391 complete and 0 interrupted iterations
saturation   [  40% ] 003/600 VUs  04m10.7s/10m30s  2.79 iters/s

running (04m11.8s), 002/600 VUs, 394 complete and 0 interrupted iterations
saturation   [  40% ] 002/600 VUs  04m11.7s/10m30s  2.79 iters/s

running (04m12.8s), 002/600 VUs, 397 complete and 0 interrupted iterations
saturation   [  40% ] 002/600 VUs  04m12.7s/10m30s  2.81 iters/s

running (04m13.8s), 002/600 VUs, 400 complete and 0 interrupted iterations
saturation   [  40% ] 002/600 VUs  04m13.7s/10m30s  2.82 iters/s

running (04m14.8s), 002/600 VUs, 403 complete and 0 interrupted iterations
saturation   [  40% ] 002/600 VUs  04m14.7s/10m30s  2.83 iters/s

running (04m15.8s), 003/600 VUs, 405 complete and 0 interrupted iterations
saturation   [  41% ] 003/600 VUs  04m15.7s/10m30s  2.84 iters/s

running (04m16.8s), 003/600 VUs, 408 complete and 0 interrupted iterations
saturation   [  41% ] 003/600 VUs  04m16.7s/10m30s  2.85 iters/s

running (04m17.8s), 002/600 VUs, 411 complete and 0 interrupted iterations
saturation   [  41% ] 002/600 VUs  04m17.7s/10m30s  2.86 iters/s

running (04m18.8s), 002/600 VUs, 414 complete and 0 interrupted iterations
saturation   [  41% ] 002/600 VUs  04m18.7s/10m30s  2.87 iters/s

running (04m19.8s), 002/600 VUs, 417 complete and 0 interrupted iterations
saturation   [  41% ] 002/600 VUs  04m19.7s/10m30s  2.88 iters/s

running (04m20.8s), 002/600 VUs, 420 complete and 0 interrupted iterations
saturation   [  41% ] 002/600 VUs  04m20.7s/10m30s  2.90 iters/s

running (04m21.8s), 002/600 VUs, 423 complete and 0 interrupted iterations
saturation   [  42% ] 002/600 VUs  04m21.7s/10m30s  2.91 iters/s

running (04m22.8s), 003/600 VUs, 425 complete and 0 interrupted iterations
saturation   [  42% ] 003/600 VUs  04m22.7s/10m30s  2.92 iters/s

running (04m23.8s), 003/600 VUs, 428 complete and 0 interrupted iterations
saturation   [  42% ] 003/600 VUs  04m23.7s/10m30s  2.93 iters/s

running (04m24.8s), 003/600 VUs, 431 complete and 0 interrupted iterations
saturation   [  42% ] 003/600 VUs  04m24.7s/10m30s  2.94 iters/s

running (04m25.8s), 003/600 VUs, 434 complete and 0 interrupted iterations
saturation   [  42% ] 003/600 VUs  04m25.7s/10m30s  2.95 iters/s

running (04m26.8s), 003/600 VUs, 437 complete and 0 interrupted iterations
saturation   [  42% ] 003/600 VUs  04m26.7s/10m30s  2.96 iters/s

running (04m27.8s), 003/600 VUs, 440 complete and 0 interrupted iterations
saturation   [  42% ] 003/600 VUs  04m27.7s/10m30s  2.98 iters/s

running (04m28.8s), 003/600 VUs, 443 complete and 0 interrupted iterations
saturation   [  43% ] 003/600 VUs  04m28.7s/10m30s  2.99 iters/s

running (04m29.8s), 003/600 VUs, 446 complete and 0 interrupted iterations
saturation   [  43% ] 003/600 VUs  04m29.7s/10m30s  3.00 iters/s

running (04m30.8s), 003/600 VUs, 449 complete and 0 interrupted iterations
saturation   [  43% ] 003/600 VUs  04m30.7s/10m30s  3.01 iters/s

running (04m31.8s), 003/600 VUs, 452 complete and 0 interrupted iterations
saturation   [  43% ] 003/600 VUs  04m31.7s/10m30s  3.02 iters/s

running (04m32.8s), 003/600 VUs, 455 complete and 0 interrupted iterations
saturation   [  43% ] 003/600 VUs  04m32.7s/10m30s  3.03 iters/s

running (04m33.8s), 003/600 VUs, 458 complete and 0 interrupted iterations
saturation   [  43% ] 003/600 VUs  04m33.7s/10m30s  3.04 iters/s

running (04m34.8s), 003/600 VUs, 461 complete and 0 interrupted iterations
saturation   [  44% ] 003/600 VUs  04m34.7s/10m30s  3.05 iters/s

running (04m35.8s), 003/600 VUs, 464 complete and 0 interrupted iterations
saturation   [  44% ] 003/600 VUs  04m35.7s/10m30s  3.06 iters/s

running (04m36.8s), 003/600 VUs, 467 complete and 0 interrupted iterations
saturation   [  44% ] 003/600 VUs  04m36.7s/10m30s  3.07 iters/s

running (04m37.8s), 003/600 VUs, 470 complete and 0 interrupted iterations
saturation   [  44% ] 003/600 VUs  04m37.7s/10m30s  3.09 iters/s

running (04m38.8s), 003/600 VUs, 473 complete and 0 interrupted iterations
saturation   [  44% ] 003/600 VUs  04m38.7s/10m30s  3.10 iters/s

running (04m39.8s), 002/600 VUs, 477 complete and 0 interrupted iterations
saturation   [  44% ] 002/600 VUs  04m39.7s/10m30s  3.11 iters/s

running (04m40.8s), 002/600 VUs, 480 complete and 0 interrupted iterations
saturation   [  45% ] 002/600 VUs  04m40.7s/10m30s  3.12 iters/s

running (04m41.8s), 002/600 VUs, 483 complete and 0 interrupted iterations
saturation   [  45% ] 002/600 VUs  04m41.7s/10m30s  3.13 iters/s

running (04m42.8s), 003/600 VUs, 486 complete and 0 interrupted iterations
saturation   [  45% ] 003/600 VUs  04m42.7s/10m30s  3.14 iters/s

running (04m43.8s), 003/600 VUs, 489 complete and 0 interrupted iterations
saturation   [  45% ] 003/600 VUs  04m43.7s/10m30s  3.15 iters/s

running (04m44.8s), 003/600 VUs, 492 complete and 0 interrupted iterations
saturation   [  45% ] 003/600 VUs  04m44.7s/10m30s  3.16 iters/s

running (04m45.8s), 003/600 VUs, 495 complete and 0 interrupted iterations
saturation   [  45% ] 003/600 VUs  04m45.7s/10m30s  3.17 iters/s

running (04m46.8s), 003/600 VUs, 498 complete and 0 interrupted iterations
saturation   [  46% ] 003/600 VUs  04m46.7s/10m30s  3.19 iters/s

running (04m47.8s), 002/600 VUs, 502 complete and 0 interrupted iterations
saturation   [  46% ] 002/600 VUs  04m47.7s/10m30s  3.20 iters/s

running (04m48.8s), 003/600 VUs, 505 complete and 0 interrupted iterations
saturation   [  46% ] 003/600 VUs  04m48.7s/10m30s  3.21 iters/s

running (04m49.8s), 003/600 VUs, 508 complete and 0 interrupted iterations
saturation   [  46% ] 003/600 VUs  04m49.7s/10m30s  3.22 iters/s

running (04m50.8s), 003/600 VUs, 511 complete and 0 interrupted iterations
saturation   [  46% ] 003/600 VUs  04m50.7s/10m30s  3.23 iters/s

running (04m51.8s), 003/600 VUs, 514 complete and 0 interrupted iterations
saturation   [  46% ] 003/600 VUs  04m51.7s/10m30s  3.24 iters/s

running (04m52.8s), 002/600 VUs, 518 complete and 0 interrupted iterations
saturation   [  46% ] 002/600 VUs  04m52.7s/10m30s  3.25 iters/s

running (04m53.8s), 003/600 VUs, 521 complete and 0 interrupted iterations
saturation   [  47% ] 003/600 VUs  04m53.7s/10m30s  3.26 iters/s

running (04m54.8s), 003/600 VUs, 524 complete and 0 interrupted iterations
saturation   [  47% ] 003/600 VUs  04m54.7s/10m30s  3.27 iters/s

running (04m55.8s), 003/600 VUs, 527 complete and 0 interrupted iterations
saturation   [  47% ] 003/600 VUs  04m55.7s/10m30s  3.28 iters/s

running (04m56.8s), 003/600 VUs, 531 complete and 0 interrupted iterations
saturation   [  47% ] 003/600 VUs  04m56.7s/10m30s  3.30 iters/s

running (04m57.8s), 003/600 VUs, 534 complete and 0 interrupted iterations
saturation   [  47% ] 003/600 VUs  04m57.7s/10m30s  3.31 iters/s

running (04m58.8s), 003/600 VUs, 537 complete and 0 interrupted iterations
saturation   [  47% ] 003/600 VUs  04m58.7s/10m30s  3.32 iters/s

running (04m59.8s), 003/600 VUs, 541 complete and 0 interrupted iterations
saturation   [  48% ] 003/600 VUs  04m59.7s/10m30s  3.33 iters/s

running (05m00.8s), 003/600 VUs, 544 complete and 0 interrupted iterations
saturation   [  48% ] 003/600 VUs  05m00.7s/10m30s  3.34 iters/s

running (05m01.8s), 003/600 VUs, 547 complete and 0 interrupted iterations
saturation   [  48% ] 003/600 VUs  05m01.7s/10m30s  3.35 iters/s

running (05m02.8s), 003/600 VUs, 551 complete and 0 interrupted iterations
saturation   [  48% ] 003/600 VUs  05m02.7s/10m30s  3.36 iters/s

running (05m03.8s), 003/600 VUs, 554 complete and 0 interrupted iterations
saturation   [  48% ] 003/600 VUs  05m03.7s/10m30s  3.37 iters/s

running (05m04.8s), 003/600 VUs, 557 complete and 0 interrupted iterations
saturation   [  48% ] 003/600 VUs  05m04.7s/10m30s  3.38 iters/s

running (05m05.8s), 003/600 VUs, 561 complete and 0 interrupted iterations
saturation   [  49% ] 003/600 VUs  05m05.7s/10m30s  3.40 iters/s

running (05m06.8s), 003/600 VUs, 564 complete and 0 interrupted iterations
saturation   [  49% ] 003/600 VUs  05m06.7s/10m30s  3.41 iters/s

running (05m07.8s), 003/600 VUs, 568 complete and 0 interrupted iterations
saturation   [  49% ] 003/600 VUs  05m07.7s/10m30s  3.42 iters/s

running (05m08.8s), 003/600 VUs, 571 complete and 0 interrupted iterations
saturation   [  49% ] 003/600 VUs  05m08.7s/10m30s  3.43 iters/s

running (05m09.8s), 003/600 VUs, 574 complete and 0 interrupted iterations
saturation   [  49% ] 003/600 VUs  05m09.7s/10m30s  3.44 iters/s

running (05m10.8s), 003/600 VUs, 578 complete and 0 interrupted iterations
saturation   [  49% ] 003/600 VUs  05m10.7s/10m30s  3.45 iters/s

running (05m11.8s), 003/600 VUs, 581 complete and 0 interrupted iterations
saturation   [  49% ] 003/600 VUs  05m11.7s/10m30s  3.46 iters/s

running (05m12.8s), 003/600 VUs, 585 complete and 0 interrupted iterations
saturation   [  50% ] 003/600 VUs  05m12.7s/10m30s  3.48 iters/s

running (05m13.8s), 003/600 VUs, 588 complete and 0 interrupted iterations
saturation   [  50% ] 003/600 VUs  05m13.7s/10m30s  3.48 iters/s

running (05m14.8s), 003/600 VUs, 592 complete and 0 interrupted iterations
saturation   [  50% ] 003/600 VUs  05m14.7s/10m30s  3.50 iters/s

running (05m15.8s), 003/600 VUs, 595 complete and 0 interrupted iterations
saturation   [  50% ] 003/600 VUs  05m15.7s/10m30s  3.51 iters/s

running (05m16.8s), 003/600 VUs, 599 complete and 0 interrupted iterations
saturation   [  50% ] 003/600 VUs  05m16.7s/10m30s  3.52 iters/s

running (05m17.8s), 003/600 VUs, 602 complete and 0 interrupted iterations
saturation   [  50% ] 003/600 VUs  05m17.7s/10m30s  3.53 iters/s

running (05m18.8s), 003/600 VUs, 606 complete and 0 interrupted iterations
saturation   [  51% ] 003/600 VUs  05m18.7s/10m30s  3.54 iters/s

running (05m19.8s), 003/600 VUs, 609 complete and 0 interrupted iterations
saturation   [  51% ] 003/600 VUs  05m19.7s/10m30s  3.55 iters/s

running (05m20.8s), 003/600 VUs, 613 complete and 0 interrupted iterations
saturation   [  51% ] 003/600 VUs  05m20.7s/10m30s  3.56 iters/s

running (05m21.8s), 003/600 VUs, 616 complete and 0 interrupted iterations
saturation   [  51% ] 003/600 VUs  05m21.7s/10m30s  3.57 iters/s

running (05m22.8s), 003/600 VUs, 620 complete and 0 interrupted iterations
saturation   [  51% ] 003/600 VUs  05m22.7s/10m30s  3.59 iters/s

running (05m23.8s), 003/600 VUs, 624 complete and 0 interrupted iterations
saturation   [  51% ] 003/600 VUs  05m23.7s/10m30s  3.60 iters/s

running (05m24.8s), 003/600 VUs, 627 complete and 0 interrupted iterations
saturation   [  52% ] 003/600 VUs  05m24.7s/10m30s  3.61 iters/s

running (05m25.8s), 003/600 VUs, 631 complete and 0 interrupted iterations
saturation   [  52% ] 003/600 VUs  05m25.7s/10m30s  3.62 iters/s

running (05m26.8s), 003/600 VUs, 634 complete and 0 interrupted iterations
saturation   [  52% ] 003/600 VUs  05m26.7s/10m30s  3.63 iters/s

running (05m27.8s), 003/600 VUs, 638 complete and 0 interrupted iterations
saturation   [  52% ] 003/600 VUs  05m27.7s/10m30s  3.64 iters/s

running (05m28.8s), 003/600 VUs, 642 complete and 0 interrupted iterations
saturation   [  52% ] 003/600 VUs  05m28.7s/10m30s  3.65 iters/s

running (05m29.8s), 003/600 VUs, 645 complete and 0 interrupted iterations
saturation   [  52% ] 003/600 VUs  05m29.7s/10m30s  3.66 iters/s

running (05m30.8s), 003/600 VUs, 649 complete and 0 interrupted iterations
saturation   [  52% ] 003/600 VUs  05m30.7s/10m30s  3.67 iters/s

running (05m31.8s), 003/600 VUs, 653 complete and 0 interrupted iterations
saturation   [  53% ] 003/600 VUs  05m31.7s/10m30s  3.69 iters/s

running (05m32.8s), 003/600 VUs, 656 complete and 0 interrupted iterations
saturation   [  53% ] 003/600 VUs  05m32.7s/10m30s  3.70 iters/s

running (05m33.8s), 003/600 VUs, 660 complete and 0 interrupted iterations
saturation   [  53% ] 003/600 VUs  05m33.7s/10m30s  3.71 iters/s

running (05m34.8s), 003/600 VUs, 664 complete and 0 interrupted iterations
saturation   [  53% ] 003/600 VUs  05m34.7s/10m30s  3.72 iters/s

running (05m35.8s), 004/600 VUs, 667 complete and 0 interrupted iterations
saturation   [  53% ] 004/600 VUs  05m35.7s/10m30s  3.73 iters/s

running (05m36.8s), 003/600 VUs, 671 complete and 0 interrupted iterations
saturation   [  53% ] 003/600 VUs  05m36.7s/10m30s  3.74 iters/s

running (05m37.8s), 003/600 VUs, 675 complete and 0 interrupted iterations
saturation   [  54% ] 003/600 VUs  05m37.7s/10m30s  3.75 iters/s

running (05m38.8s), 003/600 VUs, 679 complete and 0 interrupted iterations
saturation   [  54% ] 003/600 VUs  05m38.7s/10m30s  3.76 iters/s

running (05m39.8s), 004/600 VUs, 682 complete and 0 interrupted iterations
saturation   [  54% ] 004/600 VUs  05m39.7s/10m30s  3.78 iters/s

running (05m40.8s), 003/600 VUs, 686 complete and 0 interrupted iterations
saturation   [  54% ] 003/600 VUs  05m40.7s/10m30s  3.78 iters/s

running (05m41.8s), 003/600 VUs, 690 complete and 0 interrupted iterations
saturation   [  54% ] 003/600 VUs  05m41.7s/10m30s  3.80 iters/s

running (05m42.8s), 003/600 VUs, 694 complete and 0 interrupted iterations
saturation   [  54% ] 003/600 VUs  05m42.7s/10m30s  3.81 iters/s

running (05m43.8s), 003/600 VUs, 698 complete and 0 interrupted iterations
saturation   [  55% ] 003/600 VUs  05m43.7s/10m30s  3.82 iters/s

running (05m44.8s), 004/600 VUs, 701 complete and 0 interrupted iterations
saturation   [  55% ] 004/600 VUs  05m44.7s/10m30s  3.83 iters/s

running (05m45.8s), 003/600 VUs, 705 complete and 0 interrupted iterations
saturation   [  55% ] 003/600 VUs  05m45.7s/10m30s  3.84 iters/s

running (05m46.8s), 003/600 VUs, 709 complete and 0 interrupted iterations
saturation   [  55% ] 003/600 VUs  05m46.7s/10m30s  3.85 iters/s

running (05m47.8s), 003/600 VUs, 713 complete and 0 interrupted iterations
saturation   [  55% ] 003/600 VUs  05m47.7s/10m30s  3.86 iters/s

running (05m48.8s), 003/600 VUs, 717 complete and 0 interrupted iterations
saturation   [  55% ] 003/600 VUs  05m48.7s/10m30s  3.87 iters/s

running (05m49.8s), 003/600 VUs, 721 complete and 0 interrupted iterations
saturation   [  56% ] 003/600 VUs  05m49.7s/10m30s  3.89 iters/s

running (05m50.8s), 004/600 VUs, 724 complete and 0 interrupted iterations
saturation   [  56% ] 004/600 VUs  05m50.7s/10m30s  3.90 iters/s

running (05m51.8s), 004/600 VUs, 728 complete and 0 interrupted iterations
saturation   [  56% ] 004/600 VUs  05m51.7s/10m30s  3.91 iters/s

running (05m52.8s), 004/600 VUs, 732 complete and 0 interrupted iterations
saturation   [  56% ] 004/600 VUs  05m52.7s/10m30s  3.92 iters/s

running (05m53.8s), 004/600 VUs, 736 complete and 0 interrupted iterations
saturation   [  56% ] 004/600 VUs  05m53.7s/10m30s  3.93 iters/s

running (05m54.8s), 003/600 VUs, 740 complete and 0 interrupted iterations
saturation   [  56% ] 003/600 VUs  05m54.7s/10m30s  3.94 iters/s

running (05m55.8s), 003/600 VUs, 744 complete and 0 interrupted iterations
saturation   [  56% ] 003/600 VUs  05m55.7s/10m30s  3.95 iters/s

running (05m56.8s), 003/600 VUs, 748 complete and 0 interrupted iterations
saturation   [  57% ] 003/600 VUs  05m56.7s/10m30s  3.96 iters/s

running (05m57.8s), 003/600 VUs, 752 complete and 0 interrupted iterations
saturation   [  57% ] 003/600 VUs  05m57.7s/10m30s  3.97 iters/s

running (05m58.8s), 003/600 VUs, 756 complete and 0 interrupted iterations
saturation   [  57% ] 003/600 VUs  05m58.7s/10m30s  3.98 iters/s

running (05m59.8s), 003/600 VUs, 760 complete and 0 interrupted iterations
saturation   [  57% ] 003/600 VUs  05m59.7s/10m30s  4.00 iters/s

running (06m00.8s), 003/600 VUs, 764 complete and 0 interrupted iterations
saturation   [  57% ] 003/600 VUs  06m00.7s/10m30s  4.01 iters/s

running (06m01.8s), 003/600 VUs, 768 complete and 0 interrupted iterations
saturation   [  57% ] 003/600 VUs  06m01.7s/10m30s  4.02 iters/s

running (06m02.8s), 003/600 VUs, 772 complete and 0 interrupted iterations
saturation   [  58% ] 003/600 VUs  06m02.7s/10m30s  4.03 iters/s

running (06m03.8s), 003/600 VUs, 776 complete and 0 interrupted iterations
saturation   [  58% ] 003/600 VUs  06m03.7s/10m30s  4.04 iters/s

running (06m04.8s), 003/600 VUs, 780 complete and 0 interrupted iterations
saturation   [  58% ] 003/600 VUs  06m04.7s/10m30s  4.05 iters/s

running (06m05.8s), 004/600 VUs, 784 complete and 0 interrupted iterations
saturation   [  58% ] 004/600 VUs  06m05.7s/10m30s  4.06 iters/s

running (06m06.8s), 004/600 VUs, 788 complete and 0 interrupted iterations
saturation   [  58% ] 004/600 VUs  06m06.7s/10m30s  4.08 iters/s

running (06m07.8s), 004/600 VUs, 792 complete and 0 interrupted iterations
saturation   [  58% ] 004/600 VUs  06m07.7s/10m30s  4.09 iters/s

running (06m08.8s), 004/600 VUs, 796 complete and 0 interrupted iterations
saturation   [  59% ] 004/600 VUs  06m08.7s/10m30s  4.10 iters/s

running (06m09.8s), 004/600 VUs, 800 complete and 0 interrupted iterations
saturation   [  59% ] 004/600 VUs  06m09.7s/10m30s  4.11 iters/s

running (06m10.8s), 004/600 VUs, 804 complete and 0 interrupted iterations
saturation   [  59% ] 004/600 VUs  06m10.7s/10m30s  4.12 iters/s

running (06m11.8s), 003/600 VUs, 809 complete and 0 interrupted iterations
saturation   [  59% ] 003/600 VUs  06m11.7s/10m30s  4.13 iters/s

running (06m12.8s), 003/600 VUs, 813 complete and 0 interrupted iterations
saturation   [  59% ] 003/600 VUs  06m12.7s/10m30s  4.14 iters/s

running (06m13.8s), 003/600 VUs, 817 complete and 0 interrupted iterations
saturation   [  59% ] 003/600 VUs  06m13.7s/10m30s  4.15 iters/s

running (06m14.8s), 004/600 VUs, 821 complete and 0 interrupted iterations
saturation   [  59% ] 004/600 VUs  06m14.7s/10m30s  4.16 iters/s

running (06m15.8s), 004/600 VUs, 825 complete and 0 interrupted iterations
saturation   [  60% ] 004/600 VUs  06m15.7s/10m30s  4.18 iters/s

running (06m16.8s), 004/600 VUs, 829 complete and 0 interrupted iterations
saturation   [  60% ] 004/600 VUs  06m16.7s/10m30s  4.19 iters/s

running (06m17.8s), 004/600 VUs, 833 complete and 0 interrupted iterations
saturation   [  60% ] 004/600 VUs  06m17.7s/10m30s  4.20 iters/s

running (06m18.8s), 003/600 VUs, 838 complete and 0 interrupted iterations
saturation   [  60% ] 003/600 VUs  06m18.7s/10m30s  4.21 iters/s

running (06m19.8s), 003/600 VUs, 842 complete and 0 interrupted iterations
saturation   [  60% ] 003/600 VUs  06m19.7s/10m30s  4.22 iters/s

running (06m20.8s), 004/600 VUs, 846 complete and 0 interrupted iterations
saturation   [  60% ] 004/600 VUs  06m20.7s/10m30s  4.23 iters/s

running (06m21.8s), 004/600 VUs, 850 complete and 0 interrupted iterations
saturation   [  61% ] 004/600 VUs  06m21.7s/10m30s  4.24 iters/s

running (06m22.8s), 003/600 VUs, 855 complete and 0 interrupted iterations
saturation   [  61% ] 003/600 VUs  06m22.7s/10m30s  4.25 iters/s

running (06m23.8s), 003/600 VUs, 859 complete and 0 interrupted iterations
saturation   [  61% ] 003/600 VUs  06m23.7s/10m30s  4.26 iters/s

running (06m24.8s), 004/600 VUs, 863 complete and 0 interrupted iterations
saturation   [  61% ] 004/600 VUs  06m24.7s/10m30s  4.28 iters/s

running (06m25.8s), 004/600 VUs, 867 complete and 0 interrupted iterations
saturation   [  61% ] 004/600 VUs  06m25.7s/10m30s  4.29 iters/s

running (06m26.8s), 003/600 VUs, 872 complete and 0 interrupted iterations
saturation   [  61% ] 003/600 VUs  06m26.7s/10m30s  4.30 iters/s

running (06m27.8s), 004/600 VUs, 876 complete and 0 interrupted iterations
saturation   [  62% ] 004/600 VUs  06m27.7s/10m30s  4.31 iters/s

running (06m28.8s), 004/600 VUs, 880 complete and 0 interrupted iterations
saturation   [  62% ] 004/600 VUs  06m28.7s/10m30s  4.32 iters/s

running (06m29.8s), 003/600 VUs, 885 complete and 0 interrupted iterations
saturation   [  62% ] 003/600 VUs  06m29.7s/10m30s  4.33 iters/s

running (06m30.8s), 004/600 VUs, 889 complete and 0 interrupted iterations
saturation   [  62% ] 004/600 VUs  06m30.7s/10m30s  4.34 iters/s

running (06m31.8s), 004/600 VUs, 893 complete and 0 interrupted iterations
saturation   [  62% ] 004/600 VUs  06m31.7s/10m30s  4.35 iters/s

running (06m32.8s), 003/600 VUs, 898 complete and 0 interrupted iterations
saturation   [  62% ] 003/600 VUs  06m32.7s/10m30s  4.36 iters/s

running (06m33.8s), 004/600 VUs, 902 complete and 0 interrupted iterations
saturation   [  62% ] 004/600 VUs  06m33.7s/10m30s  4.38 iters/s

running (06m34.8s), 004/600 VUs, 906 complete and 0 interrupted iterations
saturation   [  63% ] 004/600 VUs  06m34.7s/10m30s  4.39 iters/s

running (06m35.8s), 003/600 VUs, 911 complete and 0 interrupted iterations
saturation   [  63% ] 003/600 VUs  06m35.7s/10m30s  4.40 iters/s

running (06m36.8s), 004/600 VUs, 915 complete and 0 interrupted iterations
saturation   [  63% ] 004/600 VUs  06m36.7s/10m30s  4.41 iters/s

running (06m37.8s), 004/600 VUs, 919 complete and 0 interrupted iterations
saturation   [  63% ] 004/600 VUs  06m37.7s/10m30s  4.42 iters/s

running (06m38.8s), 004/600 VUs, 924 complete and 0 interrupted iterations
saturation   [  63% ] 004/600 VUs  06m38.7s/10m30s  4.43 iters/s

running (06m39.8s), 004/600 VUs, 928 complete and 0 interrupted iterations
saturation   [  63% ] 004/600 VUs  06m39.7s/10m30s  4.44 iters/s

running (06m40.8s), 004/600 VUs, 933 complete and 0 interrupted iterations
saturation   [  64% ] 004/600 VUs  06m40.7s/10m30s  4.45 iters/s

running (06m41.8s), 004/600 VUs, 937 complete and 0 interrupted iterations
saturation   [  64% ] 004/600 VUs  06m41.7s/10m30s  4.46 iters/s

running (06m42.8s), 003/600 VUs, 942 complete and 0 interrupted iterations
saturation   [  64% ] 003/600 VUs  06m42.7s/10m30s  4.47 iters/s

running (06m43.8s), 004/600 VUs, 946 complete and 0 interrupted iterations
saturation   [  64% ] 004/600 VUs  06m43.7s/10m30s  4.49 iters/s

running (06m44.8s), 003/600 VUs, 951 complete and 0 interrupted iterations
saturation   [  64% ] 003/600 VUs  06m44.7s/10m30s  4.50 iters/s

running (06m45.8s), 004/600 VUs, 955 complete and 0 interrupted iterations
saturation   [  64% ] 004/600 VUs  06m45.7s/10m30s  4.51 iters/s

running (06m46.8s), 003/600 VUs, 960 complete and 0 interrupted iterations
saturation   [  65% ] 003/600 VUs  06m46.7s/10m30s  4.52 iters/s

running (06m47.8s), 004/600 VUs, 964 complete and 0 interrupted iterations
saturation   [  65% ] 004/600 VUs  06m47.7s/10m30s  4.53 iters/s

running (06m48.8s), 004/600 VUs, 969 complete and 0 interrupted iterations
saturation   [  65% ] 004/600 VUs  06m48.7s/10m30s  4.54 iters/s

running (06m49.8s), 004/600 VUs, 973 complete and 0 interrupted iterations
saturation   [  65% ] 004/600 VUs  06m49.7s/10m30s  4.55 iters/s

running (06m50.8s), 004/600 VUs, 978 complete and 0 interrupted iterations
saturation   [  65% ] 004/600 VUs  06m50.7s/10m30s  4.56 iters/s

running (06m51.8s), 004/600 VUs, 982 complete and 0 interrupted iterations
saturation   [  65% ] 004/600 VUs  06m51.7s/10m30s  4.57 iters/s

running (06m52.8s), 004/600 VUs, 987 complete and 0 interrupted iterations
saturation   [  66% ] 004/600 VUs  06m52.7s/10m30s  4.59 iters/s

running (06m53.8s), 004/600 VUs, 991 complete and 0 interrupted iterations
saturation   [  66% ] 004/600 VUs  06m53.7s/10m30s  4.60 iters/s

running (06m54.8s), 004/600 VUs, 996 complete and 0 interrupted iterations
saturation   [  66% ] 004/600 VUs  06m54.7s/10m30s  4.61 iters/s

running (06m55.8s), 004/600 VUs, 1001 complete and 0 interrupted iterations
saturation   [  66% ] 004/600 VUs  06m55.7s/10m30s  4.62 iters/s

running (06m56.8s), 004/600 VUs, 1005 complete and 0 interrupted iterations
saturation   [  66% ] 004/600 VUs  06m56.7s/10m30s  4.63 iters/s

running (06m57.8s), 004/600 VUs, 1010 complete and 0 interrupted iterations
saturation   [  66% ] 004/600 VUs  06m57.7s/10m30s  4.64 iters/s

running (06m58.8s), 003/600 VUs, 1015 complete and 0 interrupted iterations
saturation   [  66% ] 003/600 VUs  06m58.7s/10m30s  4.65 iters/s

running (06m59.8s), 004/600 VUs, 1019 complete and 0 interrupted iterations
saturation   [  67% ] 004/600 VUs  06m59.7s/10m30s  4.66 iters/s

running (07m00.8s), 004/600 VUs, 1024 complete and 0 interrupted iterations
saturation   [  67% ] 004/600 VUs  07m00.7s/10m30s  4.67 iters/s

running (07m01.8s), 004/600 VUs, 1028 complete and 0 interrupted iterations
saturation   [  67% ] 004/600 VUs  07m01.7s/10m30s  4.68 iters/s

running (07m02.8s), 004/600 VUs, 1033 complete and 0 interrupted iterations
saturation   [  67% ] 004/600 VUs  07m02.7s/10m30s  4.70 iters/s

running (07m03.8s), 004/600 VUs, 1038 complete and 0 interrupted iterations
saturation   [  67% ] 004/600 VUs  07m03.7s/10m30s  4.71 iters/s

running (07m04.8s), 004/600 VUs, 1043 complete and 0 interrupted iterations
saturation   [  67% ] 004/600 VUs  07m04.7s/10m30s  4.72 iters/s

running (07m05.8s), 004/600 VUs, 1047 complete and 0 interrupted iterations
saturation   [  68% ] 004/600 VUs  07m05.7s/10m30s  4.73 iters/s

running (07m06.8s), 004/600 VUs, 1052 complete and 0 interrupted iterations
saturation   [  68% ] 004/600 VUs  07m06.7s/10m30s  4.74 iters/s

running (07m07.8s), 004/600 VUs, 1057 complete and 0 interrupted iterations
saturation   [  68% ] 004/600 VUs  07m07.7s/10m30s  4.75 iters/s

running (07m08.8s), 004/600 VUs, 1062 complete and 0 interrupted iterations
saturation   [  68% ] 004/600 VUs  07m08.7s/10m30s  4.76 iters/s

running (07m09.8s), 004/600 VUs, 1066 complete and 0 interrupted iterations
saturation   [  68% ] 004/600 VUs  07m09.7s/10m30s  4.77 iters/s

running (07m10.8s), 004/600 VUs, 1071 complete and 0 interrupted iterations
saturation   [  68% ] 004/600 VUs  07m10.7s/10m30s  4.79 iters/s

running (07m11.8s), 004/600 VUs, 1076 complete and 0 interrupted iterations
saturation   [  69% ] 004/600 VUs  07m11.7s/10m30s  4.80 iters/s

running (07m12.8s), 004/600 VUs, 1081 complete and 0 interrupted iterations
saturation   [  69% ] 004/600 VUs  07m12.7s/10m30s  4.81 iters/s

running (07m13.8s), 005/600 VUs, 1085 complete and 0 interrupted iterations
saturation   [  69% ] 005/600 VUs  07m13.7s/10m30s  4.82 iters/s

running (07m14.8s), 004/600 VUs, 1090 complete and 0 interrupted iterations
saturation   [  69% ] 004/600 VUs  07m14.7s/10m30s  4.83 iters/s

running (07m15.8s), 004/600 VUs, 1095 complete and 0 interrupted iterations
saturation   [  69% ] 004/600 VUs  07m15.7s/10m30s  4.84 iters/s

running (07m16.8s), 004/600 VUs, 1100 complete and 0 interrupted iterations
saturation   [  69% ] 004/600 VUs  07m16.7s/10m30s  4.85 iters/s

running (07m17.8s), 004/600 VUs, 1105 complete and 0 interrupted iterations
saturation   [  69% ] 004/600 VUs  07m17.7s/10m30s  4.86 iters/s

running (07m18.8s), 004/600 VUs, 1110 complete and 0 interrupted iterations
saturation   [  70% ] 004/600 VUs  07m18.7s/10m30s  4.88 iters/s

running (07m19.8s), 005/600 VUs, 1114 complete and 0 interrupted iterations
saturation   [  70% ] 005/600 VUs  07m19.7s/10m30s  4.89 iters/s

running (07m20.8s), 005/600 VUs, 1119 complete and 0 interrupted iterations
saturation   [  70% ] 005/600 VUs  07m20.7s/10m30s  4.90 iters/s

running (07m21.8s), 004/600 VUs, 1124 complete and 0 interrupted iterations
saturation   [  70% ] 004/600 VUs  07m21.7s/10m30s  4.91 iters/s

running (07m22.8s), 004/600 VUs, 1129 complete and 0 interrupted iterations
saturation   [  70% ] 004/600 VUs  07m22.7s/10m30s  4.92 iters/s

running (07m23.8s), 004/600 VUs, 1134 complete and 0 interrupted iterations
saturation   [  70% ] 004/600 VUs  07m23.7s/10m30s  4.93 iters/s

running (07m24.8s), 004/600 VUs, 1139 complete and 0 interrupted iterations
saturation   [  71% ] 004/600 VUs  07m24.7s/10m30s  4.94 iters/s

running (07m25.8s), 004/600 VUs, 1144 complete and 0 interrupted iterations
saturation   [  71% ] 004/600 VUs  07m25.7s/10m30s  4.95 iters/s

running (07m26.8s), 004/600 VUs, 1149 complete and 0 interrupted iterations
saturation   [  71% ] 004/600 VUs  07m26.7s/10m30s  4.96 iters/s

running (07m27.8s), 004/600 VUs, 1154 complete and 0 interrupted iterations
saturation   [  71% ] 004/600 VUs  07m27.7s/10m30s  4.97 iters/s

running (07m28.8s), 004/600 VUs, 1159 complete and 0 interrupted iterations
saturation   [  71% ] 004/600 VUs  07m28.7s/10m30s  4.99 iters/s

running (07m29.8s), 004/600 VUs, 1164 complete and 0 interrupted iterations
saturation   [  71% ] 004/600 VUs  07m29.7s/10m30s  5.00 iters/s

running (07m30.8s), 004/600 VUs, 1169 complete and 0 interrupted iterations
saturation   [  72% ] 004/600 VUs  07m30.7s/10m30s  5.01 iters/s

running (07m31.8s), 004/600 VUs, 1174 complete and 0 interrupted iterations
saturation   [  72% ] 004/600 VUs  07m31.7s/10m30s  5.02 iters/s

running (07m32.8s), 004/600 VUs, 1179 complete and 0 interrupted iterations
saturation   [  72% ] 004/600 VUs  07m32.7s/10m30s  5.03 iters/s

running (07m33.8s), 004/600 VUs, 1184 complete and 0 interrupted iterations
saturation   [  72% ] 004/600 VUs  07m33.7s/10m30s  5.04 iters/s

running (07m34.8s), 004/600 VUs, 1189 complete and 0 interrupted iterations
saturation   [  72% ] 004/600 VUs  07m34.7s/10m30s  5.05 iters/s

running (07m35.8s), 004/600 VUs, 1194 complete and 0 interrupted iterations
saturation   [  72% ] 004/600 VUs  07m35.7s/10m30s  5.06 iters/s

running (07m36.8s), 004/600 VUs, 1199 complete and 0 interrupted iterations
saturation   [  72% ] 004/600 VUs  07m36.7s/10m30s  5.07 iters/s

running (07m37.8s), 004/600 VUs, 1204 complete and 0 interrupted iterations
saturation   [  73% ] 004/600 VUs  07m37.7s/10m30s  5.08 iters/s

running (07m38.8s), 004/600 VUs, 1209 complete and 0 interrupted iterations
saturation   [  73% ] 004/600 VUs  07m38.7s/10m30s  5.10 iters/s

running (07m39.8s), 005/600 VUs, 1214 complete and 0 interrupted iterations
saturation   [  73% ] 005/600 VUs  07m39.7s/10m30s  5.11 iters/s

running (07m40.8s), 005/600 VUs, 1219 complete and 0 interrupted iterations
saturation   [  73% ] 005/600 VUs  07m40.7s/10m30s  5.12 iters/s

running (07m41.8s), 005/600 VUs, 1224 complete and 0 interrupted iterations
saturation   [  73% ] 005/600 VUs  07m41.7s/10m30s  5.13 iters/s

running (07m42.8s), 004/600 VUs, 1230 complete and 0 interrupted iterations
saturation   [  73% ] 004/600 VUs  07m42.7s/10m30s  5.14 iters/s

running (07m43.8s), 004/600 VUs, 1235 complete and 0 interrupted iterations
saturation   [  74% ] 004/600 VUs  07m43.7s/10m30s  5.15 iters/s

running (07m44.8s), 004/600 VUs, 1240 complete and 0 interrupted iterations
saturation   [  74% ] 004/600 VUs  07m44.7s/10m30s  5.16 iters/s

running (07m45.8s), 004/600 VUs, 1245 complete and 0 interrupted iterations
saturation   [  74% ] 004/600 VUs  07m45.7s/10m30s  5.17 iters/s

running (07m46.8s), 005/600 VUs, 1250 complete and 0 interrupted iterations
saturation   [  74% ] 005/600 VUs  07m46.7s/10m30s  5.19 iters/s

running (07m47.8s), 005/600 VUs, 1255 complete and 0 interrupted iterations
saturation   [  74% ] 005/600 VUs  07m47.7s/10m30s  5.20 iters/s

running (07m48.8s), 004/600 VUs, 1261 complete and 0 interrupted iterations
saturation   [  74% ] 004/600 VUs  07m48.7s/10m30s  5.21 iters/s

running (07m49.8s), 004/600 VUs, 1266 complete and 0 interrupted iterations
saturation   [  75% ] 004/600 VUs  07m49.7s/10m30s  5.22 iters/s

running (07m50.8s), 004/600 VUs, 1271 complete and 0 interrupted iterations
saturation   [  75% ] 004/600 VUs  07m50.7s/10m30s  5.23 iters/s

running (07m51.8s), 005/600 VUs, 1276 complete and 0 interrupted iterations
saturation   [  75% ] 005/600 VUs  07m51.7s/10m30s  5.24 iters/s

running (07m52.8s), 005/600 VUs, 1281 complete and 0 interrupted iterations
saturation   [  75% ] 005/600 VUs  07m52.7s/10m30s  5.25 iters/s

running (07m53.8s), 004/600 VUs, 1287 complete and 0 interrupted iterations
saturation   [  75% ] 004/600 VUs  07m53.7s/10m30s  5.26 iters/s

running (07m54.8s), 004/600 VUs, 1292 complete and 0 interrupted iterations
saturation   [  75% ] 004/600 VUs  07m54.7s/10m30s  5.27 iters/s

running (07m55.8s), 005/600 VUs, 1297 complete and 0 interrupted iterations
saturation   [  76% ] 005/600 VUs  07m55.7s/10m30s  5.29 iters/s

running (07m56.8s), 005/600 VUs, 1302 complete and 0 interrupted iterations
saturation   [  76% ] 005/600 VUs  07m56.7s/10m30s  5.30 iters/s

running (07m57.8s), 004/600 VUs, 1308 complete and 0 interrupted iterations
saturation   [  76% ] 004/600 VUs  07m57.7s/10m30s  5.31 iters/s

running (07m58.8s), 005/600 VUs, 1313 complete and 0 interrupted iterations
saturation   [  76% ] 005/600 VUs  07m58.7s/10m30s  5.32 iters/s

running (07m59.8s), 005/600 VUs, 1318 complete and 0 interrupted iterations
saturation   [  76% ] 005/600 VUs  07m59.7s/10m30s  5.33 iters/s

running (08m00.8s), 004/600 VUs, 1324 complete and 0 interrupted iterations
saturation   [  76% ] 004/600 VUs  08m00.7s/10m30s  5.34 iters/s

running (08m01.8s), 005/600 VUs, 1329 complete and 0 interrupted iterations
saturation   [  76% ] 005/600 VUs  08m01.7s/10m30s  5.35 iters/s

running (08m02.8s), 005/600 VUs, 1334 complete and 0 interrupted iterations
saturation   [  77% ] 005/600 VUs  08m02.7s/10m30s  5.36 iters/s

running (08m03.8s), 004/600 VUs, 1340 complete and 0 interrupted iterations
saturation   [  77% ] 004/600 VUs  08m03.7s/10m30s  5.37 iters/s

running (08m04.8s), 005/600 VUs, 1345 complete and 0 interrupted iterations
saturation   [  77% ] 005/600 VUs  08m04.7s/10m30s  5.39 iters/s

running (08m05.8s), 004/600 VUs, 1351 complete and 0 interrupted iterations
saturation   [  77% ] 004/600 VUs  08m05.7s/10m30s  5.40 iters/s

running (08m06.8s), 005/600 VUs, 1356 complete and 0 interrupted iterations
saturation   [  77% ] 005/600 VUs  08m06.7s/10m30s  5.41 iters/s

running (08m07.8s), 005/600 VUs, 1361 complete and 0 interrupted iterations
saturation   [  77% ] 005/600 VUs  08m07.7s/10m30s  5.42 iters/s

running (08m08.8s), 004/600 VUs, 1367 complete and 0 interrupted iterations
saturation   [  78% ] 004/600 VUs  08m08.7s/10m30s  5.43 iters/s

running (08m09.8s), 005/600 VUs, 1372 complete and 0 interrupted iterations
saturation   [  78% ] 005/600 VUs  08m09.7s/10m30s  5.44 iters/s

running (08m10.8s), 004/600 VUs, 1378 complete and 0 interrupted iterations
saturation   [  78% ] 004/600 VUs  08m10.7s/10m30s  5.45 iters/s

running (08m11.8s), 005/600 VUs, 1383 complete and 0 interrupted iterations
saturation   [  78% ] 005/600 VUs  08m11.7s/10m30s  5.46 iters/s

running (08m12.8s), 005/600 VUs, 1388 complete and 0 interrupted iterations
saturation   [  78% ] 005/600 VUs  08m12.7s/10m30s  5.47 iters/s

running (08m13.8s), 005/600 VUs, 1394 complete and 0 interrupted iterations
saturation   [  78% ] 005/600 VUs  08m13.7s/10m30s  5.49 iters/s

running (08m14.8s), 005/600 VUs, 1399 complete and 0 interrupted iterations
saturation   [  79% ] 005/600 VUs  08m14.7s/10m30s  5.50 iters/s

running (08m15.8s), 005/600 VUs, 1405 complete and 0 interrupted iterations
saturation   [  79% ] 005/600 VUs  08m15.7s/10m30s  5.51 iters/s

running (08m16.8s), 005/600 VUs, 1410 complete and 0 interrupted iterations
saturation   [  79% ] 005/600 VUs  08m16.7s/10m30s  5.52 iters/s

running (08m17.8s), 005/600 VUs, 1416 complete and 0 interrupted iterations
saturation   [  79% ] 005/600 VUs  08m17.7s/10m30s  5.53 iters/s

running (08m18.8s), 005/600 VUs, 1421 complete and 0 interrupted iterations
saturation   [  79% ] 005/600 VUs  08m18.7s/10m30s  5.54 iters/s

running (08m19.8s), 005/600 VUs, 1427 complete and 0 interrupted iterations
saturation   [  79% ] 005/600 VUs  08m19.7s/10m30s  5.55 iters/s

running (08m20.8s), 004/600 VUs, 1433 complete and 0 interrupted iterations
saturation   [  79% ] 004/600 VUs  08m20.7s/10m30s  5.56 iters/s

running (08m21.8s), 005/600 VUs, 1438 complete and 0 interrupted iterations
saturation   [  80% ] 005/600 VUs  08m21.7s/10m30s  5.57 iters/s

running (08m22.8s), 004/600 VUs, 1444 complete and 0 interrupted iterations
saturation   [  80% ] 004/600 VUs  08m22.7s/10m30s  5.58 iters/s

running (08m23.8s), 005/600 VUs, 1449 complete and 0 interrupted iterations
saturation   [  80% ] 005/600 VUs  08m23.7s/10m30s  5.60 iters/s

running (08m24.8s), 005/600 VUs, 1455 complete and 0 interrupted iterations
saturation   [  80% ] 005/600 VUs  08m24.7s/10m30s  5.61 iters/s

running (08m25.8s), 005/600 VUs, 1460 complete and 0 interrupted iterations
saturation   [  80% ] 005/600 VUs  08m25.7s/10m30s  5.62 iters/s

running (08m26.8s), 005/600 VUs, 1466 complete and 0 interrupted iterations
saturation   [  80% ] 005/600 VUs  08m26.7s/10m30s  5.63 iters/s

running (08m27.8s), 005/600 VUs, 1472 complete and 0 interrupted iterations
saturation   [  81% ] 005/600 VUs  08m27.7s/10m30s  5.64 iters/s

running (08m28.8s), 005/600 VUs, 1477 complete and 0 interrupted iterations
saturation   [  81% ] 005/600 VUs  08m28.7s/10m30s  5.65 iters/s

running (08m29.8s), 005/600 VUs, 1483 complete and 0 interrupted iterations
saturation   [  81% ] 005/600 VUs  08m29.7s/10m30s  5.66 iters/s

running (08m30.8s), 004/600 VUs, 1489 complete and 0 interrupted iterations
saturation   [  81% ] 004/600 VUs  08m30.7s/10m30s  5.67 iters/s

running (08m31.8s), 005/600 VUs, 1494 complete and 0 interrupted iterations
saturation   [  81% ] 005/600 VUs  08m31.7s/10m30s  5.69 iters/s

running (08m32.8s), 005/600 VUs, 1500 complete and 0 interrupted iterations
saturation   [  81% ] 005/600 VUs  08m32.7s/10m30s  5.70 iters/s

running (08m33.8s), 005/600 VUs, 1506 complete and 0 interrupted iterations
saturation   [  82% ] 005/600 VUs  08m33.7s/10m30s  5.71 iters/s

running (08m34.8s), 005/600 VUs, 1511 complete and 0 interrupted iterations
saturation   [  82% ] 005/600 VUs  08m34.7s/10m30s  5.72 iters/s

running (08m35.8s), 005/600 VUs, 1517 complete and 0 interrupted iterations
saturation   [  82% ] 005/600 VUs  08m35.7s/10m30s  5.73 iters/s

running (08m36.8s), 005/600 VUs, 1523 complete and 0 interrupted iterations
saturation   [  82% ] 005/600 VUs  08m36.7s/10m30s  5.74 iters/s

running (08m37.8s), 004/600 VUs, 1529 complete and 0 interrupted iterations
saturation   [  82% ] 004/600 VUs  08m37.7s/10m30s  5.75 iters/s

running (08m38.8s), 005/600 VUs, 1534 complete and 0 interrupted iterations
saturation   [  82% ] 005/600 VUs  08m38.7s/10m30s  5.76 iters/s

running (08m39.8s), 005/600 VUs, 1540 complete and 0 interrupted iterations
saturation   [  82% ] 005/600 VUs  08m39.7s/10m30s  5.77 iters/s

running (08m40.8s), 005/600 VUs, 1546 complete and 0 interrupted iterations
saturation   [  83% ] 005/600 VUs  08m40.7s/10m30s  5.79 iters/s

running (08m41.8s), 005/600 VUs, 1552 complete and 0 interrupted iterations
saturation   [  83% ] 005/600 VUs  08m41.7s/10m30s  5.80 iters/s

running (08m42.8s), 005/600 VUs, 1557 complete and 0 interrupted iterations
saturation   [  83% ] 005/600 VUs  08m42.7s/10m30s  5.81 iters/s

running (08m43.8s), 005/600 VUs, 1563 complete and 0 interrupted iterations
saturation   [  83% ] 005/600 VUs  08m43.7s/10m30s  5.82 iters/s

running (08m44.8s), 005/600 VUs, 1569 complete and 0 interrupted iterations
saturation   [  83% ] 005/600 VUs  08m44.7s/10m30s  5.83 iters/s

running (08m45.8s), 005/600 VUs, 1575 complete and 0 interrupted iterations
saturation   [  83% ] 005/600 VUs  08m45.7s/10m30s  5.84 iters/s

running (08m46.8s), 005/600 VUs, 1581 complete and 0 interrupted iterations
saturation   [  84% ] 005/600 VUs  08m46.7s/10m30s  5.85 iters/s

running (08m47.8s), 005/600 VUs, 1587 complete and 0 interrupted iterations
saturation   [  84% ] 005/600 VUs  08m47.7s/10m30s  5.86 iters/s

running (08m48.8s), 005/600 VUs, 1592 complete and 0 interrupted iterations
saturation   [  84% ] 005/600 VUs  08m48.7s/10m30s  5.87 iters/s

running (08m49.8s), 005/600 VUs, 1598 complete and 0 interrupted iterations
saturation   [  84% ] 005/600 VUs  08m49.7s/10m30s  5.89 iters/s

running (08m50.8s), 005/600 VUs, 1604 complete and 0 interrupted iterations
saturation   [  84% ] 005/600 VUs  08m50.7s/10m30s  5.90 iters/s

running (08m51.8s), 005/600 VUs, 1610 complete and 0 interrupted iterations
saturation   [  84% ] 005/600 VUs  08m51.7s/10m30s  5.91 iters/s

running (08m52.8s), 005/600 VUs, 1616 complete and 0 interrupted iterations
saturation   [  85% ] 005/600 VUs  08m52.7s/10m30s  5.92 iters/s

running (08m53.8s), 005/600 VUs, 1622 complete and 0 interrupted iterations
saturation   [  85% ] 005/600 VUs  08m53.7s/10m30s  5.93 iters/s

running (08m54.8s), 005/600 VUs, 1628 complete and 0 interrupted iterations
saturation   [  85% ] 005/600 VUs  08m54.7s/10m30s  5.94 iters/s

running (08m55.8s), 005/600 VUs, 1634 complete and 0 interrupted iterations
saturation   [  85% ] 005/600 VUs  08m55.7s/10m30s  5.95 iters/s

running (08m56.8s), 005/600 VUs, 1640 complete and 0 interrupted iterations
saturation   [  85% ] 005/600 VUs  08m56.7s/10m30s  5.96 iters/s

running (08m57.8s), 005/600 VUs, 1646 complete and 0 interrupted iterations
saturation   [  85% ] 005/600 VUs  08m57.7s/10m30s  5.97 iters/s

running (08m58.8s), 005/600 VUs, 1652 complete and 0 interrupted iterations
saturation   [  86% ] 005/600 VUs  08m58.7s/10m30s  5.99 iters/s

running (08m59.8s), 005/600 VUs, 1658 complete and 0 interrupted iterations
saturation   [  86% ] 005/600 VUs  08m59.7s/10m30s  6.00 iters/s

running (09m00.8s), 005/600 VUs, 1664 complete and 0 interrupted iterations
saturation   [  86% ] 005/600 VUs  09m00.7s/10m30s  6.00 iters/s

running (09m01.8s), 005/600 VUs, 1670 complete and 0 interrupted iterations
saturation   [  86% ] 005/600 VUs  09m01.7s/10m30s  6.00 iters/s

running (09m02.8s), 005/600 VUs, 1676 complete and 0 interrupted iterations
saturation   [  86% ] 005/600 VUs  09m02.7s/10m30s  6.00 iters/s

running (09m03.8s), 005/600 VUs, 1682 complete and 0 interrupted iterations
saturation   [  86% ] 005/600 VUs  09m03.7s/10m30s  6.00 iters/s

running (09m04.8s), 005/600 VUs, 1688 complete and 0 interrupted iterations
saturation   [  86% ] 005/600 VUs  09m04.7s/10m30s  6.00 iters/s

running (09m05.8s), 005/600 VUs, 1694 complete and 0 interrupted iterations
saturation   [  87% ] 005/600 VUs  09m05.7s/10m30s  6.00 iters/s

running (09m06.8s), 005/600 VUs, 1700 complete and 0 interrupted iterations
saturation   [  87% ] 005/600 VUs  09m06.7s/10m30s  6.00 iters/s

running (09m07.8s), 005/600 VUs, 1706 complete and 0 interrupted iterations
saturation   [  87% ] 005/600 VUs  09m07.7s/10m30s  6.00 iters/s

running (09m08.8s), 005/600 VUs, 1712 complete and 0 interrupted iterations
saturation   [  87% ] 005/600 VUs  09m08.7s/10m30s  6.00 iters/s

running (09m09.8s), 005/600 VUs, 1718 complete and 0 interrupted iterations
saturation   [  87% ] 005/600 VUs  09m09.7s/10m30s  6.00 iters/s

running (09m10.8s), 005/600 VUs, 1724 complete and 0 interrupted iterations
saturation   [  87% ] 005/600 VUs  09m10.7s/10m30s  6.00 iters/s

running (09m11.8s), 005/600 VUs, 1730 complete and 0 interrupted iterations
saturation   [  88% ] 005/600 VUs  09m11.7s/10m30s  6.00 iters/s

running (09m12.8s), 005/600 VUs, 1736 complete and 0 interrupted iterations
saturation   [  88% ] 005/600 VUs  09m12.7s/10m30s  6.00 iters/s

running (09m13.8s), 005/600 VUs, 1742 complete and 0 interrupted iterations
saturation   [  88% ] 005/600 VUs  09m13.7s/10m30s  6.00 iters/s

running (09m14.8s), 005/600 VUs, 1748 complete and 0 interrupted iterations
saturation   [  88% ] 005/600 VUs  09m14.7s/10m30s  6.00 iters/s

running (09m15.8s), 005/600 VUs, 1754 complete and 0 interrupted iterations
saturation   [  88% ] 005/600 VUs  09m15.7s/10m30s  6.00 iters/s

running (09m16.8s), 005/600 VUs, 1760 complete and 0 interrupted iterations
saturation   [  88% ] 005/600 VUs  09m16.7s/10m30s  6.00 iters/s

running (09m17.8s), 005/600 VUs, 1766 complete and 0 interrupted iterations
saturation   [  89% ] 005/600 VUs  09m17.7s/10m30s  6.00 iters/s

running (09m18.8s), 005/600 VUs, 1772 complete and 0 interrupted iterations
saturation   [  89% ] 005/600 VUs  09m18.7s/10m30s  6.00 iters/s

running (09m19.8s), 005/600 VUs, 1778 complete and 0 interrupted iterations
saturation   [  89% ] 005/600 VUs  09m19.7s/10m30s  6.00 iters/s

running (09m20.8s), 005/600 VUs, 1784 complete and 0 interrupted iterations
saturation   [  89% ] 005/600 VUs  09m20.7s/10m30s  6.00 iters/s

running (09m21.8s), 005/600 VUs, 1790 complete and 0 interrupted iterations
saturation   [  89% ] 005/600 VUs  09m21.7s/10m30s  6.00 iters/s

running (09m22.8s), 005/600 VUs, 1796 complete and 0 interrupted iterations
saturation   [  89% ] 005/600 VUs  09m22.7s/10m30s  6.00 iters/s

running (09m23.8s), 005/600 VUs, 1802 complete and 0 interrupted iterations
saturation   [  89% ] 005/600 VUs  09m23.7s/10m30s  6.00 iters/s

running (09m24.8s), 005/600 VUs, 1808 complete and 0 interrupted iterations
saturation   [  90% ] 005/600 VUs  09m24.7s/10m30s  6.00 iters/s

running (09m25.8s), 005/600 VUs, 1814 complete and 0 interrupted iterations
saturation   [  90% ] 005/600 VUs  09m25.7s/10m30s  6.00 iters/s

running (09m26.8s), 005/600 VUs, 1820 complete and 0 interrupted iterations
saturation   [  90% ] 005/600 VUs  09m26.7s/10m30s  6.00 iters/s

running (09m27.8s), 005/600 VUs, 1826 complete and 0 interrupted iterations
saturation   [  90% ] 005/600 VUs  09m27.7s/10m30s  6.00 iters/s

running (09m28.8s), 005/600 VUs, 1832 complete and 0 interrupted iterations
saturation   [  90% ] 005/600 VUs  09m28.7s/10m30s  6.00 iters/s

running (09m29.8s), 005/600 VUs, 1838 complete and 0 interrupted iterations
saturation   [  90% ] 005/600 VUs  09m29.7s/10m30s  6.00 iters/s

running (09m30.8s), 005/600 VUs, 1844 complete and 0 interrupted iterations
saturation   [  91% ] 005/600 VUs  09m30.7s/10m30s  6.00 iters/s

running (09m31.8s), 005/600 VUs, 1850 complete and 0 interrupted iterations
saturation   [  91% ] 005/600 VUs  09m31.7s/10m30s  6.00 iters/s

running (09m32.8s), 005/600 VUs, 1856 complete and 0 interrupted iterations
saturation   [  91% ] 005/600 VUs  09m32.7s/10m30s  6.00 iters/s

running (09m33.8s), 005/600 VUs, 1862 complete and 0 interrupted iterations
saturation   [  91% ] 005/600 VUs  09m33.7s/10m30s  6.00 iters/s

running (09m34.8s), 005/600 VUs, 1868 complete and 0 interrupted iterations
saturation   [  91% ] 005/600 VUs  09m34.7s/10m30s  6.00 iters/s

running (09m35.8s), 005/600 VUs, 1874 complete and 0 interrupted iterations
saturation   [  91% ] 005/600 VUs  09m35.7s/10m30s  6.00 iters/s

running (09m36.8s), 005/600 VUs, 1880 complete and 0 interrupted iterations
saturation   [  92% ] 005/600 VUs  09m36.7s/10m30s  6.00 iters/s

running (09m37.8s), 005/600 VUs, 1886 complete and 0 interrupted iterations
saturation   [  92% ] 005/600 VUs  09m37.7s/10m30s  6.00 iters/s

running (09m38.8s), 005/600 VUs, 1892 complete and 0 interrupted iterations
saturation   [  92% ] 005/600 VUs  09m38.7s/10m30s  6.00 iters/s

running (09m39.8s), 005/600 VUs, 1898 complete and 0 interrupted iterations
saturation   [  92% ] 005/600 VUs  09m39.7s/10m30s  6.00 iters/s

running (09m40.8s), 005/600 VUs, 1904 complete and 0 interrupted iterations
saturation   [  92% ] 005/600 VUs  09m40.7s/10m30s  6.00 iters/s

running (09m41.8s), 005/600 VUs, 1910 complete and 0 interrupted iterations
saturation   [  92% ] 005/600 VUs  09m41.7s/10m30s  6.00 iters/s

running (09m42.8s), 005/600 VUs, 1916 complete and 0 interrupted iterations
saturation   [  92% ] 005/600 VUs  09m42.7s/10m30s  6.00 iters/s

running (09m43.8s), 005/600 VUs, 1922 complete and 0 interrupted iterations
saturation   [  93% ] 005/600 VUs  09m43.7s/10m30s  6.00 iters/s

running (09m44.8s), 005/600 VUs, 1928 complete and 0 interrupted iterations
saturation   [  93% ] 005/600 VUs  09m44.7s/10m30s  6.00 iters/s

running (09m45.8s), 005/600 VUs, 1934 complete and 0 interrupted iterations
saturation   [  93% ] 005/600 VUs  09m45.7s/10m30s  6.00 iters/s

running (09m46.8s), 005/600 VUs, 1940 complete and 0 interrupted iterations
saturation   [  93% ] 005/600 VUs  09m46.7s/10m30s  6.00 iters/s

running (09m47.8s), 005/600 VUs, 1946 complete and 0 interrupted iterations
saturation   [  93% ] 005/600 VUs  09m47.7s/10m30s  6.00 iters/s

running (09m48.8s), 005/600 VUs, 1952 complete and 0 interrupted iterations
saturation   [  93% ] 005/600 VUs  09m48.7s/10m30s  6.00 iters/s

running (09m49.8s), 005/600 VUs, 1958 complete and 0 interrupted iterations
saturation   [  94% ] 005/600 VUs  09m49.7s/10m30s  6.00 iters/s

running (09m50.8s), 005/600 VUs, 1964 complete and 0 interrupted iterations
saturation   [  94% ] 005/600 VUs  09m50.7s/10m30s  6.00 iters/s

running (09m51.8s), 005/600 VUs, 1970 complete and 0 interrupted iterations
saturation   [  94% ] 005/600 VUs  09m51.7s/10m30s  6.00 iters/s

running (09m52.8s), 005/600 VUs, 1976 complete and 0 interrupted iterations
saturation   [  94% ] 005/600 VUs  09m52.7s/10m30s  6.00 iters/s

running (09m53.8s), 005/600 VUs, 1982 complete and 0 interrupted iterations
saturation   [  94% ] 005/600 VUs  09m53.7s/10m30s  6.00 iters/s

running (09m54.8s), 005/600 VUs, 1988 complete and 0 interrupted iterations
saturation   [  94% ] 005/600 VUs  09m54.7s/10m30s  6.00 iters/s

running (09m55.8s), 005/600 VUs, 1994 complete and 0 interrupted iterations
saturation   [  95% ] 005/600 VUs  09m55.7s/10m30s  6.00 iters/s

running (09m56.8s), 005/600 VUs, 2000 complete and 0 interrupted iterations
saturation   [  95% ] 005/600 VUs  09m56.7s/10m30s  6.00 iters/s

running (09m57.8s), 005/600 VUs, 2006 complete and 0 interrupted iterations
saturation   [  95% ] 005/600 VUs  09m57.7s/10m30s  6.00 iters/s

running (09m58.8s), 005/600 VUs, 2012 complete and 0 interrupted iterations
saturation   [  95% ] 005/600 VUs  09m58.7s/10m30s  6.00 iters/s

running (09m59.8s), 005/600 VUs, 2018 complete and 0 interrupted iterations
saturation   [  95% ] 005/600 VUs  09m59.7s/10m30s  6.00 iters/s

running (10m00.8s), 005/600 VUs, 2024 complete and 0 interrupted iterations
saturation   [  95% ] 005/600 VUs  10m00.7s/10m30s  6.00 iters/s

running (10m01.8s), 005/600 VUs, 2030 complete and 0 interrupted iterations
saturation   [  96% ] 005/600 VUs  10m01.7s/10m30s  6.00 iters/s

running (10m02.8s), 005/600 VUs, 2036 complete and 0 interrupted iterations
saturation   [  96% ] 005/600 VUs  10m02.7s/10m30s  6.00 iters/s

running (10m03.8s), 005/600 VUs, 2042 complete and 0 interrupted iterations
saturation   [  96% ] 005/600 VUs  10m03.7s/10m30s  6.00 iters/s

running (10m04.8s), 005/600 VUs, 2048 complete and 0 interrupted iterations
saturation   [  96% ] 005/600 VUs  10m04.7s/10m30s  6.00 iters/s

running (10m05.8s), 005/600 VUs, 2054 complete and 0 interrupted iterations
saturation   [  96% ] 005/600 VUs  10m05.7s/10m30s  6.00 iters/s

running (10m06.8s), 005/600 VUs, 2060 complete and 0 interrupted iterations
saturation   [  96% ] 005/600 VUs  10m06.7s/10m30s  6.00 iters/s

running (10m07.8s), 005/600 VUs, 2066 complete and 0 interrupted iterations
saturation   [  96% ] 005/600 VUs  10m07.7s/10m30s  6.00 iters/s

running (10m08.8s), 005/600 VUs, 2072 complete and 0 interrupted iterations
saturation   [  97% ] 005/600 VUs  10m08.7s/10m30s  6.00 iters/s

running (10m09.8s), 005/600 VUs, 2078 complete and 0 interrupted iterations
saturation   [  97% ] 005/600 VUs  10m09.7s/10m30s  6.00 iters/s

running (10m10.8s), 005/600 VUs, 2084 complete and 0 interrupted iterations
saturation   [  97% ] 005/600 VUs  10m10.7s/10m30s  6.00 iters/s

running (10m11.8s), 005/600 VUs, 2090 complete and 0 interrupted iterations
saturation   [  97% ] 005/600 VUs  10m11.7s/10m30s  6.00 iters/s

running (10m12.8s), 005/600 VUs, 2096 complete and 0 interrupted iterations
saturation   [  97% ] 005/600 VUs  10m12.7s/10m30s  6.00 iters/s

running (10m13.8s), 005/600 VUs, 2102 complete and 0 interrupted iterations
saturation   [  97% ] 005/600 VUs  10m13.7s/10m30s  6.00 iters/s

running (10m14.8s), 005/600 VUs, 2108 complete and 0 interrupted iterations
saturation   [  98% ] 005/600 VUs  10m14.7s/10m30s  6.00 iters/s

running (10m15.8s), 005/600 VUs, 2114 complete and 0 interrupted iterations
saturation   [  98% ] 005/600 VUs  10m15.7s/10m30s  6.00 iters/s

running (10m16.8s), 005/600 VUs, 2120 complete and 0 interrupted iterations
saturation   [  98% ] 005/600 VUs  10m16.7s/10m30s  6.00 iters/s

running (10m17.8s), 005/600 VUs, 2126 complete and 0 interrupted iterations
saturation   [  98% ] 005/600 VUs  10m17.7s/10m30s  6.00 iters/s

running (10m18.8s), 005/600 VUs, 2132 complete and 0 interrupted iterations
saturation   [  98% ] 005/600 VUs  10m18.7s/10m30s  6.00 iters/s

running (10m19.8s), 005/600 VUs, 2138 complete and 0 interrupted iterations
saturation   [  98% ] 005/600 VUs  10m19.7s/10m30s  6.00 iters/s

running (10m20.8s), 005/600 VUs, 2144 complete and 0 interrupted iterations
saturation   [  99% ] 005/600 VUs  10m20.7s/10m30s  6.00 iters/s

running (10m21.8s), 005/600 VUs, 2150 complete and 0 interrupted iterations
saturation   [  99% ] 005/600 VUs  10m21.7s/10m30s  6.00 iters/s

running (10m22.8s), 005/600 VUs, 2156 complete and 0 interrupted iterations
saturation   [  99% ] 005/600 VUs  10m22.7s/10m30s  6.00 iters/s

running (10m23.8s), 005/600 VUs, 2162 complete and 0 interrupted iterations
saturation   [  99% ] 005/600 VUs  10m23.7s/10m30s  6.00 iters/s

running (10m24.8s), 005/600 VUs, 2168 complete and 0 interrupted iterations
saturation   [  99% ] 005/600 VUs  10m24.7s/10m30s  6.00 iters/s

running (10m25.8s), 005/600 VUs, 2174 complete and 0 interrupted iterations
saturation   [  99% ] 005/600 VUs  10m25.7s/10m30s  6.00 iters/s

running (10m26.8s), 005/600 VUs, 2180 complete and 0 interrupted iterations
saturation   [  99% ] 005/600 VUs  10m26.7s/10m30s  6.00 iters/s

running (10m27.8s), 005/600 VUs, 2186 complete and 0 interrupted iterations
saturation   [ 100% ] 005/600 VUs  10m27.7s/10m30s  6.00 iters/s

running (10m28.8s), 005/600 VUs, 2192 complete and 0 interrupted iterations
saturation   [ 100% ] 005/600 VUs  10m28.7s/10m30s  6.00 iters/s

running (10m29.8s), 005/600 VUs, 2198 complete and 0 interrupted iterations
saturation   [ 100% ] 005/600 VUs  10m29.7s/10m30s  6.00 iters/s

running (10m30.8s), 000/600 VUs, 2204 complete and 0 interrupted iterations
saturation ✓ [ 100% ] 000/600 VUs  10m30s  6.00 iters/s

================ DSP benchmark summary ================
-- per-phase latency --
  catalog                    p50=18.4 ms  p95=26.1 ms  p99=28.8 ms  max=37.2 ms  n=2204
  negotiation init (POST)    p50=9.9 ms  p95=11.1 ms  p99=18.4 ms  max=24.6 ms  n=2204
  time-to-AGREED (async)     p50=253.0 ms  p95=254.0 ms  p99=254.0 ms  max=262.0 ms  n=2204
  transfer init (POST)       p50=30.3 ms  p95=36.2 ms  p99=43.9 ms  max=55.3 ms  n=2204
  time-to-EDR (async)        p50=253.0 ms  p95=253.0 ms  p99=253.0 ms  max=263.0 ms  n=2204
  data pull                  p50=24.8 ms  p95=28.1 ms  p99=38.6 ms  max=44.4 ms  n=2204
-- end-to-end + throughput --
  e2e transaction            p50=851.0 ms  p95=863.0 ms  p99=870.0 ms  max=899.0 ms  n=2204
  data throughput (MB/s)     p50=0.0  p95=0.0  p99=0.0  max=0.0  n=2204
-- outcomes --
  transactions succeeded     count=2204  rate=3.494/s
  transactions failed        (no data)
  failed rate                rate=0.00%  (pass=0 fail=2204)
    of which TERMINATED      (no data)
    of which TIMED OUT       (no data)
    of which HTTP-FAILED     (no data)
  failure accounting       (no failures)
-- observer effect (poll load) --
  negotiation polls          count=4408  rate=6.988/s
  edr polls                  count=4408  rate=6.988/s
  polls per transaction     negotiation=2.0  edr=2.0  (timeout ceiling=120)
=======================================================
(full summary -> /home/rohitj/edc/benchmarking-dsp-native-basyx/k6-scripts/results/basyx/off/saturation-open/2026-08-11T20-38-39Z/k6-summary.json; POLL_INTERVAL_MS=250; IDENTITY_MODE=off)

running (10m30.8s), 000/600 VUs, 2204 complete and 0 interrupted iterations
saturation ✓ [ 100% ] 000/600 VUs  10m30s  6.00 iters/s
Prometheus snapshot [1786480801..1786481447] svc=(dsp-native-basyx|consumer-controlplane) win=1m -> /home/rohitj/edc/benchmarking-dsp-native-basyx/k6-scripts/results/basyx/off/saturation-open/2026-08-11T20-38-39Z
  jvm-heap.csv (130 rows)
  jvm-gc-rate.csv (130 rows)
  jvm-threads.csv (130 rows)
  http-throughput.csv (130 rows)
  http-p95.csv (130 rows)
  http-errors.csv (130 rows)
  http-errors-5xx.csv (0 rows)
  http-status.csv (260 rows)
  host-cpu-busy.csv (130 rows)
  host-mem-used.csv (130 rows)
  5xx: no 5xx in window (confirmed: http-status has 260 samples, so the status label IS scraped)
  logs -> /home/rohitj/edc/benchmarking-dsp-native-basyx/k6-scripts/results/basyx/off/saturation-open/2026-08-11T20-38-39Z/logs (1 files)
0
Settling 60s (this run stressed the connector; the next one must not inherit its backlog)
VALIDITY  ok=2204  failed=0  failed_rate=0%  dropped_iterations=0
>>> done: /home/rohitj/edc/benchmarking-dsp-native-basyx/k6-scripts/results/basyx/off/saturation-open/2026-08-11T20-38-39Z  (k6 exit 0)
===== repetition 3/3 =====
----- basyx / saturation-open (rep 3) -----
>>> basyx / saturation-open  ->  /home/rohitj/edc/benchmarking-dsp-native-basyx/k6-scripts/results/basyx/off/saturation-open/2026-08-11T20-51-47Z
parity OK: lib/ + scenarios/ + orchestration/ + tools/ identical to /home/rohitj/edc/benchmarking-dsp-native-basyx/k6-scripts
Health: http://localhost:8090/dsp http://localhost:8888/health + prometheus  OK
Warmup 60s @ 1/s (discarded)
  draining 20s before the measured window opens
k6 -> Prometheus remote-write: http://localhost:9090/api/v1/write

         /\      Grafana   /‾‾/  
    /\  /  \     |\  __   /  /   
   /  \/    \    | |/ /  /   ‾‾\ 
  /          \   |   (  |  (‾)  |
 / __________ \  |_|\_\  \_____/ 


     execution: local
        script: /home/rohitj/edc/benchmarking-dsp-native-basyx/k6-scripts/basyx-off/saturation-open.js
        output: Prometheus remote write (http://localhost:9090/api/v1/write)

     scenarios: (100.00%) 1 scenario, 800 max VUs, 11m0s max duration (incl. graceful stop):
              * saturation: Up to 6.00 iterations/s for 10m30s over 7 stages (maxVUs: 600-800, gracefulStop: 30s)


running (00m00.8s), 000/600 VUs, 0 complete and 0 interrupted iterations
saturation   [   0% ] 000/600 VUs  00m00.7s/10m30s  1.00 iters/s

running (00m01.8s), 001/600 VUs, 0 complete and 0 interrupted iterations
saturation   [   0% ] 001/600 VUs  00m01.7s/10m30s  1.00 iters/s

running (00m02.8s), 001/600 VUs, 1 complete and 0 interrupted iterations
saturation   [   0% ] 001/600 VUs  00m02.7s/10m30s  1.00 iters/s

running (00m03.8s), 001/600 VUs, 2 complete and 0 interrupted iterations
saturation   [   1% ] 001/600 VUs  00m03.7s/10m30s  1.00 iters/s

running (00m04.8s), 001/600 VUs, 3 complete and 0 interrupted iterations
saturation   [   1% ] 001/600 VUs  00m04.7s/10m30s  1.00 iters/s

running (00m05.8s), 001/600 VUs, 4 complete and 0 interrupted iterations
saturation   [   1% ] 001/600 VUs  00m05.7s/10m30s  1.00 iters/s

running (00m06.8s), 001/600 VUs, 5 complete and 0 interrupted iterations
saturation   [   1% ] 001/600 VUs  00m06.7s/10m30s  1.00 iters/s

running (00m07.8s), 001/600 VUs, 6 complete and 0 interrupted iterations
saturation   [   1% ] 001/600 VUs  00m07.7s/10m30s  1.00 iters/s

running (00m08.8s), 001/600 VUs, 7 complete and 0 interrupted iterations
saturation   [   1% ] 001/600 VUs  00m08.7s/10m30s  1.00 iters/s

running (00m09.8s), 001/600 VUs, 8 complete and 0 interrupted iterations
saturation   [   2% ] 001/600 VUs  00m09.7s/10m30s  1.00 iters/s

running (00m10.8s), 001/600 VUs, 9 complete and 0 interrupted iterations
saturation   [   2% ] 001/600 VUs  00m10.7s/10m30s  1.00 iters/s

running (00m11.8s), 001/600 VUs, 10 complete and 0 interrupted iterations
saturation   [   2% ] 001/600 VUs  00m11.7s/10m30s  1.00 iters/s

running (00m12.8s), 001/600 VUs, 11 complete and 0 interrupted iterations
saturation   [   2% ] 001/600 VUs  00m12.7s/10m30s  1.00 iters/s

running (00m13.8s), 001/600 VUs, 12 complete and 0 interrupted iterations
saturation   [   2% ] 001/600 VUs  00m13.7s/10m30s  1.00 iters/s

running (00m14.8s), 001/600 VUs, 13 complete and 0 interrupted iterations
saturation   [   2% ] 001/600 VUs  00m14.7s/10m30s  1.00 iters/s

running (00m15.8s), 001/600 VUs, 14 complete and 0 interrupted iterations
saturation   [   2% ] 001/600 VUs  00m15.7s/10m30s  1.00 iters/s

running (00m16.8s), 001/600 VUs, 15 complete and 0 interrupted iterations
saturation   [   3% ] 001/600 VUs  00m16.7s/10m30s  1.00 iters/s

running (00m17.8s), 001/600 VUs, 16 complete and 0 interrupted iterations
saturation   [   3% ] 001/600 VUs  00m17.7s/10m30s  1.00 iters/s

running (00m18.8s), 001/600 VUs, 17 complete and 0 interrupted iterations
saturation   [   3% ] 001/600 VUs  00m18.7s/10m30s  1.00 iters/s

running (00m19.8s), 001/600 VUs, 18 complete and 0 interrupted iterations
saturation   [   3% ] 001/600 VUs  00m19.7s/10m30s  1.00 iters/s

running (00m20.8s), 001/600 VUs, 19 complete and 0 interrupted iterations
saturation   [   3% ] 001/600 VUs  00m20.7s/10m30s  1.00 iters/s

running (00m21.8s), 001/600 VUs, 20 complete and 0 interrupted iterations
saturation   [   3% ] 001/600 VUs  00m21.7s/10m30s  1.00 iters/s

running (00m22.8s), 001/600 VUs, 21 complete and 0 interrupted iterations
saturation   [   4% ] 001/600 VUs  00m22.7s/10m30s  1.00 iters/s

running (00m23.8s), 001/600 VUs, 22 complete and 0 interrupted iterations
saturation   [   4% ] 001/600 VUs  00m23.7s/10m30s  1.00 iters/s

running (00m24.8s), 001/600 VUs, 23 complete and 0 interrupted iterations
saturation   [   4% ] 001/600 VUs  00m24.7s/10m30s  1.00 iters/s

running (00m25.8s), 001/600 VUs, 24 complete and 0 interrupted iterations
saturation   [   4% ] 001/600 VUs  00m25.7s/10m30s  1.00 iters/s

running (00m26.8s), 001/600 VUs, 25 complete and 0 interrupted iterations
saturation   [   4% ] 001/600 VUs  00m26.7s/10m30s  1.00 iters/s

running (00m27.8s), 001/600 VUs, 26 complete and 0 interrupted iterations
saturation   [   4% ] 001/600 VUs  00m27.7s/10m30s  1.00 iters/s

running (00m28.8s), 001/600 VUs, 27 complete and 0 interrupted iterations
saturation   [   5% ] 001/600 VUs  00m28.7s/10m30s  1.00 iters/s

running (00m29.8s), 001/600 VUs, 28 complete and 0 interrupted iterations
saturation   [   5% ] 001/600 VUs  00m29.7s/10m30s  1.00 iters/s

running (00m30.8s), 001/600 VUs, 29 complete and 0 interrupted iterations
saturation   [   5% ] 001/600 VUs  00m30.7s/10m30s  1.00 iters/s

running (00m31.8s), 001/600 VUs, 30 complete and 0 interrupted iterations
saturation   [   5% ] 001/600 VUs  00m31.7s/10m30s  1.00 iters/s

running (00m32.8s), 001/600 VUs, 31 complete and 0 interrupted iterations
saturation   [   5% ] 001/600 VUs  00m32.7s/10m30s  1.00 iters/s

running (00m33.8s), 001/600 VUs, 32 complete and 0 interrupted iterations
saturation   [   5% ] 001/600 VUs  00m33.7s/10m30s  1.00 iters/s

running (00m34.8s), 001/600 VUs, 33 complete and 0 interrupted iterations
saturation   [   6% ] 001/600 VUs  00m34.7s/10m30s  1.00 iters/s

running (00m35.8s), 001/600 VUs, 34 complete and 0 interrupted iterations
saturation   [   6% ] 001/600 VUs  00m35.7s/10m30s  1.00 iters/s

running (00m36.8s), 001/600 VUs, 35 complete and 0 interrupted iterations
saturation   [   6% ] 001/600 VUs  00m36.7s/10m30s  1.00 iters/s

running (00m37.8s), 001/600 VUs, 36 complete and 0 interrupted iterations
saturation   [   6% ] 001/600 VUs  00m37.7s/10m30s  1.00 iters/s

running (00m38.8s), 001/600 VUs, 37 complete and 0 interrupted iterations
saturation   [   6% ] 001/600 VUs  00m38.7s/10m30s  1.00 iters/s

running (00m39.8s), 001/600 VUs, 38 complete and 0 interrupted iterations
saturation   [   6% ] 001/600 VUs  00m39.7s/10m30s  1.00 iters/s

running (00m40.8s), 001/600 VUs, 39 complete and 0 interrupted iterations
saturation   [   6% ] 001/600 VUs  00m40.7s/10m30s  1.00 iters/s

running (00m41.8s), 001/600 VUs, 40 complete and 0 interrupted iterations
saturation   [   7% ] 001/600 VUs  00m41.7s/10m30s  1.00 iters/s

running (00m42.8s), 001/600 VUs, 41 complete and 0 interrupted iterations
saturation   [   7% ] 001/600 VUs  00m42.7s/10m30s  1.00 iters/s

running (00m43.8s), 001/600 VUs, 42 complete and 0 interrupted iterations
saturation   [   7% ] 001/600 VUs  00m43.7s/10m30s  1.00 iters/s

running (00m44.8s), 001/600 VUs, 43 complete and 0 interrupted iterations
saturation   [   7% ] 001/600 VUs  00m44.7s/10m30s  1.00 iters/s

running (00m45.8s), 001/600 VUs, 44 complete and 0 interrupted iterations
saturation   [   7% ] 001/600 VUs  00m45.7s/10m30s  1.00 iters/s

running (00m46.8s), 001/600 VUs, 45 complete and 0 interrupted iterations
saturation   [   7% ] 001/600 VUs  00m46.7s/10m30s  1.00 iters/s

running (00m47.8s), 001/600 VUs, 46 complete and 0 interrupted iterations
saturation   [   8% ] 001/600 VUs  00m47.7s/10m30s  1.00 iters/s

running (00m48.8s), 001/600 VUs, 47 complete and 0 interrupted iterations
saturation   [   8% ] 001/600 VUs  00m48.7s/10m30s  1.00 iters/s

running (00m49.8s), 001/600 VUs, 48 complete and 0 interrupted iterations
saturation   [   8% ] 001/600 VUs  00m49.7s/10m30s  1.00 iters/s

running (00m50.8s), 001/600 VUs, 49 complete and 0 interrupted iterations
saturation   [   8% ] 001/600 VUs  00m50.7s/10m30s  1.00 iters/s

running (00m51.8s), 001/600 VUs, 50 complete and 0 interrupted iterations
saturation   [   8% ] 001/600 VUs  00m51.7s/10m30s  1.00 iters/s

running (00m52.8s), 001/600 VUs, 51 complete and 0 interrupted iterations
saturation   [   8% ] 001/600 VUs  00m52.7s/10m30s  1.00 iters/s

running (00m53.8s), 001/600 VUs, 52 complete and 0 interrupted iterations
saturation   [   9% ] 001/600 VUs  00m53.7s/10m30s  1.00 iters/s

running (00m54.8s), 001/600 VUs, 53 complete and 0 interrupted iterations
saturation   [   9% ] 001/600 VUs  00m54.7s/10m30s  1.00 iters/s

running (00m55.8s), 001/600 VUs, 54 complete and 0 interrupted iterations
saturation   [   9% ] 001/600 VUs  00m55.7s/10m30s  1.00 iters/s

running (00m56.8s), 001/600 VUs, 55 complete and 0 interrupted iterations
saturation   [   9% ] 001/600 VUs  00m56.7s/10m30s  1.00 iters/s

running (00m57.8s), 001/600 VUs, 56 complete and 0 interrupted iterations
saturation   [   9% ] 001/600 VUs  00m57.7s/10m30s  1.00 iters/s

running (00m58.8s), 001/600 VUs, 57 complete and 0 interrupted iterations
saturation   [   9% ] 001/600 VUs  00m58.7s/10m30s  1.00 iters/s

running (00m59.8s), 001/600 VUs, 58 complete and 0 interrupted iterations
saturation   [   9% ] 001/600 VUs  00m59.7s/10m30s  1.00 iters/s

running (01m00.8s), 001/600 VUs, 59 complete and 0 interrupted iterations
saturation   [  10% ] 001/600 VUs  01m00.7s/10m30s  1.00 iters/s

running (01m01.8s), 001/600 VUs, 60 complete and 0 interrupted iterations
saturation   [  10% ] 001/600 VUs  01m01.7s/10m30s  1.00 iters/s

running (01m02.8s), 001/600 VUs, 61 complete and 0 interrupted iterations
saturation   [  10% ] 001/600 VUs  01m02.7s/10m30s  1.00 iters/s

running (01m03.8s), 001/600 VUs, 62 complete and 0 interrupted iterations
saturation   [  10% ] 001/600 VUs  01m03.7s/10m30s  1.00 iters/s

running (01m04.8s), 001/600 VUs, 63 complete and 0 interrupted iterations
saturation   [  10% ] 001/600 VUs  01m04.7s/10m30s  1.00 iters/s

running (01m05.8s), 001/600 VUs, 64 complete and 0 interrupted iterations
saturation   [  10% ] 001/600 VUs  01m05.7s/10m30s  1.00 iters/s

running (01m06.8s), 001/600 VUs, 65 complete and 0 interrupted iterations
saturation   [  11% ] 001/600 VUs  01m06.7s/10m30s  1.00 iters/s

running (01m07.8s), 001/600 VUs, 66 complete and 0 interrupted iterations
saturation   [  11% ] 001/600 VUs  01m07.7s/10m30s  1.00 iters/s

running (01m08.8s), 001/600 VUs, 67 complete and 0 interrupted iterations
saturation   [  11% ] 001/600 VUs  01m08.7s/10m30s  1.00 iters/s

running (01m09.8s), 001/600 VUs, 68 complete and 0 interrupted iterations
saturation   [  11% ] 001/600 VUs  01m09.7s/10m30s  1.00 iters/s

running (01m10.8s), 001/600 VUs, 69 complete and 0 interrupted iterations
saturation   [  11% ] 001/600 VUs  01m10.7s/10m30s  1.00 iters/s

running (01m11.8s), 001/600 VUs, 70 complete and 0 interrupted iterations
saturation   [  11% ] 001/600 VUs  01m11.7s/10m30s  1.00 iters/s

running (01m12.8s), 001/600 VUs, 71 complete and 0 interrupted iterations
saturation   [  12% ] 001/600 VUs  01m12.7s/10m30s  1.00 iters/s

running (01m13.8s), 001/600 VUs, 72 complete and 0 interrupted iterations
saturation   [  12% ] 001/600 VUs  01m13.7s/10m30s  1.00 iters/s

running (01m14.8s), 001/600 VUs, 73 complete and 0 interrupted iterations
saturation   [  12% ] 001/600 VUs  01m14.7s/10m30s  1.00 iters/s

running (01m15.8s), 001/600 VUs, 74 complete and 0 interrupted iterations
saturation   [  12% ] 001/600 VUs  01m15.7s/10m30s  1.00 iters/s

running (01m16.8s), 001/600 VUs, 75 complete and 0 interrupted iterations
saturation   [  12% ] 001/600 VUs  01m16.7s/10m30s  1.00 iters/s

running (01m17.8s), 001/600 VUs, 76 complete and 0 interrupted iterations
saturation   [  12% ] 001/600 VUs  01m17.7s/10m30s  1.00 iters/s

running (01m18.8s), 001/600 VUs, 77 complete and 0 interrupted iterations
saturation   [  12% ] 001/600 VUs  01m18.7s/10m30s  1.00 iters/s

running (01m19.8s), 001/600 VUs, 78 complete and 0 interrupted iterations
saturation   [  13% ] 001/600 VUs  01m19.7s/10m30s  1.00 iters/s

running (01m20.8s), 001/600 VUs, 79 complete and 0 interrupted iterations
saturation   [  13% ] 001/600 VUs  01m20.7s/10m30s  1.00 iters/s

running (01m21.8s), 001/600 VUs, 80 complete and 0 interrupted iterations
saturation   [  13% ] 001/600 VUs  01m21.7s/10m30s  1.00 iters/s

running (01m22.8s), 001/600 VUs, 81 complete and 0 interrupted iterations
saturation   [  13% ] 001/600 VUs  01m22.7s/10m30s  1.00 iters/s

running (01m23.8s), 001/600 VUs, 82 complete and 0 interrupted iterations
saturation   [  13% ] 001/600 VUs  01m23.7s/10m30s  1.00 iters/s

running (01m24.8s), 001/600 VUs, 83 complete and 0 interrupted iterations
saturation   [  13% ] 001/600 VUs  01m24.7s/10m30s  1.00 iters/s

running (01m25.8s), 001/600 VUs, 84 complete and 0 interrupted iterations
saturation   [  14% ] 001/600 VUs  01m25.7s/10m30s  1.00 iters/s

running (01m26.8s), 001/600 VUs, 85 complete and 0 interrupted iterations
saturation   [  14% ] 001/600 VUs  01m26.7s/10m30s  1.00 iters/s

running (01m27.8s), 001/600 VUs, 86 complete and 0 interrupted iterations
saturation   [  14% ] 001/600 VUs  01m27.7s/10m30s  1.00 iters/s

running (01m28.8s), 001/600 VUs, 87 complete and 0 interrupted iterations
saturation   [  14% ] 001/600 VUs  01m28.7s/10m30s  1.00 iters/s

running (01m29.8s), 001/600 VUs, 88 complete and 0 interrupted iterations
saturation   [  14% ] 001/600 VUs  01m29.7s/10m30s  1.00 iters/s

running (01m30.8s), 001/600 VUs, 89 complete and 0 interrupted iterations
saturation   [  14% ] 001/600 VUs  01m30.7s/10m30s  1.01 iters/s

running (01m31.8s), 001/600 VUs, 90 complete and 0 interrupted iterations
saturation   [  15% ] 001/600 VUs  01m31.7s/10m30s  1.02 iters/s

running (01m32.8s), 001/600 VUs, 91 complete and 0 interrupted iterations
saturation   [  15% ] 001/600 VUs  01m32.7s/10m30s  1.03 iters/s

running (01m33.8s), 001/600 VUs, 92 complete and 0 interrupted iterations
saturation   [  15% ] 001/600 VUs  01m33.7s/10m30s  1.04 iters/s

running (01m34.8s), 001/600 VUs, 93 complete and 0 interrupted iterations
saturation   [  15% ] 001/600 VUs  01m34.7s/10m30s  1.05 iters/s

running (01m35.8s), 001/600 VUs, 94 complete and 0 interrupted iterations
saturation   [  15% ] 001/600 VUs  01m35.7s/10m30s  1.06 iters/s

running (01m36.8s), 000/600 VUs, 96 complete and 0 interrupted iterations
saturation   [  15% ] 000/600 VUs  01m36.7s/10m30s  1.07 iters/s

running (01m37.8s), 001/600 VUs, 97 complete and 0 interrupted iterations
saturation   [  16% ] 001/600 VUs  01m37.7s/10m30s  1.09 iters/s

running (01m38.8s), 001/600 VUs, 98 complete and 0 interrupted iterations
saturation   [  16% ] 001/600 VUs  01m38.7s/10m30s  1.10 iters/s

running (01m39.8s), 001/600 VUs, 99 complete and 0 interrupted iterations
saturation   [  16% ] 001/600 VUs  01m39.7s/10m30s  1.11 iters/s

running (01m40.8s), 001/600 VUs, 100 complete and 0 interrupted iterations
saturation   [  16% ] 001/600 VUs  01m40.7s/10m30s  1.12 iters/s

running (01m41.8s), 001/600 VUs, 101 complete and 0 interrupted iterations
saturation   [  16% ] 001/600 VUs  01m41.7s/10m30s  1.13 iters/s

running (01m42.8s), 001/600 VUs, 102 complete and 0 interrupted iterations
saturation   [  16% ] 001/600 VUs  01m42.7s/10m30s  1.14 iters/s

running (01m43.8s), 001/600 VUs, 103 complete and 0 interrupted iterations
saturation   [  16% ] 001/600 VUs  01m43.7s/10m30s  1.15 iters/s

running (01m44.8s), 001/600 VUs, 104 complete and 0 interrupted iterations
saturation   [  17% ] 001/600 VUs  01m44.7s/10m30s  1.16 iters/s

running (01m45.8s), 001/600 VUs, 106 complete and 0 interrupted iterations
saturation   [  17% ] 001/600 VUs  01m45.7s/10m30s  1.18 iters/s

running (01m46.8s), 001/600 VUs, 107 complete and 0 interrupted iterations
saturation   [  17% ] 001/600 VUs  01m46.7s/10m30s  1.19 iters/s

running (01m47.8s), 001/600 VUs, 108 complete and 0 interrupted iterations
saturation   [  17% ] 001/600 VUs  01m47.7s/10m30s  1.20 iters/s

running (01m48.8s), 001/600 VUs, 109 complete and 0 interrupted iterations
saturation   [  17% ] 001/600 VUs  01m48.7s/10m30s  1.21 iters/s

running (01m49.8s), 001/600 VUs, 110 complete and 0 interrupted iterations
saturation   [  17% ] 001/600 VUs  01m49.7s/10m30s  1.22 iters/s

running (01m50.8s), 001/600 VUs, 112 complete and 0 interrupted iterations
saturation   [  18% ] 001/600 VUs  01m50.7s/10m30s  1.23 iters/s

running (01m51.8s), 001/600 VUs, 113 complete and 0 interrupted iterations
saturation   [  18% ] 001/600 VUs  01m51.7s/10m30s  1.24 iters/s

running (01m52.8s), 001/600 VUs, 114 complete and 0 interrupted iterations
saturation   [  18% ] 001/600 VUs  01m52.7s/10m30s  1.25 iters/s

running (01m53.8s), 001/600 VUs, 115 complete and 0 interrupted iterations
saturation   [  18% ] 001/600 VUs  01m53.7s/10m30s  1.26 iters/s

running (01m54.8s), 001/600 VUs, 117 complete and 0 interrupted iterations
saturation   [  18% ] 001/600 VUs  01m54.7s/10m30s  1.28 iters/s

running (01m55.8s), 001/600 VUs, 118 complete and 0 interrupted iterations
saturation   [  18% ] 001/600 VUs  01m55.7s/10m30s  1.29 iters/s

running (01m56.8s), 001/600 VUs, 119 complete and 0 interrupted iterations
saturation   [  19% ] 001/600 VUs  01m56.7s/10m30s  1.30 iters/s

running (01m57.8s), 001/600 VUs, 120 complete and 0 interrupted iterations
saturation   [  19% ] 001/600 VUs  01m57.7s/10m30s  1.30 iters/s

running (01m58.8s), 001/600 VUs, 122 complete and 0 interrupted iterations
saturation   [  19% ] 001/600 VUs  01m58.7s/10m30s  1.32 iters/s

running (01m59.8s), 001/600 VUs, 123 complete and 0 interrupted iterations
saturation   [  19% ] 001/600 VUs  01m59.7s/10m30s  1.33 iters/s

running (02m00.8s), 001/600 VUs, 124 complete and 0 interrupted iterations
saturation   [  19% ] 001/600 VUs  02m00.7s/10m30s  1.34 iters/s

running (02m01.8s), 001/600 VUs, 126 complete and 0 interrupted iterations
saturation   [  19% ] 001/600 VUs  02m01.7s/10m30s  1.35 iters/s

running (02m02.8s), 001/600 VUs, 127 complete and 0 interrupted iterations
saturation   [  19% ] 001/600 VUs  02m02.7s/10m30s  1.36 iters/s

running (02m03.8s), 002/600 VUs, 128 complete and 0 interrupted iterations
saturation   [  20% ] 002/600 VUs  02m03.7s/10m30s  1.38 iters/s

running (02m04.8s), 001/600 VUs, 130 complete and 0 interrupted iterations
saturation   [  20% ] 001/600 VUs  02m04.7s/10m30s  1.39 iters/s

running (02m05.8s), 001/600 VUs, 131 complete and 0 interrupted iterations
saturation   [  20% ] 001/600 VUs  02m05.7s/10m30s  1.39 iters/s

running (02m06.8s), 001/600 VUs, 133 complete and 0 interrupted iterations
saturation   [  20% ] 001/600 VUs  02m06.7s/10m30s  1.41 iters/s

running (02m07.8s), 001/600 VUs, 134 complete and 0 interrupted iterations
saturation   [  20% ] 001/600 VUs  02m07.7s/10m30s  1.42 iters/s

running (02m08.8s), 002/600 VUs, 135 complete and 0 interrupted iterations
saturation   [  20% ] 002/600 VUs  02m08.7s/10m30s  1.43 iters/s

running (02m09.8s), 001/600 VUs, 137 complete and 0 interrupted iterations
saturation   [  21% ] 001/600 VUs  02m09.7s/10m30s  1.44 iters/s

running (02m10.8s), 001/600 VUs, 138 complete and 0 interrupted iterations
saturation   [  21% ] 001/600 VUs  02m10.7s/10m30s  1.45 iters/s

running (02m11.8s), 001/600 VUs, 140 complete and 0 interrupted iterations
saturation   [  21% ] 001/600 VUs  02m11.7s/10m30s  1.46 iters/s

running (02m12.8s), 001/600 VUs, 141 complete and 0 interrupted iterations
saturation   [  21% ] 001/600 VUs  02m12.7s/10m30s  1.47 iters/s

running (02m13.8s), 001/600 VUs, 143 complete and 0 interrupted iterations
saturation   [  21% ] 001/600 VUs  02m13.7s/10m30s  1.49 iters/s

running (02m14.8s), 001/600 VUs, 144 complete and 0 interrupted iterations
saturation   [  21% ] 001/600 VUs  02m14.7s/10m30s  1.49 iters/s

running (02m15.8s), 001/600 VUs, 146 complete and 0 interrupted iterations
saturation   [  22% ] 001/600 VUs  02m15.7s/10m30s  1.51 iters/s

running (02m16.8s), 001/600 VUs, 147 complete and 0 interrupted iterations
saturation   [  22% ] 001/600 VUs  02m16.7s/10m30s  1.52 iters/s

running (02m17.8s), 001/600 VUs, 149 complete and 0 interrupted iterations
saturation   [  22% ] 001/600 VUs  02m17.7s/10m30s  1.53 iters/s

running (02m18.8s), 001/600 VUs, 150 complete and 0 interrupted iterations
saturation   [  22% ] 001/600 VUs  02m18.7s/10m30s  1.54 iters/s

running (02m19.8s), 001/600 VUs, 152 complete and 0 interrupted iterations
saturation   [  22% ] 001/600 VUs  02m19.7s/10m30s  1.55 iters/s

running (02m20.8s), 001/600 VUs, 153 complete and 0 interrupted iterations
saturation   [  22% ] 001/600 VUs  02m20.7s/10m30s  1.56 iters/s

running (02m21.8s), 001/600 VUs, 155 complete and 0 interrupted iterations
saturation   [  22% ] 001/600 VUs  02m21.7s/10m30s  1.57 iters/s

running (02m22.8s), 002/600 VUs, 156 complete and 0 interrupted iterations
saturation   [  23% ] 002/600 VUs  02m22.7s/10m30s  1.59 iters/s

running (02m23.8s), 001/600 VUs, 158 complete and 0 interrupted iterations
saturation   [  23% ] 001/600 VUs  02m23.7s/10m30s  1.60 iters/s

running (02m24.8s), 002/600 VUs, 159 complete and 0 interrupted iterations
saturation   [  23% ] 002/600 VUs  02m24.7s/10m30s  1.61 iters/s

running (02m25.8s), 001/600 VUs, 161 complete and 0 interrupted iterations
saturation   [  23% ] 001/600 VUs  02m25.7s/10m30s  1.62 iters/s

running (02m26.8s), 001/600 VUs, 163 complete and 0 interrupted iterations
saturation   [  23% ] 001/600 VUs  02m26.7s/10m30s  1.63 iters/s

running (02m27.8s), 002/600 VUs, 164 complete and 0 interrupted iterations
saturation   [  23% ] 002/600 VUs  02m27.7s/10m30s  1.64 iters/s

running (02m28.8s), 001/600 VUs, 166 complete and 0 interrupted iterations
saturation   [  24% ] 001/600 VUs  02m28.7s/10m30s  1.65 iters/s

running (02m29.8s), 001/600 VUs, 168 complete and 0 interrupted iterations
saturation   [  24% ] 001/600 VUs  02m29.7s/10m30s  1.66 iters/s

running (02m30.8s), 002/600 VUs, 169 complete and 0 interrupted iterations
saturation   [  24% ] 002/600 VUs  02m30.7s/10m30s  1.68 iters/s

running (02m31.8s), 001/600 VUs, 171 complete and 0 interrupted iterations
saturation   [  24% ] 001/600 VUs  02m31.7s/10m30s  1.68 iters/s

running (02m32.8s), 001/600 VUs, 173 complete and 0 interrupted iterations
saturation   [  24% ] 001/600 VUs  02m32.7s/10m30s  1.70 iters/s

running (02m33.8s), 002/600 VUs, 174 complete and 0 interrupted iterations
saturation   [  24% ] 002/600 VUs  02m33.7s/10m30s  1.71 iters/s

running (02m34.8s), 001/600 VUs, 176 complete and 0 interrupted iterations
saturation   [  25% ] 001/600 VUs  02m34.7s/10m30s  1.72 iters/s

running (02m35.8s), 001/600 VUs, 178 complete and 0 interrupted iterations
saturation   [  25% ] 001/600 VUs  02m35.7s/10m30s  1.73 iters/s

running (02m36.8s), 002/600 VUs, 179 complete and 0 interrupted iterations
saturation   [  25% ] 002/600 VUs  02m36.7s/10m30s  1.74 iters/s

running (02m37.8s), 002/600 VUs, 181 complete and 0 interrupted iterations
saturation   [  25% ] 002/600 VUs  02m37.7s/10m30s  1.75 iters/s

running (02m38.8s), 001/600 VUs, 183 complete and 0 interrupted iterations
saturation   [  25% ] 001/600 VUs  02m38.7s/10m30s  1.76 iters/s

running (02m39.8s), 001/600 VUs, 185 complete and 0 interrupted iterations
saturation   [  25% ] 001/600 VUs  02m39.7s/10m30s  1.77 iters/s

running (02m40.8s), 002/600 VUs, 186 complete and 0 interrupted iterations
saturation   [  26% ] 002/600 VUs  02m40.7s/10m30s  1.79 iters/s

running (02m41.8s), 002/600 VUs, 188 complete and 0 interrupted iterations
saturation   [  26% ] 002/600 VUs  02m41.7s/10m30s  1.80 iters/s

running (02m42.8s), 002/600 VUs, 190 complete and 0 interrupted iterations
saturation   [  26% ] 002/600 VUs  02m42.7s/10m30s  1.81 iters/s

running (02m43.8s), 001/600 VUs, 192 complete and 0 interrupted iterations
saturation   [  26% ] 001/600 VUs  02m43.7s/10m30s  1.82 iters/s

running (02m44.8s), 001/600 VUs, 194 complete and 0 interrupted iterations
saturation   [  26% ] 001/600 VUs  02m44.7s/10m30s  1.83 iters/s

running (02m45.8s), 002/600 VUs, 195 complete and 0 interrupted iterations
saturation   [  26% ] 002/600 VUs  02m45.7s/10m30s  1.84 iters/s

running (02m46.8s), 002/600 VUs, 197 complete and 0 interrupted iterations
saturation   [  26% ] 002/600 VUs  02m46.7s/10m30s  1.85 iters/s

running (02m47.8s), 002/600 VUs, 199 complete and 0 interrupted iterations
saturation   [  27% ] 002/600 VUs  02m47.7s/10m30s  1.86 iters/s

running (02m48.8s), 002/600 VUs, 201 complete and 0 interrupted iterations
saturation   [  27% ] 002/600 VUs  02m48.7s/10m30s  1.88 iters/s

running (02m49.8s), 002/600 VUs, 203 complete and 0 interrupted iterations
saturation   [  27% ] 002/600 VUs  02m49.7s/10m30s  1.89 iters/s

running (02m50.8s), 001/600 VUs, 205 complete and 0 interrupted iterations
saturation   [  27% ] 001/600 VUs  02m50.7s/10m30s  1.89 iters/s

running (02m51.8s), 001/600 VUs, 207 complete and 0 interrupted iterations
saturation   [  27% ] 001/600 VUs  02m51.7s/10m30s  1.91 iters/s

running (02m52.8s), 001/600 VUs, 209 complete and 0 interrupted iterations
saturation   [  27% ] 001/600 VUs  02m52.7s/10m30s  1.92 iters/s

running (02m53.8s), 002/600 VUs, 210 complete and 0 interrupted iterations
saturation   [  28% ] 002/600 VUs  02m53.7s/10m30s  1.93 iters/s

running (02m54.8s), 002/600 VUs, 212 complete and 0 interrupted iterations
saturation   [  28% ] 002/600 VUs  02m54.7s/10m30s  1.94 iters/s

running (02m55.8s), 002/600 VUs, 214 complete and 0 interrupted iterations
saturation   [  28% ] 002/600 VUs  02m55.7s/10m30s  1.95 iters/s

running (02m56.8s), 002/600 VUs, 216 complete and 0 interrupted iterations
saturation   [  28% ] 002/600 VUs  02m56.7s/10m30s  1.96 iters/s

running (02m57.8s), 002/600 VUs, 218 complete and 0 interrupted iterations
saturation   [  28% ] 002/600 VUs  02m57.7s/10m30s  1.97 iters/s

running (02m58.8s), 002/600 VUs, 220 complete and 0 interrupted iterations
saturation   [  28% ] 002/600 VUs  02m58.7s/10m30s  1.99 iters/s

running (02m59.8s), 002/600 VUs, 222 complete and 0 interrupted iterations
saturation   [  29% ] 002/600 VUs  02m59.7s/10m30s  2.00 iters/s

running (03m00.8s), 002/600 VUs, 224 complete and 0 interrupted iterations
saturation   [  29% ] 002/600 VUs  03m00.7s/10m30s  2.01 iters/s

running (03m01.8s), 002/600 VUs, 226 complete and 0 interrupted iterations
saturation   [  29% ] 002/600 VUs  03m01.7s/10m30s  2.02 iters/s

running (03m02.8s), 002/600 VUs, 228 complete and 0 interrupted iterations
saturation   [  29% ] 002/600 VUs  03m02.7s/10m30s  2.03 iters/s

running (03m03.8s), 002/600 VUs, 230 complete and 0 interrupted iterations
saturation   [  29% ] 002/600 VUs  03m03.7s/10m30s  2.04 iters/s

running (03m04.8s), 002/600 VUs, 232 complete and 0 interrupted iterations
saturation   [  29% ] 002/600 VUs  03m04.7s/10m30s  2.05 iters/s

running (03m05.8s), 002/600 VUs, 234 complete and 0 interrupted iterations
saturation   [  29% ] 002/600 VUs  03m05.7s/10m30s  2.06 iters/s

running (03m06.8s), 002/600 VUs, 236 complete and 0 interrupted iterations
saturation   [  30% ] 002/600 VUs  03m06.7s/10m30s  2.07 iters/s

running (03m07.8s), 002/600 VUs, 238 complete and 0 interrupted iterations
saturation   [  30% ] 002/600 VUs  03m07.7s/10m30s  2.08 iters/s

running (03m08.8s), 001/600 VUs, 241 complete and 0 interrupted iterations
saturation   [  30% ] 001/600 VUs  03m08.7s/10m30s  2.09 iters/s

running (03m09.8s), 001/600 VUs, 243 complete and 0 interrupted iterations
saturation   [  30% ] 001/600 VUs  03m09.7s/10m30s  2.11 iters/s

running (03m10.8s), 002/600 VUs, 245 complete and 0 interrupted iterations
saturation   [  30% ] 002/600 VUs  03m10.7s/10m30s  2.12 iters/s

running (03m11.8s), 002/600 VUs, 247 complete and 0 interrupted iterations
saturation   [  30% ] 002/600 VUs  03m11.7s/10m30s  2.13 iters/s

running (03m12.8s), 002/600 VUs, 249 complete and 0 interrupted iterations
saturation   [  31% ] 002/600 VUs  03m12.7s/10m30s  2.14 iters/s

running (03m13.8s), 002/600 VUs, 251 complete and 0 interrupted iterations
saturation   [  31% ] 002/600 VUs  03m13.7s/10m30s  2.15 iters/s

running (03m14.8s), 002/600 VUs, 253 complete and 0 interrupted iterations
saturation   [  31% ] 002/600 VUs  03m14.7s/10m30s  2.16 iters/s

running (03m15.8s), 002/600 VUs, 255 complete and 0 interrupted iterations
saturation   [  31% ] 002/600 VUs  03m15.7s/10m30s  2.17 iters/s

running (03m16.8s), 001/600 VUs, 258 complete and 0 interrupted iterations
saturation   [  31% ] 001/600 VUs  03m16.7s/10m30s  2.18 iters/s

running (03m17.8s), 002/600 VUs, 260 complete and 0 interrupted iterations
saturation   [  31% ] 002/600 VUs  03m17.7s/10m30s  2.20 iters/s

running (03m18.8s), 002/600 VUs, 262 complete and 0 interrupted iterations
saturation   [  32% ] 002/600 VUs  03m18.7s/10m30s  2.21 iters/s

running (03m19.8s), 002/600 VUs, 264 complete and 0 interrupted iterations
saturation   [  32% ] 002/600 VUs  03m19.7s/10m30s  2.22 iters/s

running (03m20.8s), 002/600 VUs, 266 complete and 0 interrupted iterations
saturation   [  32% ] 002/600 VUs  03m20.7s/10m30s  2.23 iters/s

running (03m21.8s), 002/600 VUs, 269 complete and 0 interrupted iterations
saturation   [  32% ] 002/600 VUs  03m21.7s/10m30s  2.24 iters/s

running (03m22.8s), 002/600 VUs, 271 complete and 0 interrupted iterations
saturation   [  32% ] 002/600 VUs  03m22.7s/10m30s  2.25 iters/s

running (03m23.8s), 002/600 VUs, 273 complete and 0 interrupted iterations
saturation   [  32% ] 002/600 VUs  03m23.7s/10m30s  2.26 iters/s

running (03m24.8s), 002/600 VUs, 275 complete and 0 interrupted iterations
saturation   [  32% ] 002/600 VUs  03m24.7s/10m30s  2.27 iters/s

running (03m25.8s), 002/600 VUs, 278 complete and 0 interrupted iterations
saturation   [  33% ] 002/600 VUs  03m25.7s/10m30s  2.29 iters/s

running (03m26.8s), 002/600 VUs, 280 complete and 0 interrupted iterations
saturation   [  33% ] 002/600 VUs  03m26.7s/10m30s  2.30 iters/s

running (03m27.8s), 002/600 VUs, 282 complete and 0 interrupted iterations
saturation   [  33% ] 002/600 VUs  03m27.7s/10m30s  2.31 iters/s

running (03m28.8s), 002/600 VUs, 285 complete and 0 interrupted iterations
saturation   [  33% ] 002/600 VUs  03m28.7s/10m30s  2.32 iters/s

running (03m29.8s), 002/600 VUs, 287 complete and 0 interrupted iterations
saturation   [  33% ] 002/600 VUs  03m29.7s/10m30s  2.33 iters/s

running (03m30.8s), 002/600 VUs, 289 complete and 0 interrupted iterations
saturation   [  33% ] 002/600 VUs  03m30.7s/10m30s  2.34 iters/s

running (03m31.8s), 002/600 VUs, 292 complete and 0 interrupted iterations
saturation   [  34% ] 002/600 VUs  03m31.7s/10m30s  2.35 iters/s

running (03m32.8s), 002/600 VUs, 294 complete and 0 interrupted iterations
saturation   [  34% ] 002/600 VUs  03m32.7s/10m30s  2.36 iters/s

running (03m33.8s), 002/600 VUs, 296 complete and 0 interrupted iterations
saturation   [  34% ] 002/600 VUs  03m33.7s/10m30s  2.37 iters/s

running (03m34.8s), 002/600 VUs, 299 complete and 0 interrupted iterations
saturation   [  34% ] 002/600 VUs  03m34.7s/10m30s  2.39 iters/s

running (03m35.8s), 002/600 VUs, 301 complete and 0 interrupted iterations
saturation   [  34% ] 002/600 VUs  03m35.7s/10m30s  2.40 iters/s

running (03m36.8s), 002/600 VUs, 303 complete and 0 interrupted iterations
saturation   [  34% ] 002/600 VUs  03m36.7s/10m30s  2.41 iters/s

running (03m37.8s), 002/600 VUs, 306 complete and 0 interrupted iterations
saturation   [  35% ] 002/600 VUs  03m37.7s/10m30s  2.42 iters/s

running (03m38.8s), 002/600 VUs, 308 complete and 0 interrupted iterations
saturation   [  35% ] 002/600 VUs  03m38.7s/10m30s  2.43 iters/s

running (03m39.8s), 002/600 VUs, 311 complete and 0 interrupted iterations
saturation   [  35% ] 002/600 VUs  03m39.7s/10m30s  2.44 iters/s

running (03m40.8s), 002/600 VUs, 313 complete and 0 interrupted iterations
saturation   [  35% ] 002/600 VUs  03m40.7s/10m30s  2.45 iters/s

running (03m41.8s), 002/600 VUs, 316 complete and 0 interrupted iterations
saturation   [  35% ] 002/600 VUs  03m41.7s/10m30s  2.47 iters/s

running (03m42.8s), 002/600 VUs, 318 complete and 0 interrupted iterations
saturation   [  35% ] 002/600 VUs  03m42.7s/10m30s  2.47 iters/s

running (03m43.8s), 003/600 VUs, 320 complete and 0 interrupted iterations
saturation   [  36% ] 003/600 VUs  03m43.7s/10m30s  2.49 iters/s

running (03m44.8s), 002/600 VUs, 323 complete and 0 interrupted iterations
saturation   [  36% ] 002/600 VUs  03m44.7s/10m30s  2.50 iters/s

running (03m45.8s), 003/600 VUs, 325 complete and 0 interrupted iterations
saturation   [  36% ] 003/600 VUs  03m45.7s/10m30s  2.51 iters/s

running (03m46.8s), 002/600 VUs, 328 complete and 0 interrupted iterations
saturation   [  36% ] 002/600 VUs  03m46.7s/10m30s  2.52 iters/s

running (03m47.8s), 003/600 VUs, 330 complete and 0 interrupted iterations
saturation   [  36% ] 003/600 VUs  03m47.7s/10m30s  2.53 iters/s

running (03m48.8s), 002/600 VUs, 333 complete and 0 interrupted iterations
saturation   [  36% ] 002/600 VUs  03m48.7s/10m30s  2.54 iters/s

running (03m49.8s), 003/600 VUs, 335 complete and 0 interrupted iterations
saturation   [  36% ] 003/600 VUs  03m49.7s/10m30s  2.55 iters/s

running (03m50.8s), 002/600 VUs, 338 complete and 0 interrupted iterations
saturation   [  37% ] 002/600 VUs  03m50.7s/10m30s  2.56 iters/s

running (03m51.8s), 002/600 VUs, 341 complete and 0 interrupted iterations
saturation   [  37% ] 002/600 VUs  03m51.7s/10m30s  2.58 iters/s

running (03m52.8s), 002/600 VUs, 343 complete and 0 interrupted iterations
saturation   [  37% ] 002/600 VUs  03m52.7s/10m30s  2.58 iters/s

running (03m53.8s), 002/600 VUs, 346 complete and 0 interrupted iterations
saturation   [  37% ] 002/600 VUs  03m53.7s/10m30s  2.60 iters/s

running (03m54.8s), 003/600 VUs, 348 complete and 0 interrupted iterations
saturation   [  37% ] 003/600 VUs  03m54.7s/10m30s  2.61 iters/s

running (03m55.8s), 002/600 VUs, 351 complete and 0 interrupted iterations
saturation   [  37% ] 002/600 VUs  03m55.7s/10m30s  2.62 iters/s

running (03m56.8s), 002/600 VUs, 354 complete and 0 interrupted iterations
saturation   [  38% ] 002/600 VUs  03m56.7s/10m30s  2.63 iters/s

running (03m57.8s), 002/600 VUs, 356 complete and 0 interrupted iterations
saturation   [  38% ] 002/600 VUs  03m57.7s/10m30s  2.64 iters/s

running (03m58.8s), 002/600 VUs, 359 complete and 0 interrupted iterations
saturation   [  38% ] 002/600 VUs  03m58.7s/10m30s  2.65 iters/s

running (03m59.8s), 003/600 VUs, 361 complete and 0 interrupted iterations
saturation   [  38% ] 003/600 VUs  03m59.7s/10m30s  2.66 iters/s

running (04m00.8s), 002/600 VUs, 364 complete and 0 interrupted iterations
saturation   [  38% ] 002/600 VUs  04m00.7s/10m30s  2.67 iters/s

running (04m01.8s), 002/600 VUs, 367 complete and 0 interrupted iterations
saturation   [  38% ] 002/600 VUs  04m01.7s/10m30s  2.69 iters/s

running (04m02.8s), 003/600 VUs, 369 complete and 0 interrupted iterations
saturation   [  39% ] 003/600 VUs  04m02.7s/10m30s  2.70 iters/s

running (04m03.8s), 002/600 VUs, 372 complete and 0 interrupted iterations
saturation   [  39% ] 002/600 VUs  04m03.7s/10m30s  2.71 iters/s

running (04m04.8s), 002/600 VUs, 375 complete and 0 interrupted iterations
saturation   [  39% ] 002/600 VUs  04m04.7s/10m30s  2.72 iters/s

running (04m05.8s), 002/600 VUs, 378 complete and 0 interrupted iterations
saturation   [  39% ] 002/600 VUs  04m05.7s/10m30s  2.73 iters/s

running (04m06.8s), 003/600 VUs, 380 complete and 0 interrupted iterations
saturation   [  39% ] 003/600 VUs  04m06.7s/10m30s  2.74 iters/s

running (04m07.8s), 002/600 VUs, 383 complete and 0 interrupted iterations
saturation   [  39% ] 002/600 VUs  04m07.7s/10m30s  2.75 iters/s

running (04m08.8s), 002/600 VUs, 386 complete and 0 interrupted iterations
saturation   [  39% ] 002/600 VUs  04m08.7s/10m30s  2.76 iters/s

running (04m09.8s), 002/600 VUs, 389 complete and 0 interrupted iterations
saturation   [  40% ] 002/600 VUs  04m09.7s/10m30s  2.77 iters/s

running (04m10.8s), 003/600 VUs, 391 complete and 0 interrupted iterations
saturation   [  40% ] 003/600 VUs  04m10.7s/10m30s  2.79 iters/s

running (04m11.8s), 002/600 VUs, 394 complete and 0 interrupted iterations
saturation   [  40% ] 002/600 VUs  04m11.7s/10m30s  2.79 iters/s

running (04m12.8s), 002/600 VUs, 397 complete and 0 interrupted iterations
saturation   [  40% ] 002/600 VUs  04m12.7s/10m30s  2.81 iters/s

running (04m13.8s), 002/600 VUs, 400 complete and 0 interrupted iterations
saturation   [  40% ] 002/600 VUs  04m13.7s/10m30s  2.82 iters/s

running (04m14.8s), 002/600 VUs, 403 complete and 0 interrupted iterations
saturation   [  40% ] 002/600 VUs  04m14.7s/10m30s  2.83 iters/s

running (04m15.8s), 003/600 VUs, 405 complete and 0 interrupted iterations
saturation   [  41% ] 003/600 VUs  04m15.7s/10m30s  2.84 iters/s

running (04m16.8s), 003/600 VUs, 408 complete and 0 interrupted iterations
saturation   [  41% ] 003/600 VUs  04m16.7s/10m30s  2.85 iters/s

running (04m17.8s), 002/600 VUs, 411 complete and 0 interrupted iterations
saturation   [  41% ] 002/600 VUs  04m17.7s/10m30s  2.86 iters/s

running (04m18.8s), 002/600 VUs, 414 complete and 0 interrupted iterations
saturation   [  41% ] 002/600 VUs  04m18.7s/10m30s  2.87 iters/s

running (04m19.8s), 002/600 VUs, 417 complete and 0 interrupted iterations
saturation   [  41% ] 002/600 VUs  04m19.7s/10m30s  2.88 iters/s

running (04m20.8s), 002/600 VUs, 420 complete and 0 interrupted iterations
saturation   [  41% ] 002/600 VUs  04m20.7s/10m30s  2.90 iters/s

running (04m21.8s), 002/600 VUs, 423 complete and 0 interrupted iterations
saturation   [  42% ] 002/600 VUs  04m21.7s/10m30s  2.91 iters/s

running (04m22.8s), 003/600 VUs, 425 complete and 0 interrupted iterations
saturation   [  42% ] 003/600 VUs  04m22.7s/10m30s  2.92 iters/s

running (04m23.8s), 003/600 VUs, 428 complete and 0 interrupted iterations
saturation   [  42% ] 003/600 VUs  04m23.7s/10m30s  2.93 iters/s

running (04m24.8s), 003/600 VUs, 431 complete and 0 interrupted iterations
saturation   [  42% ] 003/600 VUs  04m24.7s/10m30s  2.94 iters/s

running (04m25.8s), 003/600 VUs, 434 complete and 0 interrupted iterations
saturation   [  42% ] 003/600 VUs  04m25.7s/10m30s  2.95 iters/s

running (04m26.8s), 003/600 VUs, 437 complete and 0 interrupted iterations
saturation   [  42% ] 003/600 VUs  04m26.7s/10m30s  2.96 iters/s

running (04m27.8s), 003/600 VUs, 440 complete and 0 interrupted iterations
saturation   [  42% ] 003/600 VUs  04m27.7s/10m30s  2.98 iters/s

running (04m28.8s), 003/600 VUs, 443 complete and 0 interrupted iterations
saturation   [  43% ] 003/600 VUs  04m28.7s/10m30s  2.99 iters/s

running (04m29.8s), 003/600 VUs, 446 complete and 0 interrupted iterations
saturation   [  43% ] 003/600 VUs  04m29.7s/10m30s  3.00 iters/s

running (04m30.8s), 003/600 VUs, 449 complete and 0 interrupted iterations
saturation   [  43% ] 003/600 VUs  04m30.7s/10m30s  3.01 iters/s

running (04m31.8s), 003/600 VUs, 452 complete and 0 interrupted iterations
saturation   [  43% ] 003/600 VUs  04m31.7s/10m30s  3.02 iters/s

running (04m32.8s), 003/600 VUs, 455 complete and 0 interrupted iterations
saturation   [  43% ] 003/600 VUs  04m32.7s/10m30s  3.03 iters/s

running (04m33.8s), 003/600 VUs, 458 complete and 0 interrupted iterations
saturation   [  43% ] 003/600 VUs  04m33.7s/10m30s  3.04 iters/s

running (04m34.8s), 003/600 VUs, 461 complete and 0 interrupted iterations
saturation   [  44% ] 003/600 VUs  04m34.7s/10m30s  3.05 iters/s

running (04m35.8s), 003/600 VUs, 464 complete and 0 interrupted iterations
saturation   [  44% ] 003/600 VUs  04m35.7s/10m30s  3.06 iters/s

running (04m36.8s), 003/600 VUs, 467 complete and 0 interrupted iterations
saturation   [  44% ] 003/600 VUs  04m36.7s/10m30s  3.07 iters/s

running (04m37.8s), 003/600 VUs, 470 complete and 0 interrupted iterations
saturation   [  44% ] 003/600 VUs  04m37.7s/10m30s  3.09 iters/s

running (04m38.8s), 003/600 VUs, 473 complete and 0 interrupted iterations
saturation   [  44% ] 003/600 VUs  04m38.7s/10m30s  3.10 iters/s

running (04m39.8s), 002/600 VUs, 477 complete and 0 interrupted iterations
saturation   [  44% ] 002/600 VUs  04m39.7s/10m30s  3.11 iters/s

running (04m40.8s), 002/600 VUs, 480 complete and 0 interrupted iterations
saturation   [  45% ] 002/600 VUs  04m40.7s/10m30s  3.12 iters/s

running (04m41.8s), 002/600 VUs, 483 complete and 0 interrupted iterations
saturation   [  45% ] 002/600 VUs  04m41.7s/10m30s  3.13 iters/s

running (04m42.8s), 003/600 VUs, 486 complete and 0 interrupted iterations
saturation   [  45% ] 003/600 VUs  04m42.7s/10m30s  3.14 iters/s

running (04m43.8s), 003/600 VUs, 489 complete and 0 interrupted iterations
saturation   [  45% ] 003/600 VUs  04m43.7s/10m30s  3.15 iters/s

running (04m44.8s), 003/600 VUs, 492 complete and 0 interrupted iterations
saturation   [  45% ] 003/600 VUs  04m44.7s/10m30s  3.16 iters/s

running (04m45.8s), 003/600 VUs, 495 complete and 0 interrupted iterations
saturation   [  45% ] 003/600 VUs  04m45.7s/10m30s  3.17 iters/s

running (04m46.8s), 003/600 VUs, 498 complete and 0 interrupted iterations
saturation   [  46% ] 003/600 VUs  04m46.7s/10m30s  3.19 iters/s

running (04m47.8s), 002/600 VUs, 502 complete and 0 interrupted iterations
saturation   [  46% ] 002/600 VUs  04m47.7s/10m30s  3.20 iters/s

running (04m48.8s), 003/600 VUs, 505 complete and 0 interrupted iterations
saturation   [  46% ] 003/600 VUs  04m48.7s/10m30s  3.21 iters/s

running (04m49.8s), 003/600 VUs, 508 complete and 0 interrupted iterations
saturation   [  46% ] 003/600 VUs  04m49.7s/10m30s  3.22 iters/s

running (04m50.8s), 003/600 VUs, 511 complete and 0 interrupted iterations
saturation   [  46% ] 003/600 VUs  04m50.7s/10m30s  3.23 iters/s

running (04m51.8s), 003/600 VUs, 514 complete and 0 interrupted iterations
saturation   [  46% ] 003/600 VUs  04m51.7s/10m30s  3.24 iters/s

running (04m52.8s), 003/600 VUs, 518 complete and 0 interrupted iterations
saturation   [  46% ] 003/600 VUs  04m52.7s/10m30s  3.25 iters/s

running (04m53.8s), 003/600 VUs, 521 complete and 0 interrupted iterations
saturation   [  47% ] 003/600 VUs  04m53.7s/10m30s  3.26 iters/s

running (04m54.8s), 003/600 VUs, 524 complete and 0 interrupted iterations
saturation   [  47% ] 003/600 VUs  04m54.7s/10m30s  3.27 iters/s

running (04m55.8s), 002/600 VUs, 528 complete and 0 interrupted iterations
saturation   [  47% ] 002/600 VUs  04m55.7s/10m30s  3.28 iters/s

running (04m56.8s), 003/600 VUs, 531 complete and 0 interrupted iterations
saturation   [  47% ] 003/600 VUs  04m56.7s/10m30s  3.30 iters/s

running (04m57.8s), 003/600 VUs, 534 complete and 0 interrupted iterations
saturation   [  47% ] 003/600 VUs  04m57.7s/10m30s  3.31 iters/s

running (04m58.8s), 003/600 VUs, 537 complete and 0 interrupted iterations
saturation   [  47% ] 003/600 VUs  04m58.7s/10m30s  3.32 iters/s

running (04m59.8s), 003/600 VUs, 541 complete and 0 interrupted iterations
saturation   [  48% ] 003/600 VUs  04m59.7s/10m30s  3.33 iters/s

running (05m00.8s), 003/600 VUs, 544 complete and 0 interrupted iterations
saturation   [  48% ] 003/600 VUs  05m00.7s/10m30s  3.34 iters/s

running (05m01.8s), 003/600 VUs, 547 complete and 0 interrupted iterations
saturation   [  48% ] 003/600 VUs  05m01.7s/10m30s  3.35 iters/s

running (05m02.8s), 003/600 VUs, 551 complete and 0 interrupted iterations
saturation   [  48% ] 003/600 VUs  05m02.7s/10m30s  3.36 iters/s

running (05m03.8s), 003/600 VUs, 554 complete and 0 interrupted iterations
saturation   [  48% ] 003/600 VUs  05m03.7s/10m30s  3.37 iters/s

running (05m04.8s), 003/600 VUs, 557 complete and 0 interrupted iterations
saturation   [  48% ] 003/600 VUs  05m04.7s/10m30s  3.38 iters/s

running (05m05.8s), 003/600 VUs, 561 complete and 0 interrupted iterations
saturation   [  49% ] 003/600 VUs  05m05.7s/10m30s  3.40 iters/s

running (05m06.8s), 003/600 VUs, 564 complete and 0 interrupted iterations
saturation   [  49% ] 003/600 VUs  05m06.7s/10m30s  3.41 iters/s

running (05m07.8s), 003/600 VUs, 568 complete and 0 interrupted iterations
saturation   [  49% ] 003/600 VUs  05m07.7s/10m30s  3.42 iters/s

running (05m08.8s), 003/600 VUs, 571 complete and 0 interrupted iterations
saturation   [  49% ] 003/600 VUs  05m08.7s/10m30s  3.43 iters/s

running (05m09.8s), 003/600 VUs, 574 complete and 0 interrupted iterations
saturation   [  49% ] 003/600 VUs  05m09.7s/10m30s  3.44 iters/s

running (05m10.8s), 003/600 VUs, 578 complete and 0 interrupted iterations
saturation   [  49% ] 003/600 VUs  05m10.7s/10m30s  3.45 iters/s

running (05m11.8s), 003/600 VUs, 581 complete and 0 interrupted iterations
saturation   [  49% ] 003/600 VUs  05m11.7s/10m30s  3.46 iters/s

running (05m12.8s), 003/600 VUs, 585 complete and 0 interrupted iterations
saturation   [  50% ] 003/600 VUs  05m12.7s/10m30s  3.48 iters/s

running (05m13.8s), 003/600 VUs, 588 complete and 0 interrupted iterations
saturation   [  50% ] 003/600 VUs  05m13.7s/10m30s  3.48 iters/s

running (05m14.8s), 003/600 VUs, 592 complete and 0 interrupted iterations
saturation   [  50% ] 003/600 VUs  05m14.7s/10m30s  3.50 iters/s

running (05m15.8s), 003/600 VUs, 595 complete and 0 interrupted iterations
saturation   [  50% ] 003/600 VUs  05m15.7s/10m30s  3.51 iters/s

running (05m16.8s), 003/600 VUs, 599 complete and 0 interrupted iterations
saturation   [  50% ] 003/600 VUs  05m16.7s/10m30s  3.52 iters/s

running (05m17.8s), 003/600 VUs, 602 complete and 0 interrupted iterations
saturation   [  50% ] 003/600 VUs  05m17.7s/10m30s  3.53 iters/s

running (05m18.8s), 003/600 VUs, 606 complete and 0 interrupted iterations
saturation   [  51% ] 003/600 VUs  05m18.7s/10m30s  3.54 iters/s

running (05m19.8s), 003/600 VUs, 609 complete and 0 interrupted iterations
saturation   [  51% ] 003/600 VUs  05m19.7s/10m30s  3.55 iters/s

running (05m20.8s), 003/600 VUs, 613 complete and 0 interrupted iterations
saturation   [  51% ] 003/600 VUs  05m20.7s/10m30s  3.56 iters/s

running (05m21.8s), 004/600 VUs, 616 complete and 0 interrupted iterations
saturation   [  51% ] 004/600 VUs  05m21.7s/10m30s  3.58 iters/s

running (05m22.8s), 003/600 VUs, 620 complete and 0 interrupted iterations
saturation   [  51% ] 003/600 VUs  05m22.7s/10m30s  3.59 iters/s

running (05m23.8s), 003/600 VUs, 624 complete and 0 interrupted iterations
saturation   [  51% ] 003/600 VUs  05m23.7s/10m30s  3.60 iters/s

running (05m24.8s), 003/600 VUs, 627 complete and 0 interrupted iterations
saturation   [  52% ] 003/600 VUs  05m24.7s/10m30s  3.61 iters/s

running (05m25.8s), 003/600 VUs, 631 complete and 0 interrupted iterations
saturation   [  52% ] 003/600 VUs  05m25.7s/10m30s  3.62 iters/s

running (05m26.8s), 004/600 VUs, 634 complete and 0 interrupted iterations
saturation   [  52% ] 004/600 VUs  05m26.7s/10m30s  3.63 iters/s

running (05m27.8s), 003/600 VUs, 638 complete and 0 interrupted iterations
saturation   [  52% ] 003/600 VUs  05m27.7s/10m30s  3.64 iters/s

running (05m28.8s), 003/600 VUs, 642 complete and 0 interrupted iterations
saturation   [  52% ] 003/600 VUs  05m28.7s/10m30s  3.65 iters/s

running (05m29.8s), 003/600 VUs, 645 complete and 0 interrupted iterations
saturation   [  52% ] 003/600 VUs  05m29.7s/10m30s  3.66 iters/s

running (05m30.8s), 003/600 VUs, 649 complete and 0 interrupted iterations
saturation   [  52% ] 003/600 VUs  05m30.7s/10m30s  3.67 iters/s

running (05m31.8s), 003/600 VUs, 653 complete and 0 interrupted iterations
saturation   [  53% ] 003/600 VUs  05m31.7s/10m30s  3.69 iters/s

running (05m32.8s), 003/600 VUs, 656 complete and 0 interrupted iterations
saturation   [  53% ] 003/600 VUs  05m32.7s/10m30s  3.70 iters/s

running (05m33.8s), 003/600 VUs, 660 complete and 0 interrupted iterations
saturation   [  53% ] 003/600 VUs  05m33.7s/10m30s  3.71 iters/s

running (05m34.8s), 003/600 VUs, 664 complete and 0 interrupted iterations
saturation   [  53% ] 003/600 VUs  05m34.7s/10m30s  3.72 iters/s

running (05m35.8s), 004/600 VUs, 667 complete and 0 interrupted iterations
saturation   [  53% ] 004/600 VUs  05m35.7s/10m30s  3.73 iters/s

running (05m36.8s), 003/600 VUs, 671 complete and 0 interrupted iterations
saturation   [  53% ] 003/600 VUs  05m36.7s/10m30s  3.74 iters/s

running (05m37.8s), 003/600 VUs, 675 complete and 0 interrupted iterations
saturation   [  54% ] 003/600 VUs  05m37.7s/10m30s  3.75 iters/s

running (05m38.8s), 003/600 VUs, 679 complete and 0 interrupted iterations
saturation   [  54% ] 003/600 VUs  05m38.7s/10m30s  3.76 iters/s

running (05m39.8s), 004/600 VUs, 682 complete and 0 interrupted iterations
saturation   [  54% ] 004/600 VUs  05m39.7s/10m30s  3.78 iters/s

running (05m40.8s), 003/600 VUs, 686 complete and 0 interrupted iterations
saturation   [  54% ] 003/600 VUs  05m40.7s/10m30s  3.78 iters/s

running (05m41.8s), 003/600 VUs, 690 complete and 0 interrupted iterations
saturation   [  54% ] 003/600 VUs  05m41.7s/10m30s  3.80 iters/s

running (05m42.8s), 003/600 VUs, 694 complete and 0 interrupted iterations
saturation   [  54% ] 003/600 VUs  05m42.7s/10m30s  3.81 iters/s

running (05m43.8s), 003/600 VUs, 698 complete and 0 interrupted iterations
saturation   [  55% ] 003/600 VUs  05m43.7s/10m30s  3.82 iters/s

running (05m44.8s), 004/600 VUs, 701 complete and 0 interrupted iterations
saturation   [  55% ] 004/600 VUs  05m44.7s/10m30s  3.83 iters/s

running (05m45.8s), 003/600 VUs, 705 complete and 0 interrupted iterations
saturation   [  55% ] 003/600 VUs  05m45.7s/10m30s  3.84 iters/s

running (05m46.8s), 003/600 VUs, 709 complete and 0 interrupted iterations
saturation   [  55% ] 003/600 VUs  05m46.7s/10m30s  3.85 iters/s

running (05m47.8s), 003/600 VUs, 713 complete and 0 interrupted iterations
saturation   [  55% ] 003/600 VUs  05m47.7s/10m30s  3.86 iters/s

running (05m48.8s), 003/600 VUs, 717 complete and 0 interrupted iterations
saturation   [  55% ] 003/600 VUs  05m48.7s/10m30s  3.87 iters/s

running (05m49.8s), 003/600 VUs, 721 complete and 0 interrupted iterations
saturation   [  56% ] 003/600 VUs  05m49.7s/10m30s  3.89 iters/s

running (05m50.8s), 004/600 VUs, 724 complete and 0 interrupted iterations
saturation   [  56% ] 004/600 VUs  05m50.7s/10m30s  3.90 iters/s

running (05m51.8s), 004/600 VUs, 728 complete and 0 interrupted iterations
saturation   [  56% ] 004/600 VUs  05m51.7s/10m30s  3.91 iters/s

running (05m52.8s), 004/600 VUs, 732 complete and 0 interrupted iterations
saturation   [  56% ] 004/600 VUs  05m52.7s/10m30s  3.92 iters/s

running (05m53.8s), 004/600 VUs, 736 complete and 0 interrupted iterations
saturation   [  56% ] 004/600 VUs  05m53.7s/10m30s  3.93 iters/s

running (05m54.8s), 004/600 VUs, 740 complete and 0 interrupted iterations
saturation   [  56% ] 004/600 VUs  05m54.7s/10m30s  3.94 iters/s

running (05m55.8s), 003/600 VUs, 744 complete and 0 interrupted iterations
saturation   [  56% ] 003/600 VUs  05m55.7s/10m30s  3.95 iters/s

running (05m56.8s), 003/600 VUs, 748 complete and 0 interrupted iterations
saturation   [  57% ] 003/600 VUs  05m56.7s/10m30s  3.96 iters/s

running (05m57.8s), 003/600 VUs, 752 complete and 0 interrupted iterations
saturation   [  57% ] 003/600 VUs  05m57.7s/10m30s  3.97 iters/s

running (05m58.8s), 003/600 VUs, 756 complete and 0 interrupted iterations
saturation   [  57% ] 003/600 VUs  05m58.7s/10m30s  3.98 iters/s

running (05m59.8s), 003/600 VUs, 760 complete and 0 interrupted iterations
saturation   [  57% ] 003/600 VUs  05m59.7s/10m30s  4.00 iters/s

running (06m00.8s), 003/600 VUs, 764 complete and 0 interrupted iterations
saturation   [  57% ] 003/600 VUs  06m00.7s/10m30s  4.01 iters/s

running (06m01.8s), 003/600 VUs, 768 complete and 0 interrupted iterations
saturation   [  57% ] 003/600 VUs  06m01.7s/10m30s  4.02 iters/s

running (06m02.8s), 003/600 VUs, 772 complete and 0 interrupted iterations
saturation   [  58% ] 003/600 VUs  06m02.7s/10m30s  4.03 iters/s

running (06m03.8s), 003/600 VUs, 776 complete and 0 interrupted iterations
saturation   [  58% ] 003/600 VUs  06m03.7s/10m30s  4.04 iters/s

running (06m04.8s), 003/600 VUs, 780 complete and 0 interrupted iterations
saturation   [  58% ] 003/600 VUs  06m04.7s/10m30s  4.05 iters/s

running (06m05.8s), 004/600 VUs, 784 complete and 0 interrupted iterations
saturation   [  58% ] 004/600 VUs  06m05.7s/10m30s  4.06 iters/s

running (06m06.8s), 004/600 VUs, 788 complete and 0 interrupted iterations
saturation   [  58% ] 004/600 VUs  06m06.7s/10m30s  4.08 iters/s

running (06m07.8s), 004/600 VUs, 792 complete and 0 interrupted iterations
saturation   [  58% ] 004/600 VUs  06m07.7s/10m30s  4.09 iters/s

running (06m08.8s), 004/600 VUs, 796 complete and 0 interrupted iterations
saturation   [  59% ] 004/600 VUs  06m08.7s/10m30s  4.10 iters/s

running (06m09.8s), 004/600 VUs, 800 complete and 0 interrupted iterations
saturation   [  59% ] 004/600 VUs  06m09.7s/10m30s  4.11 iters/s

running (06m10.8s), 004/600 VUs, 804 complete and 0 interrupted iterations
saturation   [  59% ] 004/600 VUs  06m10.7s/10m30s  4.12 iters/s

running (06m11.8s), 003/600 VUs, 809 complete and 0 interrupted iterations
saturation   [  59% ] 003/600 VUs  06m11.7s/10m30s  4.13 iters/s

running (06m12.8s), 003/600 VUs, 813 complete and 0 interrupted iterations
saturation   [  59% ] 003/600 VUs  06m12.7s/10m30s  4.14 iters/s

running (06m13.8s), 003/600 VUs, 817 complete and 0 interrupted iterations
saturation   [  59% ] 003/600 VUs  06m13.7s/10m30s  4.15 iters/s

running (06m14.8s), 004/600 VUs, 821 complete and 0 interrupted iterations
saturation   [  59% ] 004/600 VUs  06m14.7s/10m30s  4.16 iters/s

running (06m15.8s), 004/600 VUs, 825 complete and 0 interrupted iterations
saturation   [  60% ] 004/600 VUs  06m15.7s/10m30s  4.18 iters/s

running (06m16.8s), 004/600 VUs, 829 complete and 0 interrupted iterations
saturation   [  60% ] 004/600 VUs  06m16.7s/10m30s  4.19 iters/s

running (06m17.8s), 004/600 VUs, 833 complete and 0 interrupted iterations
saturation   [  60% ] 004/600 VUs  06m17.7s/10m30s  4.20 iters/s

running (06m18.8s), 003/600 VUs, 838 complete and 0 interrupted iterations
saturation   [  60% ] 003/600 VUs  06m18.7s/10m30s  4.21 iters/s

running (06m19.8s), 004/600 VUs, 842 complete and 0 interrupted iterations
saturation   [  60% ] 004/600 VUs  06m19.7s/10m30s  4.22 iters/s

running (06m20.8s), 004/600 VUs, 846 complete and 0 interrupted iterations
saturation   [  60% ] 004/600 VUs  06m20.7s/10m30s  4.23 iters/s

running (06m21.8s), 004/600 VUs, 850 complete and 0 interrupted iterations
saturation   [  61% ] 004/600 VUs  06m21.7s/10m30s  4.24 iters/s

running (06m22.8s), 003/600 VUs, 855 complete and 0 interrupted iterations
saturation   [  61% ] 003/600 VUs  06m22.7s/10m30s  4.25 iters/s

running (06m23.8s), 003/600 VUs, 859 complete and 0 interrupted iterations
saturation   [  61% ] 003/600 VUs  06m23.7s/10m30s  4.26 iters/s

running (06m24.8s), 004/600 VUs, 863 complete and 0 interrupted iterations
saturation   [  61% ] 004/600 VUs  06m24.7s/10m30s  4.28 iters/s

running (06m25.8s), 004/600 VUs, 867 complete and 0 interrupted iterations
saturation   [  61% ] 004/600 VUs  06m25.7s/10m30s  4.29 iters/s

running (06m26.8s), 003/600 VUs, 872 complete and 0 interrupted iterations
saturation   [  61% ] 003/600 VUs  06m26.7s/10m30s  4.30 iters/s

running (06m27.8s), 004/600 VUs, 876 complete and 0 interrupted iterations
saturation   [  62% ] 004/600 VUs  06m27.7s/10m30s  4.31 iters/s

running (06m28.8s), 004/600 VUs, 880 complete and 0 interrupted iterations
saturation   [  62% ] 004/600 VUs  06m28.7s/10m30s  4.32 iters/s

running (06m29.8s), 003/600 VUs, 885 complete and 0 interrupted iterations
saturation   [  62% ] 003/600 VUs  06m29.7s/10m30s  4.33 iters/s

running (06m30.8s), 004/600 VUs, 889 complete and 0 interrupted iterations
saturation   [  62% ] 004/600 VUs  06m30.7s/10m30s  4.34 iters/s

running (06m31.8s), 004/600 VUs, 893 complete and 0 interrupted iterations
saturation   [  62% ] 004/600 VUs  06m31.7s/10m30s  4.35 iters/s

running (06m32.8s), 003/600 VUs, 898 complete and 0 interrupted iterations
saturation   [  62% ] 003/600 VUs  06m32.7s/10m30s  4.36 iters/s

running (06m33.8s), 004/600 VUs, 902 complete and 0 interrupted iterations
saturation   [  62% ] 004/600 VUs  06m33.7s/10m30s  4.38 iters/s

running (06m34.8s), 004/600 VUs, 906 complete and 0 interrupted iterations
saturation   [  63% ] 004/600 VUs  06m34.7s/10m30s  4.39 iters/s

running (06m35.8s), 003/600 VUs, 911 complete and 0 interrupted iterations
saturation   [  63% ] 003/600 VUs  06m35.7s/10m30s  4.40 iters/s

running (06m36.8s), 004/600 VUs, 915 complete and 0 interrupted iterations
saturation   [  63% ] 004/600 VUs  06m36.7s/10m30s  4.41 iters/s

running (06m37.8s), 004/600 VUs, 919 complete and 0 interrupted iterations
saturation   [  63% ] 004/600 VUs  06m37.7s/10m30s  4.42 iters/s

running (06m38.8s), 004/600 VUs, 924 complete and 0 interrupted iterations
saturation   [  63% ] 004/600 VUs  06m38.7s/10m30s  4.43 iters/s

running (06m39.8s), 004/600 VUs, 928 complete and 0 interrupted iterations
saturation   [  63% ] 004/600 VUs  06m39.7s/10m30s  4.44 iters/s

running (06m40.8s), 004/600 VUs, 933 complete and 0 interrupted iterations
saturation   [  64% ] 004/600 VUs  06m40.7s/10m30s  4.45 iters/s

running (06m41.8s), 004/600 VUs, 937 complete and 0 interrupted iterations
saturation   [  64% ] 004/600 VUs  06m41.7s/10m30s  4.46 iters/s

running (06m42.8s), 003/600 VUs, 942 complete and 0 interrupted iterations
saturation   [  64% ] 003/600 VUs  06m42.7s/10m30s  4.47 iters/s

running (06m43.8s), 004/600 VUs, 946 complete and 0 interrupted iterations
saturation   [  64% ] 004/600 VUs  06m43.7s/10m30s  4.49 iters/s

running (06m44.8s), 003/600 VUs, 951 complete and 0 interrupted iterations
saturation   [  64% ] 003/600 VUs  06m44.7s/10m30s  4.50 iters/s

running (06m45.8s), 004/600 VUs, 955 complete and 0 interrupted iterations
saturation   [  64% ] 004/600 VUs  06m45.7s/10m30s  4.51 iters/s

running (06m46.8s), 003/600 VUs, 960 complete and 0 interrupted iterations
saturation   [  65% ] 003/600 VUs  06m46.7s/10m30s  4.52 iters/s

running (06m47.8s), 004/600 VUs, 964 complete and 0 interrupted iterations
saturation   [  65% ] 004/600 VUs  06m47.7s/10m30s  4.53 iters/s

running (06m48.8s), 004/600 VUs, 969 complete and 0 interrupted iterations
saturation   [  65% ] 004/600 VUs  06m48.7s/10m30s  4.54 iters/s

running (06m49.8s), 004/600 VUs, 973 complete and 0 interrupted iterations
saturation   [  65% ] 004/600 VUs  06m49.7s/10m30s  4.55 iters/s

running (06m50.8s), 004/600 VUs, 978 complete and 0 interrupted iterations
saturation   [  65% ] 004/600 VUs  06m50.7s/10m30s  4.56 iters/s

running (06m51.8s), 004/600 VUs, 982 complete and 0 interrupted iterations
saturation   [  65% ] 004/600 VUs  06m51.7s/10m30s  4.57 iters/s

running (06m52.8s), 004/600 VUs, 987 complete and 0 interrupted iterations
saturation   [  66% ] 004/600 VUs  06m52.7s/10m30s  4.59 iters/s

running (06m53.8s), 004/600 VUs, 991 complete and 0 interrupted iterations
saturation   [  66% ] 004/600 VUs  06m53.7s/10m30s  4.60 iters/s

running (06m54.8s), 004/600 VUs, 996 complete and 0 interrupted iterations
saturation   [  66% ] 004/600 VUs  06m54.7s/10m30s  4.61 iters/s

running (06m55.8s), 004/600 VUs, 1001 complete and 0 interrupted iterations
saturation   [  66% ] 004/600 VUs  06m55.7s/10m30s  4.62 iters/s

running (06m56.8s), 004/600 VUs, 1005 complete and 0 interrupted iterations
saturation   [  66% ] 004/600 VUs  06m56.7s/10m30s  4.63 iters/s

running (06m57.8s), 004/600 VUs, 1010 complete and 0 interrupted iterations
saturation   [  66% ] 004/600 VUs  06m57.7s/10m30s  4.64 iters/s

running (06m58.8s), 004/600 VUs, 1015 complete and 0 interrupted iterations
saturation   [  66% ] 004/600 VUs  06m58.7s/10m30s  4.65 iters/s

running (06m59.8s), 004/600 VUs, 1019 complete and 0 interrupted iterations
saturation   [  67% ] 004/600 VUs  06m59.7s/10m30s  4.66 iters/s

running (07m00.8s), 004/600 VUs, 1024 complete and 0 interrupted iterations
saturation   [  67% ] 004/600 VUs  07m00.7s/10m30s  4.67 iters/s

running (07m01.8s), 004/600 VUs, 1029 complete and 0 interrupted iterations
saturation   [  67% ] 004/600 VUs  07m01.7s/10m30s  4.69 iters/s

running (07m02.8s), 004/600 VUs, 1033 complete and 0 interrupted iterations
saturation   [  67% ] 004/600 VUs  07m02.7s/10m30s  4.70 iters/s

running (07m03.8s), 004/600 VUs, 1038 complete and 0 interrupted iterations
saturation   [  67% ] 004/600 VUs  07m03.7s/10m30s  4.71 iters/s

running (07m04.8s), 004/600 VUs, 1043 complete and 0 interrupted iterations
saturation   [  67% ] 004/600 VUs  07m04.7s/10m30s  4.72 iters/s

running (07m05.8s), 004/600 VUs, 1047 complete and 0 interrupted iterations
saturation   [  68% ] 004/600 VUs  07m05.7s/10m30s  4.73 iters/s

running (07m06.8s), 004/600 VUs, 1052 complete and 0 interrupted iterations
saturation   [  68% ] 004/600 VUs  07m06.7s/10m30s  4.74 iters/s

running (07m07.8s), 004/600 VUs, 1057 complete and 0 interrupted iterations
saturation   [  68% ] 004/600 VUs  07m07.7s/10m30s  4.75 iters/s

running (07m08.8s), 004/600 VUs, 1062 complete and 0 interrupted iterations
saturation   [  68% ] 004/600 VUs  07m08.7s/10m30s  4.76 iters/s

running (07m09.8s), 004/600 VUs, 1066 complete and 0 interrupted iterations
saturation   [  68% ] 004/600 VUs  07m09.7s/10m30s  4.77 iters/s

running (07m10.8s), 004/600 VUs, 1071 complete and 0 interrupted iterations
saturation   [  68% ] 004/600 VUs  07m10.7s/10m30s  4.79 iters/s

running (07m11.8s), 004/600 VUs, 1076 complete and 0 interrupted iterations
saturation   [  69% ] 004/600 VUs  07m11.7s/10m30s  4.80 iters/s

running (07m12.8s), 004/600 VUs, 1081 complete and 0 interrupted iterations
saturation   [  69% ] 004/600 VUs  07m12.7s/10m30s  4.81 iters/s

running (07m13.8s), 005/600 VUs, 1085 complete and 0 interrupted iterations
saturation   [  69% ] 005/600 VUs  07m13.7s/10m30s  4.82 iters/s

running (07m14.8s), 004/600 VUs, 1090 complete and 0 interrupted iterations
saturation   [  69% ] 004/600 VUs  07m14.7s/10m30s  4.83 iters/s

running (07m15.8s), 004/600 VUs, 1095 complete and 0 interrupted iterations
saturation   [  69% ] 004/600 VUs  07m15.7s/10m30s  4.84 iters/s

running (07m16.8s), 004/600 VUs, 1100 complete and 0 interrupted iterations
saturation   [  69% ] 004/600 VUs  07m16.7s/10m30s  4.85 iters/s

running (07m17.8s), 004/600 VUs, 1105 complete and 0 interrupted iterations
saturation   [  69% ] 004/600 VUs  07m17.7s/10m30s  4.86 iters/s

running (07m18.8s), 004/600 VUs, 1110 complete and 0 interrupted iterations
saturation   [  70% ] 004/600 VUs  07m18.7s/10m30s  4.88 iters/s

running (07m19.8s), 005/600 VUs, 1114 complete and 0 interrupted iterations
saturation   [  70% ] 005/600 VUs  07m19.7s/10m30s  4.89 iters/s

running (07m20.8s), 005/600 VUs, 1119 complete and 0 interrupted iterations
saturation   [  70% ] 005/600 VUs  07m20.7s/10m30s  4.90 iters/s

running (07m21.8s), 004/600 VUs, 1124 complete and 0 interrupted iterations
saturation   [  70% ] 004/600 VUs  07m21.7s/10m30s  4.91 iters/s

running (07m22.8s), 004/600 VUs, 1129 complete and 0 interrupted iterations
saturation   [  70% ] 004/600 VUs  07m22.7s/10m30s  4.92 iters/s

running (07m23.8s), 004/600 VUs, 1134 complete and 0 interrupted iterations
saturation   [  70% ] 004/600 VUs  07m23.7s/10m30s  4.93 iters/s

running (07m24.8s), 004/600 VUs, 1139 complete and 0 interrupted iterations
saturation   [  71% ] 004/600 VUs  07m24.7s/10m30s  4.94 iters/s

running (07m25.8s), 004/600 VUs, 1144 complete and 0 interrupted iterations
saturation   [  71% ] 004/600 VUs  07m25.7s/10m30s  4.95 iters/s

running (07m26.8s), 004/600 VUs, 1149 complete and 0 interrupted iterations
saturation   [  71% ] 004/600 VUs  07m26.7s/10m30s  4.96 iters/s

running (07m27.8s), 004/600 VUs, 1154 complete and 0 interrupted iterations
saturation   [  71% ] 004/600 VUs  07m27.7s/10m30s  4.97 iters/s

running (07m28.8s), 004/600 VUs, 1159 complete and 0 interrupted iterations
saturation   [  71% ] 004/600 VUs  07m28.7s/10m30s  4.99 iters/s

running (07m29.8s), 004/600 VUs, 1164 complete and 0 interrupted iterations
saturation   [  71% ] 004/600 VUs  07m29.7s/10m30s  5.00 iters/s

running (07m30.8s), 004/600 VUs, 1169 complete and 0 interrupted iterations
saturation   [  72% ] 004/600 VUs  07m30.7s/10m30s  5.01 iters/s

running (07m31.8s), 004/600 VUs, 1174 complete and 0 interrupted iterations
saturation   [  72% ] 004/600 VUs  07m31.7s/10m30s  5.02 iters/s

running (07m32.8s), 004/600 VUs, 1179 complete and 0 interrupted iterations
saturation   [  72% ] 004/600 VUs  07m32.7s/10m30s  5.03 iters/s

running (07m33.8s), 004/600 VUs, 1184 complete and 0 interrupted iterations
saturation   [  72% ] 004/600 VUs  07m33.7s/10m30s  5.04 iters/s

running (07m34.8s), 004/600 VUs, 1189 complete and 0 interrupted iterations
saturation   [  72% ] 004/600 VUs  07m34.7s/10m30s  5.05 iters/s

running (07m35.8s), 004/600 VUs, 1194 complete and 0 interrupted iterations
saturation   [  72% ] 004/600 VUs  07m35.7s/10m30s  5.06 iters/s

running (07m36.8s), 004/600 VUs, 1199 complete and 0 interrupted iterations
saturation   [  72% ] 004/600 VUs  07m36.7s/10m30s  5.07 iters/s

running (07m37.8s), 004/600 VUs, 1204 complete and 0 interrupted iterations
saturation   [  73% ] 004/600 VUs  07m37.7s/10m30s  5.08 iters/s

running (07m38.8s), 004/600 VUs, 1209 complete and 0 interrupted iterations
saturation   [  73% ] 004/600 VUs  07m38.7s/10m30s  5.10 iters/s

running (07m39.8s), 005/600 VUs, 1214 complete and 0 interrupted iterations
saturation   [  73% ] 005/600 VUs  07m39.7s/10m30s  5.11 iters/s

running (07m40.8s), 005/600 VUs, 1219 complete and 0 interrupted iterations
saturation   [  73% ] 005/600 VUs  07m40.7s/10m30s  5.12 iters/s

running (07m41.8s), 005/600 VUs, 1224 complete and 0 interrupted iterations
saturation   [  73% ] 005/600 VUs  07m41.7s/10m30s  5.13 iters/s

running (07m42.8s), 004/600 VUs, 1230 complete and 0 interrupted iterations
saturation   [  73% ] 004/600 VUs  07m42.7s/10m30s  5.14 iters/s

running (07m43.8s), 004/600 VUs, 1235 complete and 0 interrupted iterations
saturation   [  74% ] 004/600 VUs  07m43.7s/10m30s  5.15 iters/s

running (07m44.8s), 004/600 VUs, 1240 complete and 0 interrupted iterations
saturation   [  74% ] 004/600 VUs  07m44.7s/10m30s  5.16 iters/s

running (07m45.8s), 004/600 VUs, 1245 complete and 0 interrupted iterations
saturation   [  74% ] 004/600 VUs  07m45.7s/10m30s  5.17 iters/s

running (07m46.8s), 005/600 VUs, 1250 complete and 0 interrupted iterations
saturation   [  74% ] 005/600 VUs  07m46.7s/10m30s  5.19 iters/s

running (07m47.8s), 005/600 VUs, 1255 complete and 0 interrupted iterations
saturation   [  74% ] 005/600 VUs  07m47.7s/10m30s  5.20 iters/s

running (07m48.8s), 004/600 VUs, 1261 complete and 0 interrupted iterations
saturation   [  74% ] 004/600 VUs  07m48.7s/10m30s  5.21 iters/s

running (07m49.8s), 004/600 VUs, 1266 complete and 0 interrupted iterations
saturation   [  75% ] 004/600 VUs  07m49.7s/10m30s  5.22 iters/s

running (07m50.8s), 004/600 VUs, 1271 complete and 0 interrupted iterations
saturation   [  75% ] 004/600 VUs  07m50.7s/10m30s  5.23 iters/s

running (07m51.8s), 005/600 VUs, 1276 complete and 0 interrupted iterations
saturation   [  75% ] 005/600 VUs  07m51.7s/10m30s  5.24 iters/s

running (07m52.8s), 005/600 VUs, 1281 complete and 0 interrupted iterations
saturation   [  75% ] 005/600 VUs  07m52.7s/10m30s  5.25 iters/s

running (07m53.8s), 004/600 VUs, 1287 complete and 0 interrupted iterations
saturation   [  75% ] 004/600 VUs  07m53.7s/10m30s  5.26 iters/s

running (07m54.8s), 004/600 VUs, 1292 complete and 0 interrupted iterations
saturation   [  75% ] 004/600 VUs  07m54.7s/10m30s  5.27 iters/s

running (07m55.8s), 005/600 VUs, 1297 complete and 0 interrupted iterations
saturation   [  76% ] 005/600 VUs  07m55.7s/10m30s  5.29 iters/s

running (07m56.8s), 005/600 VUs, 1302 complete and 0 interrupted iterations
saturation   [  76% ] 005/600 VUs  07m56.7s/10m30s  5.30 iters/s

running (07m57.8s), 004/600 VUs, 1308 complete and 0 interrupted iterations
saturation   [  76% ] 004/600 VUs  07m57.7s/10m30s  5.31 iters/s

running (07m58.8s), 005/600 VUs, 1313 complete and 0 interrupted iterations
saturation   [  76% ] 005/600 VUs  07m58.7s/10m30s  5.32 iters/s

running (07m59.8s), 005/600 VUs, 1318 complete and 0 interrupted iterations
saturation   [  76% ] 005/600 VUs  07m59.7s/10m30s  5.33 iters/s

running (08m00.8s), 004/600 VUs, 1324 complete and 0 interrupted iterations
saturation   [  76% ] 004/600 VUs  08m00.7s/10m30s  5.34 iters/s

running (08m01.8s), 005/600 VUs, 1329 complete and 0 interrupted iterations
saturation   [  76% ] 005/600 VUs  08m01.7s/10m30s  5.35 iters/s

running (08m02.8s), 005/600 VUs, 1334 complete and 0 interrupted iterations
saturation   [  77% ] 005/600 VUs  08m02.7s/10m30s  5.36 iters/s

running (08m03.8s), 004/600 VUs, 1340 complete and 0 interrupted iterations
saturation   [  77% ] 004/600 VUs  08m03.7s/10m30s  5.37 iters/s

running (08m04.8s), 005/600 VUs, 1345 complete and 0 interrupted iterations
saturation   [  77% ] 005/600 VUs  08m04.7s/10m30s  5.39 iters/s

running (08m05.8s), 004/600 VUs, 1351 complete and 0 interrupted iterations
saturation   [  77% ] 004/600 VUs  08m05.7s/10m30s  5.40 iters/s

running (08m06.8s), 005/600 VUs, 1356 complete and 0 interrupted iterations
saturation   [  77% ] 005/600 VUs  08m06.7s/10m30s  5.41 iters/s

running (08m07.8s), 005/600 VUs, 1361 complete and 0 interrupted iterations
saturation   [  77% ] 005/600 VUs  08m07.7s/10m30s  5.42 iters/s

running (08m08.8s), 004/600 VUs, 1367 complete and 0 interrupted iterations
saturation   [  78% ] 004/600 VUs  08m08.7s/10m30s  5.43 iters/s

running (08m09.8s), 005/600 VUs, 1372 complete and 0 interrupted iterations
saturation   [  78% ] 005/600 VUs  08m09.7s/10m30s  5.44 iters/s

running (08m10.8s), 004/600 VUs, 1378 complete and 0 interrupted iterations
saturation   [  78% ] 004/600 VUs  08m10.7s/10m30s  5.45 iters/s

running (08m11.8s), 005/600 VUs, 1383 complete and 0 interrupted iterations
saturation   [  78% ] 005/600 VUs  08m11.7s/10m30s  5.46 iters/s

running (08m12.8s), 004/600 VUs, 1389 complete and 0 interrupted iterations
saturation   [  78% ] 004/600 VUs  08m12.7s/10m30s  5.47 iters/s

running (08m13.8s), 005/600 VUs, 1394 complete and 0 interrupted iterations
saturation   [  78% ] 005/600 VUs  08m13.7s/10m30s  5.49 iters/s

running (08m14.8s), 005/600 VUs, 1399 complete and 0 interrupted iterations
saturation   [  79% ] 005/600 VUs  08m14.7s/10m30s  5.50 iters/s

running (08m15.8s), 005/600 VUs, 1405 complete and 0 interrupted iterations
saturation   [  79% ] 005/600 VUs  08m15.7s/10m30s  5.51 iters/s

running (08m16.8s), 005/600 VUs, 1410 complete and 0 interrupted iterations
saturation   [  79% ] 005/600 VUs  08m16.7s/10m30s  5.52 iters/s

running (08m17.8s), 005/600 VUs, 1416 complete and 0 interrupted iterations
saturation   [  79% ] 005/600 VUs  08m17.7s/10m30s  5.53 iters/s

running (08m18.8s), 005/600 VUs, 1421 complete and 0 interrupted iterations
saturation   [  79% ] 005/600 VUs  08m18.7s/10m30s  5.54 iters/s

running (08m19.8s), 005/600 VUs, 1427 complete and 0 interrupted iterations
saturation   [  79% ] 005/600 VUs  08m19.7s/10m30s  5.55 iters/s

running (08m20.8s), 004/600 VUs, 1433 complete and 0 interrupted iterations
saturation   [  79% ] 004/600 VUs  08m20.7s/10m30s  5.56 iters/s

running (08m21.8s), 005/600 VUs, 1438 complete and 0 interrupted iterations
saturation   [  80% ] 005/600 VUs  08m21.7s/10m30s  5.57 iters/s

running (08m22.8s), 005/600 VUs, 1444 complete and 0 interrupted iterations
saturation   [  80% ] 005/600 VUs  08m22.7s/10m30s  5.59 iters/s

running (08m23.8s), 005/600 VUs, 1449 complete and 0 interrupted iterations
saturation   [  80% ] 005/600 VUs  08m23.7s/10m30s  5.60 iters/s

running (08m24.8s), 005/600 VUs, 1455 complete and 0 interrupted iterations
saturation   [  80% ] 005/600 VUs  08m24.7s/10m30s  5.61 iters/s

running (08m25.8s), 005/600 VUs, 1460 complete and 0 interrupted iterations
saturation   [  80% ] 005/600 VUs  08m25.7s/10m30s  5.62 iters/s

running (08m26.8s), 005/600 VUs, 1466 complete and 0 interrupted iterations
saturation   [  80% ] 005/600 VUs  08m26.7s/10m30s  5.63 iters/s

running (08m27.8s), 005/600 VUs, 1472 complete and 0 interrupted iterations
saturation   [  81% ] 005/600 VUs  08m27.7s/10m30s  5.64 iters/s

running (08m28.8s), 005/600 VUs, 1477 complete and 0 interrupted iterations
saturation   [  81% ] 005/600 VUs  08m28.7s/10m30s  5.65 iters/s

running (08m29.8s), 005/600 VUs, 1483 complete and 0 interrupted iterations
saturation   [  81% ] 005/600 VUs  08m29.7s/10m30s  5.66 iters/s

running (08m30.8s), 005/600 VUs, 1489 complete and 0 interrupted iterations
saturation   [  81% ] 005/600 VUs  08m30.7s/10m30s  5.68 iters/s

running (08m31.8s), 005/600 VUs, 1494 complete and 0 interrupted iterations
saturation   [  81% ] 005/600 VUs  08m31.7s/10m30s  5.69 iters/s

running (08m32.8s), 005/600 VUs, 1500 complete and 0 interrupted iterations
saturation   [  81% ] 005/600 VUs  08m32.7s/10m30s  5.70 iters/s

running (08m33.8s), 005/600 VUs, 1506 complete and 0 interrupted iterations
saturation   [  82% ] 005/600 VUs  08m33.7s/10m30s  5.71 iters/s

running (08m34.8s), 005/600 VUs, 1511 complete and 0 interrupted iterations
saturation   [  82% ] 005/600 VUs  08m34.7s/10m30s  5.72 iters/s

running (08m35.8s), 005/600 VUs, 1517 complete and 0 interrupted iterations
saturation   [  82% ] 005/600 VUs  08m35.7s/10m30s  5.73 iters/s

running (08m36.8s), 005/600 VUs, 1523 complete and 0 interrupted iterations
saturation   [  82% ] 005/600 VUs  08m36.7s/10m30s  5.74 iters/s

running (08m37.8s), 005/600 VUs, 1529 complete and 0 interrupted iterations
saturation   [  82% ] 005/600 VUs  08m37.7s/10m30s  5.75 iters/s

running (08m38.8s), 005/600 VUs, 1534 complete and 0 interrupted iterations
saturation   [  82% ] 005/600 VUs  08m38.7s/10m30s  5.76 iters/s

running (08m39.8s), 005/600 VUs, 1540 complete and 0 interrupted iterations
saturation   [  82% ] 005/600 VUs  08m39.7s/10m30s  5.77 iters/s

running (08m40.8s), 005/600 VUs, 1546 complete and 0 interrupted iterations
saturation   [  83% ] 005/600 VUs  08m40.7s/10m30s  5.79 iters/s

running (08m41.8s), 005/600 VUs, 1552 complete and 0 interrupted iterations
saturation   [  83% ] 005/600 VUs  08m41.7s/10m30s  5.80 iters/s

running (08m42.8s), 005/600 VUs, 1557 complete and 0 interrupted iterations
saturation   [  83% ] 005/600 VUs  08m42.7s/10m30s  5.81 iters/s

running (08m43.8s), 005/600 VUs, 1563 complete and 0 interrupted iterations
saturation   [  83% ] 005/600 VUs  08m43.7s/10m30s  5.82 iters/s

running (08m44.8s), 005/600 VUs, 1569 complete and 0 interrupted iterations
saturation   [  83% ] 005/600 VUs  08m44.7s/10m30s  5.83 iters/s

running (08m45.8s), 005/600 VUs, 1575 complete and 0 interrupted iterations
saturation   [  83% ] 005/600 VUs  08m45.7s/10m30s  5.84 iters/s

running (08m46.8s), 005/600 VUs, 1581 complete and 0 interrupted iterations
saturation   [  84% ] 005/600 VUs  08m46.7s/10m30s  5.85 iters/s

running (08m47.8s), 005/600 VUs, 1587 complete and 0 interrupted iterations
saturation   [  84% ] 005/600 VUs  08m47.7s/10m30s  5.86 iters/s

running (08m48.8s), 005/600 VUs, 1592 complete and 0 interrupted iterations
saturation   [  84% ] 005/600 VUs  08m48.7s/10m30s  5.87 iters/s

running (08m49.8s), 005/600 VUs, 1598 complete and 0 interrupted iterations
saturation   [  84% ] 005/600 VUs  08m49.7s/10m30s  5.89 iters/s

running (08m50.8s), 005/600 VUs, 1604 complete and 0 interrupted iterations
saturation   [  84% ] 005/600 VUs  08m50.7s/10m30s  5.90 iters/s

running (08m51.8s), 005/600 VUs, 1610 complete and 0 interrupted iterations
saturation   [  84% ] 005/600 VUs  08m51.7s/10m30s  5.91 iters/s

running (08m52.8s), 005/600 VUs, 1616 complete and 0 interrupted iterations
saturation   [  85% ] 005/600 VUs  08m52.7s/10m30s  5.92 iters/s

running (08m53.8s), 005/600 VUs, 1622 complete and 0 interrupted iterations
saturation   [  85% ] 005/600 VUs  08m53.7s/10m30s  5.93 iters/s

running (08m54.8s), 005/600 VUs, 1628 complete and 0 interrupted iterations
saturation   [  85% ] 005/600 VUs  08m54.7s/10m30s  5.94 iters/s

running (08m55.8s), 005/600 VUs, 1634 complete and 0 interrupted iterations
saturation   [  85% ] 005/600 VUs  08m55.7s/10m30s  5.95 iters/s

running (08m56.8s), 005/600 VUs, 1640 complete and 0 interrupted iterations
saturation   [  85% ] 005/600 VUs  08m56.7s/10m30s  5.96 iters/s

running (08m57.8s), 005/600 VUs, 1646 complete and 0 interrupted iterations
saturation   [  85% ] 005/600 VUs  08m57.7s/10m30s  5.97 iters/s

running (08m58.8s), 005/600 VUs, 1652 complete and 0 interrupted iterations
saturation   [  86% ] 005/600 VUs  08m58.7s/10m30s  5.99 iters/s

running (08m59.8s), 005/600 VUs, 1658 complete and 0 interrupted iterations
saturation   [  86% ] 005/600 VUs  08m59.7s/10m30s  6.00 iters/s

running (09m00.8s), 005/600 VUs, 1664 complete and 0 interrupted iterations
saturation   [  86% ] 005/600 VUs  09m00.7s/10m30s  6.00 iters/s

running (09m01.8s), 005/600 VUs, 1670 complete and 0 interrupted iterations
saturation   [  86% ] 005/600 VUs  09m01.7s/10m30s  6.00 iters/s

running (09m02.8s), 005/600 VUs, 1676 complete and 0 interrupted iterations
saturation   [  86% ] 005/600 VUs  09m02.7s/10m30s  6.00 iters/s

running (09m03.8s), 005/600 VUs, 1682 complete and 0 interrupted iterations
saturation   [  86% ] 005/600 VUs  09m03.7s/10m30s  6.00 iters/s

running (09m04.8s), 005/600 VUs, 1688 complete and 0 interrupted iterations
saturation   [  86% ] 005/600 VUs  09m04.7s/10m30s  6.00 iters/s

running (09m05.8s), 005/600 VUs, 1694 complete and 0 interrupted iterations
saturation   [  87% ] 005/600 VUs  09m05.7s/10m30s  6.00 iters/s

running (09m06.8s), 005/600 VUs, 1700 complete and 0 interrupted iterations
saturation   [  87% ] 005/600 VUs  09m06.7s/10m30s  6.00 iters/s

running (09m07.8s), 005/600 VUs, 1706 complete and 0 interrupted iterations
saturation   [  87% ] 005/600 VUs  09m07.7s/10m30s  6.00 iters/s

running (09m08.8s), 005/600 VUs, 1712 complete and 0 interrupted iterations
saturation   [  87% ] 005/600 VUs  09m08.7s/10m30s  6.00 iters/s

running (09m09.8s), 005/600 VUs, 1718 complete and 0 interrupted iterations
saturation   [  87% ] 005/600 VUs  09m09.7s/10m30s  6.00 iters/s

running (09m10.8s), 005/600 VUs, 1724 complete and 0 interrupted iterations
saturation   [  87% ] 005/600 VUs  09m10.7s/10m30s  6.00 iters/s

running (09m11.8s), 005/600 VUs, 1730 complete and 0 interrupted iterations
saturation   [  88% ] 005/600 VUs  09m11.7s/10m30s  6.00 iters/s

running (09m12.8s), 005/600 VUs, 1736 complete and 0 interrupted iterations
saturation   [  88% ] 005/600 VUs  09m12.7s/10m30s  6.00 iters/s

running (09m13.8s), 005/600 VUs, 1742 complete and 0 interrupted iterations
saturation   [  88% ] 005/600 VUs  09m13.7s/10m30s  6.00 iters/s

running (09m14.8s), 005/600 VUs, 1748 complete and 0 interrupted iterations
saturation   [  88% ] 005/600 VUs  09m14.7s/10m30s  6.00 iters/s

running (09m15.8s), 005/600 VUs, 1754 complete and 0 interrupted iterations
saturation   [  88% ] 005/600 VUs  09m15.7s/10m30s  6.00 iters/s

running (09m16.8s), 005/600 VUs, 1760 complete and 0 interrupted iterations
saturation   [  88% ] 005/600 VUs  09m16.7s/10m30s  6.00 iters/s

running (09m17.8s), 005/600 VUs, 1766 complete and 0 interrupted iterations
saturation   [  89% ] 005/600 VUs  09m17.7s/10m30s  6.00 iters/s

running (09m18.8s), 005/600 VUs, 1772 complete and 0 interrupted iterations
saturation   [  89% ] 005/600 VUs  09m18.7s/10m30s  6.00 iters/s

running (09m19.8s), 005/600 VUs, 1778 complete and 0 interrupted iterations
saturation   [  89% ] 005/600 VUs  09m19.7s/10m30s  6.00 iters/s

running (09m20.8s), 005/600 VUs, 1784 complete and 0 interrupted iterations
saturation   [  89% ] 005/600 VUs  09m20.7s/10m30s  6.00 iters/s

running (09m21.8s), 005/600 VUs, 1790 complete and 0 interrupted iterations
saturation   [  89% ] 005/600 VUs  09m21.7s/10m30s  6.00 iters/s

running (09m22.8s), 005/600 VUs, 1796 complete and 0 interrupted iterations
saturation   [  89% ] 005/600 VUs  09m22.7s/10m30s  6.00 iters/s

running (09m23.8s), 005/600 VUs, 1802 complete and 0 interrupted iterations
saturation   [  89% ] 005/600 VUs  09m23.7s/10m30s  6.00 iters/s

running (09m24.8s), 005/600 VUs, 1808 complete and 0 interrupted iterations
saturation   [  90% ] 005/600 VUs  09m24.7s/10m30s  6.00 iters/s

running (09m25.8s), 005/600 VUs, 1814 complete and 0 interrupted iterations
saturation   [  90% ] 005/600 VUs  09m25.7s/10m30s  6.00 iters/s

running (09m26.8s), 005/600 VUs, 1820 complete and 0 interrupted iterations
saturation   [  90% ] 005/600 VUs  09m26.7s/10m30s  6.00 iters/s

running (09m27.8s), 005/600 VUs, 1826 complete and 0 interrupted iterations
saturation   [  90% ] 005/600 VUs  09m27.7s/10m30s  6.00 iters/s

running (09m28.8s), 005/600 VUs, 1832 complete and 0 interrupted iterations
saturation   [  90% ] 005/600 VUs  09m28.7s/10m30s  6.00 iters/s

running (09m29.8s), 005/600 VUs, 1838 complete and 0 interrupted iterations
saturation   [  90% ] 005/600 VUs  09m29.7s/10m30s  6.00 iters/s

running (09m30.8s), 005/600 VUs, 1844 complete and 0 interrupted iterations
saturation   [  91% ] 005/600 VUs  09m30.7s/10m30s  6.00 iters/s

running (09m31.8s), 005/600 VUs, 1850 complete and 0 interrupted iterations
saturation   [  91% ] 005/600 VUs  09m31.7s/10m30s  6.00 iters/s

running (09m32.8s), 005/600 VUs, 1856 complete and 0 interrupted iterations
saturation   [  91% ] 005/600 VUs  09m32.7s/10m30s  6.00 iters/s

running (09m33.8s), 005/600 VUs, 1862 complete and 0 interrupted iterations
saturation   [  91% ] 005/600 VUs  09m33.7s/10m30s  6.00 iters/s

running (09m34.8s), 005/600 VUs, 1868 complete and 0 interrupted iterations
saturation   [  91% ] 005/600 VUs  09m34.7s/10m30s  6.00 iters/s

running (09m35.8s), 005/600 VUs, 1874 complete and 0 interrupted iterations
saturation   [  91% ] 005/600 VUs  09m35.7s/10m30s  6.00 iters/s

running (09m36.8s), 005/600 VUs, 1880 complete and 0 interrupted iterations
saturation   [  92% ] 005/600 VUs  09m36.7s/10m30s  6.00 iters/s

running (09m37.8s), 005/600 VUs, 1886 complete and 0 interrupted iterations
saturation   [  92% ] 005/600 VUs  09m37.7s/10m30s  6.00 iters/s

running (09m38.8s), 005/600 VUs, 1892 complete and 0 interrupted iterations
saturation   [  92% ] 005/600 VUs  09m38.7s/10m30s  6.00 iters/s

running (09m39.8s), 005/600 VUs, 1898 complete and 0 interrupted iterations
saturation   [  92% ] 005/600 VUs  09m39.7s/10m30s  6.00 iters/s

running (09m40.8s), 005/600 VUs, 1904 complete and 0 interrupted iterations
saturation   [  92% ] 005/600 VUs  09m40.7s/10m30s  6.00 iters/s

running (09m41.8s), 005/600 VUs, 1910 complete and 0 interrupted iterations
saturation   [  92% ] 005/600 VUs  09m41.7s/10m30s  6.00 iters/s

running (09m42.8s), 005/600 VUs, 1916 complete and 0 interrupted iterations
saturation   [  92% ] 005/600 VUs  09m42.7s/10m30s  6.00 iters/s

running (09m43.8s), 005/600 VUs, 1922 complete and 0 interrupted iterations
saturation   [  93% ] 005/600 VUs  09m43.7s/10m30s  6.00 iters/s

running (09m44.8s), 005/600 VUs, 1928 complete and 0 interrupted iterations
saturation   [  93% ] 005/600 VUs  09m44.7s/10m30s  6.00 iters/s

running (09m45.8s), 005/600 VUs, 1934 complete and 0 interrupted iterations
saturation   [  93% ] 005/600 VUs  09m45.7s/10m30s  6.00 iters/s

running (09m46.8s), 005/600 VUs, 1940 complete and 0 interrupted iterations
saturation   [  93% ] 005/600 VUs  09m46.7s/10m30s  6.00 iters/s

running (09m47.8s), 005/600 VUs, 1946 complete and 0 interrupted iterations
saturation   [  93% ] 005/600 VUs  09m47.7s/10m30s  6.00 iters/s

running (09m48.8s), 005/600 VUs, 1952 complete and 0 interrupted iterations
saturation   [  93% ] 005/600 VUs  09m48.7s/10m30s  6.00 iters/s

running (09m49.8s), 005/600 VUs, 1958 complete and 0 interrupted iterations
saturation   [  94% ] 005/600 VUs  09m49.7s/10m30s  6.00 iters/s

running (09m50.8s), 005/600 VUs, 1964 complete and 0 interrupted iterations
saturation   [  94% ] 005/600 VUs  09m50.7s/10m30s  6.00 iters/s

running (09m51.8s), 005/600 VUs, 1970 complete and 0 interrupted iterations
saturation   [  94% ] 005/600 VUs  09m51.7s/10m30s  6.00 iters/s

running (09m52.8s), 005/600 VUs, 1976 complete and 0 interrupted iterations
saturation   [  94% ] 005/600 VUs  09m52.7s/10m30s  6.00 iters/s

running (09m53.8s), 005/600 VUs, 1982 complete and 0 interrupted iterations
saturation   [  94% ] 005/600 VUs  09m53.7s/10m30s  6.00 iters/s

running (09m54.8s), 005/600 VUs, 1988 complete and 0 interrupted iterations
saturation   [  94% ] 005/600 VUs  09m54.7s/10m30s  6.00 iters/s

running (09m55.8s), 005/600 VUs, 1994 complete and 0 interrupted iterations
saturation   [  95% ] 005/600 VUs  09m55.7s/10m30s  6.00 iters/s

running (09m56.8s), 005/600 VUs, 2000 complete and 0 interrupted iterations
saturation   [  95% ] 005/600 VUs  09m56.7s/10m30s  6.00 iters/s

running (09m57.8s), 005/600 VUs, 2006 complete and 0 interrupted iterations
saturation   [  95% ] 005/600 VUs  09m57.7s/10m30s  6.00 iters/s

running (09m58.8s), 005/600 VUs, 2012 complete and 0 interrupted iterations
saturation   [  95% ] 005/600 VUs  09m58.7s/10m30s  6.00 iters/s

running (09m59.8s), 005/600 VUs, 2018 complete and 0 interrupted iterations
saturation   [  95% ] 005/600 VUs  09m59.7s/10m30s  6.00 iters/s

running (10m00.8s), 005/600 VUs, 2024 complete and 0 interrupted iterations
saturation   [  95% ] 005/600 VUs  10m00.7s/10m30s  6.00 iters/s

running (10m01.8s), 006/600 VUs, 2029 complete and 0 interrupted iterations
saturation   [  96% ] 006/600 VUs  10m01.7s/10m30s  6.00 iters/s

running (10m02.8s), 005/600 VUs, 2036 complete and 0 interrupted iterations
saturation   [  96% ] 005/600 VUs  10m02.7s/10m30s  6.00 iters/s

running (10m03.8s), 005/600 VUs, 2042 complete and 0 interrupted iterations
saturation   [  96% ] 005/600 VUs  10m03.7s/10m30s  6.00 iters/s

running (10m04.8s), 005/600 VUs, 2048 complete and 0 interrupted iterations
saturation   [  96% ] 005/600 VUs  10m04.7s/10m30s  6.00 iters/s

running (10m05.8s), 005/600 VUs, 2054 complete and 0 interrupted iterations
saturation   [  96% ] 005/600 VUs  10m05.7s/10m30s  6.00 iters/s

running (10m06.8s), 005/600 VUs, 2060 complete and 0 interrupted iterations
saturation   [  96% ] 005/600 VUs  10m06.7s/10m30s  6.00 iters/s

running (10m07.8s), 005/600 VUs, 2066 complete and 0 interrupted iterations
saturation   [  96% ] 005/600 VUs  10m07.7s/10m30s  6.00 iters/s

running (10m08.8s), 005/600 VUs, 2072 complete and 0 interrupted iterations
saturation   [  97% ] 005/600 VUs  10m08.7s/10m30s  6.00 iters/s

running (10m09.8s), 005/600 VUs, 2078 complete and 0 interrupted iterations
saturation   [  97% ] 005/600 VUs  10m09.7s/10m30s  6.00 iters/s

running (10m10.8s), 005/600 VUs, 2084 complete and 0 interrupted iterations
saturation   [  97% ] 005/600 VUs  10m10.7s/10m30s  6.00 iters/s

running (10m11.8s), 006/600 VUs, 2089 complete and 0 interrupted iterations
saturation   [  97% ] 006/600 VUs  10m11.7s/10m30s  6.00 iters/s

running (10m12.8s), 005/600 VUs, 2096 complete and 0 interrupted iterations
saturation   [  97% ] 005/600 VUs  10m12.7s/10m30s  6.00 iters/s

running (10m13.8s), 005/600 VUs, 2102 complete and 0 interrupted iterations
saturation   [  97% ] 005/600 VUs  10m13.7s/10m30s  6.00 iters/s

running (10m14.8s), 005/600 VUs, 2108 complete and 0 interrupted iterations
saturation   [  98% ] 005/600 VUs  10m14.7s/10m30s  6.00 iters/s

running (10m15.8s), 005/600 VUs, 2114 complete and 0 interrupted iterations
saturation   [  98% ] 005/600 VUs  10m15.7s/10m30s  6.00 iters/s

running (10m16.8s), 005/600 VUs, 2120 complete and 0 interrupted iterations
saturation   [  98% ] 005/600 VUs  10m16.7s/10m30s  6.00 iters/s

running (10m17.8s), 005/600 VUs, 2126 complete and 0 interrupted iterations
saturation   [  98% ] 005/600 VUs  10m17.7s/10m30s  6.00 iters/s

running (10m18.8s), 005/600 VUs, 2132 complete and 0 interrupted iterations
saturation   [  98% ] 005/600 VUs  10m18.7s/10m30s  6.00 iters/s

running (10m19.8s), 005/600 VUs, 2138 complete and 0 interrupted iterations
saturation   [  98% ] 005/600 VUs  10m19.7s/10m30s  6.00 iters/s

running (10m20.8s), 005/600 VUs, 2144 complete and 0 interrupted iterations
saturation   [  99% ] 005/600 VUs  10m20.7s/10m30s  6.00 iters/s

running (10m21.8s), 005/600 VUs, 2150 complete and 0 interrupted iterations
saturation   [  99% ] 005/600 VUs  10m21.7s/10m30s  6.00 iters/s

running (10m22.8s), 005/600 VUs, 2156 complete and 0 interrupted iterations
saturation   [  99% ] 005/600 VUs  10m22.7s/10m30s  6.00 iters/s

running (10m23.8s), 005/600 VUs, 2162 complete and 0 interrupted iterations
saturation   [  99% ] 005/600 VUs  10m23.7s/10m30s  6.00 iters/s

running (10m24.8s), 005/600 VUs, 2168 complete and 0 interrupted iterations
saturation   [  99% ] 005/600 VUs  10m24.7s/10m30s  6.00 iters/s

running (10m25.8s), 005/600 VUs, 2174 complete and 0 interrupted iterations
saturation   [  99% ] 005/600 VUs  10m25.7s/10m30s  6.00 iters/s

running (10m26.8s), 005/600 VUs, 2180 complete and 0 interrupted iterations
saturation   [  99% ] 005/600 VUs  10m26.7s/10m30s  6.00 iters/s

running (10m27.8s), 005/600 VUs, 2186 complete and 0 interrupted iterations
saturation   [ 100% ] 005/600 VUs  10m27.7s/10m30s  6.00 iters/s

running (10m28.8s), 005/600 VUs, 2192 complete and 0 interrupted iterations
saturation   [ 100% ] 005/600 VUs  10m28.7s/10m30s  6.00 iters/s

running (10m29.8s), 005/600 VUs, 2198 complete and 0 interrupted iterations
saturation   [ 100% ] 005/600 VUs  10m29.7s/10m30s  6.00 iters/s

running (10m30.8s), 000/600 VUs, 2204 complete and 0 interrupted iterations
saturation ✓ [ 100% ] 000/600 VUs  10m30s  6.00 iters/s

================ DSP benchmark summary ================
-- per-phase latency --
  catalog                    p50=18.3 ms  p95=25.7 ms  p99=28.7 ms  max=39.2 ms  n=2204
  negotiation init (POST)    p50=9.9 ms  p95=11.2 ms  p99=19.0 ms  max=23.1 ms  n=2204
  time-to-AGREED (async)     p50=253.0 ms  p95=254.0 ms  p99=254.0 ms  max=265.0 ms  n=2204
  transfer init (POST)       p50=32.8 ms  p95=38.2 ms  p99=47.1 ms  max=54.8 ms  n=2204
  time-to-EDR (async)        p50=253.0 ms  p95=253.0 ms  p99=253.0 ms  max=270.0 ms  n=2204
  data pull                  p50=27.5 ms  p95=32.6 ms  p99=42.3 ms  max=49.0 ms  n=2204
-- end-to-end + throughput --
  e2e transaction            p50=856.0 ms  p95=869.0 ms  p99=877.0 ms  max=886.0 ms  n=2204
  data throughput (MB/s)     p50=0.0  p95=0.0  p99=0.0  max=0.0  n=2204
-- outcomes --
  transactions succeeded     count=2204  rate=3.494/s
  transactions failed        (no data)
  failed rate                rate=0.00%  (pass=0 fail=2204)
    of which TERMINATED      (no data)
    of which TIMED OUT       (no data)
    of which HTTP-FAILED     (no data)
  failure accounting       (no failures)
-- observer effect (poll load) --
  negotiation polls          count=4408  rate=6.988/s
  edr polls                  count=4408  rate=6.988/s
  polls per transaction     negotiation=2.0  edr=2.0  (timeout ceiling=120)
=======================================================
(full summary -> /home/rohitj/edc/benchmarking-dsp-native-basyx/k6-scripts/results/basyx/off/saturation-open/2026-08-11T20-51-47Z/k6-summary.json; POLL_INTERVAL_MS=250; IDENTITY_MODE=off)

running (10m30.8s), 000/600 VUs, 2204 complete and 0 interrupted iterations
saturation ✓ [ 100% ] 000/600 VUs  10m30s  6.00 iters/s
Prometheus snapshot [1786481589..1786482235] svc=(dsp-native-basyx|consumer-controlplane) win=1m -> /home/rohitj/edc/benchmarking-dsp-native-basyx/k6-scripts/results/basyx/off/saturation-open/2026-08-11T20-51-47Z
  jvm-heap.csv (130 rows)
  jvm-gc-rate.csv (130 rows)
  jvm-threads.csv (130 rows)
  http-throughput.csv (130 rows)
  http-p95.csv (130 rows)
  http-errors.csv (130 rows)
  http-errors-5xx.csv (0 rows)
  http-status.csv (260 rows)
  host-cpu-busy.csv (130 rows)
  host-mem-used.csv (130 rows)
  5xx: no 5xx in window (confirmed: http-status has 260 samples, so the status label IS scraped)
  logs -> /home/rohitj/edc/benchmarking-dsp-native-basyx/k6-scripts/results/basyx/off/saturation-open/2026-08-11T20-51-47Z/logs (1 files)
0
Settling 60s (this run stressed the connector; the next one must not inherit its backlog)
VALIDITY  ok=2204  failed=0  failed_rate=0%  dropped_iterations=0
>>> done: /home/rohitj/edc/benchmarking-dsp-native-basyx/k6-scripts/results/basyx/off/saturation-open/2026-08-11T20-51-47Z  (k6 exit 0)
Matrix done. Index: /home/rohitj/edc/benchmarking-dsp-native-basyx/k6-scripts/results/basyx/matrix-2026-08-11T20-25-32Z.log
TIP: aggregate the per-run k6-summary.json across reps into median+IQR before plotting.
21:04:55 |     done (exit 0)
21:04:55 |   … settling 120s before the next scenario
21:06:55 | --> export figures
renderer OK -> /home/rohitj/edc/benchmarking-dsp-native-basyx/k6-scripts/figures (profile=thesis theme=dark 1200x450)
  figures/basyx_off_concurrency-closed_rq2-closed-tx-outcome.png
  figures/basyx_off_concurrency-closed_rq2-closed-api-latency.png
  figures/basyx_off_poll-sensitivity_ctl-request-rate.png
  figures/basyx_off_saturation-open_rq2-tx-outcome.png
  figures/basyx_off_saturation-open_rq2-api-latency.png
  WARNING: basyx_off_saturation-open_rq2-failures-by-reason.png is only 8207 B — probably an EMPTY panel.
           Check: is the run window still inside Prometheus retention,
           and does the panel's query return anything for it? (see §7)
  figures/basyx_off_saturation-open_rq2-failures-by-reason.png
  figures/basyx_off_saturation-open_rq2-host-cpu.png
  figures/basyx_off_soak_rq3-jvm-heap.png
  figures/basyx_off_soak_rq3-jvm-gc.png
  figures/basyx_off_soak_rq3-jvm-threads.png
  figures/basyx_off_soak_rq3-host-mem.png
  figures/basyx_off_steady_rq1-tx-outcome.png
  figures/basyx_off_steady_rq1-async-latency.png
  figures/basyx_off_steady_rq1-api-latency.png
  figures/basyx_off_steady_rq4-polls-per-tx.png

exported 15 panel(s) to /home/rohitj/edc/benchmarking-dsp-native-basyx/k6-scripts/figures, 0 failed, 1 run(s) skipped as gates
WARNING: 1 image(s) look empty — do NOT put those in the thesis until checked

Use in LaTeX:
  \includegraphics[width=\textwidth]{figures/factoryx_on_steady_tx-outcome}
Export one connector/scenario only:   /home/rohitj/edc/benchmarking-dsp-native-basyx/k6-scripts/orchestration/export-panels.sh factoryx steady
Every repetition, not just the first: ALL_RUNS=1 /home/rohitj/edc/benchmarking-dsp-native-basyx/k6-scripts/orchestration/export-panels.sh
Every panel for every run:            PROFILE=all /home/rohitj/edc/benchmarking-dsp-native-basyx/k6-scripts/orchestration/export-panels.sh
A specific panel set:                 PANELS="edc-api-red:200:tx-outcome" /home/rohitj/edc/benchmarking-dsp-native-basyx/k6-scripts/orchestration/export-panels.sh
A light-theme variant instead:        THEME=light /home/rohitj/edc/benchmarking-dsp-native-basyx/k6-scripts/orchestration/export-panels.sh
21:08:11 |     done (exit 0)
21:08:11 | 
21:08:11 | === campaign done: basyx / identity-off in 112 min ===
21:08:11 | --- validity of every run (exit code is NOT the signal) ---
  concurrency-closed  VALIDITY  ok=11236  failed=0  failed_rate=0%  dropped_iterations=0
  poll-sensitivity    VALIDITY  ok=300  failed=0  failed_rate=0%  dropped_iterations=0
  poll-sensitivity    VALIDITY  ok=301  failed=0  failed_rate=0%  dropped_iterations=0
  saturation-open     VALIDITY  ok=2204  failed=0  failed_rate=0%  dropped_iterations=0
  saturation-open     VALIDITY  ok=2204  failed=0  failed_rate=0%  dropped_iterations=0
  saturation-open     VALIDITY  ok=2204  failed=0  failed_rate=0%  dropped_iterations=0
  smoke               VALIDITY  ok=5  failed=0  failed_rate=0%  dropped_iterations=0
  steady              VALIDITY  ok=300  failed=0  failed_rate=0%  dropped_iterations=0
  steady              VALIDITY  ok=301  failed=0  failed_rate=0%  dropped_iterations=0
  steady              VALIDITY  ok=301  failed=0  failed_rate=0%  dropped_iterations=0
  steady              VALIDITY  ok=300  failed=0  failed_rate=0%  dropped_iterations=0
  steady              VALIDITY  ok=301  failed=0  failed_rate=0%  dropped_iterations=0
21:08:11 | 
21:08:11 | runs flagged by the validity check: 0 (ramps are EXPECTED to flag — they overload by design)
21:08:11 | campaign log: /home/rohitj/edc/benchmarking-dsp-native-basyx/k6-scripts/results/basyx/campaign-off-2026-08-11T19-15-35Z.log
21:08:11 | 
21:08:11 | Next: take the arm down (./cleanup.sh off) — it wipes Prometheus, so export first.
