15:55:49 | === campaign: basyx / identity-off ===
parity OK: lib/ + scenarios/ + orchestration/ + tools/ identical to /home/rohitj/edc/benchmarking-dsp-native-basyx/k6-scripts
15:55:49 | parity OK against /home/rohitj/edc/benchmarking-dsp-native-basyx/k6-scripts
15:55:49 | preflight OK (consumer API + Prometheus)
15:55:49 | --> smoke (gate)
>>> basyx / smoke  ->  /home/rohitj/edc/benchmarking-dsp-native-basyx/k6-scripts/results/basyx/off/smoke/2026-08-03T15-55-49Z
parity OK: lib/ + scenarios/ + orchestration/ + tools/ identical to /home/rohitj/edc/benchmarking-dsp-native-basyx/k6-scripts
Health: http://localhost:8090/dsp http://localhost:8888/health + prometheus  OK
Warmup 60s @ 2/s (discarded)
k6 -> Prometheus remote-write: http://localhost:9090/api/v1/write

         /\      Grafana   /‾‾/  
    /\  /  \     |\  __   /  /   
   /  \/    \    | |/ /  /   ‾‾\ 
  /          \   |   (  |  (‾)  |
 / __________ \  |_|\_\  \_____/ 


     execution: local
        script: /home/rohitj/edc/benchmarking-dsp-native-basyx/k6-scripts/basyx-off/smoke.js
        output: Prometheus remote write (http://localhost:9090/api/v1/write)

     scenarios: (100.00%) 1 scenario, 1 max VUs, 5m30s max duration (incl. graceful stop):
              * smoke: 5 iterations for each of 1 VUs (maxDuration: 5m0s, gracefulStop: 30s)

time="2026-08-03T15:56:54Z" level=info msg="seed: {\"seeded\":true,\"status\":409,\"shellId\":\"e38a0f92-4ee8-436c-a535-0f9cdad4c3c8\"}" source=console

running (0m01.0s), 1/1 VUs, 0 complete and 0 interrupted iterations
smoke   [   0% ] 1 VUs  0m00.8s/5m0s  0/5 iters, 5 per VU

running (0m02.0s), 1/1 VUs, 2 complete and 0 interrupted iterations
smoke   [  40% ] 1 VUs  0m01.8s/5m0s  2/5 iters, 5 per VU

running (0m03.0s), 1/1 VUs, 3 complete and 0 interrupted iterations
smoke   [  60% ] 1 VUs  0m02.8s/5m0s  3/5 iters, 5 per VU

running (0m04.0s), 1/1 VUs, 4 complete and 0 interrupted iterations
smoke   [  80% ] 1 VUs  0m03.8s/5m0s  4/5 iters, 5 per VU

================ DSP benchmark summary ================
-- per-phase latency --
  catalog                    p50=17.3 ms  p95=21.0 ms  p99=21.3 ms  max=21.4 ms  n=5
  negotiation init (POST)    p50=13.1 ms  p95=13.5 ms  p99=13.6 ms  max=13.6 ms  n=5
  time-to-AGREED (async)     p50=253.0 ms  p95=254.6 ms  p99=254.9 ms  max=255.0 ms  n=5
  transfer init (POST)       p50=13.2 ms  p95=13.4 ms  p99=13.5 ms  max=13.5 ms  n=5
  time-to-EDR (async)        p50=253.0 ms  p95=253.8 ms  p99=254.0 ms  max=254.0 ms  n=5
  data pull                  p50=6.7 ms  p95=10.1 ms  p99=10.7 ms  max=10.8 ms  n=5
-- end-to-end + throughput --
  e2e transaction            p50=821.0 ms  p95=831.0 ms  p99=832.6 ms  max=833.0 ms  n=5
  data throughput (MB/s)     p50=0.0  p95=0.0  p99=0.0  max=0.0  n=5
-- outcomes --
  transactions succeeded     count=5  rate=1.155/s
  transactions failed        (no data)
  failed rate                rate=0.00%  (pass=0 fail=5)
    of which TERMINATED      (no data)
    of which TIMED OUT       (no data)
    of which HTTP-FAILED     (no data)
  failure accounting       (no failures)
-- observer effect (poll load) --
  negotiation polls          count=10  rate=2.311/s
  edr polls                  count=10  rate=2.311/s
  polls per transaction     negotiation=2.0  edr=2.0  (timeout ceiling=120)
=======================================================
(full summary -> /home/rohitj/edc/benchmarking-dsp-native-basyx/k6-scripts/results/basyx/off/smoke/2026-08-03T15-55-49Z/k6-summary.json; POLL_INTERVAL_MS=250; IDENTITY_MODE=off)

running (0m04.3s), 0/1 VUs, 5 complete and 0 interrupted iterations
smoke ✓ [ 100% ] 1 VUs  0m04.1s/5m0s  5/5 iters, 5 per VU
Prometheus snapshot [1785772614..1785772633] svc=(dsp-native-basyx|consumer-controlplane) win=1m -> /home/rohitj/edc/benchmarking-dsp-native-basyx/k6-scripts/results/basyx/off/smoke/2026-08-03T15-55-49Z
  jvm-heap.csv (4 rows)
  jvm-gc-rate.csv (4 rows)
  jvm-threads.csv (4 rows)
  http-throughput.csv (4 rows)
  http-p95.csv (4 rows)
  http-errors.csv (4 rows)
  http-errors-5xx.csv (0 rows)
  http-status.csv (5 rows)
  host-cpu-busy.csv (4 rows)
  host-mem-used.csv (4 rows)
  5xx: no 5xx in window (confirmed: http-status has 5 samples, so the status label IS scraped)
  logs -> /home/rohitj/edc/benchmarking-dsp-native-basyx/k6-scripts/results/basyx/off/smoke/2026-08-03T15-55-49Z/logs (1 files)
0
VALIDITY  ok=5  failed=0  failed_rate=0%  dropped_iterations=0
>>> done: /home/rohitj/edc/benchmarking-dsp-native-basyx/k6-scripts/results/basyx/off/smoke/2026-08-03T15-55-49Z  (k6 exit 0)
15:57:14 |     smoke passed
15:57:14 |   … settling 120s before the next scenario
15:59:14 | --> steady x2
Matrix: connector=basyx reps=2 scenarios=[steady]
===== repetition 1/2 =====
----- basyx / steady (rep 1) -----
>>> basyx / steady  ->  /home/rohitj/edc/benchmarking-dsp-native-basyx/k6-scripts/results/basyx/off/steady/2026-08-03T15-59-14Z
parity OK: lib/ + scenarios/ + orchestration/ + tools/ identical to /home/rohitj/edc/benchmarking-dsp-native-basyx/k6-scripts
Health: http://localhost:8090/dsp http://localhost:8888/health + prometheus  OK
Warmup 60s @ 2/s (discarded)
k6 -> Prometheus remote-write: http://localhost:9090/api/v1/write

         /\      Grafana   /‾‾/  
    /\  /  \     |\  __   /  /   
   /  \/    \    | |/ /  /   ‾‾\ 
  /          \   |   (  |  (‾)  |
 / __________ \  |_|\_\  \_____/ 


     execution: local
        script: /home/rohitj/edc/benchmarking-dsp-native-basyx/k6-scripts/basyx-off/steady.js
        output: Prometheus remote write (http://localhost:9090/api/v1/write)

     scenarios: (100.00%) 1 scenario, 200 max VUs, 5m30s max duration (incl. graceful stop):
              * steady: 2.00 iterations/s for 5m0s (maxVUs: 50-200, gracefulStop: 30s)


running (0m01.0s), 001/050 VUs, 1 complete and 0 interrupted iterations
steady   [   0% ] 001/050 VUs  0m00.8s/5m0s  2.00 iters/s

running (0m02.0s), 001/050 VUs, 3 complete and 0 interrupted iterations
steady   [   1% ] 001/050 VUs  0m01.8s/5m0s  2.00 iters/s

running (0m03.0s), 001/050 VUs, 5 complete and 0 interrupted iterations
steady   [   1% ] 001/050 VUs  0m02.8s/5m0s  2.00 iters/s

running (0m04.0s), 001/050 VUs, 7 complete and 0 interrupted iterations
steady   [   1% ] 001/050 VUs  0m03.8s/5m0s  2.00 iters/s

running (0m05.0s), 001/050 VUs, 9 complete and 0 interrupted iterations
steady   [   2% ] 001/050 VUs  0m04.8s/5m0s  2.00 iters/s

running (0m06.0s), 001/050 VUs, 11 complete and 0 interrupted iterations
steady   [   2% ] 001/050 VUs  0m05.8s/5m0s  2.00 iters/s

running (0m07.0s), 001/050 VUs, 13 complete and 0 interrupted iterations
steady   [   2% ] 001/050 VUs  0m06.8s/5m0s  2.00 iters/s

running (0m08.0s), 001/050 VUs, 15 complete and 0 interrupted iterations
steady   [   3% ] 001/050 VUs  0m07.8s/5m0s  2.00 iters/s

running (0m09.0s), 001/050 VUs, 17 complete and 0 interrupted iterations
steady   [   3% ] 001/050 VUs  0m08.8s/5m0s  2.00 iters/s

running (0m10.0s), 001/050 VUs, 19 complete and 0 interrupted iterations
steady   [   3% ] 001/050 VUs  0m09.8s/5m0s  2.00 iters/s

running (0m11.0s), 001/050 VUs, 21 complete and 0 interrupted iterations
steady   [   4% ] 001/050 VUs  0m10.8s/5m0s  2.00 iters/s

running (0m12.0s), 001/050 VUs, 23 complete and 0 interrupted iterations
steady   [   4% ] 001/050 VUs  0m11.8s/5m0s  2.00 iters/s

running (0m13.0s), 001/050 VUs, 25 complete and 0 interrupted iterations
steady   [   4% ] 001/050 VUs  0m12.8s/5m0s  2.00 iters/s

running (0m14.0s), 001/050 VUs, 27 complete and 0 interrupted iterations
steady   [   5% ] 001/050 VUs  0m13.8s/5m0s  2.00 iters/s

running (0m15.0s), 001/050 VUs, 29 complete and 0 interrupted iterations
steady   [   5% ] 001/050 VUs  0m14.8s/5m0s  2.00 iters/s

running (0m16.0s), 001/050 VUs, 31 complete and 0 interrupted iterations
steady   [   5% ] 001/050 VUs  0m15.8s/5m0s  2.00 iters/s

running (0m17.0s), 001/050 VUs, 33 complete and 0 interrupted iterations
steady   [   6% ] 001/050 VUs  0m16.8s/5m0s  2.00 iters/s

running (0m18.0s), 001/050 VUs, 35 complete and 0 interrupted iterations
steady   [   6% ] 001/050 VUs  0m17.8s/5m0s  2.00 iters/s

running (0m19.0s), 001/050 VUs, 37 complete and 0 interrupted iterations
steady   [   6% ] 001/050 VUs  0m18.8s/5m0s  2.00 iters/s

running (0m20.0s), 001/050 VUs, 39 complete and 0 interrupted iterations
steady   [   7% ] 001/050 VUs  0m19.8s/5m0s  2.00 iters/s

running (0m21.0s), 001/050 VUs, 41 complete and 0 interrupted iterations
steady   [   7% ] 001/050 VUs  0m20.8s/5m0s  2.00 iters/s

running (0m22.0s), 001/050 VUs, 43 complete and 0 interrupted iterations
steady   [   7% ] 001/050 VUs  0m21.8s/5m0s  2.00 iters/s

running (0m23.0s), 001/050 VUs, 45 complete and 0 interrupted iterations
steady   [   8% ] 001/050 VUs  0m22.8s/5m0s  2.00 iters/s

running (0m24.0s), 001/050 VUs, 47 complete and 0 interrupted iterations
steady   [   8% ] 001/050 VUs  0m23.8s/5m0s  2.00 iters/s

running (0m25.0s), 001/050 VUs, 49 complete and 0 interrupted iterations
steady   [   8% ] 001/050 VUs  0m24.8s/5m0s  2.00 iters/s

running (0m26.0s), 001/050 VUs, 51 complete and 0 interrupted iterations
steady   [   9% ] 001/050 VUs  0m25.8s/5m0s  2.00 iters/s

running (0m27.0s), 001/050 VUs, 53 complete and 0 interrupted iterations
steady   [   9% ] 001/050 VUs  0m26.8s/5m0s  2.00 iters/s

running (0m28.0s), 001/050 VUs, 55 complete and 0 interrupted iterations
steady   [   9% ] 001/050 VUs  0m27.8s/5m0s  2.00 iters/s

running (0m29.0s), 001/050 VUs, 57 complete and 0 interrupted iterations
steady   [  10% ] 001/050 VUs  0m28.8s/5m0s  2.00 iters/s

running (0m30.0s), 001/050 VUs, 59 complete and 0 interrupted iterations
steady   [  10% ] 001/050 VUs  0m29.8s/5m0s  2.00 iters/s

running (0m31.0s), 001/050 VUs, 61 complete and 0 interrupted iterations
steady   [  10% ] 001/050 VUs  0m30.8s/5m0s  2.00 iters/s

running (0m32.0s), 001/050 VUs, 63 complete and 0 interrupted iterations
steady   [  11% ] 001/050 VUs  0m31.8s/5m0s  2.00 iters/s

running (0m33.0s), 001/050 VUs, 65 complete and 0 interrupted iterations
steady   [  11% ] 001/050 VUs  0m32.8s/5m0s  2.00 iters/s

running (0m34.0s), 001/050 VUs, 67 complete and 0 interrupted iterations
steady   [  11% ] 001/050 VUs  0m33.8s/5m0s  2.00 iters/s

running (0m35.0s), 001/050 VUs, 69 complete and 0 interrupted iterations
steady   [  12% ] 001/050 VUs  0m34.8s/5m0s  2.00 iters/s

running (0m36.0s), 001/050 VUs, 71 complete and 0 interrupted iterations
steady   [  12% ] 001/050 VUs  0m35.8s/5m0s  2.00 iters/s

running (0m37.0s), 001/050 VUs, 73 complete and 0 interrupted iterations
steady   [  12% ] 001/050 VUs  0m36.8s/5m0s  2.00 iters/s

running (0m38.0s), 001/050 VUs, 75 complete and 0 interrupted iterations
steady   [  13% ] 001/050 VUs  0m37.8s/5m0s  2.00 iters/s

running (0m39.0s), 001/050 VUs, 77 complete and 0 interrupted iterations
steady   [  13% ] 001/050 VUs  0m38.8s/5m0s  2.00 iters/s

running (0m40.0s), 001/050 VUs, 79 complete and 0 interrupted iterations
steady   [  13% ] 001/050 VUs  0m39.8s/5m0s  2.00 iters/s

running (0m41.0s), 001/050 VUs, 81 complete and 0 interrupted iterations
steady   [  14% ] 001/050 VUs  0m40.8s/5m0s  2.00 iters/s

running (0m42.0s), 001/050 VUs, 83 complete and 0 interrupted iterations
steady   [  14% ] 001/050 VUs  0m41.8s/5m0s  2.00 iters/s

running (0m43.0s), 001/050 VUs, 85 complete and 0 interrupted iterations
steady   [  14% ] 001/050 VUs  0m42.8s/5m0s  2.00 iters/s

running (0m44.0s), 001/050 VUs, 87 complete and 0 interrupted iterations
steady   [  15% ] 001/050 VUs  0m43.8s/5m0s  2.00 iters/s

running (0m45.0s), 001/050 VUs, 89 complete and 0 interrupted iterations
steady   [  15% ] 001/050 VUs  0m44.8s/5m0s  2.00 iters/s

running (0m46.0s), 001/050 VUs, 91 complete and 0 interrupted iterations
steady   [  15% ] 001/050 VUs  0m45.8s/5m0s  2.00 iters/s

running (0m47.0s), 001/050 VUs, 93 complete and 0 interrupted iterations
steady   [  16% ] 001/050 VUs  0m46.8s/5m0s  2.00 iters/s

running (0m48.0s), 001/050 VUs, 95 complete and 0 interrupted iterations
steady   [  16% ] 001/050 VUs  0m47.8s/5m0s  2.00 iters/s

running (0m49.0s), 001/050 VUs, 97 complete and 0 interrupted iterations
steady   [  16% ] 001/050 VUs  0m48.8s/5m0s  2.00 iters/s

running (0m50.0s), 001/050 VUs, 99 complete and 0 interrupted iterations
steady   [  17% ] 001/050 VUs  0m49.8s/5m0s  2.00 iters/s

running (0m51.0s), 001/050 VUs, 101 complete and 0 interrupted iterations
steady   [  17% ] 001/050 VUs  0m50.8s/5m0s  2.00 iters/s

running (0m52.0s), 001/050 VUs, 103 complete and 0 interrupted iterations
steady   [  17% ] 001/050 VUs  0m51.8s/5m0s  2.00 iters/s

running (0m53.0s), 001/050 VUs, 105 complete and 0 interrupted iterations
steady   [  18% ] 001/050 VUs  0m52.8s/5m0s  2.00 iters/s

running (0m54.0s), 001/050 VUs, 107 complete and 0 interrupted iterations
steady   [  18% ] 001/050 VUs  0m53.8s/5m0s  2.00 iters/s

running (0m55.0s), 001/050 VUs, 109 complete and 0 interrupted iterations
steady   [  18% ] 001/050 VUs  0m54.8s/5m0s  2.00 iters/s

running (0m56.0s), 001/050 VUs, 111 complete and 0 interrupted iterations
steady   [  19% ] 001/050 VUs  0m55.8s/5m0s  2.00 iters/s

running (0m57.0s), 001/050 VUs, 113 complete and 0 interrupted iterations
steady   [  19% ] 001/050 VUs  0m56.8s/5m0s  2.00 iters/s

running (0m58.0s), 001/050 VUs, 115 complete and 0 interrupted iterations
steady   [  19% ] 001/050 VUs  0m57.8s/5m0s  2.00 iters/s

running (0m59.0s), 001/050 VUs, 117 complete and 0 interrupted iterations
steady   [  20% ] 001/050 VUs  0m58.8s/5m0s  2.00 iters/s

running (1m00.0s), 001/050 VUs, 119 complete and 0 interrupted iterations
steady   [  20% ] 001/050 VUs  0m59.8s/5m0s  2.00 iters/s

running (1m01.0s), 001/050 VUs, 121 complete and 0 interrupted iterations
steady   [  20% ] 001/050 VUs  1m00.8s/5m0s  2.00 iters/s

running (1m02.0s), 001/050 VUs, 123 complete and 0 interrupted iterations
steady   [  21% ] 001/050 VUs  1m01.8s/5m0s  2.00 iters/s

running (1m03.0s), 001/050 VUs, 125 complete and 0 interrupted iterations
steady   [  21% ] 001/050 VUs  1m02.8s/5m0s  2.00 iters/s

running (1m04.0s), 001/050 VUs, 127 complete and 0 interrupted iterations
steady   [  21% ] 001/050 VUs  1m03.8s/5m0s  2.00 iters/s

running (1m05.0s), 001/050 VUs, 129 complete and 0 interrupted iterations
steady   [  22% ] 001/050 VUs  1m04.8s/5m0s  2.00 iters/s

running (1m06.0s), 001/050 VUs, 131 complete and 0 interrupted iterations
steady   [  22% ] 001/050 VUs  1m05.8s/5m0s  2.00 iters/s

running (1m07.0s), 001/050 VUs, 133 complete and 0 interrupted iterations
steady   [  22% ] 001/050 VUs  1m06.8s/5m0s  2.00 iters/s

running (1m08.0s), 001/050 VUs, 135 complete and 0 interrupted iterations
steady   [  23% ] 001/050 VUs  1m07.8s/5m0s  2.00 iters/s

running (1m09.0s), 001/050 VUs, 137 complete and 0 interrupted iterations
steady   [  23% ] 001/050 VUs  1m08.8s/5m0s  2.00 iters/s

running (1m10.0s), 001/050 VUs, 139 complete and 0 interrupted iterations
steady   [  23% ] 001/050 VUs  1m09.8s/5m0s  2.00 iters/s

running (1m11.0s), 001/050 VUs, 141 complete and 0 interrupted iterations
steady   [  24% ] 001/050 VUs  1m10.8s/5m0s  2.00 iters/s

running (1m12.0s), 001/050 VUs, 143 complete and 0 interrupted iterations
steady   [  24% ] 001/050 VUs  1m11.8s/5m0s  2.00 iters/s

running (1m13.0s), 001/050 VUs, 145 complete and 0 interrupted iterations
steady   [  24% ] 001/050 VUs  1m12.8s/5m0s  2.00 iters/s

running (1m14.0s), 001/050 VUs, 147 complete and 0 interrupted iterations
steady   [  25% ] 001/050 VUs  1m13.8s/5m0s  2.00 iters/s

running (1m15.0s), 001/050 VUs, 149 complete and 0 interrupted iterations
steady   [  25% ] 001/050 VUs  1m14.8s/5m0s  2.00 iters/s

running (1m16.0s), 001/050 VUs, 151 complete and 0 interrupted iterations
steady   [  25% ] 001/050 VUs  1m15.8s/5m0s  2.00 iters/s

running (1m17.0s), 001/050 VUs, 153 complete and 0 interrupted iterations
steady   [  26% ] 001/050 VUs  1m16.8s/5m0s  2.00 iters/s

running (1m18.0s), 001/050 VUs, 155 complete and 0 interrupted iterations
steady   [  26% ] 001/050 VUs  1m17.8s/5m0s  2.00 iters/s

running (1m19.0s), 001/050 VUs, 157 complete and 0 interrupted iterations
steady   [  26% ] 001/050 VUs  1m18.8s/5m0s  2.00 iters/s

running (1m20.0s), 001/050 VUs, 159 complete and 0 interrupted iterations
steady   [  27% ] 001/050 VUs  1m19.8s/5m0s  2.00 iters/s

running (1m21.0s), 001/050 VUs, 161 complete and 0 interrupted iterations
steady   [  27% ] 001/050 VUs  1m20.8s/5m0s  2.00 iters/s

running (1m22.0s), 001/050 VUs, 163 complete and 0 interrupted iterations
steady   [  27% ] 001/050 VUs  1m21.8s/5m0s  2.00 iters/s

running (1m23.0s), 001/050 VUs, 165 complete and 0 interrupted iterations
steady   [  28% ] 001/050 VUs  1m22.8s/5m0s  2.00 iters/s

running (1m24.0s), 001/050 VUs, 167 complete and 0 interrupted iterations
steady   [  28% ] 001/050 VUs  1m23.8s/5m0s  2.00 iters/s

running (1m25.0s), 001/050 VUs, 169 complete and 0 interrupted iterations
steady   [  28% ] 001/050 VUs  1m24.8s/5m0s  2.00 iters/s

running (1m26.0s), 001/050 VUs, 171 complete and 0 interrupted iterations
steady   [  29% ] 001/050 VUs  1m25.8s/5m0s  2.00 iters/s

running (1m27.0s), 001/050 VUs, 173 complete and 0 interrupted iterations
steady   [  29% ] 001/050 VUs  1m26.8s/5m0s  2.00 iters/s

running (1m28.0s), 001/050 VUs, 175 complete and 0 interrupted iterations
steady   [  29% ] 001/050 VUs  1m27.8s/5m0s  2.00 iters/s

running (1m29.0s), 001/050 VUs, 177 complete and 0 interrupted iterations
steady   [  30% ] 001/050 VUs  1m28.8s/5m0s  2.00 iters/s

running (1m30.0s), 001/050 VUs, 179 complete and 0 interrupted iterations
steady   [  30% ] 001/050 VUs  1m29.8s/5m0s  2.00 iters/s

running (1m31.0s), 001/050 VUs, 181 complete and 0 interrupted iterations
steady   [  30% ] 001/050 VUs  1m30.8s/5m0s  2.00 iters/s

running (1m32.0s), 001/050 VUs, 183 complete and 0 interrupted iterations
steady   [  31% ] 001/050 VUs  1m31.8s/5m0s  2.00 iters/s

running (1m33.0s), 001/050 VUs, 185 complete and 0 interrupted iterations
steady   [  31% ] 001/050 VUs  1m32.8s/5m0s  2.00 iters/s

running (1m34.0s), 001/050 VUs, 187 complete and 0 interrupted iterations
steady   [  31% ] 001/050 VUs  1m33.8s/5m0s  2.00 iters/s

running (1m35.0s), 001/050 VUs, 189 complete and 0 interrupted iterations
steady   [  32% ] 001/050 VUs  1m34.8s/5m0s  2.00 iters/s

running (1m36.0s), 001/050 VUs, 191 complete and 0 interrupted iterations
steady   [  32% ] 001/050 VUs  1m35.8s/5m0s  2.00 iters/s

running (1m37.0s), 001/050 VUs, 193 complete and 0 interrupted iterations
steady   [  32% ] 001/050 VUs  1m36.8s/5m0s  2.00 iters/s

running (1m38.0s), 001/050 VUs, 195 complete and 0 interrupted iterations
steady   [  33% ] 001/050 VUs  1m37.8s/5m0s  2.00 iters/s

running (1m39.0s), 001/050 VUs, 197 complete and 0 interrupted iterations
steady   [  33% ] 001/050 VUs  1m38.8s/5m0s  2.00 iters/s

running (1m40.0s), 001/050 VUs, 199 complete and 0 interrupted iterations
steady   [  33% ] 001/050 VUs  1m39.8s/5m0s  2.00 iters/s

running (1m41.0s), 001/050 VUs, 201 complete and 0 interrupted iterations
steady   [  34% ] 001/050 VUs  1m40.8s/5m0s  2.00 iters/s

running (1m42.0s), 001/050 VUs, 203 complete and 0 interrupted iterations
steady   [  34% ] 001/050 VUs  1m41.8s/5m0s  2.00 iters/s

running (1m43.0s), 001/050 VUs, 205 complete and 0 interrupted iterations
steady   [  34% ] 001/050 VUs  1m42.8s/5m0s  2.00 iters/s

running (1m44.0s), 001/050 VUs, 207 complete and 0 interrupted iterations
steady   [  35% ] 001/050 VUs  1m43.8s/5m0s  2.00 iters/s

running (1m45.0s), 001/050 VUs, 209 complete and 0 interrupted iterations
steady   [  35% ] 001/050 VUs  1m44.8s/5m0s  2.00 iters/s

running (1m46.0s), 001/050 VUs, 211 complete and 0 interrupted iterations
steady   [  35% ] 001/050 VUs  1m45.8s/5m0s  2.00 iters/s

running (1m47.0s), 001/050 VUs, 213 complete and 0 interrupted iterations
steady   [  36% ] 001/050 VUs  1m46.8s/5m0s  2.00 iters/s

running (1m48.0s), 001/050 VUs, 215 complete and 0 interrupted iterations
steady   [  36% ] 001/050 VUs  1m47.8s/5m0s  2.00 iters/s

running (1m49.0s), 001/050 VUs, 217 complete and 0 interrupted iterations
steady   [  36% ] 001/050 VUs  1m48.8s/5m0s  2.00 iters/s

running (1m50.0s), 001/050 VUs, 219 complete and 0 interrupted iterations
steady   [  37% ] 001/050 VUs  1m49.8s/5m0s  2.00 iters/s

running (1m51.0s), 001/050 VUs, 221 complete and 0 interrupted iterations
steady   [  37% ] 001/050 VUs  1m50.8s/5m0s  2.00 iters/s

running (1m52.0s), 001/050 VUs, 223 complete and 0 interrupted iterations
steady   [  37% ] 001/050 VUs  1m51.8s/5m0s  2.00 iters/s

running (1m53.0s), 001/050 VUs, 225 complete and 0 interrupted iterations
steady   [  38% ] 001/050 VUs  1m52.8s/5m0s  2.00 iters/s

running (1m54.0s), 001/050 VUs, 227 complete and 0 interrupted iterations
steady   [  38% ] 001/050 VUs  1m53.8s/5m0s  2.00 iters/s

running (1m55.0s), 001/050 VUs, 229 complete and 0 interrupted iterations
steady   [  38% ] 001/050 VUs  1m54.8s/5m0s  2.00 iters/s

running (1m56.0s), 001/050 VUs, 231 complete and 0 interrupted iterations
steady   [  39% ] 001/050 VUs  1m55.8s/5m0s  2.00 iters/s

running (1m57.0s), 001/050 VUs, 233 complete and 0 interrupted iterations
steady   [  39% ] 001/050 VUs  1m56.8s/5m0s  2.00 iters/s

running (1m58.0s), 001/050 VUs, 235 complete and 0 interrupted iterations
steady   [  39% ] 001/050 VUs  1m57.8s/5m0s  2.00 iters/s

running (1m59.0s), 001/050 VUs, 237 complete and 0 interrupted iterations
steady   [  40% ] 001/050 VUs  1m58.8s/5m0s  2.00 iters/s

running (2m00.0s), 001/050 VUs, 239 complete and 0 interrupted iterations
steady   [  40% ] 001/050 VUs  1m59.8s/5m0s  2.00 iters/s

running (2m01.0s), 001/050 VUs, 241 complete and 0 interrupted iterations
steady   [  40% ] 001/050 VUs  2m00.8s/5m0s  2.00 iters/s

running (2m02.0s), 001/050 VUs, 243 complete and 0 interrupted iterations
steady   [  41% ] 001/050 VUs  2m01.8s/5m0s  2.00 iters/s

running (2m03.0s), 001/050 VUs, 245 complete and 0 interrupted iterations
steady   [  41% ] 001/050 VUs  2m02.8s/5m0s  2.00 iters/s

running (2m04.0s), 001/050 VUs, 247 complete and 0 interrupted iterations
steady   [  41% ] 001/050 VUs  2m03.8s/5m0s  2.00 iters/s

running (2m05.0s), 001/050 VUs, 249 complete and 0 interrupted iterations
steady   [  42% ] 001/050 VUs  2m04.8s/5m0s  2.00 iters/s

running (2m06.0s), 001/050 VUs, 251 complete and 0 interrupted iterations
steady   [  42% ] 001/050 VUs  2m05.8s/5m0s  2.00 iters/s

running (2m07.0s), 001/050 VUs, 253 complete and 0 interrupted iterations
steady   [  42% ] 001/050 VUs  2m06.8s/5m0s  2.00 iters/s

running (2m08.0s), 001/050 VUs, 255 complete and 0 interrupted iterations
steady   [  43% ] 001/050 VUs  2m07.8s/5m0s  2.00 iters/s

running (2m09.0s), 001/050 VUs, 257 complete and 0 interrupted iterations
steady   [  43% ] 001/050 VUs  2m08.8s/5m0s  2.00 iters/s

running (2m10.0s), 001/050 VUs, 259 complete and 0 interrupted iterations
steady   [  43% ] 001/050 VUs  2m09.8s/5m0s  2.00 iters/s

running (2m11.0s), 001/050 VUs, 261 complete and 0 interrupted iterations
steady   [  44% ] 001/050 VUs  2m10.8s/5m0s  2.00 iters/s

running (2m12.0s), 001/050 VUs, 263 complete and 0 interrupted iterations
steady   [  44% ] 001/050 VUs  2m11.8s/5m0s  2.00 iters/s

running (2m13.0s), 001/050 VUs, 265 complete and 0 interrupted iterations
steady   [  44% ] 001/050 VUs  2m12.8s/5m0s  2.00 iters/s

running (2m14.0s), 001/050 VUs, 267 complete and 0 interrupted iterations
steady   [  45% ] 001/050 VUs  2m13.8s/5m0s  2.00 iters/s

running (2m15.0s), 001/050 VUs, 269 complete and 0 interrupted iterations
steady   [  45% ] 001/050 VUs  2m14.8s/5m0s  2.00 iters/s

running (2m16.0s), 001/050 VUs, 271 complete and 0 interrupted iterations
steady   [  45% ] 001/050 VUs  2m15.8s/5m0s  2.00 iters/s

running (2m17.0s), 001/050 VUs, 273 complete and 0 interrupted iterations
steady   [  46% ] 001/050 VUs  2m16.8s/5m0s  2.00 iters/s

running (2m18.0s), 001/050 VUs, 275 complete and 0 interrupted iterations
steady   [  46% ] 001/050 VUs  2m17.8s/5m0s  2.00 iters/s

running (2m19.0s), 001/050 VUs, 277 complete and 0 interrupted iterations
steady   [  46% ] 001/050 VUs  2m18.8s/5m0s  2.00 iters/s

running (2m20.0s), 001/050 VUs, 279 complete and 0 interrupted iterations
steady   [  47% ] 001/050 VUs  2m19.8s/5m0s  2.00 iters/s

running (2m21.0s), 001/050 VUs, 281 complete and 0 interrupted iterations
steady   [  47% ] 001/050 VUs  2m20.8s/5m0s  2.00 iters/s

running (2m22.0s), 001/050 VUs, 283 complete and 0 interrupted iterations
steady   [  47% ] 001/050 VUs  2m21.8s/5m0s  2.00 iters/s

running (2m23.0s), 001/050 VUs, 285 complete and 0 interrupted iterations
steady   [  48% ] 001/050 VUs  2m22.8s/5m0s  2.00 iters/s

running (2m24.0s), 001/050 VUs, 287 complete and 0 interrupted iterations
steady   [  48% ] 001/050 VUs  2m23.8s/5m0s  2.00 iters/s

running (2m25.0s), 001/050 VUs, 289 complete and 0 interrupted iterations
steady   [  48% ] 001/050 VUs  2m24.8s/5m0s  2.00 iters/s

running (2m26.0s), 001/050 VUs, 291 complete and 0 interrupted iterations
steady   [  49% ] 001/050 VUs  2m25.8s/5m0s  2.00 iters/s

running (2m27.0s), 001/050 VUs, 293 complete and 0 interrupted iterations
steady   [  49% ] 001/050 VUs  2m26.8s/5m0s  2.00 iters/s

running (2m28.0s), 001/050 VUs, 295 complete and 0 interrupted iterations
steady   [  49% ] 001/050 VUs  2m27.8s/5m0s  2.00 iters/s

running (2m29.0s), 001/050 VUs, 297 complete and 0 interrupted iterations
steady   [  50% ] 001/050 VUs  2m28.8s/5m0s  2.00 iters/s

running (2m30.0s), 001/050 VUs, 299 complete and 0 interrupted iterations
steady   [  50% ] 001/050 VUs  2m29.8s/5m0s  2.00 iters/s

running (2m31.0s), 001/050 VUs, 301 complete and 0 interrupted iterations
steady   [  50% ] 001/050 VUs  2m30.8s/5m0s  2.00 iters/s

running (2m32.0s), 001/050 VUs, 303 complete and 0 interrupted iterations
steady   [  51% ] 001/050 VUs  2m31.8s/5m0s  2.00 iters/s

running (2m33.0s), 001/050 VUs, 305 complete and 0 interrupted iterations
steady   [  51% ] 001/050 VUs  2m32.8s/5m0s  2.00 iters/s

running (2m34.0s), 001/050 VUs, 307 complete and 0 interrupted iterations
steady   [  51% ] 001/050 VUs  2m33.8s/5m0s  2.00 iters/s

running (2m35.0s), 001/050 VUs, 309 complete and 0 interrupted iterations
steady   [  52% ] 001/050 VUs  2m34.8s/5m0s  2.00 iters/s

running (2m36.0s), 001/050 VUs, 311 complete and 0 interrupted iterations
steady   [  52% ] 001/050 VUs  2m35.8s/5m0s  2.00 iters/s

running (2m37.0s), 001/050 VUs, 313 complete and 0 interrupted iterations
steady   [  52% ] 001/050 VUs  2m36.8s/5m0s  2.00 iters/s

running (2m38.0s), 001/050 VUs, 315 complete and 0 interrupted iterations
steady   [  53% ] 001/050 VUs  2m37.8s/5m0s  2.00 iters/s

running (2m39.0s), 001/050 VUs, 317 complete and 0 interrupted iterations
steady   [  53% ] 001/050 VUs  2m38.8s/5m0s  2.00 iters/s

running (2m40.0s), 001/050 VUs, 319 complete and 0 interrupted iterations
steady   [  53% ] 001/050 VUs  2m39.8s/5m0s  2.00 iters/s

running (2m41.0s), 001/050 VUs, 321 complete and 0 interrupted iterations
steady   [  54% ] 001/050 VUs  2m40.8s/5m0s  2.00 iters/s

running (2m42.0s), 001/050 VUs, 323 complete and 0 interrupted iterations
steady   [  54% ] 001/050 VUs  2m41.8s/5m0s  2.00 iters/s

running (2m43.0s), 001/050 VUs, 325 complete and 0 interrupted iterations
steady   [  54% ] 001/050 VUs  2m42.8s/5m0s  2.00 iters/s

running (2m44.0s), 001/050 VUs, 327 complete and 0 interrupted iterations
steady   [  55% ] 001/050 VUs  2m43.8s/5m0s  2.00 iters/s

running (2m45.0s), 001/050 VUs, 329 complete and 0 interrupted iterations
steady   [  55% ] 001/050 VUs  2m44.8s/5m0s  2.00 iters/s

running (2m46.0s), 001/050 VUs, 331 complete and 0 interrupted iterations
steady   [  55% ] 001/050 VUs  2m45.8s/5m0s  2.00 iters/s

running (2m47.0s), 001/050 VUs, 333 complete and 0 interrupted iterations
steady   [  56% ] 001/050 VUs  2m46.8s/5m0s  2.00 iters/s

running (2m48.0s), 001/050 VUs, 335 complete and 0 interrupted iterations
steady   [  56% ] 001/050 VUs  2m47.8s/5m0s  2.00 iters/s

running (2m49.0s), 001/050 VUs, 337 complete and 0 interrupted iterations
steady   [  56% ] 001/050 VUs  2m48.8s/5m0s  2.00 iters/s

running (2m50.0s), 001/050 VUs, 339 complete and 0 interrupted iterations
steady   [  57% ] 001/050 VUs  2m49.8s/5m0s  2.00 iters/s

running (2m51.0s), 001/050 VUs, 341 complete and 0 interrupted iterations
steady   [  57% ] 001/050 VUs  2m50.8s/5m0s  2.00 iters/s

running (2m52.0s), 001/050 VUs, 343 complete and 0 interrupted iterations
steady   [  57% ] 001/050 VUs  2m51.8s/5m0s  2.00 iters/s

running (2m53.0s), 001/050 VUs, 345 complete and 0 interrupted iterations
steady   [  58% ] 001/050 VUs  2m52.8s/5m0s  2.00 iters/s

running (2m54.0s), 001/050 VUs, 347 complete and 0 interrupted iterations
steady   [  58% ] 001/050 VUs  2m53.8s/5m0s  2.00 iters/s

running (2m55.0s), 001/050 VUs, 349 complete and 0 interrupted iterations
steady   [  58% ] 001/050 VUs  2m54.8s/5m0s  2.00 iters/s

running (2m56.0s), 001/050 VUs, 351 complete and 0 interrupted iterations
steady   [  59% ] 001/050 VUs  2m55.8s/5m0s  2.00 iters/s

running (2m57.0s), 001/050 VUs, 353 complete and 0 interrupted iterations
steady   [  59% ] 001/050 VUs  2m56.8s/5m0s  2.00 iters/s

running (2m58.0s), 001/050 VUs, 355 complete and 0 interrupted iterations
steady   [  59% ] 001/050 VUs  2m57.8s/5m0s  2.00 iters/s

running (2m59.0s), 001/050 VUs, 357 complete and 0 interrupted iterations
steady   [  60% ] 001/050 VUs  2m58.8s/5m0s  2.00 iters/s

running (3m00.0s), 001/050 VUs, 359 complete and 0 interrupted iterations
steady   [  60% ] 001/050 VUs  2m59.8s/5m0s  2.00 iters/s

running (3m01.0s), 001/050 VUs, 361 complete and 0 interrupted iterations
steady   [  60% ] 001/050 VUs  3m00.8s/5m0s  2.00 iters/s

running (3m02.0s), 001/050 VUs, 363 complete and 0 interrupted iterations
steady   [  61% ] 001/050 VUs  3m01.8s/5m0s  2.00 iters/s

running (3m03.0s), 001/050 VUs, 365 complete and 0 interrupted iterations
steady   [  61% ] 001/050 VUs  3m02.8s/5m0s  2.00 iters/s

running (3m04.0s), 001/050 VUs, 367 complete and 0 interrupted iterations
steady   [  61% ] 001/050 VUs  3m03.8s/5m0s  2.00 iters/s

running (3m05.0s), 001/050 VUs, 369 complete and 0 interrupted iterations
steady   [  62% ] 001/050 VUs  3m04.8s/5m0s  2.00 iters/s

running (3m06.0s), 001/050 VUs, 371 complete and 0 interrupted iterations
steady   [  62% ] 001/050 VUs  3m05.8s/5m0s  2.00 iters/s

running (3m07.0s), 001/050 VUs, 373 complete and 0 interrupted iterations
steady   [  62% ] 001/050 VUs  3m06.8s/5m0s  2.00 iters/s

running (3m08.0s), 001/050 VUs, 375 complete and 0 interrupted iterations
steady   [  63% ] 001/050 VUs  3m07.8s/5m0s  2.00 iters/s

running (3m09.0s), 001/050 VUs, 377 complete and 0 interrupted iterations
steady   [  63% ] 001/050 VUs  3m08.8s/5m0s  2.00 iters/s

running (3m10.0s), 001/050 VUs, 379 complete and 0 interrupted iterations
steady   [  63% ] 001/050 VUs  3m09.8s/5m0s  2.00 iters/s

running (3m11.0s), 001/050 VUs, 381 complete and 0 interrupted iterations
steady   [  64% ] 001/050 VUs  3m10.8s/5m0s  2.00 iters/s

running (3m12.0s), 001/050 VUs, 383 complete and 0 interrupted iterations
steady   [  64% ] 001/050 VUs  3m11.8s/5m0s  2.00 iters/s

running (3m13.0s), 001/050 VUs, 385 complete and 0 interrupted iterations
steady   [  64% ] 001/050 VUs  3m12.8s/5m0s  2.00 iters/s

running (3m14.0s), 001/050 VUs, 387 complete and 0 interrupted iterations
steady   [  65% ] 001/050 VUs  3m13.8s/5m0s  2.00 iters/s

running (3m15.0s), 001/050 VUs, 389 complete and 0 interrupted iterations
steady   [  65% ] 001/050 VUs  3m14.8s/5m0s  2.00 iters/s

running (3m16.0s), 001/050 VUs, 391 complete and 0 interrupted iterations
steady   [  65% ] 001/050 VUs  3m15.8s/5m0s  2.00 iters/s

running (3m17.0s), 001/050 VUs, 393 complete and 0 interrupted iterations
steady   [  66% ] 001/050 VUs  3m16.8s/5m0s  2.00 iters/s

running (3m18.0s), 001/050 VUs, 395 complete and 0 interrupted iterations
steady   [  66% ] 001/050 VUs  3m17.8s/5m0s  2.00 iters/s

running (3m19.0s), 001/050 VUs, 397 complete and 0 interrupted iterations
steady   [  66% ] 001/050 VUs  3m18.8s/5m0s  2.00 iters/s

running (3m20.0s), 001/050 VUs, 399 complete and 0 interrupted iterations
steady   [  67% ] 001/050 VUs  3m19.8s/5m0s  2.00 iters/s

running (3m21.0s), 001/050 VUs, 401 complete and 0 interrupted iterations
steady   [  67% ] 001/050 VUs  3m20.8s/5m0s  2.00 iters/s

running (3m22.0s), 001/050 VUs, 403 complete and 0 interrupted iterations
steady   [  67% ] 001/050 VUs  3m21.8s/5m0s  2.00 iters/s

running (3m23.0s), 001/050 VUs, 405 complete and 0 interrupted iterations
steady   [  68% ] 001/050 VUs  3m22.8s/5m0s  2.00 iters/s

running (3m24.0s), 001/050 VUs, 407 complete and 0 interrupted iterations
steady   [  68% ] 001/050 VUs  3m23.8s/5m0s  2.00 iters/s

running (3m25.0s), 001/050 VUs, 409 complete and 0 interrupted iterations
steady   [  68% ] 001/050 VUs  3m24.8s/5m0s  2.00 iters/s

running (3m26.0s), 001/050 VUs, 411 complete and 0 interrupted iterations
steady   [  69% ] 001/050 VUs  3m25.8s/5m0s  2.00 iters/s

running (3m27.0s), 001/050 VUs, 413 complete and 0 interrupted iterations
steady   [  69% ] 001/050 VUs  3m26.8s/5m0s  2.00 iters/s

running (3m28.0s), 001/050 VUs, 415 complete and 0 interrupted iterations
steady   [  69% ] 001/050 VUs  3m27.8s/5m0s  2.00 iters/s

running (3m29.0s), 001/050 VUs, 417 complete and 0 interrupted iterations
steady   [  70% ] 001/050 VUs  3m28.8s/5m0s  2.00 iters/s

running (3m30.0s), 001/050 VUs, 419 complete and 0 interrupted iterations
steady   [  70% ] 001/050 VUs  3m29.8s/5m0s  2.00 iters/s

running (3m31.0s), 001/050 VUs, 421 complete and 0 interrupted iterations
steady   [  70% ] 001/050 VUs  3m30.8s/5m0s  2.00 iters/s

running (3m32.0s), 001/050 VUs, 423 complete and 0 interrupted iterations
steady   [  71% ] 001/050 VUs  3m31.8s/5m0s  2.00 iters/s

running (3m33.0s), 001/050 VUs, 425 complete and 0 interrupted iterations
steady   [  71% ] 001/050 VUs  3m32.8s/5m0s  2.00 iters/s

running (3m34.0s), 001/050 VUs, 427 complete and 0 interrupted iterations
steady   [  71% ] 001/050 VUs  3m33.8s/5m0s  2.00 iters/s

running (3m35.0s), 001/050 VUs, 429 complete and 0 interrupted iterations
steady   [  72% ] 001/050 VUs  3m34.8s/5m0s  2.00 iters/s

running (3m36.0s), 001/050 VUs, 431 complete and 0 interrupted iterations
steady   [  72% ] 001/050 VUs  3m35.8s/5m0s  2.00 iters/s

running (3m37.0s), 001/050 VUs, 433 complete and 0 interrupted iterations
steady   [  72% ] 001/050 VUs  3m36.8s/5m0s  2.00 iters/s

running (3m38.0s), 001/050 VUs, 435 complete and 0 interrupted iterations
steady   [  73% ] 001/050 VUs  3m37.8s/5m0s  2.00 iters/s

running (3m39.0s), 001/050 VUs, 437 complete and 0 interrupted iterations
steady   [  73% ] 001/050 VUs  3m38.8s/5m0s  2.00 iters/s

running (3m40.0s), 001/050 VUs, 439 complete and 0 interrupted iterations
steady   [  73% ] 001/050 VUs  3m39.8s/5m0s  2.00 iters/s

running (3m41.0s), 001/050 VUs, 441 complete and 0 interrupted iterations
steady   [  74% ] 001/050 VUs  3m40.8s/5m0s  2.00 iters/s

running (3m42.0s), 001/050 VUs, 443 complete and 0 interrupted iterations
steady   [  74% ] 001/050 VUs  3m41.8s/5m0s  2.00 iters/s

running (3m43.0s), 001/050 VUs, 445 complete and 0 interrupted iterations
steady   [  74% ] 001/050 VUs  3m42.8s/5m0s  2.00 iters/s

running (3m44.0s), 001/050 VUs, 447 complete and 0 interrupted iterations
steady   [  75% ] 001/050 VUs  3m43.8s/5m0s  2.00 iters/s

running (3m45.0s), 001/050 VUs, 449 complete and 0 interrupted iterations
steady   [  75% ] 001/050 VUs  3m44.8s/5m0s  2.00 iters/s

running (3m46.0s), 001/050 VUs, 451 complete and 0 interrupted iterations
steady   [  75% ] 001/050 VUs  3m45.8s/5m0s  2.00 iters/s

running (3m47.0s), 001/050 VUs, 453 complete and 0 interrupted iterations
steady   [  76% ] 001/050 VUs  3m46.8s/5m0s  2.00 iters/s

running (3m48.0s), 001/050 VUs, 455 complete and 0 interrupted iterations
steady   [  76% ] 001/050 VUs  3m47.8s/5m0s  2.00 iters/s

running (3m49.0s), 001/050 VUs, 457 complete and 0 interrupted iterations
steady   [  76% ] 001/050 VUs  3m48.8s/5m0s  2.00 iters/s

running (3m50.0s), 001/050 VUs, 459 complete and 0 interrupted iterations
steady   [  77% ] 001/050 VUs  3m49.8s/5m0s  2.00 iters/s

running (3m51.0s), 001/050 VUs, 461 complete and 0 interrupted iterations
steady   [  77% ] 001/050 VUs  3m50.8s/5m0s  2.00 iters/s

running (3m52.0s), 001/050 VUs, 463 complete and 0 interrupted iterations
steady   [  77% ] 001/050 VUs  3m51.8s/5m0s  2.00 iters/s

running (3m53.0s), 001/050 VUs, 465 complete and 0 interrupted iterations
steady   [  78% ] 001/050 VUs  3m52.8s/5m0s  2.00 iters/s

running (3m54.0s), 001/050 VUs, 467 complete and 0 interrupted iterations
steady   [  78% ] 001/050 VUs  3m53.8s/5m0s  2.00 iters/s

running (3m55.0s), 001/050 VUs, 469 complete and 0 interrupted iterations
steady   [  78% ] 001/050 VUs  3m54.8s/5m0s  2.00 iters/s

running (3m56.0s), 001/050 VUs, 471 complete and 0 interrupted iterations
steady   [  79% ] 001/050 VUs  3m55.8s/5m0s  2.00 iters/s

running (3m57.0s), 001/050 VUs, 473 complete and 0 interrupted iterations
steady   [  79% ] 001/050 VUs  3m56.8s/5m0s  2.00 iters/s

running (3m58.0s), 001/050 VUs, 475 complete and 0 interrupted iterations
steady   [  79% ] 001/050 VUs  3m57.8s/5m0s  2.00 iters/s

running (3m59.0s), 001/050 VUs, 477 complete and 0 interrupted iterations
steady   [  80% ] 001/050 VUs  3m58.8s/5m0s  2.00 iters/s

running (4m00.0s), 001/050 VUs, 479 complete and 0 interrupted iterations
steady   [  80% ] 001/050 VUs  3m59.8s/5m0s  2.00 iters/s

running (4m01.0s), 001/050 VUs, 481 complete and 0 interrupted iterations
steady   [  80% ] 001/050 VUs  4m00.8s/5m0s  2.00 iters/s

running (4m02.0s), 001/050 VUs, 483 complete and 0 interrupted iterations
steady   [  81% ] 001/050 VUs  4m01.8s/5m0s  2.00 iters/s

running (4m03.0s), 001/050 VUs, 485 complete and 0 interrupted iterations
steady   [  81% ] 001/050 VUs  4m02.8s/5m0s  2.00 iters/s

running (4m04.0s), 001/050 VUs, 487 complete and 0 interrupted iterations
steady   [  81% ] 001/050 VUs  4m03.8s/5m0s  2.00 iters/s

running (4m05.0s), 001/050 VUs, 489 complete and 0 interrupted iterations
steady   [  82% ] 001/050 VUs  4m04.8s/5m0s  2.00 iters/s

running (4m06.0s), 001/050 VUs, 491 complete and 0 interrupted iterations
steady   [  82% ] 001/050 VUs  4m05.8s/5m0s  2.00 iters/s

running (4m07.0s), 001/050 VUs, 493 complete and 0 interrupted iterations
steady   [  82% ] 001/050 VUs  4m06.8s/5m0s  2.00 iters/s

running (4m08.0s), 001/050 VUs, 495 complete and 0 interrupted iterations
steady   [  83% ] 001/050 VUs  4m07.8s/5m0s  2.00 iters/s

running (4m09.0s), 001/050 VUs, 497 complete and 0 interrupted iterations
steady   [  83% ] 001/050 VUs  4m08.8s/5m0s  2.00 iters/s

running (4m10.0s), 001/050 VUs, 499 complete and 0 interrupted iterations
steady   [  83% ] 001/050 VUs  4m09.8s/5m0s  2.00 iters/s

running (4m11.0s), 001/050 VUs, 501 complete and 0 interrupted iterations
steady   [  84% ] 001/050 VUs  4m10.8s/5m0s  2.00 iters/s

running (4m12.0s), 001/050 VUs, 503 complete and 0 interrupted iterations
steady   [  84% ] 001/050 VUs  4m11.8s/5m0s  2.00 iters/s

running (4m13.0s), 001/050 VUs, 505 complete and 0 interrupted iterations
steady   [  84% ] 001/050 VUs  4m12.8s/5m0s  2.00 iters/s

running (4m14.0s), 001/050 VUs, 507 complete and 0 interrupted iterations
steady   [  85% ] 001/050 VUs  4m13.8s/5m0s  2.00 iters/s

running (4m15.0s), 001/050 VUs, 509 complete and 0 interrupted iterations
steady   [  85% ] 001/050 VUs  4m14.8s/5m0s  2.00 iters/s

running (4m16.0s), 001/050 VUs, 511 complete and 0 interrupted iterations
steady   [  85% ] 001/050 VUs  4m15.8s/5m0s  2.00 iters/s

running (4m17.0s), 001/050 VUs, 513 complete and 0 interrupted iterations
steady   [  86% ] 001/050 VUs  4m16.8s/5m0s  2.00 iters/s

running (4m18.0s), 001/050 VUs, 515 complete and 0 interrupted iterations
steady   [  86% ] 001/050 VUs  4m17.8s/5m0s  2.00 iters/s

running (4m19.0s), 001/050 VUs, 517 complete and 0 interrupted iterations
steady   [  86% ] 001/050 VUs  4m18.8s/5m0s  2.00 iters/s

running (4m20.0s), 001/050 VUs, 519 complete and 0 interrupted iterations
steady   [  87% ] 001/050 VUs  4m19.8s/5m0s  2.00 iters/s

running (4m21.0s), 001/050 VUs, 521 complete and 0 interrupted iterations
steady   [  87% ] 001/050 VUs  4m20.8s/5m0s  2.00 iters/s

running (4m22.0s), 001/050 VUs, 523 complete and 0 interrupted iterations
steady   [  87% ] 001/050 VUs  4m21.8s/5m0s  2.00 iters/s

running (4m23.0s), 001/050 VUs, 525 complete and 0 interrupted iterations
steady   [  88% ] 001/050 VUs  4m22.8s/5m0s  2.00 iters/s

running (4m24.0s), 001/050 VUs, 527 complete and 0 interrupted iterations
steady   [  88% ] 001/050 VUs  4m23.8s/5m0s  2.00 iters/s

running (4m25.0s), 001/050 VUs, 529 complete and 0 interrupted iterations
steady   [  88% ] 001/050 VUs  4m24.8s/5m0s  2.00 iters/s

running (4m26.0s), 001/050 VUs, 531 complete and 0 interrupted iterations
steady   [  89% ] 001/050 VUs  4m25.8s/5m0s  2.00 iters/s

running (4m27.0s), 001/050 VUs, 533 complete and 0 interrupted iterations
steady   [  89% ] 001/050 VUs  4m26.8s/5m0s  2.00 iters/s

running (4m28.0s), 001/050 VUs, 535 complete and 0 interrupted iterations
steady   [  89% ] 001/050 VUs  4m27.8s/5m0s  2.00 iters/s

running (4m29.0s), 001/050 VUs, 537 complete and 0 interrupted iterations
steady   [  90% ] 001/050 VUs  4m28.8s/5m0s  2.00 iters/s

running (4m30.0s), 001/050 VUs, 539 complete and 0 interrupted iterations
steady   [  90% ] 001/050 VUs  4m29.8s/5m0s  2.00 iters/s

running (4m31.0s), 001/050 VUs, 541 complete and 0 interrupted iterations
steady   [  90% ] 001/050 VUs  4m30.8s/5m0s  2.00 iters/s

running (4m32.0s), 001/050 VUs, 543 complete and 0 interrupted iterations
steady   [  91% ] 001/050 VUs  4m31.8s/5m0s  2.00 iters/s

running (4m33.0s), 001/050 VUs, 545 complete and 0 interrupted iterations
steady   [  91% ] 001/050 VUs  4m32.8s/5m0s  2.00 iters/s

running (4m34.0s), 001/050 VUs, 547 complete and 0 interrupted iterations
steady   [  91% ] 001/050 VUs  4m33.8s/5m0s  2.00 iters/s

running (4m35.0s), 001/050 VUs, 549 complete and 0 interrupted iterations
steady   [  92% ] 001/050 VUs  4m34.8s/5m0s  2.00 iters/s

running (4m36.0s), 001/050 VUs, 551 complete and 0 interrupted iterations
steady   [  92% ] 001/050 VUs  4m35.8s/5m0s  2.00 iters/s

running (4m37.0s), 001/050 VUs, 553 complete and 0 interrupted iterations
steady   [  92% ] 001/050 VUs  4m36.8s/5m0s  2.00 iters/s

running (4m38.0s), 001/050 VUs, 555 complete and 0 interrupted iterations
steady   [  93% ] 001/050 VUs  4m37.8s/5m0s  2.00 iters/s

running (4m39.0s), 001/050 VUs, 557 complete and 0 interrupted iterations
steady   [  93% ] 001/050 VUs  4m38.8s/5m0s  2.00 iters/s

running (4m40.0s), 001/050 VUs, 559 complete and 0 interrupted iterations
steady   [  93% ] 001/050 VUs  4m39.8s/5m0s  2.00 iters/s

running (4m41.0s), 001/050 VUs, 561 complete and 0 interrupted iterations
steady   [  94% ] 001/050 VUs  4m40.8s/5m0s  2.00 iters/s

running (4m42.0s), 001/050 VUs, 563 complete and 0 interrupted iterations
steady   [  94% ] 001/050 VUs  4m41.8s/5m0s  2.00 iters/s

running (4m43.0s), 001/050 VUs, 565 complete and 0 interrupted iterations
steady   [  94% ] 001/050 VUs  4m42.8s/5m0s  2.00 iters/s

running (4m44.0s), 001/050 VUs, 567 complete and 0 interrupted iterations
steady   [  95% ] 001/050 VUs  4m43.8s/5m0s  2.00 iters/s

running (4m45.0s), 001/050 VUs, 569 complete and 0 interrupted iterations
steady   [  95% ] 001/050 VUs  4m44.8s/5m0s  2.00 iters/s

running (4m46.0s), 001/050 VUs, 571 complete and 0 interrupted iterations
steady   [  95% ] 001/050 VUs  4m45.8s/5m0s  2.00 iters/s

running (4m47.0s), 001/050 VUs, 573 complete and 0 interrupted iterations
steady   [  96% ] 001/050 VUs  4m46.8s/5m0s  2.00 iters/s

running (4m48.0s), 001/050 VUs, 575 complete and 0 interrupted iterations
steady   [  96% ] 001/050 VUs  4m47.8s/5m0s  2.00 iters/s

running (4m49.0s), 001/050 VUs, 577 complete and 0 interrupted iterations
steady   [  96% ] 001/050 VUs  4m48.8s/5m0s  2.00 iters/s

running (4m50.0s), 001/050 VUs, 579 complete and 0 interrupted iterations
steady   [  97% ] 001/050 VUs  4m49.8s/5m0s  2.00 iters/s

running (4m51.0s), 001/050 VUs, 581 complete and 0 interrupted iterations
steady   [  97% ] 001/050 VUs  4m50.8s/5m0s  2.00 iters/s

running (4m52.0s), 001/050 VUs, 583 complete and 0 interrupted iterations
steady   [  97% ] 001/050 VUs  4m51.8s/5m0s  2.00 iters/s

running (4m53.0s), 001/050 VUs, 585 complete and 0 interrupted iterations
steady   [  98% ] 001/050 VUs  4m52.8s/5m0s  2.00 iters/s

running (4m54.0s), 001/050 VUs, 587 complete and 0 interrupted iterations
steady   [  98% ] 001/050 VUs  4m53.8s/5m0s  2.00 iters/s

running (4m55.0s), 001/050 VUs, 589 complete and 0 interrupted iterations
steady   [  98% ] 001/050 VUs  4m54.8s/5m0s  2.00 iters/s

running (4m56.0s), 001/050 VUs, 591 complete and 0 interrupted iterations
steady   [  99% ] 001/050 VUs  4m55.8s/5m0s  2.00 iters/s

running (4m57.0s), 001/050 VUs, 593 complete and 0 interrupted iterations
steady   [  99% ] 001/050 VUs  4m56.8s/5m0s  2.00 iters/s

running (4m58.0s), 001/050 VUs, 595 complete and 0 interrupted iterations
steady   [  99% ] 001/050 VUs  4m57.8s/5m0s  2.00 iters/s

running (4m59.0s), 001/050 VUs, 597 complete and 0 interrupted iterations
steady   [ 100% ] 001/050 VUs  4m58.8s/5m0s  2.00 iters/s

running (5m00.0s), 001/050 VUs, 599 complete and 0 interrupted iterations
steady   [ 100% ] 001/050 VUs  4m59.8s/5m0s  2.00 iters/s

================ DSP benchmark summary ================
-- per-phase latency --
  catalog                    p50=19.0 ms  p95=20.9 ms  p99=28.2 ms  max=31.6 ms  n=600
  negotiation init (POST)    p50=11.2 ms  p95=12.3 ms  p99=14.2 ms  max=25.8 ms  n=600
  time-to-AGREED (async)     p50=253.0 ms  p95=254.0 ms  p99=254.0 ms  max=259.0 ms  n=600
  transfer init (POST)       p50=10.6 ms  p95=11.8 ms  p99=16.2 ms  max=19.9 ms  n=600
  time-to-EDR (async)        p50=252.0 ms  p95=253.0 ms  p99=253.0 ms  max=254.0 ms  n=600
  data pull                  p50=5.0 ms  p95=5.4 ms  p99=6.1 ms  max=8.6 ms  n=600
-- end-to-end + throughput --
  e2e transaction            p50=814.0 ms  p95=822.0 ms  p99=826.0 ms  max=834.0 ms  n=600
  data throughput (MB/s)     p50=0.0  p95=0.0  p99=0.1  max=0.1  n=600
-- outcomes --
  transactions succeeded     count=600  rate=1.997/s
  transactions failed        (no data)
  failed rate                rate=0.00%  (pass=0 fail=600)
    of which TERMINATED      (no data)
    of which TIMED OUT       (no data)
    of which HTTP-FAILED     (no data)
  failure accounting       (no failures)
-- observer effect (poll load) --
  negotiation polls          count=1200  rate=3.994/s
  edr polls                  count=1200  rate=3.994/s
  polls per transaction     negotiation=2.0  edr=2.0  (timeout ceiling=120)
=======================================================
(full summary -> /home/rohitj/edc/benchmarking-dsp-native-basyx/k6-scripts/results/basyx/off/steady/2026-08-03T15-59-14Z/k6-summary.json; POLL_INTERVAL_MS=250; IDENTITY_MODE=off)

running (5m00.4s), 000/050 VUs, 600 complete and 0 interrupted iterations
steady ✓ [ 100% ] 000/050 VUs  5m0s  2.00 iters/s
Prometheus snapshot [1785772815..1785773131] svc=(dsp-native-basyx|consumer-controlplane) win=1m -> /home/rohitj/edc/benchmarking-dsp-native-basyx/k6-scripts/results/basyx/off/steady/2026-08-03T15-59-14Z
  jvm-heap.csv (64 rows)
  jvm-gc-rate.csv (64 rows)
  jvm-threads.csv (64 rows)
  http-throughput.csv (64 rows)
  http-p95.csv (64 rows)
  http-errors.csv (64 rows)
  http-errors-5xx.csv (0 rows)
  http-status.csv (128 rows)
  host-cpu-busy.csv (64 rows)
  host-mem-used.csv (64 rows)
  5xx: no 5xx in window (confirmed: http-status has 128 samples, so the status label IS scraped)
  logs -> /home/rohitj/edc/benchmarking-dsp-native-basyx/k6-scripts/results/basyx/off/steady/2026-08-03T15-59-14Z/logs (1 files)
0
VALIDITY  ok=600  failed=0  failed_rate=0%  dropped_iterations=0
>>> done: /home/rohitj/edc/benchmarking-dsp-native-basyx/k6-scripts/results/basyx/off/steady/2026-08-03T15-59-14Z  (k6 exit 0)
===== repetition 2/2 =====
----- basyx / steady (rep 2) -----
>>> basyx / steady  ->  /home/rohitj/edc/benchmarking-dsp-native-basyx/k6-scripts/results/basyx/off/steady/2026-08-03T16-05-33Z
parity OK: lib/ + scenarios/ + orchestration/ + tools/ identical to /home/rohitj/edc/benchmarking-dsp-native-basyx/k6-scripts
Health: http://localhost:8090/dsp http://localhost:8888/health + prometheus  OK
Warmup 60s @ 2/s (discarded)
k6 -> Prometheus remote-write: http://localhost:9090/api/v1/write

         /\      Grafana   /‾‾/  
    /\  /  \     |\  __   /  /   
   /  \/    \    | |/ /  /   ‾‾\ 
  /          \   |   (  |  (‾)  |
 / __________ \  |_|\_\  \_____/ 


     execution: local
        script: /home/rohitj/edc/benchmarking-dsp-native-basyx/k6-scripts/basyx-off/steady.js
        output: Prometheus remote write (http://localhost:9090/api/v1/write)

     scenarios: (100.00%) 1 scenario, 200 max VUs, 5m30s max duration (incl. graceful stop):
              * steady: 2.00 iterations/s for 5m0s (maxVUs: 50-200, gracefulStop: 30s)


running (0m01.0s), 001/050 VUs, 1 complete and 0 interrupted iterations
steady   [   0% ] 001/050 VUs  0m00.8s/5m0s  2.00 iters/s

running (0m02.0s), 001/050 VUs, 3 complete and 0 interrupted iterations
steady   [   1% ] 001/050 VUs  0m01.8s/5m0s  2.00 iters/s

running (0m03.0s), 001/050 VUs, 5 complete and 0 interrupted iterations
steady   [   1% ] 001/050 VUs  0m02.8s/5m0s  2.00 iters/s

running (0m04.0s), 001/050 VUs, 7 complete and 0 interrupted iterations
steady   [   1% ] 001/050 VUs  0m03.8s/5m0s  2.00 iters/s

running (0m05.0s), 001/050 VUs, 9 complete and 0 interrupted iterations
steady   [   2% ] 001/050 VUs  0m04.8s/5m0s  2.00 iters/s

running (0m06.0s), 001/050 VUs, 11 complete and 0 interrupted iterations
steady   [   2% ] 001/050 VUs  0m05.8s/5m0s  2.00 iters/s

running (0m07.0s), 001/050 VUs, 13 complete and 0 interrupted iterations
steady   [   2% ] 001/050 VUs  0m06.8s/5m0s  2.00 iters/s

running (0m08.0s), 001/050 VUs, 15 complete and 0 interrupted iterations
steady   [   3% ] 001/050 VUs  0m07.8s/5m0s  2.00 iters/s

running (0m09.0s), 001/050 VUs, 17 complete and 0 interrupted iterations
steady   [   3% ] 001/050 VUs  0m08.8s/5m0s  2.00 iters/s

running (0m10.0s), 001/050 VUs, 19 complete and 0 interrupted iterations
steady   [   3% ] 001/050 VUs  0m09.8s/5m0s  2.00 iters/s

running (0m11.0s), 001/050 VUs, 21 complete and 0 interrupted iterations
steady   [   4% ] 001/050 VUs  0m10.8s/5m0s  2.00 iters/s

running (0m12.0s), 001/050 VUs, 23 complete and 0 interrupted iterations
steady   [   4% ] 001/050 VUs  0m11.8s/5m0s  2.00 iters/s

running (0m13.0s), 001/050 VUs, 25 complete and 0 interrupted iterations
steady   [   4% ] 001/050 VUs  0m12.8s/5m0s  2.00 iters/s

running (0m14.0s), 001/050 VUs, 27 complete and 0 interrupted iterations
steady   [   5% ] 001/050 VUs  0m13.8s/5m0s  2.00 iters/s

running (0m15.0s), 001/050 VUs, 29 complete and 0 interrupted iterations
steady   [   5% ] 001/050 VUs  0m14.8s/5m0s  2.00 iters/s

running (0m16.0s), 001/050 VUs, 31 complete and 0 interrupted iterations
steady   [   5% ] 001/050 VUs  0m15.8s/5m0s  2.00 iters/s

running (0m17.0s), 001/050 VUs, 33 complete and 0 interrupted iterations
steady   [   6% ] 001/050 VUs  0m16.8s/5m0s  2.00 iters/s

running (0m18.0s), 001/050 VUs, 35 complete and 0 interrupted iterations
steady   [   6% ] 001/050 VUs  0m17.8s/5m0s  2.00 iters/s

running (0m19.0s), 001/050 VUs, 37 complete and 0 interrupted iterations
steady   [   6% ] 001/050 VUs  0m18.8s/5m0s  2.00 iters/s

running (0m20.0s), 001/050 VUs, 39 complete and 0 interrupted iterations
steady   [   7% ] 001/050 VUs  0m19.8s/5m0s  2.00 iters/s

running (0m21.0s), 001/050 VUs, 41 complete and 0 interrupted iterations
steady   [   7% ] 001/050 VUs  0m20.8s/5m0s  2.00 iters/s

running (0m22.0s), 001/050 VUs, 43 complete and 0 interrupted iterations
steady   [   7% ] 001/050 VUs  0m21.8s/5m0s  2.00 iters/s

running (0m23.0s), 001/050 VUs, 45 complete and 0 interrupted iterations
steady   [   8% ] 001/050 VUs  0m22.8s/5m0s  2.00 iters/s

running (0m24.0s), 001/050 VUs, 47 complete and 0 interrupted iterations
steady   [   8% ] 001/050 VUs  0m23.8s/5m0s  2.00 iters/s

running (0m25.0s), 001/050 VUs, 49 complete and 0 interrupted iterations
steady   [   8% ] 001/050 VUs  0m24.8s/5m0s  2.00 iters/s

running (0m26.0s), 001/050 VUs, 51 complete and 0 interrupted iterations
steady   [   9% ] 001/050 VUs  0m25.8s/5m0s  2.00 iters/s

running (0m27.0s), 001/050 VUs, 53 complete and 0 interrupted iterations
steady   [   9% ] 001/050 VUs  0m26.8s/5m0s  2.00 iters/s

running (0m28.0s), 001/050 VUs, 55 complete and 0 interrupted iterations
steady   [   9% ] 001/050 VUs  0m27.8s/5m0s  2.00 iters/s

running (0m29.0s), 001/050 VUs, 57 complete and 0 interrupted iterations
steady   [  10% ] 001/050 VUs  0m28.8s/5m0s  2.00 iters/s

running (0m30.0s), 001/050 VUs, 59 complete and 0 interrupted iterations
steady   [  10% ] 001/050 VUs  0m29.8s/5m0s  2.00 iters/s

running (0m31.0s), 001/050 VUs, 61 complete and 0 interrupted iterations
steady   [  10% ] 001/050 VUs  0m30.8s/5m0s  2.00 iters/s

running (0m32.0s), 001/050 VUs, 63 complete and 0 interrupted iterations
steady   [  11% ] 001/050 VUs  0m31.8s/5m0s  2.00 iters/s

running (0m33.0s), 001/050 VUs, 65 complete and 0 interrupted iterations
steady   [  11% ] 001/050 VUs  0m32.8s/5m0s  2.00 iters/s

running (0m34.0s), 001/050 VUs, 67 complete and 0 interrupted iterations
steady   [  11% ] 001/050 VUs  0m33.8s/5m0s  2.00 iters/s

running (0m35.0s), 001/050 VUs, 69 complete and 0 interrupted iterations
steady   [  12% ] 001/050 VUs  0m34.8s/5m0s  2.00 iters/s

running (0m36.0s), 001/050 VUs, 71 complete and 0 interrupted iterations
steady   [  12% ] 001/050 VUs  0m35.8s/5m0s  2.00 iters/s

running (0m37.0s), 001/050 VUs, 73 complete and 0 interrupted iterations
steady   [  12% ] 001/050 VUs  0m36.8s/5m0s  2.00 iters/s

running (0m38.0s), 001/050 VUs, 75 complete and 0 interrupted iterations
steady   [  13% ] 001/050 VUs  0m37.8s/5m0s  2.00 iters/s

running (0m39.0s), 001/050 VUs, 77 complete and 0 interrupted iterations
steady   [  13% ] 001/050 VUs  0m38.8s/5m0s  2.00 iters/s

running (0m40.0s), 001/050 VUs, 79 complete and 0 interrupted iterations
steady   [  13% ] 001/050 VUs  0m39.8s/5m0s  2.00 iters/s

running (0m41.0s), 001/050 VUs, 81 complete and 0 interrupted iterations
steady   [  14% ] 001/050 VUs  0m40.8s/5m0s  2.00 iters/s

running (0m42.0s), 001/050 VUs, 83 complete and 0 interrupted iterations
steady   [  14% ] 001/050 VUs  0m41.8s/5m0s  2.00 iters/s

running (0m43.0s), 001/050 VUs, 85 complete and 0 interrupted iterations
steady   [  14% ] 001/050 VUs  0m42.8s/5m0s  2.00 iters/s

running (0m44.0s), 001/050 VUs, 87 complete and 0 interrupted iterations
steady   [  15% ] 001/050 VUs  0m43.8s/5m0s  2.00 iters/s

running (0m45.0s), 001/050 VUs, 89 complete and 0 interrupted iterations
steady   [  15% ] 001/050 VUs  0m44.8s/5m0s  2.00 iters/s

running (0m46.0s), 001/050 VUs, 91 complete and 0 interrupted iterations
steady   [  15% ] 001/050 VUs  0m45.8s/5m0s  2.00 iters/s

running (0m47.0s), 001/050 VUs, 93 complete and 0 interrupted iterations
steady   [  16% ] 001/050 VUs  0m46.8s/5m0s  2.00 iters/s

running (0m48.0s), 001/050 VUs, 95 complete and 0 interrupted iterations
steady   [  16% ] 001/050 VUs  0m47.8s/5m0s  2.00 iters/s

running (0m49.0s), 001/050 VUs, 97 complete and 0 interrupted iterations
steady   [  16% ] 001/050 VUs  0m48.8s/5m0s  2.00 iters/s

running (0m50.0s), 001/050 VUs, 99 complete and 0 interrupted iterations
steady   [  17% ] 001/050 VUs  0m49.8s/5m0s  2.00 iters/s

running (0m51.0s), 001/050 VUs, 101 complete and 0 interrupted iterations
steady   [  17% ] 001/050 VUs  0m50.8s/5m0s  2.00 iters/s

running (0m52.0s), 001/050 VUs, 103 complete and 0 interrupted iterations
steady   [  17% ] 001/050 VUs  0m51.8s/5m0s  2.00 iters/s

running (0m53.0s), 001/050 VUs, 105 complete and 0 interrupted iterations
steady   [  18% ] 001/050 VUs  0m52.8s/5m0s  2.00 iters/s

running (0m54.0s), 001/050 VUs, 107 complete and 0 interrupted iterations
steady   [  18% ] 001/050 VUs  0m53.8s/5m0s  2.00 iters/s

running (0m55.0s), 001/050 VUs, 109 complete and 0 interrupted iterations
steady   [  18% ] 001/050 VUs  0m54.8s/5m0s  2.00 iters/s

running (0m56.0s), 001/050 VUs, 111 complete and 0 interrupted iterations
steady   [  19% ] 001/050 VUs  0m55.8s/5m0s  2.00 iters/s

running (0m57.0s), 001/050 VUs, 113 complete and 0 interrupted iterations
steady   [  19% ] 001/050 VUs  0m56.8s/5m0s  2.00 iters/s

running (0m58.0s), 001/050 VUs, 115 complete and 0 interrupted iterations
steady   [  19% ] 001/050 VUs  0m57.8s/5m0s  2.00 iters/s

running (0m59.0s), 001/050 VUs, 117 complete and 0 interrupted iterations
steady   [  20% ] 001/050 VUs  0m58.8s/5m0s  2.00 iters/s

running (1m00.0s), 001/050 VUs, 119 complete and 0 interrupted iterations
steady   [  20% ] 001/050 VUs  0m59.8s/5m0s  2.00 iters/s

running (1m01.0s), 001/050 VUs, 121 complete and 0 interrupted iterations
steady   [  20% ] 001/050 VUs  1m00.8s/5m0s  2.00 iters/s

running (1m02.0s), 001/050 VUs, 123 complete and 0 interrupted iterations
steady   [  21% ] 001/050 VUs  1m01.8s/5m0s  2.00 iters/s

running (1m03.0s), 001/050 VUs, 125 complete and 0 interrupted iterations
steady   [  21% ] 001/050 VUs  1m02.8s/5m0s  2.00 iters/s

running (1m04.0s), 001/050 VUs, 127 complete and 0 interrupted iterations
steady   [  21% ] 001/050 VUs  1m03.8s/5m0s  2.00 iters/s

running (1m05.0s), 001/050 VUs, 129 complete and 0 interrupted iterations
steady   [  22% ] 001/050 VUs  1m04.8s/5m0s  2.00 iters/s

running (1m06.0s), 001/050 VUs, 131 complete and 0 interrupted iterations
steady   [  22% ] 001/050 VUs  1m05.8s/5m0s  2.00 iters/s

running (1m07.0s), 001/050 VUs, 133 complete and 0 interrupted iterations
steady   [  22% ] 001/050 VUs  1m06.8s/5m0s  2.00 iters/s

running (1m08.0s), 001/050 VUs, 135 complete and 0 interrupted iterations
steady   [  23% ] 001/050 VUs  1m07.8s/5m0s  2.00 iters/s

running (1m09.0s), 001/050 VUs, 137 complete and 0 interrupted iterations
steady   [  23% ] 001/050 VUs  1m08.8s/5m0s  2.00 iters/s

running (1m10.0s), 001/050 VUs, 139 complete and 0 interrupted iterations
steady   [  23% ] 001/050 VUs  1m09.8s/5m0s  2.00 iters/s

running (1m11.0s), 001/050 VUs, 141 complete and 0 interrupted iterations
steady   [  24% ] 001/050 VUs  1m10.8s/5m0s  2.00 iters/s

running (1m12.0s), 001/050 VUs, 143 complete and 0 interrupted iterations
steady   [  24% ] 001/050 VUs  1m11.8s/5m0s  2.00 iters/s

running (1m13.0s), 001/050 VUs, 145 complete and 0 interrupted iterations
steady   [  24% ] 001/050 VUs  1m12.8s/5m0s  2.00 iters/s

running (1m14.0s), 001/050 VUs, 147 complete and 0 interrupted iterations
steady   [  25% ] 001/050 VUs  1m13.8s/5m0s  2.00 iters/s

running (1m15.0s), 001/050 VUs, 149 complete and 0 interrupted iterations
steady   [  25% ] 001/050 VUs  1m14.8s/5m0s  2.00 iters/s

running (1m16.0s), 001/050 VUs, 151 complete and 0 interrupted iterations
steady   [  25% ] 001/050 VUs  1m15.8s/5m0s  2.00 iters/s

running (1m17.0s), 001/050 VUs, 153 complete and 0 interrupted iterations
steady   [  26% ] 001/050 VUs  1m16.8s/5m0s  2.00 iters/s

running (1m18.0s), 001/050 VUs, 155 complete and 0 interrupted iterations
steady   [  26% ] 001/050 VUs  1m17.8s/5m0s  2.00 iters/s

running (1m19.0s), 001/050 VUs, 157 complete and 0 interrupted iterations
steady   [  26% ] 001/050 VUs  1m18.8s/5m0s  2.00 iters/s

running (1m20.0s), 001/050 VUs, 159 complete and 0 interrupted iterations
steady   [  27% ] 001/050 VUs  1m19.8s/5m0s  2.00 iters/s

running (1m21.0s), 001/050 VUs, 161 complete and 0 interrupted iterations
steady   [  27% ] 001/050 VUs  1m20.8s/5m0s  2.00 iters/s

running (1m22.0s), 001/050 VUs, 163 complete and 0 interrupted iterations
steady   [  27% ] 001/050 VUs  1m21.8s/5m0s  2.00 iters/s

running (1m23.0s), 001/050 VUs, 165 complete and 0 interrupted iterations
steady   [  28% ] 001/050 VUs  1m22.8s/5m0s  2.00 iters/s

running (1m24.0s), 001/050 VUs, 167 complete and 0 interrupted iterations
steady   [  28% ] 001/050 VUs  1m23.8s/5m0s  2.00 iters/s

running (1m25.0s), 001/050 VUs, 169 complete and 0 interrupted iterations
steady   [  28% ] 001/050 VUs  1m24.8s/5m0s  2.00 iters/s

running (1m26.0s), 001/050 VUs, 171 complete and 0 interrupted iterations
steady   [  29% ] 001/050 VUs  1m25.8s/5m0s  2.00 iters/s

running (1m27.0s), 001/050 VUs, 173 complete and 0 interrupted iterations
steady   [  29% ] 001/050 VUs  1m26.8s/5m0s  2.00 iters/s

running (1m28.0s), 001/050 VUs, 175 complete and 0 interrupted iterations
steady   [  29% ] 001/050 VUs  1m27.8s/5m0s  2.00 iters/s

running (1m29.0s), 001/050 VUs, 177 complete and 0 interrupted iterations
steady   [  30% ] 001/050 VUs  1m28.8s/5m0s  2.00 iters/s

running (1m30.0s), 001/050 VUs, 179 complete and 0 interrupted iterations
steady   [  30% ] 001/050 VUs  1m29.8s/5m0s  2.00 iters/s

running (1m31.0s), 001/050 VUs, 181 complete and 0 interrupted iterations
steady   [  30% ] 001/050 VUs  1m30.8s/5m0s  2.00 iters/s

running (1m32.0s), 001/050 VUs, 183 complete and 0 interrupted iterations
steady   [  31% ] 001/050 VUs  1m31.8s/5m0s  2.00 iters/s

running (1m33.0s), 001/050 VUs, 185 complete and 0 interrupted iterations
steady   [  31% ] 001/050 VUs  1m32.8s/5m0s  2.00 iters/s

running (1m34.0s), 001/050 VUs, 187 complete and 0 interrupted iterations
steady   [  31% ] 001/050 VUs  1m33.8s/5m0s  2.00 iters/s

running (1m35.0s), 001/050 VUs, 189 complete and 0 interrupted iterations
steady   [  32% ] 001/050 VUs  1m34.8s/5m0s  2.00 iters/s

running (1m36.0s), 001/050 VUs, 191 complete and 0 interrupted iterations
steady   [  32% ] 001/050 VUs  1m35.8s/5m0s  2.00 iters/s

running (1m37.0s), 001/050 VUs, 193 complete and 0 interrupted iterations
steady   [  32% ] 001/050 VUs  1m36.8s/5m0s  2.00 iters/s

running (1m38.0s), 001/050 VUs, 195 complete and 0 interrupted iterations
steady   [  33% ] 001/050 VUs  1m37.8s/5m0s  2.00 iters/s

running (1m39.0s), 001/050 VUs, 197 complete and 0 interrupted iterations
steady   [  33% ] 001/050 VUs  1m38.8s/5m0s  2.00 iters/s

running (1m40.0s), 001/050 VUs, 199 complete and 0 interrupted iterations
steady   [  33% ] 001/050 VUs  1m39.8s/5m0s  2.00 iters/s

running (1m41.0s), 001/050 VUs, 201 complete and 0 interrupted iterations
steady   [  34% ] 001/050 VUs  1m40.8s/5m0s  2.00 iters/s

running (1m42.0s), 001/050 VUs, 203 complete and 0 interrupted iterations
steady   [  34% ] 001/050 VUs  1m41.8s/5m0s  2.00 iters/s

running (1m43.0s), 001/050 VUs, 205 complete and 0 interrupted iterations
steady   [  34% ] 001/050 VUs  1m42.8s/5m0s  2.00 iters/s

running (1m44.0s), 001/050 VUs, 207 complete and 0 interrupted iterations
steady   [  35% ] 001/050 VUs  1m43.8s/5m0s  2.00 iters/s

running (1m45.0s), 001/050 VUs, 209 complete and 0 interrupted iterations
steady   [  35% ] 001/050 VUs  1m44.8s/5m0s  2.00 iters/s

running (1m46.0s), 001/050 VUs, 211 complete and 0 interrupted iterations
steady   [  35% ] 001/050 VUs  1m45.8s/5m0s  2.00 iters/s

running (1m47.0s), 001/050 VUs, 213 complete and 0 interrupted iterations
steady   [  36% ] 001/050 VUs  1m46.8s/5m0s  2.00 iters/s

running (1m48.0s), 001/050 VUs, 215 complete and 0 interrupted iterations
steady   [  36% ] 001/050 VUs  1m47.8s/5m0s  2.00 iters/s

running (1m49.0s), 001/050 VUs, 217 complete and 0 interrupted iterations
steady   [  36% ] 001/050 VUs  1m48.8s/5m0s  2.00 iters/s

running (1m50.0s), 001/050 VUs, 219 complete and 0 interrupted iterations
steady   [  37% ] 001/050 VUs  1m49.8s/5m0s  2.00 iters/s

running (1m51.0s), 001/050 VUs, 221 complete and 0 interrupted iterations
steady   [  37% ] 001/050 VUs  1m50.8s/5m0s  2.00 iters/s

running (1m52.0s), 001/050 VUs, 223 complete and 0 interrupted iterations
steady   [  37% ] 001/050 VUs  1m51.8s/5m0s  2.00 iters/s

running (1m53.0s), 001/050 VUs, 225 complete and 0 interrupted iterations
steady   [  38% ] 001/050 VUs  1m52.8s/5m0s  2.00 iters/s

running (1m54.0s), 001/050 VUs, 227 complete and 0 interrupted iterations
steady   [  38% ] 001/050 VUs  1m53.8s/5m0s  2.00 iters/s

running (1m55.0s), 001/050 VUs, 229 complete and 0 interrupted iterations
steady   [  38% ] 001/050 VUs  1m54.8s/5m0s  2.00 iters/s

running (1m56.0s), 001/050 VUs, 231 complete and 0 interrupted iterations
steady   [  39% ] 001/050 VUs  1m55.8s/5m0s  2.00 iters/s

running (1m57.0s), 001/050 VUs, 233 complete and 0 interrupted iterations
steady   [  39% ] 001/050 VUs  1m56.8s/5m0s  2.00 iters/s

running (1m58.0s), 001/050 VUs, 235 complete and 0 interrupted iterations
steady   [  39% ] 001/050 VUs  1m57.8s/5m0s  2.00 iters/s

running (1m59.0s), 001/050 VUs, 237 complete and 0 interrupted iterations
steady   [  40% ] 001/050 VUs  1m58.8s/5m0s  2.00 iters/s

running (2m00.0s), 001/050 VUs, 239 complete and 0 interrupted iterations
steady   [  40% ] 001/050 VUs  1m59.8s/5m0s  2.00 iters/s

running (2m01.0s), 001/050 VUs, 241 complete and 0 interrupted iterations
steady   [  40% ] 001/050 VUs  2m00.8s/5m0s  2.00 iters/s

running (2m02.0s), 001/050 VUs, 243 complete and 0 interrupted iterations
steady   [  41% ] 001/050 VUs  2m01.8s/5m0s  2.00 iters/s

running (2m03.0s), 001/050 VUs, 245 complete and 0 interrupted iterations
steady   [  41% ] 001/050 VUs  2m02.8s/5m0s  2.00 iters/s

running (2m04.0s), 001/050 VUs, 247 complete and 0 interrupted iterations
steady   [  41% ] 001/050 VUs  2m03.8s/5m0s  2.00 iters/s

running (2m05.0s), 001/050 VUs, 249 complete and 0 interrupted iterations
steady   [  42% ] 001/050 VUs  2m04.8s/5m0s  2.00 iters/s

running (2m06.0s), 001/050 VUs, 251 complete and 0 interrupted iterations
steady   [  42% ] 001/050 VUs  2m05.8s/5m0s  2.00 iters/s

running (2m07.0s), 001/050 VUs, 253 complete and 0 interrupted iterations
steady   [  42% ] 001/050 VUs  2m06.8s/5m0s  2.00 iters/s

running (2m08.0s), 001/050 VUs, 255 complete and 0 interrupted iterations
steady   [  43% ] 001/050 VUs  2m07.8s/5m0s  2.00 iters/s

running (2m09.0s), 001/050 VUs, 257 complete and 0 interrupted iterations
steady   [  43% ] 001/050 VUs  2m08.8s/5m0s  2.00 iters/s

running (2m10.0s), 001/050 VUs, 259 complete and 0 interrupted iterations
steady   [  43% ] 001/050 VUs  2m09.8s/5m0s  2.00 iters/s

running (2m11.0s), 001/050 VUs, 261 complete and 0 interrupted iterations
steady   [  44% ] 001/050 VUs  2m10.8s/5m0s  2.00 iters/s

running (2m12.0s), 001/050 VUs, 263 complete and 0 interrupted iterations
steady   [  44% ] 001/050 VUs  2m11.8s/5m0s  2.00 iters/s

running (2m13.0s), 001/050 VUs, 265 complete and 0 interrupted iterations
steady   [  44% ] 001/050 VUs  2m12.8s/5m0s  2.00 iters/s

running (2m14.0s), 001/050 VUs, 267 complete and 0 interrupted iterations
steady   [  45% ] 001/050 VUs  2m13.8s/5m0s  2.00 iters/s

running (2m15.0s), 001/050 VUs, 269 complete and 0 interrupted iterations
steady   [  45% ] 001/050 VUs  2m14.8s/5m0s  2.00 iters/s

running (2m16.0s), 001/050 VUs, 271 complete and 0 interrupted iterations
steady   [  45% ] 001/050 VUs  2m15.8s/5m0s  2.00 iters/s

running (2m17.0s), 001/050 VUs, 273 complete and 0 interrupted iterations
steady   [  46% ] 001/050 VUs  2m16.8s/5m0s  2.00 iters/s

running (2m18.0s), 001/050 VUs, 275 complete and 0 interrupted iterations
steady   [  46% ] 001/050 VUs  2m17.8s/5m0s  2.00 iters/s

running (2m19.0s), 001/050 VUs, 277 complete and 0 interrupted iterations
steady   [  46% ] 001/050 VUs  2m18.8s/5m0s  2.00 iters/s

running (2m20.0s), 001/050 VUs, 279 complete and 0 interrupted iterations
steady   [  47% ] 001/050 VUs  2m19.8s/5m0s  2.00 iters/s

running (2m21.0s), 001/050 VUs, 281 complete and 0 interrupted iterations
steady   [  47% ] 001/050 VUs  2m20.8s/5m0s  2.00 iters/s

running (2m22.0s), 001/050 VUs, 283 complete and 0 interrupted iterations
steady   [  47% ] 001/050 VUs  2m21.8s/5m0s  2.00 iters/s

running (2m23.0s), 001/050 VUs, 285 complete and 0 interrupted iterations
steady   [  48% ] 001/050 VUs  2m22.8s/5m0s  2.00 iters/s

running (2m24.0s), 001/050 VUs, 287 complete and 0 interrupted iterations
steady   [  48% ] 001/050 VUs  2m23.8s/5m0s  2.00 iters/s

running (2m25.0s), 001/050 VUs, 289 complete and 0 interrupted iterations
steady   [  48% ] 001/050 VUs  2m24.8s/5m0s  2.00 iters/s

running (2m26.0s), 001/050 VUs, 291 complete and 0 interrupted iterations
steady   [  49% ] 001/050 VUs  2m25.8s/5m0s  2.00 iters/s

running (2m27.0s), 001/050 VUs, 293 complete and 0 interrupted iterations
steady   [  49% ] 001/050 VUs  2m26.8s/5m0s  2.00 iters/s

running (2m28.0s), 001/050 VUs, 295 complete and 0 interrupted iterations
steady   [  49% ] 001/050 VUs  2m27.8s/5m0s  2.00 iters/s

running (2m29.0s), 001/050 VUs, 297 complete and 0 interrupted iterations
steady   [  50% ] 001/050 VUs  2m28.8s/5m0s  2.00 iters/s

running (2m30.0s), 001/050 VUs, 299 complete and 0 interrupted iterations
steady   [  50% ] 001/050 VUs  2m29.8s/5m0s  2.00 iters/s

running (2m31.0s), 001/050 VUs, 301 complete and 0 interrupted iterations
steady   [  50% ] 001/050 VUs  2m30.8s/5m0s  2.00 iters/s

running (2m32.0s), 001/050 VUs, 303 complete and 0 interrupted iterations
steady   [  51% ] 001/050 VUs  2m31.8s/5m0s  2.00 iters/s

running (2m33.0s), 001/050 VUs, 305 complete and 0 interrupted iterations
steady   [  51% ] 001/050 VUs  2m32.8s/5m0s  2.00 iters/s

running (2m34.0s), 001/050 VUs, 307 complete and 0 interrupted iterations
steady   [  51% ] 001/050 VUs  2m33.8s/5m0s  2.00 iters/s

running (2m35.0s), 001/050 VUs, 309 complete and 0 interrupted iterations
steady   [  52% ] 001/050 VUs  2m34.8s/5m0s  2.00 iters/s

running (2m36.0s), 001/050 VUs, 311 complete and 0 interrupted iterations
steady   [  52% ] 001/050 VUs  2m35.8s/5m0s  2.00 iters/s

running (2m37.0s), 001/050 VUs, 313 complete and 0 interrupted iterations
steady   [  52% ] 001/050 VUs  2m36.8s/5m0s  2.00 iters/s

running (2m38.0s), 001/050 VUs, 315 complete and 0 interrupted iterations
steady   [  53% ] 001/050 VUs  2m37.8s/5m0s  2.00 iters/s

running (2m39.0s), 001/050 VUs, 317 complete and 0 interrupted iterations
steady   [  53% ] 001/050 VUs  2m38.8s/5m0s  2.00 iters/s

running (2m40.0s), 001/050 VUs, 319 complete and 0 interrupted iterations
steady   [  53% ] 001/050 VUs  2m39.8s/5m0s  2.00 iters/s

running (2m41.0s), 001/050 VUs, 321 complete and 0 interrupted iterations
steady   [  54% ] 001/050 VUs  2m40.8s/5m0s  2.00 iters/s

running (2m42.0s), 001/050 VUs, 323 complete and 0 interrupted iterations
steady   [  54% ] 001/050 VUs  2m41.8s/5m0s  2.00 iters/s

running (2m43.0s), 001/050 VUs, 325 complete and 0 interrupted iterations
steady   [  54% ] 001/050 VUs  2m42.8s/5m0s  2.00 iters/s

running (2m44.0s), 001/050 VUs, 327 complete and 0 interrupted iterations
steady   [  55% ] 001/050 VUs  2m43.8s/5m0s  2.00 iters/s

running (2m45.0s), 001/050 VUs, 329 complete and 0 interrupted iterations
steady   [  55% ] 001/050 VUs  2m44.8s/5m0s  2.00 iters/s

running (2m46.0s), 001/050 VUs, 331 complete and 0 interrupted iterations
steady   [  55% ] 001/050 VUs  2m45.8s/5m0s  2.00 iters/s

running (2m47.0s), 001/050 VUs, 333 complete and 0 interrupted iterations
steady   [  56% ] 001/050 VUs  2m46.8s/5m0s  2.00 iters/s

running (2m48.0s), 001/050 VUs, 335 complete and 0 interrupted iterations
steady   [  56% ] 001/050 VUs  2m47.8s/5m0s  2.00 iters/s

running (2m49.0s), 001/050 VUs, 337 complete and 0 interrupted iterations
steady   [  56% ] 001/050 VUs  2m48.8s/5m0s  2.00 iters/s

running (2m50.0s), 001/050 VUs, 339 complete and 0 interrupted iterations
steady   [  57% ] 001/050 VUs  2m49.8s/5m0s  2.00 iters/s

running (2m51.0s), 001/050 VUs, 341 complete and 0 interrupted iterations
steady   [  57% ] 001/050 VUs  2m50.8s/5m0s  2.00 iters/s

running (2m52.0s), 001/050 VUs, 343 complete and 0 interrupted iterations
steady   [  57% ] 001/050 VUs  2m51.8s/5m0s  2.00 iters/s

running (2m53.0s), 001/050 VUs, 345 complete and 0 interrupted iterations
steady   [  58% ] 001/050 VUs  2m52.8s/5m0s  2.00 iters/s

running (2m54.0s), 001/050 VUs, 347 complete and 0 interrupted iterations
steady   [  58% ] 001/050 VUs  2m53.8s/5m0s  2.00 iters/s

running (2m55.0s), 001/050 VUs, 349 complete and 0 interrupted iterations
steady   [  58% ] 001/050 VUs  2m54.8s/5m0s  2.00 iters/s

running (2m56.0s), 001/050 VUs, 351 complete and 0 interrupted iterations
steady   [  59% ] 001/050 VUs  2m55.8s/5m0s  2.00 iters/s

running (2m57.0s), 001/050 VUs, 353 complete and 0 interrupted iterations
steady   [  59% ] 001/050 VUs  2m56.8s/5m0s  2.00 iters/s

running (2m58.0s), 001/050 VUs, 355 complete and 0 interrupted iterations
steady   [  59% ] 001/050 VUs  2m57.8s/5m0s  2.00 iters/s

running (2m59.0s), 001/050 VUs, 357 complete and 0 interrupted iterations
steady   [  60% ] 001/050 VUs  2m58.8s/5m0s  2.00 iters/s

running (3m00.0s), 001/050 VUs, 359 complete and 0 interrupted iterations
steady   [  60% ] 001/050 VUs  2m59.8s/5m0s  2.00 iters/s

running (3m01.0s), 001/050 VUs, 361 complete and 0 interrupted iterations
steady   [  60% ] 001/050 VUs  3m00.8s/5m0s  2.00 iters/s

running (3m02.0s), 001/050 VUs, 363 complete and 0 interrupted iterations
steady   [  61% ] 001/050 VUs  3m01.8s/5m0s  2.00 iters/s

running (3m03.0s), 001/050 VUs, 365 complete and 0 interrupted iterations
steady   [  61% ] 001/050 VUs  3m02.8s/5m0s  2.00 iters/s

running (3m04.0s), 001/050 VUs, 367 complete and 0 interrupted iterations
steady   [  61% ] 001/050 VUs  3m03.8s/5m0s  2.00 iters/s

running (3m05.0s), 001/050 VUs, 369 complete and 0 interrupted iterations
steady   [  62% ] 001/050 VUs  3m04.8s/5m0s  2.00 iters/s

running (3m06.0s), 001/050 VUs, 371 complete and 0 interrupted iterations
steady   [  62% ] 001/050 VUs  3m05.8s/5m0s  2.00 iters/s

running (3m07.0s), 001/050 VUs, 373 complete and 0 interrupted iterations
steady   [  62% ] 001/050 VUs  3m06.8s/5m0s  2.00 iters/s

running (3m08.0s), 001/050 VUs, 375 complete and 0 interrupted iterations
steady   [  63% ] 001/050 VUs  3m07.8s/5m0s  2.00 iters/s

running (3m09.0s), 001/050 VUs, 377 complete and 0 interrupted iterations
steady   [  63% ] 001/050 VUs  3m08.8s/5m0s  2.00 iters/s

running (3m10.0s), 001/050 VUs, 379 complete and 0 interrupted iterations
steady   [  63% ] 001/050 VUs  3m09.8s/5m0s  2.00 iters/s

running (3m11.0s), 001/050 VUs, 381 complete and 0 interrupted iterations
steady   [  64% ] 001/050 VUs  3m10.8s/5m0s  2.00 iters/s

running (3m12.0s), 001/050 VUs, 383 complete and 0 interrupted iterations
steady   [  64% ] 001/050 VUs  3m11.8s/5m0s  2.00 iters/s

running (3m13.0s), 001/050 VUs, 385 complete and 0 interrupted iterations
steady   [  64% ] 001/050 VUs  3m12.8s/5m0s  2.00 iters/s

running (3m14.0s), 001/050 VUs, 387 complete and 0 interrupted iterations
steady   [  65% ] 001/050 VUs  3m13.8s/5m0s  2.00 iters/s

running (3m15.0s), 001/050 VUs, 389 complete and 0 interrupted iterations
steady   [  65% ] 001/050 VUs  3m14.8s/5m0s  2.00 iters/s

running (3m16.0s), 001/050 VUs, 391 complete and 0 interrupted iterations
steady   [  65% ] 001/050 VUs  3m15.8s/5m0s  2.00 iters/s

running (3m17.0s), 001/050 VUs, 393 complete and 0 interrupted iterations
steady   [  66% ] 001/050 VUs  3m16.8s/5m0s  2.00 iters/s

running (3m18.0s), 001/050 VUs, 395 complete and 0 interrupted iterations
steady   [  66% ] 001/050 VUs  3m17.8s/5m0s  2.00 iters/s

running (3m19.0s), 001/050 VUs, 397 complete and 0 interrupted iterations
steady   [  66% ] 001/050 VUs  3m18.8s/5m0s  2.00 iters/s

running (3m20.0s), 001/050 VUs, 399 complete and 0 interrupted iterations
steady   [  67% ] 001/050 VUs  3m19.8s/5m0s  2.00 iters/s

running (3m21.0s), 001/050 VUs, 401 complete and 0 interrupted iterations
steady   [  67% ] 001/050 VUs  3m20.8s/5m0s  2.00 iters/s

running (3m22.0s), 001/050 VUs, 403 complete and 0 interrupted iterations
steady   [  67% ] 001/050 VUs  3m21.8s/5m0s  2.00 iters/s

running (3m23.0s), 001/050 VUs, 405 complete and 0 interrupted iterations
steady   [  68% ] 001/050 VUs  3m22.8s/5m0s  2.00 iters/s

running (3m24.0s), 001/050 VUs, 407 complete and 0 interrupted iterations
steady   [  68% ] 001/050 VUs  3m23.8s/5m0s  2.00 iters/s

running (3m25.0s), 001/050 VUs, 409 complete and 0 interrupted iterations
steady   [  68% ] 001/050 VUs  3m24.8s/5m0s  2.00 iters/s

running (3m26.0s), 001/050 VUs, 411 complete and 0 interrupted iterations
steady   [  69% ] 001/050 VUs  3m25.8s/5m0s  2.00 iters/s

running (3m27.0s), 001/050 VUs, 413 complete and 0 interrupted iterations
steady   [  69% ] 001/050 VUs  3m26.8s/5m0s  2.00 iters/s

running (3m28.0s), 001/050 VUs, 415 complete and 0 interrupted iterations
steady   [  69% ] 001/050 VUs  3m27.8s/5m0s  2.00 iters/s

running (3m29.0s), 001/050 VUs, 417 complete and 0 interrupted iterations
steady   [  70% ] 001/050 VUs  3m28.8s/5m0s  2.00 iters/s

running (3m30.0s), 001/050 VUs, 419 complete and 0 interrupted iterations
steady   [  70% ] 001/050 VUs  3m29.8s/5m0s  2.00 iters/s

running (3m31.0s), 001/050 VUs, 421 complete and 0 interrupted iterations
steady   [  70% ] 001/050 VUs  3m30.8s/5m0s  2.00 iters/s

running (3m32.0s), 001/050 VUs, 423 complete and 0 interrupted iterations
steady   [  71% ] 001/050 VUs  3m31.8s/5m0s  2.00 iters/s

running (3m33.0s), 001/050 VUs, 425 complete and 0 interrupted iterations
steady   [  71% ] 001/050 VUs  3m32.8s/5m0s  2.00 iters/s

running (3m34.0s), 001/050 VUs, 427 complete and 0 interrupted iterations
steady   [  71% ] 001/050 VUs  3m33.8s/5m0s  2.00 iters/s

running (3m35.0s), 001/050 VUs, 429 complete and 0 interrupted iterations
steady   [  72% ] 001/050 VUs  3m34.8s/5m0s  2.00 iters/s

running (3m36.0s), 001/050 VUs, 431 complete and 0 interrupted iterations
steady   [  72% ] 001/050 VUs  3m35.8s/5m0s  2.00 iters/s

running (3m37.0s), 001/050 VUs, 433 complete and 0 interrupted iterations
steady   [  72% ] 001/050 VUs  3m36.8s/5m0s  2.00 iters/s

running (3m38.0s), 001/050 VUs, 435 complete and 0 interrupted iterations
steady   [  73% ] 001/050 VUs  3m37.8s/5m0s  2.00 iters/s

running (3m39.0s), 001/050 VUs, 437 complete and 0 interrupted iterations
steady   [  73% ] 001/050 VUs  3m38.8s/5m0s  2.00 iters/s

running (3m40.0s), 001/050 VUs, 439 complete and 0 interrupted iterations
steady   [  73% ] 001/050 VUs  3m39.8s/5m0s  2.00 iters/s

running (3m41.0s), 001/050 VUs, 441 complete and 0 interrupted iterations
steady   [  74% ] 001/050 VUs  3m40.8s/5m0s  2.00 iters/s

running (3m42.0s), 001/050 VUs, 443 complete and 0 interrupted iterations
steady   [  74% ] 001/050 VUs  3m41.8s/5m0s  2.00 iters/s

running (3m43.0s), 001/050 VUs, 445 complete and 0 interrupted iterations
steady   [  74% ] 001/050 VUs  3m42.8s/5m0s  2.00 iters/s

running (3m44.0s), 001/050 VUs, 447 complete and 0 interrupted iterations
steady   [  75% ] 001/050 VUs  3m43.8s/5m0s  2.00 iters/s

running (3m45.0s), 001/050 VUs, 449 complete and 0 interrupted iterations
steady   [  75% ] 001/050 VUs  3m44.8s/5m0s  2.00 iters/s

running (3m46.0s), 001/050 VUs, 451 complete and 0 interrupted iterations
steady   [  75% ] 001/050 VUs  3m45.8s/5m0s  2.00 iters/s

running (3m47.0s), 001/050 VUs, 453 complete and 0 interrupted iterations
steady   [  76% ] 001/050 VUs  3m46.8s/5m0s  2.00 iters/s

running (3m48.0s), 001/050 VUs, 455 complete and 0 interrupted iterations
steady   [  76% ] 001/050 VUs  3m47.8s/5m0s  2.00 iters/s

running (3m49.0s), 001/050 VUs, 457 complete and 0 interrupted iterations
steady   [  76% ] 001/050 VUs  3m48.8s/5m0s  2.00 iters/s

running (3m50.0s), 001/050 VUs, 459 complete and 0 interrupted iterations
steady   [  77% ] 001/050 VUs  3m49.8s/5m0s  2.00 iters/s

running (3m51.0s), 001/050 VUs, 461 complete and 0 interrupted iterations
steady   [  77% ] 001/050 VUs  3m50.8s/5m0s  2.00 iters/s

running (3m52.0s), 001/050 VUs, 463 complete and 0 interrupted iterations
steady   [  77% ] 001/050 VUs  3m51.8s/5m0s  2.00 iters/s

running (3m53.0s), 001/050 VUs, 465 complete and 0 interrupted iterations
steady   [  78% ] 001/050 VUs  3m52.8s/5m0s  2.00 iters/s

running (3m54.0s), 001/050 VUs, 467 complete and 0 interrupted iterations
steady   [  78% ] 001/050 VUs  3m53.8s/5m0s  2.00 iters/s

running (3m55.0s), 001/050 VUs, 469 complete and 0 interrupted iterations
steady   [  78% ] 001/050 VUs  3m54.8s/5m0s  2.00 iters/s

running (3m56.0s), 001/050 VUs, 471 complete and 0 interrupted iterations
steady   [  79% ] 001/050 VUs  3m55.8s/5m0s  2.00 iters/s

running (3m57.0s), 001/050 VUs, 473 complete and 0 interrupted iterations
steady   [  79% ] 001/050 VUs  3m56.8s/5m0s  2.00 iters/s

running (3m58.0s), 001/050 VUs, 475 complete and 0 interrupted iterations
steady   [  79% ] 001/050 VUs  3m57.8s/5m0s  2.00 iters/s

running (3m59.0s), 001/050 VUs, 477 complete and 0 interrupted iterations
steady   [  80% ] 001/050 VUs  3m58.8s/5m0s  2.00 iters/s

running (4m00.0s), 001/050 VUs, 479 complete and 0 interrupted iterations
steady   [  80% ] 001/050 VUs  3m59.8s/5m0s  2.00 iters/s

running (4m01.0s), 001/050 VUs, 481 complete and 0 interrupted iterations
steady   [  80% ] 001/050 VUs  4m00.8s/5m0s  2.00 iters/s

running (4m02.0s), 001/050 VUs, 483 complete and 0 interrupted iterations
steady   [  81% ] 001/050 VUs  4m01.8s/5m0s  2.00 iters/s

running (4m03.0s), 001/050 VUs, 485 complete and 0 interrupted iterations
steady   [  81% ] 001/050 VUs  4m02.8s/5m0s  2.00 iters/s

running (4m04.0s), 001/050 VUs, 487 complete and 0 interrupted iterations
steady   [  81% ] 001/050 VUs  4m03.8s/5m0s  2.00 iters/s

running (4m05.0s), 001/050 VUs, 489 complete and 0 interrupted iterations
steady   [  82% ] 001/050 VUs  4m04.8s/5m0s  2.00 iters/s

running (4m06.0s), 001/050 VUs, 491 complete and 0 interrupted iterations
steady   [  82% ] 001/050 VUs  4m05.8s/5m0s  2.00 iters/s

running (4m07.0s), 001/050 VUs, 493 complete and 0 interrupted iterations
steady   [  82% ] 001/050 VUs  4m06.8s/5m0s  2.00 iters/s

running (4m08.0s), 001/050 VUs, 495 complete and 0 interrupted iterations
steady   [  83% ] 001/050 VUs  4m07.8s/5m0s  2.00 iters/s

running (4m09.0s), 001/050 VUs, 497 complete and 0 interrupted iterations
steady   [  83% ] 001/050 VUs  4m08.8s/5m0s  2.00 iters/s

running (4m10.0s), 001/050 VUs, 499 complete and 0 interrupted iterations
steady   [  83% ] 001/050 VUs  4m09.8s/5m0s  2.00 iters/s

running (4m11.0s), 001/050 VUs, 501 complete and 0 interrupted iterations
steady   [  84% ] 001/050 VUs  4m10.8s/5m0s  2.00 iters/s

running (4m12.0s), 001/050 VUs, 503 complete and 0 interrupted iterations
steady   [  84% ] 001/050 VUs  4m11.8s/5m0s  2.00 iters/s

running (4m13.0s), 001/050 VUs, 505 complete and 0 interrupted iterations
steady   [  84% ] 001/050 VUs  4m12.8s/5m0s  2.00 iters/s

running (4m14.0s), 001/050 VUs, 507 complete and 0 interrupted iterations
steady   [  85% ] 001/050 VUs  4m13.8s/5m0s  2.00 iters/s

running (4m15.0s), 001/050 VUs, 509 complete and 0 interrupted iterations
steady   [  85% ] 001/050 VUs  4m14.8s/5m0s  2.00 iters/s

running (4m16.0s), 001/050 VUs, 511 complete and 0 interrupted iterations
steady   [  85% ] 001/050 VUs  4m15.8s/5m0s  2.00 iters/s

running (4m17.0s), 001/050 VUs, 513 complete and 0 interrupted iterations
steady   [  86% ] 001/050 VUs  4m16.8s/5m0s  2.00 iters/s

running (4m18.0s), 001/050 VUs, 515 complete and 0 interrupted iterations
steady   [  86% ] 001/050 VUs  4m17.8s/5m0s  2.00 iters/s

running (4m19.0s), 001/050 VUs, 517 complete and 0 interrupted iterations
steady   [  86% ] 001/050 VUs  4m18.8s/5m0s  2.00 iters/s

running (4m20.0s), 001/050 VUs, 519 complete and 0 interrupted iterations
steady   [  87% ] 001/050 VUs  4m19.8s/5m0s  2.00 iters/s

running (4m21.0s), 001/050 VUs, 521 complete and 0 interrupted iterations
steady   [  87% ] 001/050 VUs  4m20.8s/5m0s  2.00 iters/s

running (4m22.0s), 001/050 VUs, 523 complete and 0 interrupted iterations
steady   [  87% ] 001/050 VUs  4m21.8s/5m0s  2.00 iters/s

running (4m23.0s), 001/050 VUs, 525 complete and 0 interrupted iterations
steady   [  88% ] 001/050 VUs  4m22.8s/5m0s  2.00 iters/s

running (4m24.0s), 001/050 VUs, 527 complete and 0 interrupted iterations
steady   [  88% ] 001/050 VUs  4m23.8s/5m0s  2.00 iters/s

running (4m25.0s), 001/050 VUs, 529 complete and 0 interrupted iterations
steady   [  88% ] 001/050 VUs  4m24.8s/5m0s  2.00 iters/s

running (4m26.0s), 001/050 VUs, 531 complete and 0 interrupted iterations
steady   [  89% ] 001/050 VUs  4m25.8s/5m0s  2.00 iters/s

running (4m27.0s), 001/050 VUs, 533 complete and 0 interrupted iterations
steady   [  89% ] 001/050 VUs  4m26.8s/5m0s  2.00 iters/s

running (4m28.0s), 001/050 VUs, 535 complete and 0 interrupted iterations
steady   [  89% ] 001/050 VUs  4m27.8s/5m0s  2.00 iters/s

running (4m29.0s), 001/050 VUs, 537 complete and 0 interrupted iterations
steady   [  90% ] 001/050 VUs  4m28.8s/5m0s  2.00 iters/s

running (4m30.0s), 001/050 VUs, 539 complete and 0 interrupted iterations
steady   [  90% ] 001/050 VUs  4m29.8s/5m0s  2.00 iters/s

running (4m31.0s), 001/050 VUs, 541 complete and 0 interrupted iterations
steady   [  90% ] 001/050 VUs  4m30.8s/5m0s  2.00 iters/s

running (4m32.0s), 001/050 VUs, 543 complete and 0 interrupted iterations
steady   [  91% ] 001/050 VUs  4m31.8s/5m0s  2.00 iters/s

running (4m33.0s), 001/050 VUs, 545 complete and 0 interrupted iterations
steady   [  91% ] 001/050 VUs  4m32.8s/5m0s  2.00 iters/s

running (4m34.0s), 001/050 VUs, 547 complete and 0 interrupted iterations
steady   [  91% ] 001/050 VUs  4m33.8s/5m0s  2.00 iters/s

running (4m35.0s), 001/050 VUs, 549 complete and 0 interrupted iterations
steady   [  92% ] 001/050 VUs  4m34.8s/5m0s  2.00 iters/s

running (4m36.0s), 001/050 VUs, 551 complete and 0 interrupted iterations
steady   [  92% ] 001/050 VUs  4m35.8s/5m0s  2.00 iters/s

running (4m37.0s), 001/050 VUs, 553 complete and 0 interrupted iterations
steady   [  92% ] 001/050 VUs  4m36.8s/5m0s  2.00 iters/s

running (4m38.0s), 001/050 VUs, 555 complete and 0 interrupted iterations
steady   [  93% ] 001/050 VUs  4m37.8s/5m0s  2.00 iters/s

running (4m39.0s), 001/050 VUs, 557 complete and 0 interrupted iterations
steady   [  93% ] 001/050 VUs  4m38.8s/5m0s  2.00 iters/s

running (4m40.0s), 001/050 VUs, 559 complete and 0 interrupted iterations
steady   [  93% ] 001/050 VUs  4m39.8s/5m0s  2.00 iters/s

running (4m41.0s), 001/050 VUs, 561 complete and 0 interrupted iterations
steady   [  94% ] 001/050 VUs  4m40.8s/5m0s  2.00 iters/s

running (4m42.0s), 001/050 VUs, 563 complete and 0 interrupted iterations
steady   [  94% ] 001/050 VUs  4m41.8s/5m0s  2.00 iters/s

running (4m43.0s), 001/050 VUs, 565 complete and 0 interrupted iterations
steady   [  94% ] 001/050 VUs  4m42.8s/5m0s  2.00 iters/s

running (4m44.0s), 001/050 VUs, 567 complete and 0 interrupted iterations
steady   [  95% ] 001/050 VUs  4m43.8s/5m0s  2.00 iters/s

running (4m45.0s), 001/050 VUs, 569 complete and 0 interrupted iterations
steady   [  95% ] 001/050 VUs  4m44.8s/5m0s  2.00 iters/s

running (4m46.0s), 001/050 VUs, 571 complete and 0 interrupted iterations
steady   [  95% ] 001/050 VUs  4m45.8s/5m0s  2.00 iters/s

running (4m47.0s), 001/050 VUs, 573 complete and 0 interrupted iterations
steady   [  96% ] 001/050 VUs  4m46.8s/5m0s  2.00 iters/s

running (4m48.0s), 001/050 VUs, 575 complete and 0 interrupted iterations
steady   [  96% ] 001/050 VUs  4m47.8s/5m0s  2.00 iters/s

running (4m49.0s), 001/050 VUs, 577 complete and 0 interrupted iterations
steady   [  96% ] 001/050 VUs  4m48.8s/5m0s  2.00 iters/s

running (4m50.0s), 001/050 VUs, 579 complete and 0 interrupted iterations
steady   [  97% ] 001/050 VUs  4m49.8s/5m0s  2.00 iters/s

running (4m51.0s), 001/050 VUs, 581 complete and 0 interrupted iterations
steady   [  97% ] 001/050 VUs  4m50.8s/5m0s  2.00 iters/s

running (4m52.0s), 001/050 VUs, 583 complete and 0 interrupted iterations
steady   [  97% ] 001/050 VUs  4m51.8s/5m0s  2.00 iters/s

running (4m53.0s), 001/050 VUs, 585 complete and 0 interrupted iterations
steady   [  98% ] 001/050 VUs  4m52.8s/5m0s  2.00 iters/s

running (4m54.0s), 001/050 VUs, 587 complete and 0 interrupted iterations
steady   [  98% ] 001/050 VUs  4m53.8s/5m0s  2.00 iters/s

running (4m55.0s), 001/050 VUs, 589 complete and 0 interrupted iterations
steady   [  98% ] 001/050 VUs  4m54.8s/5m0s  2.00 iters/s

running (4m56.0s), 001/050 VUs, 591 complete and 0 interrupted iterations
steady   [  99% ] 001/050 VUs  4m55.8s/5m0s  2.00 iters/s

running (4m57.0s), 001/050 VUs, 593 complete and 0 interrupted iterations
steady   [  99% ] 001/050 VUs  4m56.8s/5m0s  2.00 iters/s

running (4m58.0s), 001/050 VUs, 595 complete and 0 interrupted iterations
steady   [  99% ] 001/050 VUs  4m57.8s/5m0s  2.00 iters/s

running (4m59.0s), 001/050 VUs, 597 complete and 0 interrupted iterations
steady   [ 100% ] 001/050 VUs  4m58.8s/5m0s  2.00 iters/s

running (5m00.0s), 001/050 VUs, 599 complete and 0 interrupted iterations
steady   [ 100% ] 001/050 VUs  4m59.8s/5m0s  2.00 iters/s

================ DSP benchmark summary ================
-- per-phase latency --
  catalog                    p50=18.7 ms  p95=20.3 ms  p99=26.9 ms  max=31.7 ms  n=600
  negotiation init (POST)    p50=10.6 ms  p95=11.8 ms  p99=15.3 ms  max=20.0 ms  n=600
  time-to-AGREED (async)     p50=253.0 ms  p95=254.0 ms  p99=254.0 ms  max=254.0 ms  n=600
  transfer init (POST)       p50=11.0 ms  p95=11.8 ms  p99=18.2 ms  max=20.4 ms  n=600
  time-to-EDR (async)        p50=252.0 ms  p95=253.0 ms  p99=253.0 ms  max=259.0 ms  n=600
  data pull                  p50=5.6 ms  p95=6.2 ms  p99=6.5 ms  max=14.7 ms  n=600
-- end-to-end + throughput --
  e2e transaction            p50=813.0 ms  p95=821.0 ms  p99=824.0 ms  max=828.0 ms  n=600
  data throughput (MB/s)     p50=0.0  p95=0.0  p99=0.0  max=0.1  n=600
-- outcomes --
  transactions succeeded     count=600  rate=1.997/s
  transactions failed        (no data)
  failed rate                rate=0.00%  (pass=0 fail=600)
    of which TERMINATED      (no data)
    of which TIMED OUT       (no data)
    of which HTTP-FAILED     (no data)
  failure accounting       (no failures)
-- observer effect (poll load) --
  negotiation polls          count=1200  rate=3.994/s
  edr polls                  count=1200  rate=3.994/s
  polls per transaction     negotiation=2.0  edr=2.0  (timeout ceiling=120)
=======================================================
(full summary -> /home/rohitj/edc/benchmarking-dsp-native-basyx/k6-scripts/results/basyx/off/steady/2026-08-03T16-05-33Z/k6-summary.json; POLL_INTERVAL_MS=250; IDENTITY_MODE=off)

running (5m00.5s), 000/050 VUs, 600 complete and 0 interrupted iterations
steady ✓ [ 100% ] 000/050 VUs  5m0s  2.00 iters/s
Prometheus snapshot [1785773194..1785773510] svc=(dsp-native-basyx|consumer-controlplane) win=1m -> /home/rohitj/edc/benchmarking-dsp-native-basyx/k6-scripts/results/basyx/off/steady/2026-08-03T16-05-33Z
  jvm-heap.csv (64 rows)
  jvm-gc-rate.csv (64 rows)
  jvm-threads.csv (64 rows)
  http-throughput.csv (64 rows)
  http-p95.csv (64 rows)
  http-errors.csv (64 rows)
  http-errors-5xx.csv (0 rows)
  http-status.csv (128 rows)
  host-cpu-busy.csv (64 rows)
  host-mem-used.csv (64 rows)
  5xx: no 5xx in window (confirmed: http-status has 128 samples, so the status label IS scraped)
  logs -> /home/rohitj/edc/benchmarking-dsp-native-basyx/k6-scripts/results/basyx/off/steady/2026-08-03T16-05-33Z/logs (1 files)
0
VALIDITY  ok=600  failed=0  failed_rate=0%  dropped_iterations=0
>>> done: /home/rohitj/edc/benchmarking-dsp-native-basyx/k6-scripts/results/basyx/off/steady/2026-08-03T16-05-33Z  (k6 exit 0)
Matrix done. Index: /home/rohitj/edc/benchmarking-dsp-native-basyx/k6-scripts/results/basyx/matrix-2026-08-03T15-59-14Z.log
TIP: aggregate the per-run k6-summary.json across reps into median+IQR before plotting.
16:11:52 |     done (exit 0)
16:11:52 |   … settling 120s before the next scenario
16:13:52 | --> soak (30 min)
>>> basyx / soak  ->  /home/rohitj/edc/benchmarking-dsp-native-basyx/k6-scripts/results/basyx/off/soak/2026-08-03T16-13-52Z
parity OK: lib/ + scenarios/ + orchestration/ + tools/ identical to /home/rohitj/edc/benchmarking-dsp-native-basyx/k6-scripts
Health: http://localhost:8090/dsp http://localhost:8888/health + prometheus  OK
Warmup 60s @ 2/s (discarded)
k6 -> Prometheus remote-write: http://localhost:9090/api/v1/write

         /\      Grafana   /‾‾/  
    /\  /  \     |\  __   /  /   
   /  \/    \    | |/ /  /   ‾‾\ 
  /          \   |   (  |  (‾)  |
 / __________ \  |_|\_\  \_____/ 


     execution: local
        script: /home/rohitj/edc/benchmarking-dsp-native-basyx/k6-scripts/basyx-off/soak.js
        output: Prometheus remote write (http://localhost:9090/api/v1/write)

     scenarios: (100.00%) 1 scenario, 200 max VUs, 30m30s max duration (incl. graceful stop):
              * soak: 1.00 iterations/s for 30m0s (maxVUs: 50-200, gracefulStop: 30s)


running (00m01.0s), 000/050 VUs, 1 complete and 0 interrupted iterations
soak   [   0% ] 000/050 VUs  00m00.9s/30m0s  1.00 iters/s

running (00m02.0s), 000/050 VUs, 2 complete and 0 interrupted iterations
soak   [   0% ] 000/050 VUs  00m01.9s/30m0s  1.00 iters/s

running (00m03.0s), 000/050 VUs, 3 complete and 0 interrupted iterations
soak   [   0% ] 000/050 VUs  00m02.9s/30m0s  1.00 iters/s

running (00m04.0s), 000/050 VUs, 4 complete and 0 interrupted iterations
soak   [   0% ] 000/050 VUs  00m03.9s/30m0s  1.00 iters/s

running (00m05.0s), 000/050 VUs, 5 complete and 0 interrupted iterations
soak   [   0% ] 000/050 VUs  00m04.9s/30m0s  1.00 iters/s

running (00m06.0s), 000/050 VUs, 6 complete and 0 interrupted iterations
soak   [   0% ] 000/050 VUs  00m05.9s/30m0s  1.00 iters/s

running (00m07.0s), 000/050 VUs, 7 complete and 0 interrupted iterations
soak   [   0% ] 000/050 VUs  00m06.9s/30m0s  1.00 iters/s

running (00m08.0s), 000/050 VUs, 8 complete and 0 interrupted iterations
soak   [   0% ] 000/050 VUs  00m07.9s/30m0s  1.00 iters/s

running (00m09.0s), 000/050 VUs, 9 complete and 0 interrupted iterations
soak   [   0% ] 000/050 VUs  00m08.9s/30m0s  1.00 iters/s

running (00m10.0s), 000/050 VUs, 10 complete and 0 interrupted iterations
soak   [   1% ] 000/050 VUs  00m09.9s/30m0s  1.00 iters/s

running (00m11.0s), 000/050 VUs, 11 complete and 0 interrupted iterations
soak   [   1% ] 000/050 VUs  00m10.9s/30m0s  1.00 iters/s

running (00m12.0s), 000/050 VUs, 12 complete and 0 interrupted iterations
soak   [   1% ] 000/050 VUs  00m11.9s/30m0s  1.00 iters/s

running (00m13.0s), 000/050 VUs, 13 complete and 0 interrupted iterations
soak   [   1% ] 000/050 VUs  00m12.9s/30m0s  1.00 iters/s

running (00m14.0s), 000/050 VUs, 14 complete and 0 interrupted iterations
soak   [   1% ] 000/050 VUs  00m13.9s/30m0s  1.00 iters/s

running (00m15.0s), 000/050 VUs, 15 complete and 0 interrupted iterations
soak   [   1% ] 000/050 VUs  00m14.9s/30m0s  1.00 iters/s

running (00m16.0s), 000/050 VUs, 16 complete and 0 interrupted iterations
soak   [   1% ] 000/050 VUs  00m15.9s/30m0s  1.00 iters/s

running (00m17.0s), 000/050 VUs, 17 complete and 0 interrupted iterations
soak   [   1% ] 000/050 VUs  00m16.9s/30m0s  1.00 iters/s

running (00m18.0s), 000/050 VUs, 18 complete and 0 interrupted iterations
soak   [   1% ] 000/050 VUs  00m17.9s/30m0s  1.00 iters/s

running (00m19.0s), 000/050 VUs, 19 complete and 0 interrupted iterations
soak   [   1% ] 000/050 VUs  00m18.9s/30m0s  1.00 iters/s

running (00m20.0s), 000/050 VUs, 20 complete and 0 interrupted iterations
soak   [   1% ] 000/050 VUs  00m19.9s/30m0s  1.00 iters/s

running (00m21.0s), 000/050 VUs, 21 complete and 0 interrupted iterations
soak   [   1% ] 000/050 VUs  00m20.9s/30m0s  1.00 iters/s

running (00m22.0s), 000/050 VUs, 22 complete and 0 interrupted iterations
soak   [   1% ] 000/050 VUs  00m21.9s/30m0s  1.00 iters/s

running (00m23.0s), 000/050 VUs, 23 complete and 0 interrupted iterations
soak   [   1% ] 000/050 VUs  00m22.9s/30m0s  1.00 iters/s

running (00m24.0s), 000/050 VUs, 24 complete and 0 interrupted iterations
soak   [   1% ] 000/050 VUs  00m23.9s/30m0s  1.00 iters/s

running (00m25.0s), 000/050 VUs, 25 complete and 0 interrupted iterations
soak   [   1% ] 000/050 VUs  00m24.9s/30m0s  1.00 iters/s

running (00m26.0s), 000/050 VUs, 26 complete and 0 interrupted iterations
soak   [   1% ] 000/050 VUs  00m25.9s/30m0s  1.00 iters/s

running (00m27.0s), 000/050 VUs, 27 complete and 0 interrupted iterations
soak   [   1% ] 000/050 VUs  00m26.9s/30m0s  1.00 iters/s

running (00m28.0s), 000/050 VUs, 28 complete and 0 interrupted iterations
soak   [   2% ] 000/050 VUs  00m27.9s/30m0s  1.00 iters/s

running (00m29.0s), 000/050 VUs, 29 complete and 0 interrupted iterations
soak   [   2% ] 000/050 VUs  00m28.9s/30m0s  1.00 iters/s

running (00m30.0s), 000/050 VUs, 30 complete and 0 interrupted iterations
soak   [   2% ] 000/050 VUs  00m29.9s/30m0s  1.00 iters/s

running (00m31.0s), 000/050 VUs, 31 complete and 0 interrupted iterations
soak   [   2% ] 000/050 VUs  00m30.9s/30m0s  1.00 iters/s

running (00m32.0s), 000/050 VUs, 32 complete and 0 interrupted iterations
soak   [   2% ] 000/050 VUs  00m31.9s/30m0s  1.00 iters/s

running (00m33.0s), 000/050 VUs, 33 complete and 0 interrupted iterations
soak   [   2% ] 000/050 VUs  00m32.9s/30m0s  1.00 iters/s

running (00m34.0s), 000/050 VUs, 34 complete and 0 interrupted iterations
soak   [   2% ] 000/050 VUs  00m33.9s/30m0s  1.00 iters/s

running (00m35.0s), 000/050 VUs, 35 complete and 0 interrupted iterations
soak   [   2% ] 000/050 VUs  00m34.9s/30m0s  1.00 iters/s

running (00m36.0s), 000/050 VUs, 36 complete and 0 interrupted iterations
soak   [   2% ] 000/050 VUs  00m35.9s/30m0s  1.00 iters/s

running (00m37.0s), 000/050 VUs, 37 complete and 0 interrupted iterations
soak   [   2% ] 000/050 VUs  00m36.9s/30m0s  1.00 iters/s

running (00m38.0s), 000/050 VUs, 38 complete and 0 interrupted iterations
soak   [   2% ] 000/050 VUs  00m37.9s/30m0s  1.00 iters/s

running (00m39.0s), 000/050 VUs, 39 complete and 0 interrupted iterations
soak   [   2% ] 000/050 VUs  00m38.9s/30m0s  1.00 iters/s

running (00m40.0s), 000/050 VUs, 40 complete and 0 interrupted iterations
soak   [   2% ] 000/050 VUs  00m39.9s/30m0s  1.00 iters/s

running (00m41.0s), 000/050 VUs, 41 complete and 0 interrupted iterations
soak   [   2% ] 000/050 VUs  00m40.9s/30m0s  1.00 iters/s

running (00m42.0s), 000/050 VUs, 42 complete and 0 interrupted iterations
soak   [   2% ] 000/050 VUs  00m41.9s/30m0s  1.00 iters/s

running (00m43.0s), 000/050 VUs, 43 complete and 0 interrupted iterations
soak   [   2% ] 000/050 VUs  00m42.9s/30m0s  1.00 iters/s

running (00m44.0s), 000/050 VUs, 44 complete and 0 interrupted iterations
soak   [   2% ] 000/050 VUs  00m43.9s/30m0s  1.00 iters/s

running (00m45.0s), 000/050 VUs, 45 complete and 0 interrupted iterations
soak   [   2% ] 000/050 VUs  00m44.9s/30m0s  1.00 iters/s

running (00m46.0s), 000/050 VUs, 46 complete and 0 interrupted iterations
soak   [   3% ] 000/050 VUs  00m45.9s/30m0s  1.00 iters/s

running (00m47.0s), 000/050 VUs, 47 complete and 0 interrupted iterations
soak   [   3% ] 000/050 VUs  00m46.9s/30m0s  1.00 iters/s

running (00m48.0s), 000/050 VUs, 48 complete and 0 interrupted iterations
soak   [   3% ] 000/050 VUs  00m47.9s/30m0s  1.00 iters/s

running (00m49.0s), 000/050 VUs, 49 complete and 0 interrupted iterations
soak   [   3% ] 000/050 VUs  00m48.9s/30m0s  1.00 iters/s

running (00m50.0s), 000/050 VUs, 50 complete and 0 interrupted iterations
soak   [   3% ] 000/050 VUs  00m49.9s/30m0s  1.00 iters/s

running (00m51.0s), 000/050 VUs, 51 complete and 0 interrupted iterations
soak   [   3% ] 000/050 VUs  00m50.9s/30m0s  1.00 iters/s

running (00m52.0s), 000/050 VUs, 52 complete and 0 interrupted iterations
soak   [   3% ] 000/050 VUs  00m51.9s/30m0s  1.00 iters/s

running (00m53.0s), 000/050 VUs, 53 complete and 0 interrupted iterations
soak   [   3% ] 000/050 VUs  00m52.9s/30m0s  1.00 iters/s

running (00m54.0s), 000/050 VUs, 54 complete and 0 interrupted iterations
soak   [   3% ] 000/050 VUs  00m53.9s/30m0s  1.00 iters/s

running (00m55.0s), 000/050 VUs, 55 complete and 0 interrupted iterations
soak   [   3% ] 000/050 VUs  00m54.9s/30m0s  1.00 iters/s

running (00m56.0s), 000/050 VUs, 56 complete and 0 interrupted iterations
soak   [   3% ] 000/050 VUs  00m55.9s/30m0s  1.00 iters/s

running (00m57.0s), 000/050 VUs, 57 complete and 0 interrupted iterations
soak   [   3% ] 000/050 VUs  00m56.9s/30m0s  1.00 iters/s

running (00m58.0s), 000/050 VUs, 58 complete and 0 interrupted iterations
soak   [   3% ] 000/050 VUs  00m57.9s/30m0s  1.00 iters/s

running (00m59.0s), 000/050 VUs, 59 complete and 0 interrupted iterations
soak   [   3% ] 000/050 VUs  00m58.9s/30m0s  1.00 iters/s

running (01m00.0s), 000/050 VUs, 60 complete and 0 interrupted iterations
soak   [   3% ] 000/050 VUs  00m59.9s/30m0s  1.00 iters/s

running (01m01.0s), 000/050 VUs, 61 complete and 0 interrupted iterations
soak   [   3% ] 000/050 VUs  01m00.9s/30m0s  1.00 iters/s

running (01m02.0s), 000/050 VUs, 62 complete and 0 interrupted iterations
soak   [   3% ] 000/050 VUs  01m01.9s/30m0s  1.00 iters/s

running (01m03.0s), 000/050 VUs, 63 complete and 0 interrupted iterations
soak   [   3% ] 000/050 VUs  01m02.9s/30m0s  1.00 iters/s

running (01m04.0s), 000/050 VUs, 64 complete and 0 interrupted iterations
soak   [   4% ] 000/050 VUs  01m03.9s/30m0s  1.00 iters/s

running (01m05.0s), 000/050 VUs, 65 complete and 0 interrupted iterations
soak   [   4% ] 000/050 VUs  01m04.9s/30m0s  1.00 iters/s

running (01m06.0s), 000/050 VUs, 66 complete and 0 interrupted iterations
soak   [   4% ] 000/050 VUs  01m05.9s/30m0s  1.00 iters/s

running (01m07.0s), 000/050 VUs, 67 complete and 0 interrupted iterations
soak   [   4% ] 000/050 VUs  01m06.9s/30m0s  1.00 iters/s

running (01m08.0s), 000/050 VUs, 68 complete and 0 interrupted iterations
soak   [   4% ] 000/050 VUs  01m07.9s/30m0s  1.00 iters/s

running (01m09.0s), 000/050 VUs, 69 complete and 0 interrupted iterations
soak   [   4% ] 000/050 VUs  01m08.9s/30m0s  1.00 iters/s

running (01m10.0s), 000/050 VUs, 70 complete and 0 interrupted iterations
soak   [   4% ] 000/050 VUs  01m09.9s/30m0s  1.00 iters/s

running (01m11.0s), 000/050 VUs, 71 complete and 0 interrupted iterations
soak   [   4% ] 000/050 VUs  01m10.9s/30m0s  1.00 iters/s

running (01m12.0s), 000/050 VUs, 72 complete and 0 interrupted iterations
soak   [   4% ] 000/050 VUs  01m11.9s/30m0s  1.00 iters/s

running (01m13.0s), 000/050 VUs, 73 complete and 0 interrupted iterations
soak   [   4% ] 000/050 VUs  01m12.9s/30m0s  1.00 iters/s

running (01m14.0s), 000/050 VUs, 74 complete and 0 interrupted iterations
soak   [   4% ] 000/050 VUs  01m13.9s/30m0s  1.00 iters/s

running (01m15.0s), 000/050 VUs, 75 complete and 0 interrupted iterations
soak   [   4% ] 000/050 VUs  01m14.9s/30m0s  1.00 iters/s

running (01m16.0s), 000/050 VUs, 76 complete and 0 interrupted iterations
soak   [   4% ] 000/050 VUs  01m15.9s/30m0s  1.00 iters/s

running (01m17.0s), 000/050 VUs, 77 complete and 0 interrupted iterations
soak   [   4% ] 000/050 VUs  01m16.9s/30m0s  1.00 iters/s

running (01m18.0s), 000/050 VUs, 78 complete and 0 interrupted iterations
soak   [   4% ] 000/050 VUs  01m17.9s/30m0s  1.00 iters/s

running (01m19.0s), 000/050 VUs, 79 complete and 0 interrupted iterations
soak   [   4% ] 000/050 VUs  01m18.9s/30m0s  1.00 iters/s

running (01m20.0s), 000/050 VUs, 80 complete and 0 interrupted iterations
soak   [   4% ] 000/050 VUs  01m19.9s/30m0s  1.00 iters/s

running (01m21.0s), 000/050 VUs, 81 complete and 0 interrupted iterations
soak   [   4% ] 000/050 VUs  01m20.9s/30m0s  1.00 iters/s

running (01m22.0s), 000/050 VUs, 82 complete and 0 interrupted iterations
soak   [   5% ] 000/050 VUs  01m21.9s/30m0s  1.00 iters/s

running (01m23.0s), 000/050 VUs, 83 complete and 0 interrupted iterations
soak   [   5% ] 000/050 VUs  01m22.9s/30m0s  1.00 iters/s

running (01m24.0s), 000/050 VUs, 84 complete and 0 interrupted iterations
soak   [   5% ] 000/050 VUs  01m23.9s/30m0s  1.00 iters/s

running (01m25.0s), 000/050 VUs, 85 complete and 0 interrupted iterations
soak   [   5% ] 000/050 VUs  01m24.9s/30m0s  1.00 iters/s

running (01m26.0s), 000/050 VUs, 86 complete and 0 interrupted iterations
soak   [   5% ] 000/050 VUs  01m25.9s/30m0s  1.00 iters/s

running (01m27.0s), 000/050 VUs, 87 complete and 0 interrupted iterations
soak   [   5% ] 000/050 VUs  01m26.9s/30m0s  1.00 iters/s

running (01m28.0s), 000/050 VUs, 88 complete and 0 interrupted iterations
soak   [   5% ] 000/050 VUs  01m27.9s/30m0s  1.00 iters/s

running (01m29.0s), 000/050 VUs, 89 complete and 0 interrupted iterations
soak   [   5% ] 000/050 VUs  01m28.9s/30m0s  1.00 iters/s

running (01m30.0s), 000/050 VUs, 90 complete and 0 interrupted iterations
soak   [   5% ] 000/050 VUs  01m29.9s/30m0s  1.00 iters/s

running (01m31.0s), 000/050 VUs, 91 complete and 0 interrupted iterations
soak   [   5% ] 000/050 VUs  01m30.9s/30m0s  1.00 iters/s

running (01m32.0s), 000/050 VUs, 92 complete and 0 interrupted iterations
soak   [   5% ] 000/050 VUs  01m31.9s/30m0s  1.00 iters/s

running (01m33.0s), 000/050 VUs, 93 complete and 0 interrupted iterations
soak   [   5% ] 000/050 VUs  01m32.9s/30m0s  1.00 iters/s

running (01m34.0s), 000/050 VUs, 94 complete and 0 interrupted iterations
soak   [   5% ] 000/050 VUs  01m33.9s/30m0s  1.00 iters/s

running (01m35.0s), 000/050 VUs, 95 complete and 0 interrupted iterations
soak   [   5% ] 000/050 VUs  01m34.9s/30m0s  1.00 iters/s

running (01m36.0s), 000/050 VUs, 96 complete and 0 interrupted iterations
soak   [   5% ] 000/050 VUs  01m35.9s/30m0s  1.00 iters/s

running (01m37.0s), 000/050 VUs, 97 complete and 0 interrupted iterations
soak   [   5% ] 000/050 VUs  01m36.9s/30m0s  1.00 iters/s

running (01m38.0s), 000/050 VUs, 98 complete and 0 interrupted iterations
soak   [   5% ] 000/050 VUs  01m37.9s/30m0s  1.00 iters/s

running (01m39.0s), 000/050 VUs, 99 complete and 0 interrupted iterations
soak   [   5% ] 000/050 VUs  01m38.9s/30m0s  1.00 iters/s

running (01m40.0s), 000/050 VUs, 100 complete and 0 interrupted iterations
soak   [   6% ] 000/050 VUs  01m39.9s/30m0s  1.00 iters/s

running (01m41.0s), 000/050 VUs, 101 complete and 0 interrupted iterations
soak   [   6% ] 000/050 VUs  01m40.9s/30m0s  1.00 iters/s

running (01m42.0s), 000/050 VUs, 102 complete and 0 interrupted iterations
soak   [   6% ] 000/050 VUs  01m41.9s/30m0s  1.00 iters/s

running (01m43.0s), 000/050 VUs, 103 complete and 0 interrupted iterations
soak   [   6% ] 000/050 VUs  01m42.9s/30m0s  1.00 iters/s

running (01m44.0s), 000/050 VUs, 104 complete and 0 interrupted iterations
soak   [   6% ] 000/050 VUs  01m43.9s/30m0s  1.00 iters/s

running (01m45.0s), 000/050 VUs, 105 complete and 0 interrupted iterations
soak   [   6% ] 000/050 VUs  01m44.9s/30m0s  1.00 iters/s

running (01m46.0s), 000/050 VUs, 106 complete and 0 interrupted iterations
soak   [   6% ] 000/050 VUs  01m45.9s/30m0s  1.00 iters/s

running (01m47.0s), 000/050 VUs, 107 complete and 0 interrupted iterations
soak   [   6% ] 000/050 VUs  01m46.9s/30m0s  1.00 iters/s

running (01m48.0s), 000/050 VUs, 108 complete and 0 interrupted iterations
soak   [   6% ] 000/050 VUs  01m47.9s/30m0s  1.00 iters/s

running (01m49.0s), 000/050 VUs, 109 complete and 0 interrupted iterations
soak   [   6% ] 000/050 VUs  01m48.9s/30m0s  1.00 iters/s

running (01m50.0s), 000/050 VUs, 110 complete and 0 interrupted iterations
soak   [   6% ] 000/050 VUs  01m49.9s/30m0s  1.00 iters/s

running (01m51.0s), 000/050 VUs, 111 complete and 0 interrupted iterations
soak   [   6% ] 000/050 VUs  01m50.9s/30m0s  1.00 iters/s

running (01m52.0s), 000/050 VUs, 112 complete and 0 interrupted iterations
soak   [   6% ] 000/050 VUs  01m51.9s/30m0s  1.00 iters/s

running (01m53.0s), 000/050 VUs, 113 complete and 0 interrupted iterations
soak   [   6% ] 000/050 VUs  01m52.9s/30m0s  1.00 iters/s

running (01m54.0s), 000/050 VUs, 114 complete and 0 interrupted iterations
soak   [   6% ] 000/050 VUs  01m53.9s/30m0s  1.00 iters/s

running (01m55.0s), 000/050 VUs, 115 complete and 0 interrupted iterations
soak   [   6% ] 000/050 VUs  01m54.9s/30m0s  1.00 iters/s

running (01m56.0s), 000/050 VUs, 116 complete and 0 interrupted iterations
soak   [   6% ] 000/050 VUs  01m55.9s/30m0s  1.00 iters/s

running (01m57.0s), 000/050 VUs, 117 complete and 0 interrupted iterations
soak   [   6% ] 000/050 VUs  01m56.9s/30m0s  1.00 iters/s

running (01m58.0s), 000/050 VUs, 118 complete and 0 interrupted iterations
soak   [   7% ] 000/050 VUs  01m57.9s/30m0s  1.00 iters/s

running (01m59.0s), 000/050 VUs, 119 complete and 0 interrupted iterations
soak   [   7% ] 000/050 VUs  01m58.9s/30m0s  1.00 iters/s

running (02m00.0s), 000/050 VUs, 120 complete and 0 interrupted iterations
soak   [   7% ] 000/050 VUs  01m59.9s/30m0s  1.00 iters/s

running (02m01.0s), 000/050 VUs, 121 complete and 0 interrupted iterations
soak   [   7% ] 000/050 VUs  02m00.9s/30m0s  1.00 iters/s

running (02m02.0s), 000/050 VUs, 122 complete and 0 interrupted iterations
soak   [   7% ] 000/050 VUs  02m01.9s/30m0s  1.00 iters/s

running (02m03.0s), 000/050 VUs, 123 complete and 0 interrupted iterations
soak   [   7% ] 000/050 VUs  02m02.9s/30m0s  1.00 iters/s

running (02m04.0s), 000/050 VUs, 124 complete and 0 interrupted iterations
soak   [   7% ] 000/050 VUs  02m03.9s/30m0s  1.00 iters/s

running (02m05.0s), 000/050 VUs, 125 complete and 0 interrupted iterations
soak   [   7% ] 000/050 VUs  02m04.9s/30m0s  1.00 iters/s

running (02m06.0s), 000/050 VUs, 126 complete and 0 interrupted iterations
soak   [   7% ] 000/050 VUs  02m05.9s/30m0s  1.00 iters/s

running (02m07.0s), 000/050 VUs, 127 complete and 0 interrupted iterations
soak   [   7% ] 000/050 VUs  02m06.9s/30m0s  1.00 iters/s

running (02m08.0s), 000/050 VUs, 128 complete and 0 interrupted iterations
soak   [   7% ] 000/050 VUs  02m07.9s/30m0s  1.00 iters/s

running (02m09.0s), 000/050 VUs, 129 complete and 0 interrupted iterations
soak   [   7% ] 000/050 VUs  02m08.9s/30m0s  1.00 iters/s

running (02m10.0s), 000/050 VUs, 130 complete and 0 interrupted iterations
soak   [   7% ] 000/050 VUs  02m09.9s/30m0s  1.00 iters/s

running (02m11.0s), 000/050 VUs, 131 complete and 0 interrupted iterations
soak   [   7% ] 000/050 VUs  02m10.9s/30m0s  1.00 iters/s

running (02m12.0s), 000/050 VUs, 132 complete and 0 interrupted iterations
soak   [   7% ] 000/050 VUs  02m11.9s/30m0s  1.00 iters/s

running (02m13.0s), 000/050 VUs, 133 complete and 0 interrupted iterations
soak   [   7% ] 000/050 VUs  02m12.9s/30m0s  1.00 iters/s

running (02m14.0s), 000/050 VUs, 134 complete and 0 interrupted iterations
soak   [   7% ] 000/050 VUs  02m13.9s/30m0s  1.00 iters/s

running (02m15.0s), 000/050 VUs, 135 complete and 0 interrupted iterations
soak   [   7% ] 000/050 VUs  02m14.9s/30m0s  1.00 iters/s

running (02m16.0s), 000/050 VUs, 136 complete and 0 interrupted iterations
soak   [   8% ] 000/050 VUs  02m15.9s/30m0s  1.00 iters/s

running (02m17.0s), 000/050 VUs, 137 complete and 0 interrupted iterations
soak   [   8% ] 000/050 VUs  02m16.9s/30m0s  1.00 iters/s

running (02m18.0s), 000/050 VUs, 138 complete and 0 interrupted iterations
soak   [   8% ] 000/050 VUs  02m17.9s/30m0s  1.00 iters/s

running (02m19.0s), 000/050 VUs, 139 complete and 0 interrupted iterations
soak   [   8% ] 000/050 VUs  02m18.9s/30m0s  1.00 iters/s

running (02m20.0s), 000/050 VUs, 140 complete and 0 interrupted iterations
soak   [   8% ] 000/050 VUs  02m19.9s/30m0s  1.00 iters/s

running (02m21.0s), 000/050 VUs, 141 complete and 0 interrupted iterations
soak   [   8% ] 000/050 VUs  02m20.9s/30m0s  1.00 iters/s

running (02m22.0s), 000/050 VUs, 142 complete and 0 interrupted iterations
soak   [   8% ] 000/050 VUs  02m21.9s/30m0s  1.00 iters/s

running (02m23.0s), 000/050 VUs, 143 complete and 0 interrupted iterations
soak   [   8% ] 000/050 VUs  02m22.9s/30m0s  1.00 iters/s

running (02m24.0s), 000/050 VUs, 144 complete and 0 interrupted iterations
soak   [   8% ] 000/050 VUs  02m23.9s/30m0s  1.00 iters/s

running (02m25.0s), 000/050 VUs, 145 complete and 0 interrupted iterations
soak   [   8% ] 000/050 VUs  02m24.9s/30m0s  1.00 iters/s

running (02m26.0s), 000/050 VUs, 146 complete and 0 interrupted iterations
soak   [   8% ] 000/050 VUs  02m25.9s/30m0s  1.00 iters/s

running (02m27.0s), 000/050 VUs, 147 complete and 0 interrupted iterations
soak   [   8% ] 000/050 VUs  02m26.9s/30m0s  1.00 iters/s

running (02m28.0s), 000/050 VUs, 148 complete and 0 interrupted iterations
soak   [   8% ] 000/050 VUs  02m27.9s/30m0s  1.00 iters/s

running (02m29.0s), 000/050 VUs, 149 complete and 0 interrupted iterations
soak   [   8% ] 000/050 VUs  02m28.9s/30m0s  1.00 iters/s

running (02m30.0s), 000/050 VUs, 150 complete and 0 interrupted iterations
soak   [   8% ] 000/050 VUs  02m29.9s/30m0s  1.00 iters/s

running (02m31.0s), 000/050 VUs, 151 complete and 0 interrupted iterations
soak   [   8% ] 000/050 VUs  02m30.9s/30m0s  1.00 iters/s

running (02m32.0s), 000/050 VUs, 152 complete and 0 interrupted iterations
soak   [   8% ] 000/050 VUs  02m31.9s/30m0s  1.00 iters/s

running (02m33.0s), 000/050 VUs, 153 complete and 0 interrupted iterations
soak   [   8% ] 000/050 VUs  02m32.9s/30m0s  1.00 iters/s

running (02m34.0s), 000/050 VUs, 154 complete and 0 interrupted iterations
soak   [   9% ] 000/050 VUs  02m33.9s/30m0s  1.00 iters/s

running (02m35.0s), 000/050 VUs, 155 complete and 0 interrupted iterations
soak   [   9% ] 000/050 VUs  02m34.9s/30m0s  1.00 iters/s

running (02m36.0s), 000/050 VUs, 156 complete and 0 interrupted iterations
soak   [   9% ] 000/050 VUs  02m35.9s/30m0s  1.00 iters/s

running (02m37.0s), 000/050 VUs, 157 complete and 0 interrupted iterations
soak   [   9% ] 000/050 VUs  02m36.9s/30m0s  1.00 iters/s

running (02m38.0s), 000/050 VUs, 158 complete and 0 interrupted iterations
soak   [   9% ] 000/050 VUs  02m37.9s/30m0s  1.00 iters/s

running (02m39.0s), 000/050 VUs, 159 complete and 0 interrupted iterations
soak   [   9% ] 000/050 VUs  02m38.9s/30m0s  1.00 iters/s

running (02m40.0s), 000/050 VUs, 160 complete and 0 interrupted iterations
soak   [   9% ] 000/050 VUs  02m39.9s/30m0s  1.00 iters/s

running (02m41.0s), 000/050 VUs, 161 complete and 0 interrupted iterations
soak   [   9% ] 000/050 VUs  02m40.9s/30m0s  1.00 iters/s

running (02m42.0s), 000/050 VUs, 162 complete and 0 interrupted iterations
soak   [   9% ] 000/050 VUs  02m41.9s/30m0s  1.00 iters/s

running (02m43.0s), 000/050 VUs, 163 complete and 0 interrupted iterations
soak   [   9% ] 000/050 VUs  02m42.9s/30m0s  1.00 iters/s

running (02m44.0s), 000/050 VUs, 164 complete and 0 interrupted iterations
soak   [   9% ] 000/050 VUs  02m43.9s/30m0s  1.00 iters/s

running (02m45.0s), 000/050 VUs, 165 complete and 0 interrupted iterations
soak   [   9% ] 000/050 VUs  02m44.9s/30m0s  1.00 iters/s

running (02m46.0s), 000/050 VUs, 166 complete and 0 interrupted iterations
soak   [   9% ] 000/050 VUs  02m45.9s/30m0s  1.00 iters/s

running (02m47.0s), 000/050 VUs, 167 complete and 0 interrupted iterations
soak   [   9% ] 000/050 VUs  02m46.9s/30m0s  1.00 iters/s

running (02m48.0s), 000/050 VUs, 168 complete and 0 interrupted iterations
soak   [   9% ] 000/050 VUs  02m47.9s/30m0s  1.00 iters/s

running (02m49.0s), 000/050 VUs, 169 complete and 0 interrupted iterations
soak   [   9% ] 000/050 VUs  02m48.9s/30m0s  1.00 iters/s

running (02m50.0s), 000/050 VUs, 170 complete and 0 interrupted iterations
soak   [   9% ] 000/050 VUs  02m49.9s/30m0s  1.00 iters/s

running (02m51.0s), 000/050 VUs, 171 complete and 0 interrupted iterations
soak   [   9% ] 000/050 VUs  02m50.9s/30m0s  1.00 iters/s

running (02m52.0s), 000/050 VUs, 172 complete and 0 interrupted iterations
soak   [  10% ] 000/050 VUs  02m51.9s/30m0s  1.00 iters/s

running (02m53.0s), 000/050 VUs, 173 complete and 0 interrupted iterations
soak   [  10% ] 000/050 VUs  02m52.9s/30m0s  1.00 iters/s

running (02m54.0s), 000/050 VUs, 174 complete and 0 interrupted iterations
soak   [  10% ] 000/050 VUs  02m53.9s/30m0s  1.00 iters/s

running (02m55.0s), 000/050 VUs, 175 complete and 0 interrupted iterations
soak   [  10% ] 000/050 VUs  02m54.9s/30m0s  1.00 iters/s

running (02m56.0s), 000/050 VUs, 176 complete and 0 interrupted iterations
soak   [  10% ] 000/050 VUs  02m55.9s/30m0s  1.00 iters/s

running (02m57.0s), 000/050 VUs, 177 complete and 0 interrupted iterations
soak   [  10% ] 000/050 VUs  02m56.9s/30m0s  1.00 iters/s

running (02m58.0s), 000/050 VUs, 178 complete and 0 interrupted iterations
soak   [  10% ] 000/050 VUs  02m57.9s/30m0s  1.00 iters/s

running (02m59.0s), 000/050 VUs, 179 complete and 0 interrupted iterations
soak   [  10% ] 000/050 VUs  02m58.9s/30m0s  1.00 iters/s

running (03m00.0s), 000/050 VUs, 180 complete and 0 interrupted iterations
soak   [  10% ] 000/050 VUs  02m59.9s/30m0s  1.00 iters/s

running (03m01.0s), 000/050 VUs, 181 complete and 0 interrupted iterations
soak   [  10% ] 000/050 VUs  03m00.9s/30m0s  1.00 iters/s

running (03m02.0s), 000/050 VUs, 182 complete and 0 interrupted iterations
soak   [  10% ] 000/050 VUs  03m01.9s/30m0s  1.00 iters/s

running (03m03.0s), 000/050 VUs, 183 complete and 0 interrupted iterations
soak   [  10% ] 000/050 VUs  03m02.9s/30m0s  1.00 iters/s

running (03m04.0s), 000/050 VUs, 184 complete and 0 interrupted iterations
soak   [  10% ] 000/050 VUs  03m03.9s/30m0s  1.00 iters/s

running (03m05.0s), 000/050 VUs, 185 complete and 0 interrupted iterations
soak   [  10% ] 000/050 VUs  03m04.9s/30m0s  1.00 iters/s

running (03m06.0s), 000/050 VUs, 186 complete and 0 interrupted iterations
soak   [  10% ] 000/050 VUs  03m05.9s/30m0s  1.00 iters/s

running (03m07.0s), 000/050 VUs, 187 complete and 0 interrupted iterations
soak   [  10% ] 000/050 VUs  03m06.9s/30m0s  1.00 iters/s

running (03m08.0s), 000/050 VUs, 188 complete and 0 interrupted iterations
soak   [  10% ] 000/050 VUs  03m07.9s/30m0s  1.00 iters/s

running (03m09.0s), 000/050 VUs, 189 complete and 0 interrupted iterations
soak   [  10% ] 000/050 VUs  03m08.9s/30m0s  1.00 iters/s

running (03m10.0s), 000/050 VUs, 190 complete and 0 interrupted iterations
soak   [  11% ] 000/050 VUs  03m09.9s/30m0s  1.00 iters/s

running (03m11.0s), 000/050 VUs, 191 complete and 0 interrupted iterations
soak   [  11% ] 000/050 VUs  03m10.9s/30m0s  1.00 iters/s

running (03m12.0s), 000/050 VUs, 192 complete and 0 interrupted iterations
soak   [  11% ] 000/050 VUs  03m11.9s/30m0s  1.00 iters/s

running (03m13.0s), 000/050 VUs, 193 complete and 0 interrupted iterations
soak   [  11% ] 000/050 VUs  03m12.9s/30m0s  1.00 iters/s

running (03m14.0s), 000/050 VUs, 194 complete and 0 interrupted iterations
soak   [  11% ] 000/050 VUs  03m13.9s/30m0s  1.00 iters/s

running (03m15.0s), 000/050 VUs, 195 complete and 0 interrupted iterations
soak   [  11% ] 000/050 VUs  03m14.9s/30m0s  1.00 iters/s

running (03m16.0s), 000/050 VUs, 196 complete and 0 interrupted iterations
soak   [  11% ] 000/050 VUs  03m15.9s/30m0s  1.00 iters/s

running (03m17.0s), 000/050 VUs, 197 complete and 0 interrupted iterations
soak   [  11% ] 000/050 VUs  03m16.9s/30m0s  1.00 iters/s

running (03m18.0s), 000/050 VUs, 198 complete and 0 interrupted iterations
soak   [  11% ] 000/050 VUs  03m17.9s/30m0s  1.00 iters/s

running (03m19.0s), 000/050 VUs, 199 complete and 0 interrupted iterations
soak   [  11% ] 000/050 VUs  03m18.9s/30m0s  1.00 iters/s

running (03m20.0s), 000/050 VUs, 200 complete and 0 interrupted iterations
soak   [  11% ] 000/050 VUs  03m19.9s/30m0s  1.00 iters/s

running (03m21.0s), 000/050 VUs, 201 complete and 0 interrupted iterations
soak   [  11% ] 000/050 VUs  03m20.9s/30m0s  1.00 iters/s

running (03m22.0s), 000/050 VUs, 202 complete and 0 interrupted iterations
soak   [  11% ] 000/050 VUs  03m21.9s/30m0s  1.00 iters/s

running (03m23.0s), 000/050 VUs, 203 complete and 0 interrupted iterations
soak   [  11% ] 000/050 VUs  03m22.9s/30m0s  1.00 iters/s

running (03m24.0s), 000/050 VUs, 204 complete and 0 interrupted iterations
soak   [  11% ] 000/050 VUs  03m23.9s/30m0s  1.00 iters/s

running (03m25.0s), 000/050 VUs, 205 complete and 0 interrupted iterations
soak   [  11% ] 000/050 VUs  03m24.9s/30m0s  1.00 iters/s

running (03m26.0s), 000/050 VUs, 206 complete and 0 interrupted iterations
soak   [  11% ] 000/050 VUs  03m25.9s/30m0s  1.00 iters/s

running (03m27.0s), 000/050 VUs, 207 complete and 0 interrupted iterations
soak   [  11% ] 000/050 VUs  03m26.9s/30m0s  1.00 iters/s

running (03m28.0s), 000/050 VUs, 208 complete and 0 interrupted iterations
soak   [  12% ] 000/050 VUs  03m27.9s/30m0s  1.00 iters/s

running (03m29.0s), 000/050 VUs, 209 complete and 0 interrupted iterations
soak   [  12% ] 000/050 VUs  03m28.9s/30m0s  1.00 iters/s

running (03m30.0s), 000/050 VUs, 210 complete and 0 interrupted iterations
soak   [  12% ] 000/050 VUs  03m29.9s/30m0s  1.00 iters/s

running (03m31.0s), 000/050 VUs, 211 complete and 0 interrupted iterations
soak   [  12% ] 000/050 VUs  03m30.9s/30m0s  1.00 iters/s

running (03m32.0s), 000/050 VUs, 212 complete and 0 interrupted iterations
soak   [  12% ] 000/050 VUs  03m31.9s/30m0s  1.00 iters/s

running (03m33.0s), 000/050 VUs, 213 complete and 0 interrupted iterations
soak   [  12% ] 000/050 VUs  03m32.9s/30m0s  1.00 iters/s

running (03m34.0s), 000/050 VUs, 214 complete and 0 interrupted iterations
soak   [  12% ] 000/050 VUs  03m33.9s/30m0s  1.00 iters/s

running (03m35.0s), 000/050 VUs, 215 complete and 0 interrupted iterations
soak   [  12% ] 000/050 VUs  03m34.9s/30m0s  1.00 iters/s

running (03m36.0s), 000/050 VUs, 216 complete and 0 interrupted iterations
soak   [  12% ] 000/050 VUs  03m35.9s/30m0s  1.00 iters/s

running (03m37.0s), 000/050 VUs, 217 complete and 0 interrupted iterations
soak   [  12% ] 000/050 VUs  03m36.9s/30m0s  1.00 iters/s

running (03m38.0s), 000/050 VUs, 218 complete and 0 interrupted iterations
soak   [  12% ] 000/050 VUs  03m37.9s/30m0s  1.00 iters/s

running (03m39.0s), 000/050 VUs, 219 complete and 0 interrupted iterations
soak   [  12% ] 000/050 VUs  03m38.9s/30m0s  1.00 iters/s

running (03m40.0s), 000/050 VUs, 220 complete and 0 interrupted iterations
soak   [  12% ] 000/050 VUs  03m39.9s/30m0s  1.00 iters/s

running (03m41.0s), 000/050 VUs, 221 complete and 0 interrupted iterations
soak   [  12% ] 000/050 VUs  03m40.9s/30m0s  1.00 iters/s

running (03m42.0s), 000/050 VUs, 222 complete and 0 interrupted iterations
soak   [  12% ] 000/050 VUs  03m41.9s/30m0s  1.00 iters/s

running (03m43.0s), 000/050 VUs, 223 complete and 0 interrupted iterations
soak   [  12% ] 000/050 VUs  03m42.9s/30m0s  1.00 iters/s

running (03m44.0s), 000/050 VUs, 224 complete and 0 interrupted iterations
soak   [  12% ] 000/050 VUs  03m43.9s/30m0s  1.00 iters/s

running (03m45.0s), 000/050 VUs, 225 complete and 0 interrupted iterations
soak   [  12% ] 000/050 VUs  03m44.9s/30m0s  1.00 iters/s

running (03m46.0s), 000/050 VUs, 226 complete and 0 interrupted iterations
soak   [  13% ] 000/050 VUs  03m45.9s/30m0s  1.00 iters/s

running (03m47.0s), 000/050 VUs, 227 complete and 0 interrupted iterations
soak   [  13% ] 000/050 VUs  03m46.9s/30m0s  1.00 iters/s

running (03m48.0s), 000/050 VUs, 228 complete and 0 interrupted iterations
soak   [  13% ] 000/050 VUs  03m47.9s/30m0s  1.00 iters/s

running (03m49.0s), 000/050 VUs, 229 complete and 0 interrupted iterations
soak   [  13% ] 000/050 VUs  03m48.9s/30m0s  1.00 iters/s

running (03m50.0s), 000/050 VUs, 230 complete and 0 interrupted iterations
soak   [  13% ] 000/050 VUs  03m49.9s/30m0s  1.00 iters/s

running (03m51.0s), 000/050 VUs, 231 complete and 0 interrupted iterations
soak   [  13% ] 000/050 VUs  03m50.9s/30m0s  1.00 iters/s

running (03m52.0s), 000/050 VUs, 232 complete and 0 interrupted iterations
soak   [  13% ] 000/050 VUs  03m51.9s/30m0s  1.00 iters/s

running (03m53.0s), 000/050 VUs, 233 complete and 0 interrupted iterations
soak   [  13% ] 000/050 VUs  03m52.9s/30m0s  1.00 iters/s

running (03m54.0s), 000/050 VUs, 234 complete and 0 interrupted iterations
soak   [  13% ] 000/050 VUs  03m53.9s/30m0s  1.00 iters/s

running (03m55.0s), 000/050 VUs, 235 complete and 0 interrupted iterations
soak   [  13% ] 000/050 VUs  03m54.9s/30m0s  1.00 iters/s

running (03m56.0s), 000/050 VUs, 236 complete and 0 interrupted iterations
soak   [  13% ] 000/050 VUs  03m55.9s/30m0s  1.00 iters/s

running (03m57.0s), 000/050 VUs, 237 complete and 0 interrupted iterations
soak   [  13% ] 000/050 VUs  03m56.9s/30m0s  1.00 iters/s

running (03m58.0s), 000/050 VUs, 238 complete and 0 interrupted iterations
soak   [  13% ] 000/050 VUs  03m57.9s/30m0s  1.00 iters/s

running (03m59.0s), 000/050 VUs, 239 complete and 0 interrupted iterations
soak   [  13% ] 000/050 VUs  03m58.9s/30m0s  1.00 iters/s

running (04m00.0s), 000/050 VUs, 240 complete and 0 interrupted iterations
soak   [  13% ] 000/050 VUs  03m59.9s/30m0s  1.00 iters/s

running (04m01.0s), 000/050 VUs, 241 complete and 0 interrupted iterations
soak   [  13% ] 000/050 VUs  04m00.9s/30m0s  1.00 iters/s

running (04m02.0s), 000/050 VUs, 242 complete and 0 interrupted iterations
soak   [  13% ] 000/050 VUs  04m01.9s/30m0s  1.00 iters/s

running (04m03.0s), 000/050 VUs, 243 complete and 0 interrupted iterations
soak   [  13% ] 000/050 VUs  04m02.9s/30m0s  1.00 iters/s

running (04m04.0s), 000/050 VUs, 244 complete and 0 interrupted iterations
soak   [  14% ] 000/050 VUs  04m03.9s/30m0s  1.00 iters/s

running (04m05.0s), 000/050 VUs, 245 complete and 0 interrupted iterations
soak   [  14% ] 000/050 VUs  04m04.9s/30m0s  1.00 iters/s

running (04m06.0s), 000/050 VUs, 246 complete and 0 interrupted iterations
soak   [  14% ] 000/050 VUs  04m05.9s/30m0s  1.00 iters/s

running (04m07.0s), 000/050 VUs, 247 complete and 0 interrupted iterations
soak   [  14% ] 000/050 VUs  04m06.9s/30m0s  1.00 iters/s

running (04m08.0s), 000/050 VUs, 248 complete and 0 interrupted iterations
soak   [  14% ] 000/050 VUs  04m07.9s/30m0s  1.00 iters/s

running (04m09.0s), 000/050 VUs, 249 complete and 0 interrupted iterations
soak   [  14% ] 000/050 VUs  04m08.9s/30m0s  1.00 iters/s

running (04m10.0s), 000/050 VUs, 250 complete and 0 interrupted iterations
soak   [  14% ] 000/050 VUs  04m09.9s/30m0s  1.00 iters/s

running (04m11.0s), 000/050 VUs, 251 complete and 0 interrupted iterations
soak   [  14% ] 000/050 VUs  04m10.9s/30m0s  1.00 iters/s

running (04m12.0s), 000/050 VUs, 252 complete and 0 interrupted iterations
soak   [  14% ] 000/050 VUs  04m11.9s/30m0s  1.00 iters/s

running (04m13.0s), 000/050 VUs, 253 complete and 0 interrupted iterations
soak   [  14% ] 000/050 VUs  04m12.9s/30m0s  1.00 iters/s

running (04m14.0s), 000/050 VUs, 254 complete and 0 interrupted iterations
soak   [  14% ] 000/050 VUs  04m13.9s/30m0s  1.00 iters/s

running (04m15.0s), 000/050 VUs, 255 complete and 0 interrupted iterations
soak   [  14% ] 000/050 VUs  04m14.9s/30m0s  1.00 iters/s

running (04m16.0s), 000/050 VUs, 256 complete and 0 interrupted iterations
soak   [  14% ] 000/050 VUs  04m15.9s/30m0s  1.00 iters/s

running (04m17.0s), 000/050 VUs, 257 complete and 0 interrupted iterations
soak   [  14% ] 000/050 VUs  04m16.9s/30m0s  1.00 iters/s

running (04m18.0s), 000/050 VUs, 258 complete and 0 interrupted iterations
soak   [  14% ] 000/050 VUs  04m17.9s/30m0s  1.00 iters/s

running (04m19.0s), 000/050 VUs, 259 complete and 0 interrupted iterations
soak   [  14% ] 000/050 VUs  04m18.9s/30m0s  1.00 iters/s

running (04m20.0s), 000/050 VUs, 260 complete and 0 interrupted iterations
soak   [  14% ] 000/050 VUs  04m19.9s/30m0s  1.00 iters/s

running (04m21.0s), 000/050 VUs, 261 complete and 0 interrupted iterations
soak   [  14% ] 000/050 VUs  04m20.9s/30m0s  1.00 iters/s

running (04m22.0s), 000/050 VUs, 262 complete and 0 interrupted iterations
soak   [  15% ] 000/050 VUs  04m21.9s/30m0s  1.00 iters/s

running (04m23.0s), 000/050 VUs, 263 complete and 0 interrupted iterations
soak   [  15% ] 000/050 VUs  04m22.9s/30m0s  1.00 iters/s

running (04m24.0s), 000/050 VUs, 264 complete and 0 interrupted iterations
soak   [  15% ] 000/050 VUs  04m23.9s/30m0s  1.00 iters/s

running (04m25.0s), 000/050 VUs, 265 complete and 0 interrupted iterations
soak   [  15% ] 000/050 VUs  04m24.9s/30m0s  1.00 iters/s

running (04m26.0s), 000/050 VUs, 266 complete and 0 interrupted iterations
soak   [  15% ] 000/050 VUs  04m25.9s/30m0s  1.00 iters/s

running (04m27.0s), 000/050 VUs, 267 complete and 0 interrupted iterations
soak   [  15% ] 000/050 VUs  04m26.9s/30m0s  1.00 iters/s

running (04m28.0s), 000/050 VUs, 268 complete and 0 interrupted iterations
soak   [  15% ] 000/050 VUs  04m27.9s/30m0s  1.00 iters/s

running (04m29.0s), 000/050 VUs, 269 complete and 0 interrupted iterations
soak   [  15% ] 000/050 VUs  04m28.9s/30m0s  1.00 iters/s

running (04m30.0s), 000/050 VUs, 270 complete and 0 interrupted iterations
soak   [  15% ] 000/050 VUs  04m29.9s/30m0s  1.00 iters/s

running (04m31.0s), 000/050 VUs, 271 complete and 0 interrupted iterations
soak   [  15% ] 000/050 VUs  04m30.9s/30m0s  1.00 iters/s

running (04m32.0s), 000/050 VUs, 272 complete and 0 interrupted iterations
soak   [  15% ] 000/050 VUs  04m31.9s/30m0s  1.00 iters/s

running (04m33.0s), 000/050 VUs, 273 complete and 0 interrupted iterations
soak   [  15% ] 000/050 VUs  04m32.9s/30m0s  1.00 iters/s

running (04m34.0s), 000/050 VUs, 274 complete and 0 interrupted iterations
soak   [  15% ] 000/050 VUs  04m33.9s/30m0s  1.00 iters/s

running (04m35.0s), 000/050 VUs, 275 complete and 0 interrupted iterations
soak   [  15% ] 000/050 VUs  04m34.9s/30m0s  1.00 iters/s

running (04m36.0s), 000/050 VUs, 276 complete and 0 interrupted iterations
soak   [  15% ] 000/050 VUs  04m35.9s/30m0s  1.00 iters/s

running (04m37.0s), 000/050 VUs, 277 complete and 0 interrupted iterations
soak   [  15% ] 000/050 VUs  04m36.9s/30m0s  1.00 iters/s

running (04m38.0s), 000/050 VUs, 278 complete and 0 interrupted iterations
soak   [  15% ] 000/050 VUs  04m37.9s/30m0s  1.00 iters/s

running (04m39.0s), 000/050 VUs, 279 complete and 0 interrupted iterations
soak   [  15% ] 000/050 VUs  04m38.9s/30m0s  1.00 iters/s

running (04m40.0s), 000/050 VUs, 280 complete and 0 interrupted iterations
soak   [  16% ] 000/050 VUs  04m39.9s/30m0s  1.00 iters/s

running (04m41.0s), 000/050 VUs, 281 complete and 0 interrupted iterations
soak   [  16% ] 000/050 VUs  04m40.9s/30m0s  1.00 iters/s

running (04m42.0s), 000/050 VUs, 282 complete and 0 interrupted iterations
soak   [  16% ] 000/050 VUs  04m41.9s/30m0s  1.00 iters/s

running (04m43.0s), 000/050 VUs, 283 complete and 0 interrupted iterations
soak   [  16% ] 000/050 VUs  04m42.9s/30m0s  1.00 iters/s

running (04m44.0s), 000/050 VUs, 284 complete and 0 interrupted iterations
soak   [  16% ] 000/050 VUs  04m43.9s/30m0s  1.00 iters/s

running (04m45.0s), 000/050 VUs, 285 complete and 0 interrupted iterations
soak   [  16% ] 000/050 VUs  04m44.9s/30m0s  1.00 iters/s

running (04m46.0s), 000/050 VUs, 286 complete and 0 interrupted iterations
soak   [  16% ] 000/050 VUs  04m45.9s/30m0s  1.00 iters/s

running (04m47.0s), 000/050 VUs, 287 complete and 0 interrupted iterations
soak   [  16% ] 000/050 VUs  04m46.9s/30m0s  1.00 iters/s

running (04m48.0s), 000/050 VUs, 288 complete and 0 interrupted iterations
soak   [  16% ] 000/050 VUs  04m47.9s/30m0s  1.00 iters/s

running (04m49.0s), 000/050 VUs, 289 complete and 0 interrupted iterations
soak   [  16% ] 000/050 VUs  04m48.9s/30m0s  1.00 iters/s

running (04m50.0s), 000/050 VUs, 290 complete and 0 interrupted iterations
soak   [  16% ] 000/050 VUs  04m49.9s/30m0s  1.00 iters/s

running (04m51.0s), 000/050 VUs, 291 complete and 0 interrupted iterations
soak   [  16% ] 000/050 VUs  04m50.9s/30m0s  1.00 iters/s

running (04m52.0s), 000/050 VUs, 292 complete and 0 interrupted iterations
soak   [  16% ] 000/050 VUs  04m51.9s/30m0s  1.00 iters/s

running (04m53.0s), 000/050 VUs, 293 complete and 0 interrupted iterations
soak   [  16% ] 000/050 VUs  04m52.9s/30m0s  1.00 iters/s

running (04m54.0s), 000/050 VUs, 294 complete and 0 interrupted iterations
soak   [  16% ] 000/050 VUs  04m53.9s/30m0s  1.00 iters/s

running (04m55.0s), 000/050 VUs, 295 complete and 0 interrupted iterations
soak   [  16% ] 000/050 VUs  04m54.9s/30m0s  1.00 iters/s

running (04m56.0s), 000/050 VUs, 296 complete and 0 interrupted iterations
soak   [  16% ] 000/050 VUs  04m55.9s/30m0s  1.00 iters/s

running (04m57.0s), 000/050 VUs, 297 complete and 0 interrupted iterations
soak   [  16% ] 000/050 VUs  04m56.9s/30m0s  1.00 iters/s

running (04m58.0s), 000/050 VUs, 298 complete and 0 interrupted iterations
soak   [  17% ] 000/050 VUs  04m57.9s/30m0s  1.00 iters/s

running (04m59.0s), 000/050 VUs, 299 complete and 0 interrupted iterations
soak   [  17% ] 000/050 VUs  04m58.9s/30m0s  1.00 iters/s

running (05m00.0s), 000/050 VUs, 300 complete and 0 interrupted iterations
soak   [  17% ] 000/050 VUs  04m59.9s/30m0s  1.00 iters/s

running (05m01.0s), 000/050 VUs, 301 complete and 0 interrupted iterations
soak   [  17% ] 000/050 VUs  05m00.9s/30m0s  1.00 iters/s

running (05m02.0s), 000/050 VUs, 302 complete and 0 interrupted iterations
soak   [  17% ] 000/050 VUs  05m01.9s/30m0s  1.00 iters/s

running (05m03.0s), 000/050 VUs, 303 complete and 0 interrupted iterations
soak   [  17% ] 000/050 VUs  05m02.9s/30m0s  1.00 iters/s

running (05m04.0s), 000/050 VUs, 304 complete and 0 interrupted iterations
soak   [  17% ] 000/050 VUs  05m03.9s/30m0s  1.00 iters/s

running (05m05.0s), 000/050 VUs, 305 complete and 0 interrupted iterations
soak   [  17% ] 000/050 VUs  05m04.9s/30m0s  1.00 iters/s

running (05m06.0s), 000/050 VUs, 306 complete and 0 interrupted iterations
soak   [  17% ] 000/050 VUs  05m05.9s/30m0s  1.00 iters/s

running (05m07.0s), 000/050 VUs, 307 complete and 0 interrupted iterations
soak   [  17% ] 000/050 VUs  05m06.9s/30m0s  1.00 iters/s

running (05m08.0s), 000/050 VUs, 308 complete and 0 interrupted iterations
soak   [  17% ] 000/050 VUs  05m07.9s/30m0s  1.00 iters/s

running (05m09.0s), 000/050 VUs, 309 complete and 0 interrupted iterations
soak   [  17% ] 000/050 VUs  05m08.9s/30m0s  1.00 iters/s

running (05m10.0s), 000/050 VUs, 310 complete and 0 interrupted iterations
soak   [  17% ] 000/050 VUs  05m09.9s/30m0s  1.00 iters/s

running (05m11.0s), 000/050 VUs, 311 complete and 0 interrupted iterations
soak   [  17% ] 000/050 VUs  05m10.9s/30m0s  1.00 iters/s

running (05m12.0s), 000/050 VUs, 312 complete and 0 interrupted iterations
soak   [  17% ] 000/050 VUs  05m11.9s/30m0s  1.00 iters/s

running (05m13.0s), 000/050 VUs, 313 complete and 0 interrupted iterations
soak   [  17% ] 000/050 VUs  05m12.9s/30m0s  1.00 iters/s

running (05m14.0s), 000/050 VUs, 314 complete and 0 interrupted iterations
soak   [  17% ] 000/050 VUs  05m13.9s/30m0s  1.00 iters/s

running (05m15.0s), 000/050 VUs, 315 complete and 0 interrupted iterations
soak   [  17% ] 000/050 VUs  05m14.9s/30m0s  1.00 iters/s

running (05m16.0s), 000/050 VUs, 316 complete and 0 interrupted iterations
soak   [  18% ] 000/050 VUs  05m15.9s/30m0s  1.00 iters/s

running (05m17.0s), 000/050 VUs, 317 complete and 0 interrupted iterations
soak   [  18% ] 000/050 VUs  05m16.9s/30m0s  1.00 iters/s

running (05m18.0s), 000/050 VUs, 318 complete and 0 interrupted iterations
soak   [  18% ] 000/050 VUs  05m17.9s/30m0s  1.00 iters/s

running (05m19.0s), 000/050 VUs, 319 complete and 0 interrupted iterations
soak   [  18% ] 000/050 VUs  05m18.9s/30m0s  1.00 iters/s

running (05m20.0s), 000/050 VUs, 320 complete and 0 interrupted iterations
soak   [  18% ] 000/050 VUs  05m19.9s/30m0s  1.00 iters/s

running (05m21.0s), 000/050 VUs, 321 complete and 0 interrupted iterations
soak   [  18% ] 000/050 VUs  05m20.9s/30m0s  1.00 iters/s

running (05m22.0s), 000/050 VUs, 322 complete and 0 interrupted iterations
soak   [  18% ] 000/050 VUs  05m21.9s/30m0s  1.00 iters/s

running (05m23.0s), 000/050 VUs, 323 complete and 0 interrupted iterations
soak   [  18% ] 000/050 VUs  05m22.9s/30m0s  1.00 iters/s

running (05m24.0s), 000/050 VUs, 324 complete and 0 interrupted iterations
soak   [  18% ] 000/050 VUs  05m23.9s/30m0s  1.00 iters/s

running (05m25.0s), 000/050 VUs, 325 complete and 0 interrupted iterations
soak   [  18% ] 000/050 VUs  05m24.9s/30m0s  1.00 iters/s

running (05m26.0s), 000/050 VUs, 326 complete and 0 interrupted iterations
soak   [  18% ] 000/050 VUs  05m25.9s/30m0s  1.00 iters/s

running (05m27.0s), 000/050 VUs, 327 complete and 0 interrupted iterations
soak   [  18% ] 000/050 VUs  05m26.9s/30m0s  1.00 iters/s

running (05m28.0s), 000/050 VUs, 328 complete and 0 interrupted iterations
soak   [  18% ] 000/050 VUs  05m27.9s/30m0s  1.00 iters/s

running (05m29.0s), 000/050 VUs, 329 complete and 0 interrupted iterations
soak   [  18% ] 000/050 VUs  05m28.9s/30m0s  1.00 iters/s

running (05m30.0s), 000/050 VUs, 330 complete and 0 interrupted iterations
soak   [  18% ] 000/050 VUs  05m29.9s/30m0s  1.00 iters/s

running (05m31.0s), 000/050 VUs, 331 complete and 0 interrupted iterations
soak   [  18% ] 000/050 VUs  05m30.9s/30m0s  1.00 iters/s

running (05m32.0s), 000/050 VUs, 332 complete and 0 interrupted iterations
soak   [  18% ] 000/050 VUs  05m31.9s/30m0s  1.00 iters/s

running (05m33.0s), 000/050 VUs, 333 complete and 0 interrupted iterations
soak   [  18% ] 000/050 VUs  05m32.9s/30m0s  1.00 iters/s

running (05m34.0s), 000/050 VUs, 334 complete and 0 interrupted iterations
soak   [  19% ] 000/050 VUs  05m33.9s/30m0s  1.00 iters/s

running (05m35.0s), 000/050 VUs, 335 complete and 0 interrupted iterations
soak   [  19% ] 000/050 VUs  05m34.9s/30m0s  1.00 iters/s

running (05m36.0s), 000/050 VUs, 336 complete and 0 interrupted iterations
soak   [  19% ] 000/050 VUs  05m35.9s/30m0s  1.00 iters/s

running (05m37.0s), 000/050 VUs, 337 complete and 0 interrupted iterations
soak   [  19% ] 000/050 VUs  05m36.9s/30m0s  1.00 iters/s

running (05m38.0s), 000/050 VUs, 338 complete and 0 interrupted iterations
soak   [  19% ] 000/050 VUs  05m37.9s/30m0s  1.00 iters/s

running (05m39.0s), 000/050 VUs, 339 complete and 0 interrupted iterations
soak   [  19% ] 000/050 VUs  05m38.9s/30m0s  1.00 iters/s

running (05m40.0s), 000/050 VUs, 340 complete and 0 interrupted iterations
soak   [  19% ] 000/050 VUs  05m39.9s/30m0s  1.00 iters/s

running (05m41.0s), 000/050 VUs, 341 complete and 0 interrupted iterations
soak   [  19% ] 000/050 VUs  05m40.9s/30m0s  1.00 iters/s

running (05m42.0s), 000/050 VUs, 342 complete and 0 interrupted iterations
soak   [  19% ] 000/050 VUs  05m41.9s/30m0s  1.00 iters/s

running (05m43.0s), 000/050 VUs, 343 complete and 0 interrupted iterations
soak   [  19% ] 000/050 VUs  05m42.9s/30m0s  1.00 iters/s

running (05m44.0s), 000/050 VUs, 344 complete and 0 interrupted iterations
soak   [  19% ] 000/050 VUs  05m43.9s/30m0s  1.00 iters/s

running (05m45.0s), 000/050 VUs, 345 complete and 0 interrupted iterations
soak   [  19% ] 000/050 VUs  05m44.9s/30m0s  1.00 iters/s

running (05m46.0s), 000/050 VUs, 346 complete and 0 interrupted iterations
soak   [  19% ] 000/050 VUs  05m45.9s/30m0s  1.00 iters/s

running (05m47.0s), 000/050 VUs, 347 complete and 0 interrupted iterations
soak   [  19% ] 000/050 VUs  05m46.9s/30m0s  1.00 iters/s

running (05m48.0s), 000/050 VUs, 348 complete and 0 interrupted iterations
soak   [  19% ] 000/050 VUs  05m47.9s/30m0s  1.00 iters/s

running (05m49.0s), 000/050 VUs, 349 complete and 0 interrupted iterations
soak   [  19% ] 000/050 VUs  05m48.9s/30m0s  1.00 iters/s

running (05m50.0s), 000/050 VUs, 350 complete and 0 interrupted iterations
soak   [  19% ] 000/050 VUs  05m49.9s/30m0s  1.00 iters/s

running (05m51.0s), 000/050 VUs, 351 complete and 0 interrupted iterations
soak   [  19% ] 000/050 VUs  05m50.9s/30m0s  1.00 iters/s

running (05m52.0s), 000/050 VUs, 352 complete and 0 interrupted iterations
soak   [  20% ] 000/050 VUs  05m51.9s/30m0s  1.00 iters/s

running (05m53.0s), 000/050 VUs, 353 complete and 0 interrupted iterations
soak   [  20% ] 000/050 VUs  05m52.9s/30m0s  1.00 iters/s

running (05m54.0s), 000/050 VUs, 354 complete and 0 interrupted iterations
soak   [  20% ] 000/050 VUs  05m53.9s/30m0s  1.00 iters/s

running (05m55.0s), 000/050 VUs, 355 complete and 0 interrupted iterations
soak   [  20% ] 000/050 VUs  05m54.9s/30m0s  1.00 iters/s

running (05m56.0s), 000/050 VUs, 356 complete and 0 interrupted iterations
soak   [  20% ] 000/050 VUs  05m55.9s/30m0s  1.00 iters/s

running (05m57.0s), 000/050 VUs, 357 complete and 0 interrupted iterations
soak   [  20% ] 000/050 VUs  05m56.9s/30m0s  1.00 iters/s

running (05m58.0s), 000/050 VUs, 358 complete and 0 interrupted iterations
soak   [  20% ] 000/050 VUs  05m57.9s/30m0s  1.00 iters/s

running (05m59.0s), 000/050 VUs, 359 complete and 0 interrupted iterations
soak   [  20% ] 000/050 VUs  05m58.9s/30m0s  1.00 iters/s

running (06m00.0s), 000/050 VUs, 360 complete and 0 interrupted iterations
soak   [  20% ] 000/050 VUs  05m59.9s/30m0s  1.00 iters/s

running (06m01.0s), 000/050 VUs, 361 complete and 0 interrupted iterations
soak   [  20% ] 000/050 VUs  06m00.9s/30m0s  1.00 iters/s

running (06m02.0s), 000/050 VUs, 362 complete and 0 interrupted iterations
soak   [  20% ] 000/050 VUs  06m01.9s/30m0s  1.00 iters/s

running (06m03.0s), 000/050 VUs, 363 complete and 0 interrupted iterations
soak   [  20% ] 000/050 VUs  06m02.9s/30m0s  1.00 iters/s

running (06m04.0s), 000/050 VUs, 364 complete and 0 interrupted iterations
soak   [  20% ] 000/050 VUs  06m03.9s/30m0s  1.00 iters/s

running (06m05.0s), 000/050 VUs, 365 complete and 0 interrupted iterations
soak   [  20% ] 000/050 VUs  06m04.9s/30m0s  1.00 iters/s

running (06m06.0s), 000/050 VUs, 366 complete and 0 interrupted iterations
soak   [  20% ] 000/050 VUs  06m05.9s/30m0s  1.00 iters/s

running (06m07.0s), 000/050 VUs, 367 complete and 0 interrupted iterations
soak   [  20% ] 000/050 VUs  06m06.9s/30m0s  1.00 iters/s

running (06m08.0s), 000/050 VUs, 368 complete and 0 interrupted iterations
soak   [  20% ] 000/050 VUs  06m07.9s/30m0s  1.00 iters/s

running (06m09.0s), 000/050 VUs, 369 complete and 0 interrupted iterations
soak   [  20% ] 000/050 VUs  06m08.9s/30m0s  1.00 iters/s

running (06m10.0s), 000/050 VUs, 370 complete and 0 interrupted iterations
soak   [  21% ] 000/050 VUs  06m09.9s/30m0s  1.00 iters/s

running (06m11.0s), 000/050 VUs, 371 complete and 0 interrupted iterations
soak   [  21% ] 000/050 VUs  06m10.9s/30m0s  1.00 iters/s

running (06m12.0s), 000/050 VUs, 372 complete and 0 interrupted iterations
soak   [  21% ] 000/050 VUs  06m11.9s/30m0s  1.00 iters/s

running (06m13.0s), 000/050 VUs, 373 complete and 0 interrupted iterations
soak   [  21% ] 000/050 VUs  06m12.9s/30m0s  1.00 iters/s

running (06m14.0s), 000/050 VUs, 374 complete and 0 interrupted iterations
soak   [  21% ] 000/050 VUs  06m13.9s/30m0s  1.00 iters/s

running (06m15.0s), 000/050 VUs, 375 complete and 0 interrupted iterations
soak   [  21% ] 000/050 VUs  06m14.9s/30m0s  1.00 iters/s

running (06m16.0s), 000/050 VUs, 376 complete and 0 interrupted iterations
soak   [  21% ] 000/050 VUs  06m15.9s/30m0s  1.00 iters/s

running (06m17.0s), 000/050 VUs, 377 complete and 0 interrupted iterations
soak   [  21% ] 000/050 VUs  06m16.9s/30m0s  1.00 iters/s

running (06m18.0s), 000/050 VUs, 378 complete and 0 interrupted iterations
soak   [  21% ] 000/050 VUs  06m17.9s/30m0s  1.00 iters/s

running (06m19.0s), 000/050 VUs, 379 complete and 0 interrupted iterations
soak   [  21% ] 000/050 VUs  06m18.9s/30m0s  1.00 iters/s

running (06m20.0s), 000/050 VUs, 380 complete and 0 interrupted iterations
soak   [  21% ] 000/050 VUs  06m19.9s/30m0s  1.00 iters/s

running (06m21.0s), 000/050 VUs, 381 complete and 0 interrupted iterations
soak   [  21% ] 000/050 VUs  06m20.9s/30m0s  1.00 iters/s

running (06m22.0s), 000/050 VUs, 382 complete and 0 interrupted iterations
soak   [  21% ] 000/050 VUs  06m21.9s/30m0s  1.00 iters/s

running (06m23.0s), 000/050 VUs, 383 complete and 0 interrupted iterations
soak   [  21% ] 000/050 VUs  06m22.9s/30m0s  1.00 iters/s

running (06m24.0s), 000/050 VUs, 384 complete and 0 interrupted iterations
soak   [  21% ] 000/050 VUs  06m23.9s/30m0s  1.00 iters/s

running (06m25.0s), 000/050 VUs, 385 complete and 0 interrupted iterations
soak   [  21% ] 000/050 VUs  06m24.9s/30m0s  1.00 iters/s

running (06m26.0s), 000/050 VUs, 386 complete and 0 interrupted iterations
soak   [  21% ] 000/050 VUs  06m25.9s/30m0s  1.00 iters/s

running (06m27.0s), 000/050 VUs, 387 complete and 0 interrupted iterations
soak   [  21% ] 000/050 VUs  06m26.9s/30m0s  1.00 iters/s

running (06m28.0s), 000/050 VUs, 388 complete and 0 interrupted iterations
soak   [  22% ] 000/050 VUs  06m27.9s/30m0s  1.00 iters/s

running (06m29.0s), 000/050 VUs, 389 complete and 0 interrupted iterations
soak   [  22% ] 000/050 VUs  06m28.9s/30m0s  1.00 iters/s

running (06m30.0s), 000/050 VUs, 390 complete and 0 interrupted iterations
soak   [  22% ] 000/050 VUs  06m29.9s/30m0s  1.00 iters/s

running (06m31.0s), 000/050 VUs, 391 complete and 0 interrupted iterations
soak   [  22% ] 000/050 VUs  06m30.9s/30m0s  1.00 iters/s

running (06m32.0s), 000/050 VUs, 392 complete and 0 interrupted iterations
soak   [  22% ] 000/050 VUs  06m31.9s/30m0s  1.00 iters/s

running (06m33.0s), 000/050 VUs, 393 complete and 0 interrupted iterations
soak   [  22% ] 000/050 VUs  06m32.9s/30m0s  1.00 iters/s

running (06m34.0s), 000/050 VUs, 394 complete and 0 interrupted iterations
soak   [  22% ] 000/050 VUs  06m33.9s/30m0s  1.00 iters/s

running (06m35.0s), 000/050 VUs, 395 complete and 0 interrupted iterations
soak   [  22% ] 000/050 VUs  06m34.9s/30m0s  1.00 iters/s

running (06m36.0s), 000/050 VUs, 396 complete and 0 interrupted iterations
soak   [  22% ] 000/050 VUs  06m35.9s/30m0s  1.00 iters/s

running (06m37.0s), 000/050 VUs, 397 complete and 0 interrupted iterations
soak   [  22% ] 000/050 VUs  06m36.9s/30m0s  1.00 iters/s

running (06m38.0s), 000/050 VUs, 398 complete and 0 interrupted iterations
soak   [  22% ] 000/050 VUs  06m37.9s/30m0s  1.00 iters/s

running (06m39.0s), 000/050 VUs, 399 complete and 0 interrupted iterations
soak   [  22% ] 000/050 VUs  06m38.9s/30m0s  1.00 iters/s

running (06m40.0s), 000/050 VUs, 400 complete and 0 interrupted iterations
soak   [  22% ] 000/050 VUs  06m39.9s/30m0s  1.00 iters/s

running (06m41.0s), 000/050 VUs, 401 complete and 0 interrupted iterations
soak   [  22% ] 000/050 VUs  06m40.9s/30m0s  1.00 iters/s

running (06m42.0s), 000/050 VUs, 402 complete and 0 interrupted iterations
soak   [  22% ] 000/050 VUs  06m41.9s/30m0s  1.00 iters/s

running (06m43.0s), 000/050 VUs, 403 complete and 0 interrupted iterations
soak   [  22% ] 000/050 VUs  06m42.9s/30m0s  1.00 iters/s

running (06m44.0s), 000/050 VUs, 404 complete and 0 interrupted iterations
soak   [  22% ] 000/050 VUs  06m43.9s/30m0s  1.00 iters/s

running (06m45.0s), 000/050 VUs, 405 complete and 0 interrupted iterations
soak   [  22% ] 000/050 VUs  06m44.9s/30m0s  1.00 iters/s

running (06m46.0s), 000/050 VUs, 406 complete and 0 interrupted iterations
soak   [  23% ] 000/050 VUs  06m45.9s/30m0s  1.00 iters/s

running (06m47.0s), 000/050 VUs, 407 complete and 0 interrupted iterations
soak   [  23% ] 000/050 VUs  06m46.9s/30m0s  1.00 iters/s

running (06m48.0s), 000/050 VUs, 408 complete and 0 interrupted iterations
soak   [  23% ] 000/050 VUs  06m47.9s/30m0s  1.00 iters/s

running (06m49.0s), 000/050 VUs, 409 complete and 0 interrupted iterations
soak   [  23% ] 000/050 VUs  06m48.9s/30m0s  1.00 iters/s

running (06m50.0s), 000/050 VUs, 410 complete and 0 interrupted iterations
soak   [  23% ] 000/050 VUs  06m49.9s/30m0s  1.00 iters/s

running (06m51.0s), 000/050 VUs, 411 complete and 0 interrupted iterations
soak   [  23% ] 000/050 VUs  06m50.9s/30m0s  1.00 iters/s

running (06m52.0s), 000/050 VUs, 412 complete and 0 interrupted iterations
soak   [  23% ] 000/050 VUs  06m51.9s/30m0s  1.00 iters/s

running (06m53.0s), 000/050 VUs, 413 complete and 0 interrupted iterations
soak   [  23% ] 000/050 VUs  06m52.9s/30m0s  1.00 iters/s

running (06m54.0s), 000/050 VUs, 414 complete and 0 interrupted iterations
soak   [  23% ] 000/050 VUs  06m53.9s/30m0s  1.00 iters/s

running (06m55.0s), 000/050 VUs, 415 complete and 0 interrupted iterations
soak   [  23% ] 000/050 VUs  06m54.9s/30m0s  1.00 iters/s

running (06m56.0s), 000/050 VUs, 416 complete and 0 interrupted iterations
soak   [  23% ] 000/050 VUs  06m55.9s/30m0s  1.00 iters/s

running (06m57.0s), 000/050 VUs, 417 complete and 0 interrupted iterations
soak   [  23% ] 000/050 VUs  06m56.9s/30m0s  1.00 iters/s

running (06m58.0s), 000/050 VUs, 418 complete and 0 interrupted iterations
soak   [  23% ] 000/050 VUs  06m57.9s/30m0s  1.00 iters/s

running (06m59.0s), 000/050 VUs, 419 complete and 0 interrupted iterations
soak   [  23% ] 000/050 VUs  06m58.9s/30m0s  1.00 iters/s

running (07m00.0s), 000/050 VUs, 420 complete and 0 interrupted iterations
soak   [  23% ] 000/050 VUs  06m59.9s/30m0s  1.00 iters/s

running (07m01.0s), 000/050 VUs, 421 complete and 0 interrupted iterations
soak   [  23% ] 000/050 VUs  07m00.9s/30m0s  1.00 iters/s

running (07m02.0s), 000/050 VUs, 422 complete and 0 interrupted iterations
soak   [  23% ] 000/050 VUs  07m01.9s/30m0s  1.00 iters/s

running (07m03.0s), 000/050 VUs, 423 complete and 0 interrupted iterations
soak   [  23% ] 000/050 VUs  07m02.9s/30m0s  1.00 iters/s

running (07m04.0s), 000/050 VUs, 424 complete and 0 interrupted iterations
soak   [  24% ] 000/050 VUs  07m03.9s/30m0s  1.00 iters/s

running (07m05.0s), 000/050 VUs, 425 complete and 0 interrupted iterations
soak   [  24% ] 000/050 VUs  07m04.9s/30m0s  1.00 iters/s

running (07m06.0s), 000/050 VUs, 426 complete and 0 interrupted iterations
soak   [  24% ] 000/050 VUs  07m05.9s/30m0s  1.00 iters/s

running (07m07.0s), 000/050 VUs, 427 complete and 0 interrupted iterations
soak   [  24% ] 000/050 VUs  07m06.9s/30m0s  1.00 iters/s

running (07m08.0s), 000/050 VUs, 428 complete and 0 interrupted iterations
soak   [  24% ] 000/050 VUs  07m07.9s/30m0s  1.00 iters/s

running (07m09.0s), 000/050 VUs, 429 complete and 0 interrupted iterations
soak   [  24% ] 000/050 VUs  07m08.9s/30m0s  1.00 iters/s

running (07m10.0s), 000/050 VUs, 430 complete and 0 interrupted iterations
soak   [  24% ] 000/050 VUs  07m09.9s/30m0s  1.00 iters/s

running (07m11.0s), 000/050 VUs, 431 complete and 0 interrupted iterations
soak   [  24% ] 000/050 VUs  07m10.9s/30m0s  1.00 iters/s

running (07m12.0s), 000/050 VUs, 432 complete and 0 interrupted iterations
soak   [  24% ] 000/050 VUs  07m11.9s/30m0s  1.00 iters/s

running (07m13.0s), 000/050 VUs, 433 complete and 0 interrupted iterations
soak   [  24% ] 000/050 VUs  07m12.9s/30m0s  1.00 iters/s

running (07m14.0s), 000/050 VUs, 434 complete and 0 interrupted iterations
soak   [  24% ] 000/050 VUs  07m13.9s/30m0s  1.00 iters/s

running (07m15.0s), 000/050 VUs, 435 complete and 0 interrupted iterations
soak   [  24% ] 000/050 VUs  07m14.9s/30m0s  1.00 iters/s

running (07m16.0s), 000/050 VUs, 436 complete and 0 interrupted iterations
soak   [  24% ] 000/050 VUs  07m15.9s/30m0s  1.00 iters/s

running (07m17.0s), 000/050 VUs, 437 complete and 0 interrupted iterations
soak   [  24% ] 000/050 VUs  07m16.9s/30m0s  1.00 iters/s

running (07m18.0s), 000/050 VUs, 438 complete and 0 interrupted iterations
soak   [  24% ] 000/050 VUs  07m17.9s/30m0s  1.00 iters/s

running (07m19.0s), 000/050 VUs, 439 complete and 0 interrupted iterations
soak   [  24% ] 000/050 VUs  07m18.9s/30m0s  1.00 iters/s

running (07m20.0s), 000/050 VUs, 440 complete and 0 interrupted iterations
soak   [  24% ] 000/050 VUs  07m19.9s/30m0s  1.00 iters/s

running (07m21.0s), 000/050 VUs, 441 complete and 0 interrupted iterations
soak   [  24% ] 000/050 VUs  07m20.9s/30m0s  1.00 iters/s

running (07m22.0s), 000/050 VUs, 442 complete and 0 interrupted iterations
soak   [  25% ] 000/050 VUs  07m21.9s/30m0s  1.00 iters/s

running (07m23.0s), 000/050 VUs, 443 complete and 0 interrupted iterations
soak   [  25% ] 000/050 VUs  07m22.9s/30m0s  1.00 iters/s

running (07m24.0s), 000/050 VUs, 444 complete and 0 interrupted iterations
soak   [  25% ] 000/050 VUs  07m23.9s/30m0s  1.00 iters/s

running (07m25.0s), 000/050 VUs, 445 complete and 0 interrupted iterations
soak   [  25% ] 000/050 VUs  07m24.9s/30m0s  1.00 iters/s

running (07m26.0s), 000/050 VUs, 446 complete and 0 interrupted iterations
soak   [  25% ] 000/050 VUs  07m25.9s/30m0s  1.00 iters/s

running (07m27.0s), 000/050 VUs, 447 complete and 0 interrupted iterations
soak   [  25% ] 000/050 VUs  07m26.9s/30m0s  1.00 iters/s

running (07m28.0s), 000/050 VUs, 448 complete and 0 interrupted iterations
soak   [  25% ] 000/050 VUs  07m27.9s/30m0s  1.00 iters/s

running (07m29.0s), 000/050 VUs, 449 complete and 0 interrupted iterations
soak   [  25% ] 000/050 VUs  07m28.9s/30m0s  1.00 iters/s

running (07m30.0s), 000/050 VUs, 450 complete and 0 interrupted iterations
soak   [  25% ] 000/050 VUs  07m29.9s/30m0s  1.00 iters/s

running (07m31.0s), 000/050 VUs, 451 complete and 0 interrupted iterations
soak   [  25% ] 000/050 VUs  07m30.9s/30m0s  1.00 iters/s

running (07m32.0s), 000/050 VUs, 452 complete and 0 interrupted iterations
soak   [  25% ] 000/050 VUs  07m31.9s/30m0s  1.00 iters/s

running (07m33.0s), 000/050 VUs, 453 complete and 0 interrupted iterations
soak   [  25% ] 000/050 VUs  07m32.9s/30m0s  1.00 iters/s

running (07m34.0s), 000/050 VUs, 454 complete and 0 interrupted iterations
soak   [  25% ] 000/050 VUs  07m33.9s/30m0s  1.00 iters/s

running (07m35.0s), 000/050 VUs, 455 complete and 0 interrupted iterations
soak   [  25% ] 000/050 VUs  07m34.9s/30m0s  1.00 iters/s

running (07m36.0s), 000/050 VUs, 456 complete and 0 interrupted iterations
soak   [  25% ] 000/050 VUs  07m35.9s/30m0s  1.00 iters/s

running (07m37.0s), 000/050 VUs, 457 complete and 0 interrupted iterations
soak   [  25% ] 000/050 VUs  07m36.9s/30m0s  1.00 iters/s

running (07m38.0s), 000/050 VUs, 458 complete and 0 interrupted iterations
soak   [  25% ] 000/050 VUs  07m37.9s/30m0s  1.00 iters/s

running (07m39.0s), 000/050 VUs, 459 complete and 0 interrupted iterations
soak   [  25% ] 000/050 VUs  07m38.9s/30m0s  1.00 iters/s

running (07m40.0s), 000/050 VUs, 460 complete and 0 interrupted iterations
soak   [  26% ] 000/050 VUs  07m39.9s/30m0s  1.00 iters/s

running (07m41.0s), 000/050 VUs, 461 complete and 0 interrupted iterations
soak   [  26% ] 000/050 VUs  07m40.9s/30m0s  1.00 iters/s

running (07m42.0s), 000/050 VUs, 462 complete and 0 interrupted iterations
soak   [  26% ] 000/050 VUs  07m41.9s/30m0s  1.00 iters/s

running (07m43.0s), 000/050 VUs, 463 complete and 0 interrupted iterations
soak   [  26% ] 000/050 VUs  07m42.9s/30m0s  1.00 iters/s

running (07m44.0s), 000/050 VUs, 464 complete and 0 interrupted iterations
soak   [  26% ] 000/050 VUs  07m43.9s/30m0s  1.00 iters/s

running (07m45.0s), 000/050 VUs, 465 complete and 0 interrupted iterations
soak   [  26% ] 000/050 VUs  07m44.9s/30m0s  1.00 iters/s

running (07m46.0s), 000/050 VUs, 466 complete and 0 interrupted iterations
soak   [  26% ] 000/050 VUs  07m45.9s/30m0s  1.00 iters/s

running (07m47.0s), 000/050 VUs, 467 complete and 0 interrupted iterations
soak   [  26% ] 000/050 VUs  07m46.9s/30m0s  1.00 iters/s

running (07m48.0s), 000/050 VUs, 468 complete and 0 interrupted iterations
soak   [  26% ] 000/050 VUs  07m47.9s/30m0s  1.00 iters/s

running (07m49.0s), 000/050 VUs, 469 complete and 0 interrupted iterations
soak   [  26% ] 000/050 VUs  07m48.9s/30m0s  1.00 iters/s

running (07m50.0s), 000/050 VUs, 470 complete and 0 interrupted iterations
soak   [  26% ] 000/050 VUs  07m49.9s/30m0s  1.00 iters/s

running (07m51.0s), 000/050 VUs, 471 complete and 0 interrupted iterations
soak   [  26% ] 000/050 VUs  07m50.9s/30m0s  1.00 iters/s

running (07m52.0s), 000/050 VUs, 472 complete and 0 interrupted iterations
soak   [  26% ] 000/050 VUs  07m51.9s/30m0s  1.00 iters/s

running (07m53.0s), 000/050 VUs, 473 complete and 0 interrupted iterations
soak   [  26% ] 000/050 VUs  07m52.9s/30m0s  1.00 iters/s

running (07m54.0s), 000/050 VUs, 474 complete and 0 interrupted iterations
soak   [  26% ] 000/050 VUs  07m53.9s/30m0s  1.00 iters/s

running (07m55.0s), 000/050 VUs, 475 complete and 0 interrupted iterations
soak   [  26% ] 000/050 VUs  07m54.9s/30m0s  1.00 iters/s

running (07m56.0s), 000/050 VUs, 476 complete and 0 interrupted iterations
soak   [  26% ] 000/050 VUs  07m55.9s/30m0s  1.00 iters/s

running (07m57.0s), 000/050 VUs, 477 complete and 0 interrupted iterations
soak   [  26% ] 000/050 VUs  07m56.9s/30m0s  1.00 iters/s

running (07m58.0s), 000/050 VUs, 478 complete and 0 interrupted iterations
soak   [  27% ] 000/050 VUs  07m57.9s/30m0s  1.00 iters/s

running (07m59.0s), 000/050 VUs, 479 complete and 0 interrupted iterations
soak   [  27% ] 000/050 VUs  07m58.9s/30m0s  1.00 iters/s

running (08m00.0s), 000/050 VUs, 480 complete and 0 interrupted iterations
soak   [  27% ] 000/050 VUs  07m59.9s/30m0s  1.00 iters/s

running (08m01.0s), 000/050 VUs, 481 complete and 0 interrupted iterations
soak   [  27% ] 000/050 VUs  08m00.9s/30m0s  1.00 iters/s

running (08m02.0s), 000/050 VUs, 482 complete and 0 interrupted iterations
soak   [  27% ] 000/050 VUs  08m01.9s/30m0s  1.00 iters/s

running (08m03.0s), 000/050 VUs, 483 complete and 0 interrupted iterations
soak   [  27% ] 000/050 VUs  08m02.9s/30m0s  1.00 iters/s

running (08m04.0s), 000/050 VUs, 484 complete and 0 interrupted iterations
soak   [  27% ] 000/050 VUs  08m03.9s/30m0s  1.00 iters/s

running (08m05.0s), 000/050 VUs, 485 complete and 0 interrupted iterations
soak   [  27% ] 000/050 VUs  08m04.9s/30m0s  1.00 iters/s

running (08m06.0s), 000/050 VUs, 486 complete and 0 interrupted iterations
soak   [  27% ] 000/050 VUs  08m05.9s/30m0s  1.00 iters/s

running (08m07.0s), 000/050 VUs, 487 complete and 0 interrupted iterations
soak   [  27% ] 000/050 VUs  08m06.9s/30m0s  1.00 iters/s

running (08m08.0s), 000/050 VUs, 488 complete and 0 interrupted iterations
soak   [  27% ] 000/050 VUs  08m07.9s/30m0s  1.00 iters/s

running (08m09.0s), 000/050 VUs, 489 complete and 0 interrupted iterations
soak   [  27% ] 000/050 VUs  08m08.9s/30m0s  1.00 iters/s

running (08m10.0s), 000/050 VUs, 490 complete and 0 interrupted iterations
soak   [  27% ] 000/050 VUs  08m09.9s/30m0s  1.00 iters/s

running (08m11.0s), 000/050 VUs, 491 complete and 0 interrupted iterations
soak   [  27% ] 000/050 VUs  08m10.9s/30m0s  1.00 iters/s

running (08m12.0s), 000/050 VUs, 492 complete and 0 interrupted iterations
soak   [  27% ] 000/050 VUs  08m11.9s/30m0s  1.00 iters/s

running (08m13.0s), 000/050 VUs, 493 complete and 0 interrupted iterations
soak   [  27% ] 000/050 VUs  08m12.9s/30m0s  1.00 iters/s

running (08m14.0s), 000/050 VUs, 494 complete and 0 interrupted iterations
soak   [  27% ] 000/050 VUs  08m13.9s/30m0s  1.00 iters/s

running (08m15.0s), 000/050 VUs, 495 complete and 0 interrupted iterations
soak   [  27% ] 000/050 VUs  08m14.9s/30m0s  1.00 iters/s

running (08m16.0s), 000/050 VUs, 496 complete and 0 interrupted iterations
soak   [  28% ] 000/050 VUs  08m15.9s/30m0s  1.00 iters/s

running (08m17.0s), 000/050 VUs, 497 complete and 0 interrupted iterations
soak   [  28% ] 000/050 VUs  08m16.9s/30m0s  1.00 iters/s

running (08m18.0s), 000/050 VUs, 498 complete and 0 interrupted iterations
soak   [  28% ] 000/050 VUs  08m17.9s/30m0s  1.00 iters/s

running (08m19.0s), 000/050 VUs, 499 complete and 0 interrupted iterations
soak   [  28% ] 000/050 VUs  08m18.9s/30m0s  1.00 iters/s

running (08m20.0s), 000/050 VUs, 500 complete and 0 interrupted iterations
soak   [  28% ] 000/050 VUs  08m19.9s/30m0s  1.00 iters/s

running (08m21.0s), 000/050 VUs, 501 complete and 0 interrupted iterations
soak   [  28% ] 000/050 VUs  08m20.9s/30m0s  1.00 iters/s

running (08m22.0s), 000/050 VUs, 502 complete and 0 interrupted iterations
soak   [  28% ] 000/050 VUs  08m21.9s/30m0s  1.00 iters/s

running (08m23.0s), 000/050 VUs, 503 complete and 0 interrupted iterations
soak   [  28% ] 000/050 VUs  08m22.9s/30m0s  1.00 iters/s

running (08m24.0s), 000/050 VUs, 504 complete and 0 interrupted iterations
soak   [  28% ] 000/050 VUs  08m23.9s/30m0s  1.00 iters/s

running (08m25.0s), 000/050 VUs, 505 complete and 0 interrupted iterations
soak   [  28% ] 000/050 VUs  08m24.9s/30m0s  1.00 iters/s

running (08m26.0s), 000/050 VUs, 506 complete and 0 interrupted iterations
soak   [  28% ] 000/050 VUs  08m25.9s/30m0s  1.00 iters/s

running (08m27.0s), 000/050 VUs, 507 complete and 0 interrupted iterations
soak   [  28% ] 000/050 VUs  08m26.9s/30m0s  1.00 iters/s

running (08m28.0s), 000/050 VUs, 508 complete and 0 interrupted iterations
soak   [  28% ] 000/050 VUs  08m27.9s/30m0s  1.00 iters/s

running (08m29.0s), 000/050 VUs, 509 complete and 0 interrupted iterations
soak   [  28% ] 000/050 VUs  08m28.9s/30m0s  1.00 iters/s

running (08m30.0s), 000/050 VUs, 510 complete and 0 interrupted iterations
soak   [  28% ] 000/050 VUs  08m29.9s/30m0s  1.00 iters/s

running (08m31.0s), 000/050 VUs, 511 complete and 0 interrupted iterations
soak   [  28% ] 000/050 VUs  08m30.9s/30m0s  1.00 iters/s

running (08m32.0s), 000/050 VUs, 512 complete and 0 interrupted iterations
soak   [  28% ] 000/050 VUs  08m31.9s/30m0s  1.00 iters/s

running (08m33.0s), 000/050 VUs, 513 complete and 0 interrupted iterations
soak   [  28% ] 000/050 VUs  08m32.9s/30m0s  1.00 iters/s

running (08m34.0s), 000/050 VUs, 514 complete and 0 interrupted iterations
soak   [  29% ] 000/050 VUs  08m33.9s/30m0s  1.00 iters/s

running (08m35.0s), 000/050 VUs, 515 complete and 0 interrupted iterations
soak   [  29% ] 000/050 VUs  08m34.9s/30m0s  1.00 iters/s

running (08m36.0s), 000/050 VUs, 516 complete and 0 interrupted iterations
soak   [  29% ] 000/050 VUs  08m35.9s/30m0s  1.00 iters/s

running (08m37.0s), 000/050 VUs, 517 complete and 0 interrupted iterations
soak   [  29% ] 000/050 VUs  08m36.9s/30m0s  1.00 iters/s

running (08m38.0s), 000/050 VUs, 518 complete and 0 interrupted iterations
soak   [  29% ] 000/050 VUs  08m37.9s/30m0s  1.00 iters/s

running (08m39.0s), 000/050 VUs, 519 complete and 0 interrupted iterations
soak   [  29% ] 000/050 VUs  08m38.9s/30m0s  1.00 iters/s

running (08m40.0s), 000/050 VUs, 520 complete and 0 interrupted iterations
soak   [  29% ] 000/050 VUs  08m39.9s/30m0s  1.00 iters/s

running (08m41.0s), 000/050 VUs, 521 complete and 0 interrupted iterations
soak   [  29% ] 000/050 VUs  08m40.9s/30m0s  1.00 iters/s

running (08m42.0s), 000/050 VUs, 522 complete and 0 interrupted iterations
soak   [  29% ] 000/050 VUs  08m41.9s/30m0s  1.00 iters/s

running (08m43.0s), 000/050 VUs, 523 complete and 0 interrupted iterations
soak   [  29% ] 000/050 VUs  08m42.9s/30m0s  1.00 iters/s

running (08m44.0s), 000/050 VUs, 524 complete and 0 interrupted iterations
soak   [  29% ] 000/050 VUs  08m43.9s/30m0s  1.00 iters/s

running (08m45.0s), 000/050 VUs, 525 complete and 0 interrupted iterations
soak   [  29% ] 000/050 VUs  08m44.9s/30m0s  1.00 iters/s

running (08m46.0s), 000/050 VUs, 526 complete and 0 interrupted iterations
soak   [  29% ] 000/050 VUs  08m45.9s/30m0s  1.00 iters/s

running (08m47.0s), 000/050 VUs, 527 complete and 0 interrupted iterations
soak   [  29% ] 000/050 VUs  08m46.9s/30m0s  1.00 iters/s

running (08m48.0s), 000/050 VUs, 528 complete and 0 interrupted iterations
soak   [  29% ] 000/050 VUs  08m47.9s/30m0s  1.00 iters/s

running (08m49.0s), 000/050 VUs, 529 complete and 0 interrupted iterations
soak   [  29% ] 000/050 VUs  08m48.9s/30m0s  1.00 iters/s

running (08m50.0s), 000/050 VUs, 530 complete and 0 interrupted iterations
soak   [  29% ] 000/050 VUs  08m49.9s/30m0s  1.00 iters/s

running (08m51.0s), 000/050 VUs, 531 complete and 0 interrupted iterations
soak   [  29% ] 000/050 VUs  08m50.9s/30m0s  1.00 iters/s

running (08m52.0s), 000/050 VUs, 532 complete and 0 interrupted iterations
soak   [  30% ] 000/050 VUs  08m51.9s/30m0s  1.00 iters/s

running (08m53.0s), 000/050 VUs, 533 complete and 0 interrupted iterations
soak   [  30% ] 000/050 VUs  08m52.9s/30m0s  1.00 iters/s

running (08m54.0s), 000/050 VUs, 534 complete and 0 interrupted iterations
soak   [  30% ] 000/050 VUs  08m53.9s/30m0s  1.00 iters/s

running (08m55.0s), 000/050 VUs, 535 complete and 0 interrupted iterations
soak   [  30% ] 000/050 VUs  08m54.9s/30m0s  1.00 iters/s

running (08m56.0s), 000/050 VUs, 536 complete and 0 interrupted iterations
soak   [  30% ] 000/050 VUs  08m55.9s/30m0s  1.00 iters/s

running (08m57.0s), 000/050 VUs, 537 complete and 0 interrupted iterations
soak   [  30% ] 000/050 VUs  08m56.9s/30m0s  1.00 iters/s

running (08m58.0s), 000/050 VUs, 538 complete and 0 interrupted iterations
soak   [  30% ] 000/050 VUs  08m57.9s/30m0s  1.00 iters/s

running (08m59.0s), 000/050 VUs, 539 complete and 0 interrupted iterations
soak   [  30% ] 000/050 VUs  08m58.9s/30m0s  1.00 iters/s

running (09m00.0s), 000/050 VUs, 540 complete and 0 interrupted iterations
soak   [  30% ] 000/050 VUs  08m59.9s/30m0s  1.00 iters/s

running (09m01.0s), 000/050 VUs, 541 complete and 0 interrupted iterations
soak   [  30% ] 000/050 VUs  09m00.9s/30m0s  1.00 iters/s

running (09m02.0s), 000/050 VUs, 542 complete and 0 interrupted iterations
soak   [  30% ] 000/050 VUs  09m01.9s/30m0s  1.00 iters/s

running (09m03.0s), 000/050 VUs, 543 complete and 0 interrupted iterations
soak   [  30% ] 000/050 VUs  09m02.9s/30m0s  1.00 iters/s

running (09m04.0s), 000/050 VUs, 544 complete and 0 interrupted iterations
soak   [  30% ] 000/050 VUs  09m03.9s/30m0s  1.00 iters/s

running (09m05.0s), 000/050 VUs, 545 complete and 0 interrupted iterations
soak   [  30% ] 000/050 VUs  09m04.9s/30m0s  1.00 iters/s

running (09m06.0s), 000/050 VUs, 546 complete and 0 interrupted iterations
soak   [  30% ] 000/050 VUs  09m05.9s/30m0s  1.00 iters/s

running (09m07.0s), 000/050 VUs, 547 complete and 0 interrupted iterations
soak   [  30% ] 000/050 VUs  09m06.9s/30m0s  1.00 iters/s

running (09m08.0s), 000/050 VUs, 548 complete and 0 interrupted iterations
soak   [  30% ] 000/050 VUs  09m07.9s/30m0s  1.00 iters/s

running (09m09.0s), 000/050 VUs, 549 complete and 0 interrupted iterations
soak   [  30% ] 000/050 VUs  09m08.9s/30m0s  1.00 iters/s

running (09m10.0s), 000/050 VUs, 550 complete and 0 interrupted iterations
soak   [  31% ] 000/050 VUs  09m09.9s/30m0s  1.00 iters/s

running (09m11.0s), 000/050 VUs, 551 complete and 0 interrupted iterations
soak   [  31% ] 000/050 VUs  09m10.9s/30m0s  1.00 iters/s

running (09m12.0s), 000/050 VUs, 552 complete and 0 interrupted iterations
soak   [  31% ] 000/050 VUs  09m11.9s/30m0s  1.00 iters/s

running (09m13.0s), 000/050 VUs, 553 complete and 0 interrupted iterations
soak   [  31% ] 000/050 VUs  09m12.9s/30m0s  1.00 iters/s

running (09m14.0s), 000/050 VUs, 554 complete and 0 interrupted iterations
soak   [  31% ] 000/050 VUs  09m13.9s/30m0s  1.00 iters/s

running (09m15.0s), 000/050 VUs, 555 complete and 0 interrupted iterations
soak   [  31% ] 000/050 VUs  09m14.9s/30m0s  1.00 iters/s

running (09m16.0s), 000/050 VUs, 556 complete and 0 interrupted iterations
soak   [  31% ] 000/050 VUs  09m15.9s/30m0s  1.00 iters/s

running (09m17.0s), 000/050 VUs, 557 complete and 0 interrupted iterations
soak   [  31% ] 000/050 VUs  09m16.9s/30m0s  1.00 iters/s

running (09m18.0s), 000/050 VUs, 558 complete and 0 interrupted iterations
soak   [  31% ] 000/050 VUs  09m17.9s/30m0s  1.00 iters/s

running (09m19.0s), 000/050 VUs, 559 complete and 0 interrupted iterations
soak   [  31% ] 000/050 VUs  09m18.9s/30m0s  1.00 iters/s

running (09m20.0s), 000/050 VUs, 560 complete and 0 interrupted iterations
soak   [  31% ] 000/050 VUs  09m19.9s/30m0s  1.00 iters/s

running (09m21.0s), 000/050 VUs, 561 complete and 0 interrupted iterations
soak   [  31% ] 000/050 VUs  09m20.9s/30m0s  1.00 iters/s

running (09m22.0s), 000/050 VUs, 562 complete and 0 interrupted iterations
soak   [  31% ] 000/050 VUs  09m21.9s/30m0s  1.00 iters/s

running (09m23.0s), 000/050 VUs, 563 complete and 0 interrupted iterations
soak   [  31% ] 000/050 VUs  09m22.9s/30m0s  1.00 iters/s

running (09m24.0s), 000/050 VUs, 564 complete and 0 interrupted iterations
soak   [  31% ] 000/050 VUs  09m23.9s/30m0s  1.00 iters/s

running (09m25.0s), 000/050 VUs, 565 complete and 0 interrupted iterations
soak   [  31% ] 000/050 VUs  09m24.9s/30m0s  1.00 iters/s

running (09m26.0s), 000/050 VUs, 566 complete and 0 interrupted iterations
soak   [  31% ] 000/050 VUs  09m25.9s/30m0s  1.00 iters/s

running (09m27.0s), 000/050 VUs, 567 complete and 0 interrupted iterations
soak   [  31% ] 000/050 VUs  09m26.9s/30m0s  1.00 iters/s

running (09m28.0s), 000/050 VUs, 568 complete and 0 interrupted iterations
soak   [  32% ] 000/050 VUs  09m27.9s/30m0s  1.00 iters/s

running (09m29.0s), 000/050 VUs, 569 complete and 0 interrupted iterations
soak   [  32% ] 000/050 VUs  09m28.9s/30m0s  1.00 iters/s

running (09m30.0s), 000/050 VUs, 570 complete and 0 interrupted iterations
soak   [  32% ] 000/050 VUs  09m29.9s/30m0s  1.00 iters/s

running (09m31.0s), 000/050 VUs, 571 complete and 0 interrupted iterations
soak   [  32% ] 000/050 VUs  09m30.9s/30m0s  1.00 iters/s

running (09m32.0s), 000/050 VUs, 572 complete and 0 interrupted iterations
soak   [  32% ] 000/050 VUs  09m31.9s/30m0s  1.00 iters/s

running (09m33.0s), 000/050 VUs, 573 complete and 0 interrupted iterations
soak   [  32% ] 000/050 VUs  09m32.9s/30m0s  1.00 iters/s

running (09m34.0s), 000/050 VUs, 574 complete and 0 interrupted iterations
soak   [  32% ] 000/050 VUs  09m33.9s/30m0s  1.00 iters/s

running (09m35.0s), 000/050 VUs, 575 complete and 0 interrupted iterations
soak   [  32% ] 000/050 VUs  09m34.9s/30m0s  1.00 iters/s

running (09m36.0s), 000/050 VUs, 576 complete and 0 interrupted iterations
soak   [  32% ] 000/050 VUs  09m35.9s/30m0s  1.00 iters/s

running (09m37.0s), 000/050 VUs, 577 complete and 0 interrupted iterations
soak   [  32% ] 000/050 VUs  09m36.9s/30m0s  1.00 iters/s

running (09m38.0s), 000/050 VUs, 578 complete and 0 interrupted iterations
soak   [  32% ] 000/050 VUs  09m37.9s/30m0s  1.00 iters/s

running (09m39.0s), 000/050 VUs, 579 complete and 0 interrupted iterations
soak   [  32% ] 000/050 VUs  09m38.9s/30m0s  1.00 iters/s

running (09m40.0s), 000/050 VUs, 580 complete and 0 interrupted iterations
soak   [  32% ] 000/050 VUs  09m39.9s/30m0s  1.00 iters/s

running (09m41.0s), 000/050 VUs, 581 complete and 0 interrupted iterations
soak   [  32% ] 000/050 VUs  09m40.9s/30m0s  1.00 iters/s

running (09m42.0s), 000/050 VUs, 582 complete and 0 interrupted iterations
soak   [  32% ] 000/050 VUs  09m41.9s/30m0s  1.00 iters/s

running (09m43.0s), 000/050 VUs, 583 complete and 0 interrupted iterations
soak   [  32% ] 000/050 VUs  09m42.9s/30m0s  1.00 iters/s

running (09m44.0s), 000/050 VUs, 584 complete and 0 interrupted iterations
soak   [  32% ] 000/050 VUs  09m43.9s/30m0s  1.00 iters/s

running (09m45.0s), 000/050 VUs, 585 complete and 0 interrupted iterations
soak   [  32% ] 000/050 VUs  09m44.9s/30m0s  1.00 iters/s

running (09m46.0s), 000/050 VUs, 586 complete and 0 interrupted iterations
soak   [  33% ] 000/050 VUs  09m45.9s/30m0s  1.00 iters/s

running (09m47.0s), 000/050 VUs, 587 complete and 0 interrupted iterations
soak   [  33% ] 000/050 VUs  09m46.9s/30m0s  1.00 iters/s

running (09m48.0s), 000/050 VUs, 588 complete and 0 interrupted iterations
soak   [  33% ] 000/050 VUs  09m47.9s/30m0s  1.00 iters/s

running (09m49.0s), 000/050 VUs, 589 complete and 0 interrupted iterations
soak   [  33% ] 000/050 VUs  09m48.9s/30m0s  1.00 iters/s

running (09m50.0s), 000/050 VUs, 590 complete and 0 interrupted iterations
soak   [  33% ] 000/050 VUs  09m49.9s/30m0s  1.00 iters/s

running (09m51.0s), 000/050 VUs, 591 complete and 0 interrupted iterations
soak   [  33% ] 000/050 VUs  09m50.9s/30m0s  1.00 iters/s

running (09m52.0s), 000/050 VUs, 592 complete and 0 interrupted iterations
soak   [  33% ] 000/050 VUs  09m51.9s/30m0s  1.00 iters/s

running (09m53.0s), 000/050 VUs, 593 complete and 0 interrupted iterations
soak   [  33% ] 000/050 VUs  09m52.9s/30m0s  1.00 iters/s

running (09m54.0s), 000/050 VUs, 594 complete and 0 interrupted iterations
soak   [  33% ] 000/050 VUs  09m53.9s/30m0s  1.00 iters/s

running (09m55.0s), 000/050 VUs, 595 complete and 0 interrupted iterations
soak   [  33% ] 000/050 VUs  09m54.9s/30m0s  1.00 iters/s

running (09m56.0s), 000/050 VUs, 596 complete and 0 interrupted iterations
soak   [  33% ] 000/050 VUs  09m55.9s/30m0s  1.00 iters/s

running (09m57.0s), 000/050 VUs, 597 complete and 0 interrupted iterations
soak   [  33% ] 000/050 VUs  09m56.9s/30m0s  1.00 iters/s

running (09m58.0s), 000/050 VUs, 598 complete and 0 interrupted iterations
soak   [  33% ] 000/050 VUs  09m57.9s/30m0s  1.00 iters/s

running (09m59.0s), 000/050 VUs, 599 complete and 0 interrupted iterations
soak   [  33% ] 000/050 VUs  09m58.9s/30m0s  1.00 iters/s

running (10m00.0s), 000/050 VUs, 600 complete and 0 interrupted iterations
soak   [  33% ] 000/050 VUs  09m59.9s/30m0s  1.00 iters/s

running (10m01.0s), 000/050 VUs, 601 complete and 0 interrupted iterations
soak   [  33% ] 000/050 VUs  10m00.9s/30m0s  1.00 iters/s

running (10m02.0s), 000/050 VUs, 602 complete and 0 interrupted iterations
soak   [  33% ] 000/050 VUs  10m01.9s/30m0s  1.00 iters/s

running (10m03.0s), 000/050 VUs, 603 complete and 0 interrupted iterations
soak   [  33% ] 000/050 VUs  10m02.9s/30m0s  1.00 iters/s

running (10m04.0s), 000/050 VUs, 604 complete and 0 interrupted iterations
soak   [  34% ] 000/050 VUs  10m03.9s/30m0s  1.00 iters/s

running (10m05.0s), 000/050 VUs, 605 complete and 0 interrupted iterations
soak   [  34% ] 000/050 VUs  10m04.9s/30m0s  1.00 iters/s

running (10m06.0s), 000/050 VUs, 606 complete and 0 interrupted iterations
soak   [  34% ] 000/050 VUs  10m05.9s/30m0s  1.00 iters/s

running (10m07.0s), 000/050 VUs, 607 complete and 0 interrupted iterations
soak   [  34% ] 000/050 VUs  10m06.9s/30m0s  1.00 iters/s

running (10m08.0s), 000/050 VUs, 608 complete and 0 interrupted iterations
soak   [  34% ] 000/050 VUs  10m07.9s/30m0s  1.00 iters/s

running (10m09.0s), 000/050 VUs, 609 complete and 0 interrupted iterations
soak   [  34% ] 000/050 VUs  10m08.9s/30m0s  1.00 iters/s

running (10m10.0s), 000/050 VUs, 610 complete and 0 interrupted iterations
soak   [  34% ] 000/050 VUs  10m09.9s/30m0s  1.00 iters/s

running (10m11.0s), 000/050 VUs, 611 complete and 0 interrupted iterations
soak   [  34% ] 000/050 VUs  10m10.9s/30m0s  1.00 iters/s

running (10m12.0s), 000/050 VUs, 612 complete and 0 interrupted iterations
soak   [  34% ] 000/050 VUs  10m11.9s/30m0s  1.00 iters/s

running (10m13.0s), 000/050 VUs, 613 complete and 0 interrupted iterations
soak   [  34% ] 000/050 VUs  10m12.9s/30m0s  1.00 iters/s

running (10m14.0s), 000/050 VUs, 614 complete and 0 interrupted iterations
soak   [  34% ] 000/050 VUs  10m13.9s/30m0s  1.00 iters/s

running (10m15.0s), 000/050 VUs, 615 complete and 0 interrupted iterations
soak   [  34% ] 000/050 VUs  10m14.9s/30m0s  1.00 iters/s

running (10m16.0s), 000/050 VUs, 616 complete and 0 interrupted iterations
soak   [  34% ] 000/050 VUs  10m15.9s/30m0s  1.00 iters/s

running (10m17.0s), 000/050 VUs, 617 complete and 0 interrupted iterations
soak   [  34% ] 000/050 VUs  10m16.9s/30m0s  1.00 iters/s

running (10m18.0s), 000/050 VUs, 618 complete and 0 interrupted iterations
soak   [  34% ] 000/050 VUs  10m17.9s/30m0s  1.00 iters/s

running (10m19.0s), 000/050 VUs, 619 complete and 0 interrupted iterations
soak   [  34% ] 000/050 VUs  10m18.9s/30m0s  1.00 iters/s

running (10m20.0s), 000/050 VUs, 620 complete and 0 interrupted iterations
soak   [  34% ] 000/050 VUs  10m19.9s/30m0s  1.00 iters/s

running (10m21.0s), 000/050 VUs, 621 complete and 0 interrupted iterations
soak   [  34% ] 000/050 VUs  10m20.9s/30m0s  1.00 iters/s

running (10m22.0s), 000/050 VUs, 622 complete and 0 interrupted iterations
soak   [  35% ] 000/050 VUs  10m21.9s/30m0s  1.00 iters/s

running (10m23.0s), 000/050 VUs, 623 complete and 0 interrupted iterations
soak   [  35% ] 000/050 VUs  10m22.9s/30m0s  1.00 iters/s

running (10m24.0s), 000/050 VUs, 624 complete and 0 interrupted iterations
soak   [  35% ] 000/050 VUs  10m23.9s/30m0s  1.00 iters/s

running (10m25.0s), 000/050 VUs, 625 complete and 0 interrupted iterations
soak   [  35% ] 000/050 VUs  10m24.9s/30m0s  1.00 iters/s

running (10m26.0s), 000/050 VUs, 626 complete and 0 interrupted iterations
soak   [  35% ] 000/050 VUs  10m25.9s/30m0s  1.00 iters/s

running (10m27.0s), 000/050 VUs, 627 complete and 0 interrupted iterations
soak   [  35% ] 000/050 VUs  10m26.9s/30m0s  1.00 iters/s

running (10m28.0s), 000/050 VUs, 628 complete and 0 interrupted iterations
soak   [  35% ] 000/050 VUs  10m27.9s/30m0s  1.00 iters/s

running (10m29.0s), 000/050 VUs, 629 complete and 0 interrupted iterations
soak   [  35% ] 000/050 VUs  10m28.9s/30m0s  1.00 iters/s

running (10m30.0s), 000/050 VUs, 630 complete and 0 interrupted iterations
soak   [  35% ] 000/050 VUs  10m29.9s/30m0s  1.00 iters/s

running (10m31.0s), 000/050 VUs, 631 complete and 0 interrupted iterations
soak   [  35% ] 000/050 VUs  10m30.9s/30m0s  1.00 iters/s

running (10m32.0s), 000/050 VUs, 632 complete and 0 interrupted iterations
soak   [  35% ] 000/050 VUs  10m31.9s/30m0s  1.00 iters/s

running (10m33.0s), 000/050 VUs, 633 complete and 0 interrupted iterations
soak   [  35% ] 000/050 VUs  10m32.9s/30m0s  1.00 iters/s

running (10m34.0s), 000/050 VUs, 634 complete and 0 interrupted iterations
soak   [  35% ] 000/050 VUs  10m33.9s/30m0s  1.00 iters/s

running (10m35.0s), 000/050 VUs, 635 complete and 0 interrupted iterations
soak   [  35% ] 000/050 VUs  10m34.9s/30m0s  1.00 iters/s

running (10m36.0s), 000/050 VUs, 636 complete and 0 interrupted iterations
soak   [  35% ] 000/050 VUs  10m35.9s/30m0s  1.00 iters/s

running (10m37.0s), 000/050 VUs, 637 complete and 0 interrupted iterations
soak   [  35% ] 000/050 VUs  10m36.9s/30m0s  1.00 iters/s

running (10m38.0s), 000/050 VUs, 638 complete and 0 interrupted iterations
soak   [  35% ] 000/050 VUs  10m37.9s/30m0s  1.00 iters/s

running (10m39.0s), 000/050 VUs, 639 complete and 0 interrupted iterations
soak   [  35% ] 000/050 VUs  10m38.9s/30m0s  1.00 iters/s

running (10m40.0s), 000/050 VUs, 640 complete and 0 interrupted iterations
soak   [  36% ] 000/050 VUs  10m39.9s/30m0s  1.00 iters/s

running (10m41.0s), 000/050 VUs, 641 complete and 0 interrupted iterations
soak   [  36% ] 000/050 VUs  10m40.9s/30m0s  1.00 iters/s

running (10m42.0s), 000/050 VUs, 642 complete and 0 interrupted iterations
soak   [  36% ] 000/050 VUs  10m41.9s/30m0s  1.00 iters/s

running (10m43.0s), 000/050 VUs, 643 complete and 0 interrupted iterations
soak   [  36% ] 000/050 VUs  10m42.9s/30m0s  1.00 iters/s

running (10m44.0s), 000/050 VUs, 644 complete and 0 interrupted iterations
soak   [  36% ] 000/050 VUs  10m43.9s/30m0s  1.00 iters/s

running (10m45.0s), 000/050 VUs, 645 complete and 0 interrupted iterations
soak   [  36% ] 000/050 VUs  10m44.9s/30m0s  1.00 iters/s

running (10m46.0s), 000/050 VUs, 646 complete and 0 interrupted iterations
soak   [  36% ] 000/050 VUs  10m45.9s/30m0s  1.00 iters/s

running (10m47.0s), 000/050 VUs, 647 complete and 0 interrupted iterations
soak   [  36% ] 000/050 VUs  10m46.9s/30m0s  1.00 iters/s

running (10m48.0s), 000/050 VUs, 648 complete and 0 interrupted iterations
soak   [  36% ] 000/050 VUs  10m47.9s/30m0s  1.00 iters/s

running (10m49.0s), 000/050 VUs, 649 complete and 0 interrupted iterations
soak   [  36% ] 000/050 VUs  10m48.9s/30m0s  1.00 iters/s

running (10m50.0s), 000/050 VUs, 650 complete and 0 interrupted iterations
soak   [  36% ] 000/050 VUs  10m49.9s/30m0s  1.00 iters/s

running (10m51.0s), 000/050 VUs, 651 complete and 0 interrupted iterations
soak   [  36% ] 000/050 VUs  10m50.9s/30m0s  1.00 iters/s

running (10m52.0s), 000/050 VUs, 652 complete and 0 interrupted iterations
soak   [  36% ] 000/050 VUs  10m51.9s/30m0s  1.00 iters/s

running (10m53.0s), 000/050 VUs, 653 complete and 0 interrupted iterations
soak   [  36% ] 000/050 VUs  10m52.9s/30m0s  1.00 iters/s

running (10m54.0s), 000/050 VUs, 654 complete and 0 interrupted iterations
soak   [  36% ] 000/050 VUs  10m53.9s/30m0s  1.00 iters/s

running (10m55.0s), 000/050 VUs, 655 complete and 0 interrupted iterations
soak   [  36% ] 000/050 VUs  10m54.9s/30m0s  1.00 iters/s

running (10m56.0s), 000/050 VUs, 656 complete and 0 interrupted iterations
soak   [  36% ] 000/050 VUs  10m55.9s/30m0s  1.00 iters/s

running (10m57.0s), 000/050 VUs, 657 complete and 0 interrupted iterations
soak   [  36% ] 000/050 VUs  10m56.9s/30m0s  1.00 iters/s

running (10m58.0s), 000/050 VUs, 658 complete and 0 interrupted iterations
soak   [  37% ] 000/050 VUs  10m57.9s/30m0s  1.00 iters/s

running (10m59.0s), 000/050 VUs, 659 complete and 0 interrupted iterations
soak   [  37% ] 000/050 VUs  10m58.9s/30m0s  1.00 iters/s

running (11m00.0s), 000/050 VUs, 660 complete and 0 interrupted iterations
soak   [  37% ] 000/050 VUs  10m59.9s/30m0s  1.00 iters/s

running (11m01.0s), 000/050 VUs, 661 complete and 0 interrupted iterations
soak   [  37% ] 000/050 VUs  11m00.9s/30m0s  1.00 iters/s

running (11m02.0s), 000/050 VUs, 662 complete and 0 interrupted iterations
soak   [  37% ] 000/050 VUs  11m01.9s/30m0s  1.00 iters/s

running (11m03.0s), 000/050 VUs, 663 complete and 0 interrupted iterations
soak   [  37% ] 000/050 VUs  11m02.9s/30m0s  1.00 iters/s

running (11m04.0s), 000/050 VUs, 664 complete and 0 interrupted iterations
soak   [  37% ] 000/050 VUs  11m03.9s/30m0s  1.00 iters/s

running (11m05.0s), 000/050 VUs, 665 complete and 0 interrupted iterations
soak   [  37% ] 000/050 VUs  11m04.9s/30m0s  1.00 iters/s

running (11m06.0s), 000/050 VUs, 666 complete and 0 interrupted iterations
soak   [  37% ] 000/050 VUs  11m05.9s/30m0s  1.00 iters/s

running (11m07.0s), 000/050 VUs, 667 complete and 0 interrupted iterations
soak   [  37% ] 000/050 VUs  11m06.9s/30m0s  1.00 iters/s

running (11m08.0s), 000/050 VUs, 668 complete and 0 interrupted iterations
soak   [  37% ] 000/050 VUs  11m07.9s/30m0s  1.00 iters/s

running (11m09.0s), 000/050 VUs, 669 complete and 0 interrupted iterations
soak   [  37% ] 000/050 VUs  11m08.9s/30m0s  1.00 iters/s

running (11m10.0s), 000/050 VUs, 670 complete and 0 interrupted iterations
soak   [  37% ] 000/050 VUs  11m09.9s/30m0s  1.00 iters/s

running (11m11.0s), 000/050 VUs, 671 complete and 0 interrupted iterations
soak   [  37% ] 000/050 VUs  11m10.9s/30m0s  1.00 iters/s

running (11m12.0s), 000/050 VUs, 672 complete and 0 interrupted iterations
soak   [  37% ] 000/050 VUs  11m11.9s/30m0s  1.00 iters/s

running (11m13.0s), 000/050 VUs, 673 complete and 0 interrupted iterations
soak   [  37% ] 000/050 VUs  11m12.9s/30m0s  1.00 iters/s

running (11m14.0s), 000/050 VUs, 674 complete and 0 interrupted iterations
soak   [  37% ] 000/050 VUs  11m13.9s/30m0s  1.00 iters/s

running (11m15.0s), 000/050 VUs, 675 complete and 0 interrupted iterations
soak   [  37% ] 000/050 VUs  11m14.9s/30m0s  1.00 iters/s

running (11m16.0s), 000/050 VUs, 676 complete and 0 interrupted iterations
soak   [  38% ] 000/050 VUs  11m15.9s/30m0s  1.00 iters/s

running (11m17.0s), 000/050 VUs, 677 complete and 0 interrupted iterations
soak   [  38% ] 000/050 VUs  11m16.9s/30m0s  1.00 iters/s

running (11m18.0s), 000/050 VUs, 678 complete and 0 interrupted iterations
soak   [  38% ] 000/050 VUs  11m17.9s/30m0s  1.00 iters/s

running (11m19.0s), 000/050 VUs, 679 complete and 0 interrupted iterations
soak   [  38% ] 000/050 VUs  11m18.9s/30m0s  1.00 iters/s

running (11m20.0s), 000/050 VUs, 680 complete and 0 interrupted iterations
soak   [  38% ] 000/050 VUs  11m19.9s/30m0s  1.00 iters/s

running (11m21.0s), 000/050 VUs, 681 complete and 0 interrupted iterations
soak   [  38% ] 000/050 VUs  11m20.9s/30m0s  1.00 iters/s

running (11m22.0s), 000/050 VUs, 682 complete and 0 interrupted iterations
soak   [  38% ] 000/050 VUs  11m21.9s/30m0s  1.00 iters/s

running (11m23.0s), 000/050 VUs, 683 complete and 0 interrupted iterations
soak   [  38% ] 000/050 VUs  11m22.9s/30m0s  1.00 iters/s

running (11m24.0s), 000/050 VUs, 684 complete and 0 interrupted iterations
soak   [  38% ] 000/050 VUs  11m23.9s/30m0s  1.00 iters/s

running (11m25.0s), 000/050 VUs, 685 complete and 0 interrupted iterations
soak   [  38% ] 000/050 VUs  11m24.9s/30m0s  1.00 iters/s

running (11m26.0s), 000/050 VUs, 686 complete and 0 interrupted iterations
soak   [  38% ] 000/050 VUs  11m25.9s/30m0s  1.00 iters/s

running (11m27.0s), 000/050 VUs, 687 complete and 0 interrupted iterations
soak   [  38% ] 000/050 VUs  11m26.9s/30m0s  1.00 iters/s

running (11m28.0s), 000/050 VUs, 688 complete and 0 interrupted iterations
soak   [  38% ] 000/050 VUs  11m27.9s/30m0s  1.00 iters/s

running (11m29.0s), 000/050 VUs, 689 complete and 0 interrupted iterations
soak   [  38% ] 000/050 VUs  11m28.9s/30m0s  1.00 iters/s

running (11m30.0s), 000/050 VUs, 690 complete and 0 interrupted iterations
soak   [  38% ] 000/050 VUs  11m29.9s/30m0s  1.00 iters/s

running (11m31.0s), 000/050 VUs, 691 complete and 0 interrupted iterations
soak   [  38% ] 000/050 VUs  11m30.9s/30m0s  1.00 iters/s

running (11m32.0s), 000/050 VUs, 692 complete and 0 interrupted iterations
soak   [  38% ] 000/050 VUs  11m31.9s/30m0s  1.00 iters/s

running (11m33.0s), 000/050 VUs, 693 complete and 0 interrupted iterations
soak   [  38% ] 000/050 VUs  11m32.9s/30m0s  1.00 iters/s

running (11m34.0s), 000/050 VUs, 694 complete and 0 interrupted iterations
soak   [  39% ] 000/050 VUs  11m33.9s/30m0s  1.00 iters/s

running (11m35.0s), 000/050 VUs, 695 complete and 0 interrupted iterations
soak   [  39% ] 000/050 VUs  11m34.9s/30m0s  1.00 iters/s

running (11m36.0s), 000/050 VUs, 696 complete and 0 interrupted iterations
soak   [  39% ] 000/050 VUs  11m35.9s/30m0s  1.00 iters/s

running (11m37.0s), 000/050 VUs, 697 complete and 0 interrupted iterations
soak   [  39% ] 000/050 VUs  11m36.9s/30m0s  1.00 iters/s

running (11m38.0s), 000/050 VUs, 698 complete and 0 interrupted iterations
soak   [  39% ] 000/050 VUs  11m37.9s/30m0s  1.00 iters/s

running (11m39.0s), 000/050 VUs, 699 complete and 0 interrupted iterations
soak   [  39% ] 000/050 VUs  11m38.9s/30m0s  1.00 iters/s

running (11m40.0s), 000/050 VUs, 700 complete and 0 interrupted iterations
soak   [  39% ] 000/050 VUs  11m39.9s/30m0s  1.00 iters/s

running (11m41.0s), 000/050 VUs, 701 complete and 0 interrupted iterations
soak   [  39% ] 000/050 VUs  11m40.9s/30m0s  1.00 iters/s

running (11m42.0s), 000/050 VUs, 702 complete and 0 interrupted iterations
soak   [  39% ] 000/050 VUs  11m41.9s/30m0s  1.00 iters/s

running (11m43.0s), 000/050 VUs, 703 complete and 0 interrupted iterations
soak   [  39% ] 000/050 VUs  11m42.9s/30m0s  1.00 iters/s

running (11m44.0s), 000/050 VUs, 704 complete and 0 interrupted iterations
soak   [  39% ] 000/050 VUs  11m43.9s/30m0s  1.00 iters/s

running (11m45.0s), 000/050 VUs, 705 complete and 0 interrupted iterations
soak   [  39% ] 000/050 VUs  11m44.9s/30m0s  1.00 iters/s

running (11m46.0s), 000/050 VUs, 706 complete and 0 interrupted iterations
soak   [  39% ] 000/050 VUs  11m45.9s/30m0s  1.00 iters/s

running (11m47.0s), 000/050 VUs, 707 complete and 0 interrupted iterations
soak   [  39% ] 000/050 VUs  11m46.9s/30m0s  1.00 iters/s

running (11m48.0s), 000/050 VUs, 708 complete and 0 interrupted iterations
soak   [  39% ] 000/050 VUs  11m47.9s/30m0s  1.00 iters/s

running (11m49.0s), 000/050 VUs, 709 complete and 0 interrupted iterations
soak   [  39% ] 000/050 VUs  11m48.9s/30m0s  1.00 iters/s

running (11m50.0s), 000/050 VUs, 710 complete and 0 interrupted iterations
soak   [  39% ] 000/050 VUs  11m49.9s/30m0s  1.00 iters/s

running (11m51.0s), 000/050 VUs, 711 complete and 0 interrupted iterations
soak   [  39% ] 000/050 VUs  11m50.9s/30m0s  1.00 iters/s

running (11m52.0s), 000/050 VUs, 712 complete and 0 interrupted iterations
soak   [  40% ] 000/050 VUs  11m51.9s/30m0s  1.00 iters/s

running (11m53.0s), 000/050 VUs, 713 complete and 0 interrupted iterations
soak   [  40% ] 000/050 VUs  11m52.9s/30m0s  1.00 iters/s

running (11m54.0s), 000/050 VUs, 714 complete and 0 interrupted iterations
soak   [  40% ] 000/050 VUs  11m53.9s/30m0s  1.00 iters/s

running (11m55.0s), 000/050 VUs, 715 complete and 0 interrupted iterations
soak   [  40% ] 000/050 VUs  11m54.9s/30m0s  1.00 iters/s

running (11m56.0s), 000/050 VUs, 716 complete and 0 interrupted iterations
soak   [  40% ] 000/050 VUs  11m55.9s/30m0s  1.00 iters/s

running (11m57.0s), 000/050 VUs, 717 complete and 0 interrupted iterations
soak   [  40% ] 000/050 VUs  11m56.9s/30m0s  1.00 iters/s

running (11m58.0s), 000/050 VUs, 718 complete and 0 interrupted iterations
soak   [  40% ] 000/050 VUs  11m57.9s/30m0s  1.00 iters/s

running (11m59.0s), 000/050 VUs, 719 complete and 0 interrupted iterations
soak   [  40% ] 000/050 VUs  11m58.9s/30m0s  1.00 iters/s

running (12m00.0s), 000/050 VUs, 720 complete and 0 interrupted iterations
soak   [  40% ] 000/050 VUs  11m59.9s/30m0s  1.00 iters/s

running (12m01.0s), 000/050 VUs, 721 complete and 0 interrupted iterations
soak   [  40% ] 000/050 VUs  12m00.9s/30m0s  1.00 iters/s

running (12m02.0s), 000/050 VUs, 722 complete and 0 interrupted iterations
soak   [  40% ] 000/050 VUs  12m01.9s/30m0s  1.00 iters/s

running (12m03.0s), 000/050 VUs, 723 complete and 0 interrupted iterations
soak   [  40% ] 000/050 VUs  12m02.9s/30m0s  1.00 iters/s

running (12m04.0s), 000/050 VUs, 724 complete and 0 interrupted iterations
soak   [  40% ] 000/050 VUs  12m03.9s/30m0s  1.00 iters/s

running (12m05.0s), 000/050 VUs, 725 complete and 0 interrupted iterations
soak   [  40% ] 000/050 VUs  12m04.9s/30m0s  1.00 iters/s

running (12m06.0s), 000/050 VUs, 726 complete and 0 interrupted iterations
soak   [  40% ] 000/050 VUs  12m05.9s/30m0s  1.00 iters/s

running (12m07.0s), 000/050 VUs, 727 complete and 0 interrupted iterations
soak   [  40% ] 000/050 VUs  12m06.9s/30m0s  1.00 iters/s

running (12m08.0s), 000/050 VUs, 728 complete and 0 interrupted iterations
soak   [  40% ] 000/050 VUs  12m07.9s/30m0s  1.00 iters/s

running (12m09.0s), 000/050 VUs, 729 complete and 0 interrupted iterations
soak   [  40% ] 000/050 VUs  12m08.9s/30m0s  1.00 iters/s

running (12m10.0s), 000/050 VUs, 730 complete and 0 interrupted iterations
soak   [  41% ] 000/050 VUs  12m09.9s/30m0s  1.00 iters/s

running (12m11.0s), 000/050 VUs, 731 complete and 0 interrupted iterations
soak   [  41% ] 000/050 VUs  12m10.9s/30m0s  1.00 iters/s

running (12m12.0s), 000/050 VUs, 732 complete and 0 interrupted iterations
soak   [  41% ] 000/050 VUs  12m11.9s/30m0s  1.00 iters/s

running (12m13.0s), 000/050 VUs, 733 complete and 0 interrupted iterations
soak   [  41% ] 000/050 VUs  12m12.9s/30m0s  1.00 iters/s

running (12m14.0s), 000/050 VUs, 734 complete and 0 interrupted iterations
soak   [  41% ] 000/050 VUs  12m13.9s/30m0s  1.00 iters/s

running (12m15.0s), 000/050 VUs, 735 complete and 0 interrupted iterations
soak   [  41% ] 000/050 VUs  12m14.9s/30m0s  1.00 iters/s

running (12m16.0s), 000/050 VUs, 736 complete and 0 interrupted iterations
soak   [  41% ] 000/050 VUs  12m15.9s/30m0s  1.00 iters/s

running (12m17.0s), 000/050 VUs, 737 complete and 0 interrupted iterations
soak   [  41% ] 000/050 VUs  12m16.9s/30m0s  1.00 iters/s

running (12m18.0s), 000/050 VUs, 738 complete and 0 interrupted iterations
soak   [  41% ] 000/050 VUs  12m17.9s/30m0s  1.00 iters/s

running (12m19.0s), 000/050 VUs, 739 complete and 0 interrupted iterations
soak   [  41% ] 000/050 VUs  12m18.9s/30m0s  1.00 iters/s

running (12m20.0s), 000/050 VUs, 740 complete and 0 interrupted iterations
soak   [  41% ] 000/050 VUs  12m19.9s/30m0s  1.00 iters/s

running (12m21.0s), 000/050 VUs, 741 complete and 0 interrupted iterations
soak   [  41% ] 000/050 VUs  12m20.9s/30m0s  1.00 iters/s

running (12m22.0s), 000/050 VUs, 742 complete and 0 interrupted iterations
soak   [  41% ] 000/050 VUs  12m21.9s/30m0s  1.00 iters/s

running (12m23.0s), 000/050 VUs, 743 complete and 0 interrupted iterations
soak   [  41% ] 000/050 VUs  12m22.9s/30m0s  1.00 iters/s

running (12m24.0s), 000/050 VUs, 744 complete and 0 interrupted iterations
soak   [  41% ] 000/050 VUs  12m23.9s/30m0s  1.00 iters/s

running (12m25.0s), 000/050 VUs, 745 complete and 0 interrupted iterations
soak   [  41% ] 000/050 VUs  12m24.9s/30m0s  1.00 iters/s

running (12m26.0s), 000/050 VUs, 746 complete and 0 interrupted iterations
soak   [  41% ] 000/050 VUs  12m25.9s/30m0s  1.00 iters/s

running (12m27.0s), 000/050 VUs, 747 complete and 0 interrupted iterations
soak   [  41% ] 000/050 VUs  12m26.9s/30m0s  1.00 iters/s

running (12m28.0s), 000/050 VUs, 748 complete and 0 interrupted iterations
soak   [  42% ] 000/050 VUs  12m27.9s/30m0s  1.00 iters/s

running (12m29.0s), 000/050 VUs, 749 complete and 0 interrupted iterations
soak   [  42% ] 000/050 VUs  12m28.9s/30m0s  1.00 iters/s

running (12m30.0s), 000/050 VUs, 750 complete and 0 interrupted iterations
soak   [  42% ] 000/050 VUs  12m29.9s/30m0s  1.00 iters/s

running (12m31.0s), 000/050 VUs, 751 complete and 0 interrupted iterations
soak   [  42% ] 000/050 VUs  12m30.9s/30m0s  1.00 iters/s

running (12m32.0s), 000/050 VUs, 752 complete and 0 interrupted iterations
soak   [  42% ] 000/050 VUs  12m31.9s/30m0s  1.00 iters/s

running (12m33.0s), 000/050 VUs, 753 complete and 0 interrupted iterations
soak   [  42% ] 000/050 VUs  12m32.9s/30m0s  1.00 iters/s

running (12m34.0s), 000/050 VUs, 754 complete and 0 interrupted iterations
soak   [  42% ] 000/050 VUs  12m33.9s/30m0s  1.00 iters/s

running (12m35.0s), 000/050 VUs, 755 complete and 0 interrupted iterations
soak   [  42% ] 000/050 VUs  12m34.9s/30m0s  1.00 iters/s

running (12m36.0s), 000/050 VUs, 756 complete and 0 interrupted iterations
soak   [  42% ] 000/050 VUs  12m35.9s/30m0s  1.00 iters/s

running (12m37.0s), 000/050 VUs, 757 complete and 0 interrupted iterations
soak   [  42% ] 000/050 VUs  12m36.9s/30m0s  1.00 iters/s

running (12m38.0s), 000/050 VUs, 758 complete and 0 interrupted iterations
soak   [  42% ] 000/050 VUs  12m37.9s/30m0s  1.00 iters/s

running (12m39.0s), 000/050 VUs, 759 complete and 0 interrupted iterations
soak   [  42% ] 000/050 VUs  12m38.9s/30m0s  1.00 iters/s

running (12m40.0s), 000/050 VUs, 760 complete and 0 interrupted iterations
soak   [  42% ] 000/050 VUs  12m39.9s/30m0s  1.00 iters/s

running (12m41.0s), 000/050 VUs, 761 complete and 0 interrupted iterations
soak   [  42% ] 000/050 VUs  12m40.9s/30m0s  1.00 iters/s

running (12m42.0s), 000/050 VUs, 762 complete and 0 interrupted iterations
soak   [  42% ] 000/050 VUs  12m41.9s/30m0s  1.00 iters/s

running (12m43.0s), 000/050 VUs, 763 complete and 0 interrupted iterations
soak   [  42% ] 000/050 VUs  12m42.9s/30m0s  1.00 iters/s

running (12m44.0s), 000/050 VUs, 764 complete and 0 interrupted iterations
soak   [  42% ] 000/050 VUs  12m43.9s/30m0s  1.00 iters/s

running (12m45.0s), 000/050 VUs, 765 complete and 0 interrupted iterations
soak   [  42% ] 000/050 VUs  12m44.9s/30m0s  1.00 iters/s

running (12m46.0s), 000/050 VUs, 766 complete and 0 interrupted iterations
soak   [  43% ] 000/050 VUs  12m45.9s/30m0s  1.00 iters/s

running (12m47.0s), 000/050 VUs, 767 complete and 0 interrupted iterations
soak   [  43% ] 000/050 VUs  12m46.9s/30m0s  1.00 iters/s

running (12m48.0s), 000/050 VUs, 768 complete and 0 interrupted iterations
soak   [  43% ] 000/050 VUs  12m47.9s/30m0s  1.00 iters/s

running (12m49.0s), 000/050 VUs, 769 complete and 0 interrupted iterations
soak   [  43% ] 000/050 VUs  12m48.9s/30m0s  1.00 iters/s

running (12m50.0s), 000/050 VUs, 770 complete and 0 interrupted iterations
soak   [  43% ] 000/050 VUs  12m49.9s/30m0s  1.00 iters/s

running (12m51.0s), 000/050 VUs, 771 complete and 0 interrupted iterations
soak   [  43% ] 000/050 VUs  12m50.9s/30m0s  1.00 iters/s

running (12m52.0s), 000/050 VUs, 772 complete and 0 interrupted iterations
soak   [  43% ] 000/050 VUs  12m51.9s/30m0s  1.00 iters/s

running (12m53.0s), 000/050 VUs, 773 complete and 0 interrupted iterations
soak   [  43% ] 000/050 VUs  12m52.9s/30m0s  1.00 iters/s

running (12m54.0s), 000/050 VUs, 774 complete and 0 interrupted iterations
soak   [  43% ] 000/050 VUs  12m53.9s/30m0s  1.00 iters/s

running (12m55.0s), 000/050 VUs, 775 complete and 0 interrupted iterations
soak   [  43% ] 000/050 VUs  12m54.9s/30m0s  1.00 iters/s

running (12m56.0s), 000/050 VUs, 776 complete and 0 interrupted iterations
soak   [  43% ] 000/050 VUs  12m55.9s/30m0s  1.00 iters/s

running (12m57.0s), 000/050 VUs, 777 complete and 0 interrupted iterations
soak   [  43% ] 000/050 VUs  12m56.9s/30m0s  1.00 iters/s

running (12m58.0s), 000/050 VUs, 778 complete and 0 interrupted iterations
soak   [  43% ] 000/050 VUs  12m57.9s/30m0s  1.00 iters/s

running (12m59.0s), 000/050 VUs, 779 complete and 0 interrupted iterations
soak   [  43% ] 000/050 VUs  12m58.9s/30m0s  1.00 iters/s

running (13m00.0s), 000/050 VUs, 780 complete and 0 interrupted iterations
soak   [  43% ] 000/050 VUs  12m59.9s/30m0s  1.00 iters/s

running (13m01.0s), 000/050 VUs, 781 complete and 0 interrupted iterations
soak   [  43% ] 000/050 VUs  13m00.9s/30m0s  1.00 iters/s

running (13m02.0s), 000/050 VUs, 782 complete and 0 interrupted iterations
soak   [  43% ] 000/050 VUs  13m01.9s/30m0s  1.00 iters/s

running (13m03.0s), 000/050 VUs, 783 complete and 0 interrupted iterations
soak   [  43% ] 000/050 VUs  13m02.9s/30m0s  1.00 iters/s

running (13m04.0s), 000/050 VUs, 784 complete and 0 interrupted iterations
soak   [  44% ] 000/050 VUs  13m03.9s/30m0s  1.00 iters/s

running (13m05.0s), 000/050 VUs, 785 complete and 0 interrupted iterations
soak   [  44% ] 000/050 VUs  13m04.9s/30m0s  1.00 iters/s

running (13m06.0s), 000/050 VUs, 786 complete and 0 interrupted iterations
soak   [  44% ] 000/050 VUs  13m05.9s/30m0s  1.00 iters/s

running (13m07.0s), 000/050 VUs, 787 complete and 0 interrupted iterations
soak   [  44% ] 000/050 VUs  13m06.9s/30m0s  1.00 iters/s

running (13m08.0s), 000/050 VUs, 788 complete and 0 interrupted iterations
soak   [  44% ] 000/050 VUs  13m07.9s/30m0s  1.00 iters/s

running (13m09.0s), 000/050 VUs, 789 complete and 0 interrupted iterations
soak   [  44% ] 000/050 VUs  13m08.9s/30m0s  1.00 iters/s

running (13m10.0s), 000/050 VUs, 790 complete and 0 interrupted iterations
soak   [  44% ] 000/050 VUs  13m09.9s/30m0s  1.00 iters/s

running (13m11.0s), 000/050 VUs, 791 complete and 0 interrupted iterations
soak   [  44% ] 000/050 VUs  13m10.9s/30m0s  1.00 iters/s

running (13m12.0s), 000/050 VUs, 792 complete and 0 interrupted iterations
soak   [  44% ] 000/050 VUs  13m11.9s/30m0s  1.00 iters/s

running (13m13.0s), 000/050 VUs, 793 complete and 0 interrupted iterations
soak   [  44% ] 000/050 VUs  13m12.9s/30m0s  1.00 iters/s

running (13m14.0s), 000/050 VUs, 794 complete and 0 interrupted iterations
soak   [  44% ] 000/050 VUs  13m13.9s/30m0s  1.00 iters/s

running (13m15.0s), 000/050 VUs, 795 complete and 0 interrupted iterations
soak   [  44% ] 000/050 VUs  13m14.9s/30m0s  1.00 iters/s

running (13m16.0s), 000/050 VUs, 796 complete and 0 interrupted iterations
soak   [  44% ] 000/050 VUs  13m15.9s/30m0s  1.00 iters/s

running (13m17.0s), 000/050 VUs, 797 complete and 0 interrupted iterations
soak   [  44% ] 000/050 VUs  13m16.9s/30m0s  1.00 iters/s

running (13m18.0s), 000/050 VUs, 798 complete and 0 interrupted iterations
soak   [  44% ] 000/050 VUs  13m17.9s/30m0s  1.00 iters/s

running (13m19.0s), 000/050 VUs, 799 complete and 0 interrupted iterations
soak   [  44% ] 000/050 VUs  13m18.9s/30m0s  1.00 iters/s

running (13m20.0s), 000/050 VUs, 800 complete and 0 interrupted iterations
soak   [  44% ] 000/050 VUs  13m19.9s/30m0s  1.00 iters/s

running (13m21.0s), 000/050 VUs, 801 complete and 0 interrupted iterations
soak   [  44% ] 000/050 VUs  13m20.9s/30m0s  1.00 iters/s

running (13m22.0s), 000/050 VUs, 802 complete and 0 interrupted iterations
soak   [  45% ] 000/050 VUs  13m21.9s/30m0s  1.00 iters/s

running (13m23.0s), 000/050 VUs, 803 complete and 0 interrupted iterations
soak   [  45% ] 000/050 VUs  13m22.9s/30m0s  1.00 iters/s

running (13m24.0s), 000/050 VUs, 804 complete and 0 interrupted iterations
soak   [  45% ] 000/050 VUs  13m23.9s/30m0s  1.00 iters/s

running (13m25.0s), 000/050 VUs, 805 complete and 0 interrupted iterations
soak   [  45% ] 000/050 VUs  13m24.9s/30m0s  1.00 iters/s

running (13m26.0s), 000/050 VUs, 806 complete and 0 interrupted iterations
soak   [  45% ] 000/050 VUs  13m25.9s/30m0s  1.00 iters/s

running (13m27.0s), 000/050 VUs, 807 complete and 0 interrupted iterations
soak   [  45% ] 000/050 VUs  13m26.9s/30m0s  1.00 iters/s

running (13m28.0s), 000/050 VUs, 808 complete and 0 interrupted iterations
soak   [  45% ] 000/050 VUs  13m27.9s/30m0s  1.00 iters/s

running (13m29.0s), 000/050 VUs, 809 complete and 0 interrupted iterations
soak   [  45% ] 000/050 VUs  13m28.9s/30m0s  1.00 iters/s

running (13m30.0s), 000/050 VUs, 810 complete and 0 interrupted iterations
soak   [  45% ] 000/050 VUs  13m29.9s/30m0s  1.00 iters/s

running (13m31.0s), 000/050 VUs, 811 complete and 0 interrupted iterations
soak   [  45% ] 000/050 VUs  13m30.9s/30m0s  1.00 iters/s

running (13m32.0s), 000/050 VUs, 812 complete and 0 interrupted iterations
soak   [  45% ] 000/050 VUs  13m31.9s/30m0s  1.00 iters/s

running (13m33.0s), 000/050 VUs, 813 complete and 0 interrupted iterations
soak   [  45% ] 000/050 VUs  13m32.9s/30m0s  1.00 iters/s

running (13m34.0s), 000/050 VUs, 814 complete and 0 interrupted iterations
soak   [  45% ] 000/050 VUs  13m33.9s/30m0s  1.00 iters/s

running (13m35.0s), 000/050 VUs, 815 complete and 0 interrupted iterations
soak   [  45% ] 000/050 VUs  13m34.9s/30m0s  1.00 iters/s

running (13m36.0s), 000/050 VUs, 816 complete and 0 interrupted iterations
soak   [  45% ] 000/050 VUs  13m35.9s/30m0s  1.00 iters/s

running (13m37.0s), 000/050 VUs, 817 complete and 0 interrupted iterations
soak   [  45% ] 000/050 VUs  13m36.9s/30m0s  1.00 iters/s

running (13m38.0s), 000/050 VUs, 818 complete and 0 interrupted iterations
soak   [  45% ] 000/050 VUs  13m37.9s/30m0s  1.00 iters/s

running (13m39.0s), 000/050 VUs, 819 complete and 0 interrupted iterations
soak   [  45% ] 000/050 VUs  13m38.9s/30m0s  1.00 iters/s

running (13m40.0s), 000/050 VUs, 820 complete and 0 interrupted iterations
soak   [  46% ] 000/050 VUs  13m39.9s/30m0s  1.00 iters/s

running (13m41.0s), 000/050 VUs, 821 complete and 0 interrupted iterations
soak   [  46% ] 000/050 VUs  13m40.9s/30m0s  1.00 iters/s

running (13m42.0s), 000/050 VUs, 822 complete and 0 interrupted iterations
soak   [  46% ] 000/050 VUs  13m41.9s/30m0s  1.00 iters/s

running (13m43.0s), 000/050 VUs, 823 complete and 0 interrupted iterations
soak   [  46% ] 000/050 VUs  13m42.9s/30m0s  1.00 iters/s

running (13m44.0s), 000/050 VUs, 824 complete and 0 interrupted iterations
soak   [  46% ] 000/050 VUs  13m43.9s/30m0s  1.00 iters/s

running (13m45.0s), 000/050 VUs, 825 complete and 0 interrupted iterations
soak   [  46% ] 000/050 VUs  13m44.9s/30m0s  1.00 iters/s

running (13m46.0s), 000/050 VUs, 826 complete and 0 interrupted iterations
soak   [  46% ] 000/050 VUs  13m45.9s/30m0s  1.00 iters/s

running (13m47.0s), 000/050 VUs, 827 complete and 0 interrupted iterations
soak   [  46% ] 000/050 VUs  13m46.9s/30m0s  1.00 iters/s

running (13m48.0s), 000/050 VUs, 828 complete and 0 interrupted iterations
soak   [  46% ] 000/050 VUs  13m47.9s/30m0s  1.00 iters/s

running (13m49.0s), 000/050 VUs, 829 complete and 0 interrupted iterations
soak   [  46% ] 000/050 VUs  13m48.9s/30m0s  1.00 iters/s

running (13m50.0s), 000/050 VUs, 830 complete and 0 interrupted iterations
soak   [  46% ] 000/050 VUs  13m49.9s/30m0s  1.00 iters/s

running (13m51.0s), 000/050 VUs, 831 complete and 0 interrupted iterations
soak   [  46% ] 000/050 VUs  13m50.9s/30m0s  1.00 iters/s

running (13m52.0s), 000/050 VUs, 832 complete and 0 interrupted iterations
soak   [  46% ] 000/050 VUs  13m51.9s/30m0s  1.00 iters/s

running (13m53.0s), 000/050 VUs, 833 complete and 0 interrupted iterations
soak   [  46% ] 000/050 VUs  13m52.9s/30m0s  1.00 iters/s

running (13m54.0s), 000/050 VUs, 834 complete and 0 interrupted iterations
soak   [  46% ] 000/050 VUs  13m53.9s/30m0s  1.00 iters/s

running (13m55.0s), 000/050 VUs, 835 complete and 0 interrupted iterations
soak   [  46% ] 000/050 VUs  13m54.9s/30m0s  1.00 iters/s

running (13m56.0s), 000/050 VUs, 836 complete and 0 interrupted iterations
soak   [  46% ] 000/050 VUs  13m55.9s/30m0s  1.00 iters/s

running (13m57.0s), 000/050 VUs, 837 complete and 0 interrupted iterations
soak   [  46% ] 000/050 VUs  13m56.9s/30m0s  1.00 iters/s

running (13m58.0s), 000/050 VUs, 838 complete and 0 interrupted iterations
soak   [  47% ] 000/050 VUs  13m57.9s/30m0s  1.00 iters/s

running (13m59.0s), 000/050 VUs, 839 complete and 0 interrupted iterations
soak   [  47% ] 000/050 VUs  13m58.9s/30m0s  1.00 iters/s

running (14m00.0s), 000/050 VUs, 840 complete and 0 interrupted iterations
soak   [  47% ] 000/050 VUs  13m59.9s/30m0s  1.00 iters/s

running (14m01.0s), 000/050 VUs, 841 complete and 0 interrupted iterations
soak   [  47% ] 000/050 VUs  14m00.9s/30m0s  1.00 iters/s

running (14m02.0s), 000/050 VUs, 842 complete and 0 interrupted iterations
soak   [  47% ] 000/050 VUs  14m01.9s/30m0s  1.00 iters/s

running (14m03.0s), 000/050 VUs, 843 complete and 0 interrupted iterations
soak   [  47% ] 000/050 VUs  14m02.9s/30m0s  1.00 iters/s

running (14m04.0s), 000/050 VUs, 844 complete and 0 interrupted iterations
soak   [  47% ] 000/050 VUs  14m03.9s/30m0s  1.00 iters/s

running (14m05.0s), 000/050 VUs, 845 complete and 0 interrupted iterations
soak   [  47% ] 000/050 VUs  14m04.9s/30m0s  1.00 iters/s

running (14m06.0s), 000/050 VUs, 846 complete and 0 interrupted iterations
soak   [  47% ] 000/050 VUs  14m05.9s/30m0s  1.00 iters/s

running (14m07.0s), 000/050 VUs, 847 complete and 0 interrupted iterations
soak   [  47% ] 000/050 VUs  14m06.9s/30m0s  1.00 iters/s

running (14m08.0s), 000/050 VUs, 848 complete and 0 interrupted iterations
soak   [  47% ] 000/050 VUs  14m07.9s/30m0s  1.00 iters/s

running (14m09.0s), 000/050 VUs, 849 complete and 0 interrupted iterations
soak   [  47% ] 000/050 VUs  14m08.9s/30m0s  1.00 iters/s

running (14m10.0s), 000/050 VUs, 850 complete and 0 interrupted iterations
soak   [  47% ] 000/050 VUs  14m09.9s/30m0s  1.00 iters/s

running (14m11.0s), 000/050 VUs, 851 complete and 0 interrupted iterations
soak   [  47% ] 000/050 VUs  14m10.9s/30m0s  1.00 iters/s

running (14m12.0s), 000/050 VUs, 852 complete and 0 interrupted iterations
soak   [  47% ] 000/050 VUs  14m11.9s/30m0s  1.00 iters/s

running (14m13.0s), 000/050 VUs, 853 complete and 0 interrupted iterations
soak   [  47% ] 000/050 VUs  14m12.9s/30m0s  1.00 iters/s

running (14m14.0s), 000/050 VUs, 854 complete and 0 interrupted iterations
soak   [  47% ] 000/050 VUs  14m13.9s/30m0s  1.00 iters/s

running (14m15.0s), 000/050 VUs, 855 complete and 0 interrupted iterations
soak   [  47% ] 000/050 VUs  14m14.9s/30m0s  1.00 iters/s

running (14m16.0s), 000/050 VUs, 856 complete and 0 interrupted iterations
soak   [  48% ] 000/050 VUs  14m15.9s/30m0s  1.00 iters/s

running (14m17.0s), 000/050 VUs, 857 complete and 0 interrupted iterations
soak   [  48% ] 000/050 VUs  14m16.9s/30m0s  1.00 iters/s

running (14m18.0s), 000/050 VUs, 858 complete and 0 interrupted iterations
soak   [  48% ] 000/050 VUs  14m17.9s/30m0s  1.00 iters/s

running (14m19.0s), 000/050 VUs, 859 complete and 0 interrupted iterations
soak   [  48% ] 000/050 VUs  14m18.9s/30m0s  1.00 iters/s

running (14m20.0s), 000/050 VUs, 860 complete and 0 interrupted iterations
soak   [  48% ] 000/050 VUs  14m19.9s/30m0s  1.00 iters/s

running (14m21.0s), 000/050 VUs, 861 complete and 0 interrupted iterations
soak   [  48% ] 000/050 VUs  14m20.9s/30m0s  1.00 iters/s

running (14m22.0s), 000/050 VUs, 862 complete and 0 interrupted iterations
soak   [  48% ] 000/050 VUs  14m21.9s/30m0s  1.00 iters/s

running (14m23.0s), 000/050 VUs, 863 complete and 0 interrupted iterations
soak   [  48% ] 000/050 VUs  14m22.9s/30m0s  1.00 iters/s

running (14m24.0s), 000/050 VUs, 864 complete and 0 interrupted iterations
soak   [  48% ] 000/050 VUs  14m23.9s/30m0s  1.00 iters/s

running (14m25.0s), 000/050 VUs, 865 complete and 0 interrupted iterations
soak   [  48% ] 000/050 VUs  14m24.9s/30m0s  1.00 iters/s

running (14m26.0s), 000/050 VUs, 866 complete and 0 interrupted iterations
soak   [  48% ] 000/050 VUs  14m25.9s/30m0s  1.00 iters/s

running (14m27.0s), 000/050 VUs, 867 complete and 0 interrupted iterations
soak   [  48% ] 000/050 VUs  14m26.9s/30m0s  1.00 iters/s

running (14m28.0s), 000/050 VUs, 868 complete and 0 interrupted iterations
soak   [  48% ] 000/050 VUs  14m27.9s/30m0s  1.00 iters/s

running (14m29.0s), 000/050 VUs, 869 complete and 0 interrupted iterations
soak   [  48% ] 000/050 VUs  14m28.9s/30m0s  1.00 iters/s

running (14m30.0s), 000/050 VUs, 870 complete and 0 interrupted iterations
soak   [  48% ] 000/050 VUs  14m29.9s/30m0s  1.00 iters/s

running (14m31.0s), 000/050 VUs, 871 complete and 0 interrupted iterations
soak   [  48% ] 000/050 VUs  14m30.9s/30m0s  1.00 iters/s

running (14m32.0s), 000/050 VUs, 872 complete and 0 interrupted iterations
soak   [  48% ] 000/050 VUs  14m31.9s/30m0s  1.00 iters/s

running (14m33.0s), 000/050 VUs, 873 complete and 0 interrupted iterations
soak   [  48% ] 000/050 VUs  14m32.9s/30m0s  1.00 iters/s

running (14m34.0s), 000/050 VUs, 874 complete and 0 interrupted iterations
soak   [  49% ] 000/050 VUs  14m33.9s/30m0s  1.00 iters/s

running (14m35.0s), 000/050 VUs, 875 complete and 0 interrupted iterations
soak   [  49% ] 000/050 VUs  14m34.9s/30m0s  1.00 iters/s

running (14m36.0s), 000/050 VUs, 876 complete and 0 interrupted iterations
soak   [  49% ] 000/050 VUs  14m35.9s/30m0s  1.00 iters/s

running (14m37.0s), 000/050 VUs, 877 complete and 0 interrupted iterations
soak   [  49% ] 000/050 VUs  14m36.9s/30m0s  1.00 iters/s

running (14m38.0s), 000/050 VUs, 878 complete and 0 interrupted iterations
soak   [  49% ] 000/050 VUs  14m37.9s/30m0s  1.00 iters/s

running (14m39.0s), 000/050 VUs, 879 complete and 0 interrupted iterations
soak   [  49% ] 000/050 VUs  14m38.9s/30m0s  1.00 iters/s

running (14m40.0s), 000/050 VUs, 880 complete and 0 interrupted iterations
soak   [  49% ] 000/050 VUs  14m39.9s/30m0s  1.00 iters/s

running (14m41.0s), 000/050 VUs, 881 complete and 0 interrupted iterations
soak   [  49% ] 000/050 VUs  14m40.9s/30m0s  1.00 iters/s

running (14m42.0s), 000/050 VUs, 882 complete and 0 interrupted iterations
soak   [  49% ] 000/050 VUs  14m41.9s/30m0s  1.00 iters/s

running (14m43.0s), 000/050 VUs, 883 complete and 0 interrupted iterations
soak   [  49% ] 000/050 VUs  14m42.9s/30m0s  1.00 iters/s

running (14m44.0s), 000/050 VUs, 884 complete and 0 interrupted iterations
soak   [  49% ] 000/050 VUs  14m43.9s/30m0s  1.00 iters/s

running (14m45.0s), 000/050 VUs, 885 complete and 0 interrupted iterations
soak   [  49% ] 000/050 VUs  14m44.9s/30m0s  1.00 iters/s

running (14m46.0s), 000/050 VUs, 886 complete and 0 interrupted iterations
soak   [  49% ] 000/050 VUs  14m45.9s/30m0s  1.00 iters/s

running (14m47.0s), 000/050 VUs, 887 complete and 0 interrupted iterations
soak   [  49% ] 000/050 VUs  14m46.9s/30m0s  1.00 iters/s

running (14m48.0s), 000/050 VUs, 888 complete and 0 interrupted iterations
soak   [  49% ] 000/050 VUs  14m47.9s/30m0s  1.00 iters/s

running (14m49.0s), 000/050 VUs, 889 complete and 0 interrupted iterations
soak   [  49% ] 000/050 VUs  14m48.9s/30m0s  1.00 iters/s

running (14m50.0s), 000/050 VUs, 890 complete and 0 interrupted iterations
soak   [  49% ] 000/050 VUs  14m49.9s/30m0s  1.00 iters/s

running (14m51.0s), 000/050 VUs, 891 complete and 0 interrupted iterations
soak   [  49% ] 000/050 VUs  14m50.9s/30m0s  1.00 iters/s

running (14m52.0s), 000/050 VUs, 892 complete and 0 interrupted iterations
soak   [  50% ] 000/050 VUs  14m51.9s/30m0s  1.00 iters/s

running (14m53.0s), 000/050 VUs, 893 complete and 0 interrupted iterations
soak   [  50% ] 000/050 VUs  14m52.9s/30m0s  1.00 iters/s

running (14m54.0s), 000/050 VUs, 894 complete and 0 interrupted iterations
soak   [  50% ] 000/050 VUs  14m53.9s/30m0s  1.00 iters/s

running (14m55.0s), 000/050 VUs, 895 complete and 0 interrupted iterations
soak   [  50% ] 000/050 VUs  14m54.9s/30m0s  1.00 iters/s

running (14m56.0s), 000/050 VUs, 896 complete and 0 interrupted iterations
soak   [  50% ] 000/050 VUs  14m55.9s/30m0s  1.00 iters/s

running (14m57.0s), 000/050 VUs, 897 complete and 0 interrupted iterations
soak   [  50% ] 000/050 VUs  14m56.9s/30m0s  1.00 iters/s

running (14m58.0s), 000/050 VUs, 898 complete and 0 interrupted iterations
soak   [  50% ] 000/050 VUs  14m57.9s/30m0s  1.00 iters/s

running (14m59.0s), 000/050 VUs, 899 complete and 0 interrupted iterations
soak   [  50% ] 000/050 VUs  14m58.9s/30m0s  1.00 iters/s

running (15m00.0s), 000/050 VUs, 900 complete and 0 interrupted iterations
soak   [  50% ] 000/050 VUs  14m59.9s/30m0s  1.00 iters/s

running (15m01.0s), 000/050 VUs, 901 complete and 0 interrupted iterations
soak   [  50% ] 000/050 VUs  15m00.9s/30m0s  1.00 iters/s

running (15m02.0s), 000/050 VUs, 902 complete and 0 interrupted iterations
soak   [  50% ] 000/050 VUs  15m01.9s/30m0s  1.00 iters/s

running (15m03.0s), 000/050 VUs, 903 complete and 0 interrupted iterations
soak   [  50% ] 000/050 VUs  15m02.9s/30m0s  1.00 iters/s

running (15m04.0s), 000/050 VUs, 904 complete and 0 interrupted iterations
soak   [  50% ] 000/050 VUs  15m03.9s/30m0s  1.00 iters/s

running (15m05.0s), 000/050 VUs, 905 complete and 0 interrupted iterations
soak   [  50% ] 000/050 VUs  15m04.9s/30m0s  1.00 iters/s

running (15m06.0s), 000/050 VUs, 906 complete and 0 interrupted iterations
soak   [  50% ] 000/050 VUs  15m05.9s/30m0s  1.00 iters/s

running (15m07.0s), 000/050 VUs, 907 complete and 0 interrupted iterations
soak   [  50% ] 000/050 VUs  15m06.9s/30m0s  1.00 iters/s

running (15m08.0s), 000/050 VUs, 908 complete and 0 interrupted iterations
soak   [  50% ] 000/050 VUs  15m07.9s/30m0s  1.00 iters/s

running (15m09.0s), 000/050 VUs, 909 complete and 0 interrupted iterations
soak   [  50% ] 000/050 VUs  15m08.9s/30m0s  1.00 iters/s

running (15m10.0s), 000/050 VUs, 910 complete and 0 interrupted iterations
soak   [  51% ] 000/050 VUs  15m09.9s/30m0s  1.00 iters/s

running (15m11.0s), 000/050 VUs, 911 complete and 0 interrupted iterations
soak   [  51% ] 000/050 VUs  15m10.9s/30m0s  1.00 iters/s

running (15m12.0s), 000/050 VUs, 912 complete and 0 interrupted iterations
soak   [  51% ] 000/050 VUs  15m11.9s/30m0s  1.00 iters/s

running (15m13.0s), 000/050 VUs, 913 complete and 0 interrupted iterations
soak   [  51% ] 000/050 VUs  15m12.9s/30m0s  1.00 iters/s

running (15m14.0s), 000/050 VUs, 914 complete and 0 interrupted iterations
soak   [  51% ] 000/050 VUs  15m13.9s/30m0s  1.00 iters/s

running (15m15.0s), 000/050 VUs, 915 complete and 0 interrupted iterations
soak   [  51% ] 000/050 VUs  15m14.9s/30m0s  1.00 iters/s

running (15m16.0s), 000/050 VUs, 916 complete and 0 interrupted iterations
soak   [  51% ] 000/050 VUs  15m15.9s/30m0s  1.00 iters/s

running (15m17.0s), 000/050 VUs, 917 complete and 0 interrupted iterations
soak   [  51% ] 000/050 VUs  15m16.9s/30m0s  1.00 iters/s

running (15m18.0s), 000/050 VUs, 918 complete and 0 interrupted iterations
soak   [  51% ] 000/050 VUs  15m17.9s/30m0s  1.00 iters/s

running (15m19.0s), 000/050 VUs, 919 complete and 0 interrupted iterations
soak   [  51% ] 000/050 VUs  15m18.9s/30m0s  1.00 iters/s

running (15m20.0s), 000/050 VUs, 920 complete and 0 interrupted iterations
soak   [  51% ] 000/050 VUs  15m19.9s/30m0s  1.00 iters/s

running (15m21.0s), 000/050 VUs, 921 complete and 0 interrupted iterations
soak   [  51% ] 000/050 VUs  15m20.9s/30m0s  1.00 iters/s

running (15m22.0s), 000/050 VUs, 922 complete and 0 interrupted iterations
soak   [  51% ] 000/050 VUs  15m21.9s/30m0s  1.00 iters/s

running (15m23.0s), 000/050 VUs, 923 complete and 0 interrupted iterations
soak   [  51% ] 000/050 VUs  15m22.9s/30m0s  1.00 iters/s

running (15m24.0s), 000/050 VUs, 924 complete and 0 interrupted iterations
soak   [  51% ] 000/050 VUs  15m23.9s/30m0s  1.00 iters/s

running (15m25.0s), 000/050 VUs, 925 complete and 0 interrupted iterations
soak   [  51% ] 000/050 VUs  15m24.9s/30m0s  1.00 iters/s

running (15m26.0s), 000/050 VUs, 926 complete and 0 interrupted iterations
soak   [  51% ] 000/050 VUs  15m25.9s/30m0s  1.00 iters/s

running (15m27.0s), 000/050 VUs, 927 complete and 0 interrupted iterations
soak   [  51% ] 000/050 VUs  15m26.9s/30m0s  1.00 iters/s

running (15m28.0s), 000/050 VUs, 928 complete and 0 interrupted iterations
soak   [  52% ] 000/050 VUs  15m27.9s/30m0s  1.00 iters/s

running (15m29.0s), 000/050 VUs, 929 complete and 0 interrupted iterations
soak   [  52% ] 000/050 VUs  15m28.9s/30m0s  1.00 iters/s

running (15m30.0s), 000/050 VUs, 930 complete and 0 interrupted iterations
soak   [  52% ] 000/050 VUs  15m29.9s/30m0s  1.00 iters/s

running (15m31.0s), 000/050 VUs, 931 complete and 0 interrupted iterations
soak   [  52% ] 000/050 VUs  15m30.9s/30m0s  1.00 iters/s

running (15m32.0s), 000/050 VUs, 932 complete and 0 interrupted iterations
soak   [  52% ] 000/050 VUs  15m31.9s/30m0s  1.00 iters/s

running (15m33.0s), 000/050 VUs, 933 complete and 0 interrupted iterations
soak   [  52% ] 000/050 VUs  15m32.9s/30m0s  1.00 iters/s

running (15m34.0s), 000/050 VUs, 934 complete and 0 interrupted iterations
soak   [  52% ] 000/050 VUs  15m33.9s/30m0s  1.00 iters/s

running (15m35.0s), 000/050 VUs, 935 complete and 0 interrupted iterations
soak   [  52% ] 000/050 VUs  15m34.9s/30m0s  1.00 iters/s

running (15m36.0s), 000/050 VUs, 936 complete and 0 interrupted iterations
soak   [  52% ] 000/050 VUs  15m35.9s/30m0s  1.00 iters/s

running (15m37.0s), 000/050 VUs, 937 complete and 0 interrupted iterations
soak   [  52% ] 000/050 VUs  15m36.9s/30m0s  1.00 iters/s

running (15m38.0s), 000/050 VUs, 938 complete and 0 interrupted iterations
soak   [  52% ] 000/050 VUs  15m37.9s/30m0s  1.00 iters/s

running (15m39.0s), 000/050 VUs, 939 complete and 0 interrupted iterations
soak   [  52% ] 000/050 VUs  15m38.9s/30m0s  1.00 iters/s

running (15m40.0s), 000/050 VUs, 940 complete and 0 interrupted iterations
soak   [  52% ] 000/050 VUs  15m39.9s/30m0s  1.00 iters/s

running (15m41.0s), 000/050 VUs, 941 complete and 0 interrupted iterations
soak   [  52% ] 000/050 VUs  15m40.9s/30m0s  1.00 iters/s

running (15m42.0s), 000/050 VUs, 942 complete and 0 interrupted iterations
soak   [  52% ] 000/050 VUs  15m41.9s/30m0s  1.00 iters/s

running (15m43.0s), 000/050 VUs, 943 complete and 0 interrupted iterations
soak   [  52% ] 000/050 VUs  15m42.9s/30m0s  1.00 iters/s

running (15m44.0s), 000/050 VUs, 944 complete and 0 interrupted iterations
soak   [  52% ] 000/050 VUs  15m43.9s/30m0s  1.00 iters/s

running (15m45.0s), 000/050 VUs, 945 complete and 0 interrupted iterations
soak   [  52% ] 000/050 VUs  15m44.9s/30m0s  1.00 iters/s

running (15m46.0s), 000/050 VUs, 946 complete and 0 interrupted iterations
soak   [  53% ] 000/050 VUs  15m45.9s/30m0s  1.00 iters/s

running (15m47.0s), 000/050 VUs, 947 complete and 0 interrupted iterations
soak   [  53% ] 000/050 VUs  15m46.9s/30m0s  1.00 iters/s

running (15m48.0s), 000/050 VUs, 948 complete and 0 interrupted iterations
soak   [  53% ] 000/050 VUs  15m47.9s/30m0s  1.00 iters/s

running (15m49.0s), 000/050 VUs, 949 complete and 0 interrupted iterations
soak   [  53% ] 000/050 VUs  15m48.9s/30m0s  1.00 iters/s

running (15m50.0s), 000/050 VUs, 950 complete and 0 interrupted iterations
soak   [  53% ] 000/050 VUs  15m49.9s/30m0s  1.00 iters/s

running (15m51.0s), 000/050 VUs, 951 complete and 0 interrupted iterations
soak   [  53% ] 000/050 VUs  15m50.9s/30m0s  1.00 iters/s

running (15m52.0s), 000/050 VUs, 952 complete and 0 interrupted iterations
soak   [  53% ] 000/050 VUs  15m51.9s/30m0s  1.00 iters/s

running (15m53.0s), 000/050 VUs, 953 complete and 0 interrupted iterations
soak   [  53% ] 000/050 VUs  15m52.9s/30m0s  1.00 iters/s

running (15m54.0s), 000/050 VUs, 954 complete and 0 interrupted iterations
soak   [  53% ] 000/050 VUs  15m53.9s/30m0s  1.00 iters/s

running (15m55.0s), 000/050 VUs, 955 complete and 0 interrupted iterations
soak   [  53% ] 000/050 VUs  15m54.9s/30m0s  1.00 iters/s

running (15m56.0s), 000/050 VUs, 956 complete and 0 interrupted iterations
soak   [  53% ] 000/050 VUs  15m55.9s/30m0s  1.00 iters/s

running (15m57.0s), 000/050 VUs, 957 complete and 0 interrupted iterations
soak   [  53% ] 000/050 VUs  15m56.9s/30m0s  1.00 iters/s

running (15m58.0s), 000/050 VUs, 958 complete and 0 interrupted iterations
soak   [  53% ] 000/050 VUs  15m57.9s/30m0s  1.00 iters/s

running (15m59.0s), 000/050 VUs, 959 complete and 0 interrupted iterations
soak   [  53% ] 000/050 VUs  15m58.9s/30m0s  1.00 iters/s

running (16m00.0s), 000/050 VUs, 960 complete and 0 interrupted iterations
soak   [  53% ] 000/050 VUs  15m59.9s/30m0s  1.00 iters/s

running (16m01.0s), 000/050 VUs, 961 complete and 0 interrupted iterations
soak   [  53% ] 000/050 VUs  16m00.9s/30m0s  1.00 iters/s

running (16m02.0s), 000/050 VUs, 962 complete and 0 interrupted iterations
soak   [  53% ] 000/050 VUs  16m01.9s/30m0s  1.00 iters/s

running (16m03.0s), 000/050 VUs, 963 complete and 0 interrupted iterations
soak   [  53% ] 000/050 VUs  16m02.9s/30m0s  1.00 iters/s

running (16m04.0s), 000/050 VUs, 964 complete and 0 interrupted iterations
soak   [  54% ] 000/050 VUs  16m03.9s/30m0s  1.00 iters/s

running (16m05.0s), 000/050 VUs, 965 complete and 0 interrupted iterations
soak   [  54% ] 000/050 VUs  16m04.9s/30m0s  1.00 iters/s

running (16m06.0s), 000/050 VUs, 966 complete and 0 interrupted iterations
soak   [  54% ] 000/050 VUs  16m05.9s/30m0s  1.00 iters/s

running (16m07.0s), 000/050 VUs, 967 complete and 0 interrupted iterations
soak   [  54% ] 000/050 VUs  16m06.9s/30m0s  1.00 iters/s

running (16m08.0s), 000/050 VUs, 968 complete and 0 interrupted iterations
soak   [  54% ] 000/050 VUs  16m07.9s/30m0s  1.00 iters/s

running (16m09.0s), 000/050 VUs, 969 complete and 0 interrupted iterations
soak   [  54% ] 000/050 VUs  16m08.9s/30m0s  1.00 iters/s

running (16m10.0s), 000/050 VUs, 970 complete and 0 interrupted iterations
soak   [  54% ] 000/050 VUs  16m09.9s/30m0s  1.00 iters/s

running (16m11.0s), 000/050 VUs, 971 complete and 0 interrupted iterations
soak   [  54% ] 000/050 VUs  16m10.9s/30m0s  1.00 iters/s

running (16m12.0s), 000/050 VUs, 972 complete and 0 interrupted iterations
soak   [  54% ] 000/050 VUs  16m11.9s/30m0s  1.00 iters/s

running (16m13.0s), 000/050 VUs, 973 complete and 0 interrupted iterations
soak   [  54% ] 000/050 VUs  16m12.9s/30m0s  1.00 iters/s

running (16m14.0s), 000/050 VUs, 974 complete and 0 interrupted iterations
soak   [  54% ] 000/050 VUs  16m13.9s/30m0s  1.00 iters/s

running (16m15.0s), 000/050 VUs, 975 complete and 0 interrupted iterations
soak   [  54% ] 000/050 VUs  16m14.9s/30m0s  1.00 iters/s

running (16m16.0s), 000/050 VUs, 976 complete and 0 interrupted iterations
soak   [  54% ] 000/050 VUs  16m15.9s/30m0s  1.00 iters/s

running (16m17.0s), 000/050 VUs, 977 complete and 0 interrupted iterations
soak   [  54% ] 000/050 VUs  16m16.9s/30m0s  1.00 iters/s

running (16m18.0s), 000/050 VUs, 978 complete and 0 interrupted iterations
soak   [  54% ] 000/050 VUs  16m17.9s/30m0s  1.00 iters/s

running (16m19.0s), 000/050 VUs, 979 complete and 0 interrupted iterations
soak   [  54% ] 000/050 VUs  16m18.9s/30m0s  1.00 iters/s

running (16m20.0s), 000/050 VUs, 980 complete and 0 interrupted iterations
soak   [  54% ] 000/050 VUs  16m19.9s/30m0s  1.00 iters/s

running (16m21.0s), 000/050 VUs, 981 complete and 0 interrupted iterations
soak   [  54% ] 000/050 VUs  16m20.9s/30m0s  1.00 iters/s

running (16m22.0s), 000/050 VUs, 982 complete and 0 interrupted iterations
soak   [  55% ] 000/050 VUs  16m21.9s/30m0s  1.00 iters/s

running (16m23.0s), 000/050 VUs, 983 complete and 0 interrupted iterations
soak   [  55% ] 000/050 VUs  16m22.9s/30m0s  1.00 iters/s

running (16m24.0s), 000/050 VUs, 984 complete and 0 interrupted iterations
soak   [  55% ] 000/050 VUs  16m23.9s/30m0s  1.00 iters/s

running (16m25.0s), 000/050 VUs, 985 complete and 0 interrupted iterations
soak   [  55% ] 000/050 VUs  16m24.9s/30m0s  1.00 iters/s

running (16m26.0s), 000/050 VUs, 986 complete and 0 interrupted iterations
soak   [  55% ] 000/050 VUs  16m25.9s/30m0s  1.00 iters/s

running (16m27.0s), 000/050 VUs, 987 complete and 0 interrupted iterations
soak   [  55% ] 000/050 VUs  16m26.9s/30m0s  1.00 iters/s

running (16m28.0s), 000/050 VUs, 988 complete and 0 interrupted iterations
soak   [  55% ] 000/050 VUs  16m27.9s/30m0s  1.00 iters/s

running (16m29.0s), 000/050 VUs, 989 complete and 0 interrupted iterations
soak   [  55% ] 000/050 VUs  16m28.9s/30m0s  1.00 iters/s

running (16m30.0s), 000/050 VUs, 990 complete and 0 interrupted iterations
soak   [  55% ] 000/050 VUs  16m29.9s/30m0s  1.00 iters/s

running (16m31.0s), 000/050 VUs, 991 complete and 0 interrupted iterations
soak   [  55% ] 000/050 VUs  16m30.9s/30m0s  1.00 iters/s

running (16m32.0s), 000/050 VUs, 992 complete and 0 interrupted iterations
soak   [  55% ] 000/050 VUs  16m31.9s/30m0s  1.00 iters/s

running (16m33.0s), 000/050 VUs, 993 complete and 0 interrupted iterations
soak   [  55% ] 000/050 VUs  16m32.9s/30m0s  1.00 iters/s

running (16m34.0s), 000/050 VUs, 994 complete and 0 interrupted iterations
soak   [  55% ] 000/050 VUs  16m33.9s/30m0s  1.00 iters/s

running (16m35.0s), 000/050 VUs, 995 complete and 0 interrupted iterations
soak   [  55% ] 000/050 VUs  16m34.9s/30m0s  1.00 iters/s

running (16m36.0s), 000/050 VUs, 996 complete and 0 interrupted iterations
soak   [  55% ] 000/050 VUs  16m35.9s/30m0s  1.00 iters/s

running (16m37.0s), 000/050 VUs, 997 complete and 0 interrupted iterations
soak   [  55% ] 000/050 VUs  16m36.9s/30m0s  1.00 iters/s

running (16m38.0s), 000/050 VUs, 998 complete and 0 interrupted iterations
soak   [  55% ] 000/050 VUs  16m37.9s/30m0s  1.00 iters/s

running (16m39.0s), 000/050 VUs, 999 complete and 0 interrupted iterations
soak   [  55% ] 000/050 VUs  16m38.9s/30m0s  1.00 iters/s

running (16m40.0s), 000/050 VUs, 1000 complete and 0 interrupted iterations
soak   [  56% ] 000/050 VUs  16m39.9s/30m0s  1.00 iters/s

running (16m41.0s), 000/050 VUs, 1001 complete and 0 interrupted iterations
soak   [  56% ] 000/050 VUs  16m40.9s/30m0s  1.00 iters/s

running (16m42.0s), 000/050 VUs, 1002 complete and 0 interrupted iterations
soak   [  56% ] 000/050 VUs  16m41.9s/30m0s  1.00 iters/s

running (16m43.0s), 000/050 VUs, 1003 complete and 0 interrupted iterations
soak   [  56% ] 000/050 VUs  16m42.9s/30m0s  1.00 iters/s

running (16m44.0s), 000/050 VUs, 1004 complete and 0 interrupted iterations
soak   [  56% ] 000/050 VUs  16m43.9s/30m0s  1.00 iters/s

running (16m45.0s), 000/050 VUs, 1005 complete and 0 interrupted iterations
soak   [  56% ] 000/050 VUs  16m44.9s/30m0s  1.00 iters/s

running (16m46.0s), 000/050 VUs, 1006 complete and 0 interrupted iterations
soak   [  56% ] 000/050 VUs  16m45.9s/30m0s  1.00 iters/s

running (16m47.0s), 000/050 VUs, 1007 complete and 0 interrupted iterations
soak   [  56% ] 000/050 VUs  16m46.9s/30m0s  1.00 iters/s

running (16m48.0s), 000/050 VUs, 1008 complete and 0 interrupted iterations
soak   [  56% ] 000/050 VUs  16m47.9s/30m0s  1.00 iters/s

running (16m49.0s), 000/050 VUs, 1009 complete and 0 interrupted iterations
soak   [  56% ] 000/050 VUs  16m48.9s/30m0s  1.00 iters/s

running (16m50.0s), 000/050 VUs, 1010 complete and 0 interrupted iterations
soak   [  56% ] 000/050 VUs  16m49.9s/30m0s  1.00 iters/s

running (16m51.0s), 000/050 VUs, 1011 complete and 0 interrupted iterations
soak   [  56% ] 000/050 VUs  16m50.9s/30m0s  1.00 iters/s

running (16m52.0s), 000/050 VUs, 1012 complete and 0 interrupted iterations
soak   [  56% ] 000/050 VUs  16m51.9s/30m0s  1.00 iters/s

running (16m53.0s), 000/050 VUs, 1013 complete and 0 interrupted iterations
soak   [  56% ] 000/050 VUs  16m52.9s/30m0s  1.00 iters/s

running (16m54.0s), 000/050 VUs, 1014 complete and 0 interrupted iterations
soak   [  56% ] 000/050 VUs  16m53.9s/30m0s  1.00 iters/s

running (16m55.0s), 000/050 VUs, 1015 complete and 0 interrupted iterations
soak   [  56% ] 000/050 VUs  16m54.9s/30m0s  1.00 iters/s

running (16m56.0s), 000/050 VUs, 1016 complete and 0 interrupted iterations
soak   [  56% ] 000/050 VUs  16m55.9s/30m0s  1.00 iters/s

running (16m57.0s), 000/050 VUs, 1017 complete and 0 interrupted iterations
soak   [  56% ] 000/050 VUs  16m56.9s/30m0s  1.00 iters/s

running (16m58.0s), 000/050 VUs, 1018 complete and 0 interrupted iterations
soak   [  57% ] 000/050 VUs  16m57.9s/30m0s  1.00 iters/s

running (16m59.0s), 000/050 VUs, 1019 complete and 0 interrupted iterations
soak   [  57% ] 000/050 VUs  16m58.9s/30m0s  1.00 iters/s

running (17m00.0s), 000/050 VUs, 1020 complete and 0 interrupted iterations
soak   [  57% ] 000/050 VUs  16m59.9s/30m0s  1.00 iters/s

running (17m01.0s), 000/050 VUs, 1021 complete and 0 interrupted iterations
soak   [  57% ] 000/050 VUs  17m00.9s/30m0s  1.00 iters/s

running (17m02.0s), 000/050 VUs, 1022 complete and 0 interrupted iterations
soak   [  57% ] 000/050 VUs  17m01.9s/30m0s  1.00 iters/s

running (17m03.0s), 000/050 VUs, 1023 complete and 0 interrupted iterations
soak   [  57% ] 000/050 VUs  17m02.9s/30m0s  1.00 iters/s

running (17m04.0s), 000/050 VUs, 1024 complete and 0 interrupted iterations
soak   [  57% ] 000/050 VUs  17m03.9s/30m0s  1.00 iters/s

running (17m05.0s), 000/050 VUs, 1025 complete and 0 interrupted iterations
soak   [  57% ] 000/050 VUs  17m04.9s/30m0s  1.00 iters/s

running (17m06.0s), 000/050 VUs, 1026 complete and 0 interrupted iterations
soak   [  57% ] 000/050 VUs  17m05.9s/30m0s  1.00 iters/s

running (17m07.0s), 000/050 VUs, 1027 complete and 0 interrupted iterations
soak   [  57% ] 000/050 VUs  17m06.9s/30m0s  1.00 iters/s

running (17m08.0s), 000/050 VUs, 1028 complete and 0 interrupted iterations
soak   [  57% ] 000/050 VUs  17m07.9s/30m0s  1.00 iters/s

running (17m09.0s), 000/050 VUs, 1029 complete and 0 interrupted iterations
soak   [  57% ] 000/050 VUs  17m08.9s/30m0s  1.00 iters/s

running (17m10.0s), 000/050 VUs, 1030 complete and 0 interrupted iterations
soak   [  57% ] 000/050 VUs  17m09.9s/30m0s  1.00 iters/s

running (17m11.0s), 000/050 VUs, 1031 complete and 0 interrupted iterations
soak   [  57% ] 000/050 VUs  17m10.9s/30m0s  1.00 iters/s

running (17m12.0s), 000/050 VUs, 1032 complete and 0 interrupted iterations
soak   [  57% ] 000/050 VUs  17m11.9s/30m0s  1.00 iters/s

running (17m13.0s), 000/050 VUs, 1033 complete and 0 interrupted iterations
soak   [  57% ] 000/050 VUs  17m12.9s/30m0s  1.00 iters/s

running (17m14.0s), 000/050 VUs, 1034 complete and 0 interrupted iterations
soak   [  57% ] 000/050 VUs  17m13.9s/30m0s  1.00 iters/s

running (17m15.0s), 000/050 VUs, 1035 complete and 0 interrupted iterations
soak   [  57% ] 000/050 VUs  17m14.9s/30m0s  1.00 iters/s

running (17m16.0s), 000/050 VUs, 1036 complete and 0 interrupted iterations
soak   [  58% ] 000/050 VUs  17m15.9s/30m0s  1.00 iters/s

running (17m17.0s), 000/050 VUs, 1037 complete and 0 interrupted iterations
soak   [  58% ] 000/050 VUs  17m16.9s/30m0s  1.00 iters/s

running (17m18.0s), 000/050 VUs, 1038 complete and 0 interrupted iterations
soak   [  58% ] 000/050 VUs  17m17.9s/30m0s  1.00 iters/s

running (17m19.0s), 000/050 VUs, 1039 complete and 0 interrupted iterations
soak   [  58% ] 000/050 VUs  17m18.9s/30m0s  1.00 iters/s

running (17m20.0s), 000/050 VUs, 1040 complete and 0 interrupted iterations
soak   [  58% ] 000/050 VUs  17m19.9s/30m0s  1.00 iters/s

running (17m21.0s), 000/050 VUs, 1041 complete and 0 interrupted iterations
soak   [  58% ] 000/050 VUs  17m20.9s/30m0s  1.00 iters/s

running (17m22.0s), 000/050 VUs, 1042 complete and 0 interrupted iterations
soak   [  58% ] 000/050 VUs  17m21.9s/30m0s  1.00 iters/s

running (17m23.0s), 000/050 VUs, 1043 complete and 0 interrupted iterations
soak   [  58% ] 000/050 VUs  17m22.9s/30m0s  1.00 iters/s

running (17m24.0s), 000/050 VUs, 1044 complete and 0 interrupted iterations
soak   [  58% ] 000/050 VUs  17m23.9s/30m0s  1.00 iters/s

running (17m25.0s), 000/050 VUs, 1045 complete and 0 interrupted iterations
soak   [  58% ] 000/050 VUs  17m24.9s/30m0s  1.00 iters/s

running (17m26.0s), 000/050 VUs, 1046 complete and 0 interrupted iterations
soak   [  58% ] 000/050 VUs  17m25.9s/30m0s  1.00 iters/s

running (17m27.0s), 000/050 VUs, 1047 complete and 0 interrupted iterations
soak   [  58% ] 000/050 VUs  17m26.9s/30m0s  1.00 iters/s

running (17m28.0s), 000/050 VUs, 1048 complete and 0 interrupted iterations
soak   [  58% ] 000/050 VUs  17m27.9s/30m0s  1.00 iters/s

running (17m29.0s), 000/050 VUs, 1049 complete and 0 interrupted iterations
soak   [  58% ] 000/050 VUs  17m28.9s/30m0s  1.00 iters/s

running (17m30.0s), 000/050 VUs, 1050 complete and 0 interrupted iterations
soak   [  58% ] 000/050 VUs  17m29.9s/30m0s  1.00 iters/s

running (17m31.0s), 000/050 VUs, 1051 complete and 0 interrupted iterations
soak   [  58% ] 000/050 VUs  17m30.9s/30m0s  1.00 iters/s

running (17m32.0s), 000/050 VUs, 1052 complete and 0 interrupted iterations
soak   [  58% ] 000/050 VUs  17m31.9s/30m0s  1.00 iters/s

running (17m33.0s), 000/050 VUs, 1053 complete and 0 interrupted iterations
soak   [  58% ] 000/050 VUs  17m32.9s/30m0s  1.00 iters/s

running (17m34.0s), 000/050 VUs, 1054 complete and 0 interrupted iterations
soak   [  59% ] 000/050 VUs  17m33.9s/30m0s  1.00 iters/s

running (17m35.0s), 000/050 VUs, 1055 complete and 0 interrupted iterations
soak   [  59% ] 000/050 VUs  17m34.9s/30m0s  1.00 iters/s

running (17m36.0s), 000/050 VUs, 1056 complete and 0 interrupted iterations
soak   [  59% ] 000/050 VUs  17m35.9s/30m0s  1.00 iters/s

running (17m37.0s), 000/050 VUs, 1057 complete and 0 interrupted iterations
soak   [  59% ] 000/050 VUs  17m36.9s/30m0s  1.00 iters/s

running (17m38.0s), 000/050 VUs, 1058 complete and 0 interrupted iterations
soak   [  59% ] 000/050 VUs  17m37.9s/30m0s  1.00 iters/s

running (17m39.0s), 000/050 VUs, 1059 complete and 0 interrupted iterations
soak   [  59% ] 000/050 VUs  17m38.9s/30m0s  1.00 iters/s

running (17m40.0s), 000/050 VUs, 1060 complete and 0 interrupted iterations
soak   [  59% ] 000/050 VUs  17m39.9s/30m0s  1.00 iters/s

running (17m41.0s), 000/050 VUs, 1061 complete and 0 interrupted iterations
soak   [  59% ] 000/050 VUs  17m40.9s/30m0s  1.00 iters/s

running (17m42.0s), 000/050 VUs, 1062 complete and 0 interrupted iterations
soak   [  59% ] 000/050 VUs  17m41.9s/30m0s  1.00 iters/s

running (17m43.0s), 000/050 VUs, 1063 complete and 0 interrupted iterations
soak   [  59% ] 000/050 VUs  17m42.9s/30m0s  1.00 iters/s

running (17m44.0s), 000/050 VUs, 1064 complete and 0 interrupted iterations
soak   [  59% ] 000/050 VUs  17m43.9s/30m0s  1.00 iters/s

running (17m45.0s), 000/050 VUs, 1065 complete and 0 interrupted iterations
soak   [  59% ] 000/050 VUs  17m44.9s/30m0s  1.00 iters/s

running (17m46.0s), 000/050 VUs, 1066 complete and 0 interrupted iterations
soak   [  59% ] 000/050 VUs  17m45.9s/30m0s  1.00 iters/s

running (17m47.0s), 000/050 VUs, 1067 complete and 0 interrupted iterations
soak   [  59% ] 000/050 VUs  17m46.9s/30m0s  1.00 iters/s

running (17m48.0s), 000/050 VUs, 1068 complete and 0 interrupted iterations
soak   [  59% ] 000/050 VUs  17m47.9s/30m0s  1.00 iters/s

running (17m49.0s), 000/050 VUs, 1069 complete and 0 interrupted iterations
soak   [  59% ] 000/050 VUs  17m48.9s/30m0s  1.00 iters/s

running (17m50.0s), 000/050 VUs, 1070 complete and 0 interrupted iterations
soak   [  59% ] 000/050 VUs  17m49.9s/30m0s  1.00 iters/s

running (17m51.0s), 000/050 VUs, 1071 complete and 0 interrupted iterations
soak   [  59% ] 000/050 VUs  17m50.9s/30m0s  1.00 iters/s

running (17m52.0s), 000/050 VUs, 1072 complete and 0 interrupted iterations
soak   [  60% ] 000/050 VUs  17m51.9s/30m0s  1.00 iters/s

running (17m53.0s), 000/050 VUs, 1073 complete and 0 interrupted iterations
soak   [  60% ] 000/050 VUs  17m52.9s/30m0s  1.00 iters/s

running (17m54.0s), 000/050 VUs, 1074 complete and 0 interrupted iterations
soak   [  60% ] 000/050 VUs  17m53.9s/30m0s  1.00 iters/s

running (17m55.0s), 000/050 VUs, 1075 complete and 0 interrupted iterations
soak   [  60% ] 000/050 VUs  17m54.9s/30m0s  1.00 iters/s

running (17m56.0s), 000/050 VUs, 1076 complete and 0 interrupted iterations
soak   [  60% ] 000/050 VUs  17m55.9s/30m0s  1.00 iters/s

running (17m57.0s), 000/050 VUs, 1077 complete and 0 interrupted iterations
soak   [  60% ] 000/050 VUs  17m56.9s/30m0s  1.00 iters/s

running (17m58.0s), 000/050 VUs, 1078 complete and 0 interrupted iterations
soak   [  60% ] 000/050 VUs  17m57.9s/30m0s  1.00 iters/s

running (17m59.0s), 000/050 VUs, 1079 complete and 0 interrupted iterations
soak   [  60% ] 000/050 VUs  17m58.9s/30m0s  1.00 iters/s

running (18m00.0s), 000/050 VUs, 1080 complete and 0 interrupted iterations
soak   [  60% ] 000/050 VUs  17m59.9s/30m0s  1.00 iters/s

running (18m01.0s), 000/050 VUs, 1081 complete and 0 interrupted iterations
soak   [  60% ] 000/050 VUs  18m00.9s/30m0s  1.00 iters/s

running (18m02.0s), 000/050 VUs, 1082 complete and 0 interrupted iterations
soak   [  60% ] 000/050 VUs  18m01.9s/30m0s  1.00 iters/s

running (18m03.0s), 000/050 VUs, 1083 complete and 0 interrupted iterations
soak   [  60% ] 000/050 VUs  18m02.9s/30m0s  1.00 iters/s

running (18m04.0s), 000/050 VUs, 1084 complete and 0 interrupted iterations
soak   [  60% ] 000/050 VUs  18m03.9s/30m0s  1.00 iters/s

running (18m05.0s), 000/050 VUs, 1085 complete and 0 interrupted iterations
soak   [  60% ] 000/050 VUs  18m04.9s/30m0s  1.00 iters/s

running (18m06.0s), 000/050 VUs, 1086 complete and 0 interrupted iterations
soak   [  60% ] 000/050 VUs  18m05.9s/30m0s  1.00 iters/s

running (18m07.0s), 000/050 VUs, 1087 complete and 0 interrupted iterations
soak   [  60% ] 000/050 VUs  18m06.9s/30m0s  1.00 iters/s

running (18m08.0s), 000/050 VUs, 1088 complete and 0 interrupted iterations
soak   [  60% ] 000/050 VUs  18m07.9s/30m0s  1.00 iters/s

running (18m09.0s), 000/050 VUs, 1089 complete and 0 interrupted iterations
soak   [  60% ] 000/050 VUs  18m08.9s/30m0s  1.00 iters/s

running (18m10.0s), 000/050 VUs, 1090 complete and 0 interrupted iterations
soak   [  61% ] 000/050 VUs  18m09.9s/30m0s  1.00 iters/s

running (18m11.0s), 000/050 VUs, 1091 complete and 0 interrupted iterations
soak   [  61% ] 000/050 VUs  18m10.9s/30m0s  1.00 iters/s

running (18m12.0s), 000/050 VUs, 1092 complete and 0 interrupted iterations
soak   [  61% ] 000/050 VUs  18m11.9s/30m0s  1.00 iters/s

running (18m13.0s), 000/050 VUs, 1093 complete and 0 interrupted iterations
soak   [  61% ] 000/050 VUs  18m12.9s/30m0s  1.00 iters/s

running (18m14.0s), 000/050 VUs, 1094 complete and 0 interrupted iterations
soak   [  61% ] 000/050 VUs  18m13.9s/30m0s  1.00 iters/s

running (18m15.0s), 000/050 VUs, 1095 complete and 0 interrupted iterations
soak   [  61% ] 000/050 VUs  18m14.9s/30m0s  1.00 iters/s

running (18m16.0s), 000/050 VUs, 1096 complete and 0 interrupted iterations
soak   [  61% ] 000/050 VUs  18m15.9s/30m0s  1.00 iters/s

running (18m17.0s), 000/050 VUs, 1097 complete and 0 interrupted iterations
soak   [  61% ] 000/050 VUs  18m16.9s/30m0s  1.00 iters/s

running (18m18.0s), 000/050 VUs, 1098 complete and 0 interrupted iterations
soak   [  61% ] 000/050 VUs  18m17.9s/30m0s  1.00 iters/s

running (18m19.0s), 000/050 VUs, 1099 complete and 0 interrupted iterations
soak   [  61% ] 000/050 VUs  18m18.9s/30m0s  1.00 iters/s

running (18m20.0s), 000/050 VUs, 1100 complete and 0 interrupted iterations
soak   [  61% ] 000/050 VUs  18m19.9s/30m0s  1.00 iters/s

running (18m21.0s), 000/050 VUs, 1101 complete and 0 interrupted iterations
soak   [  61% ] 000/050 VUs  18m20.9s/30m0s  1.00 iters/s

running (18m22.0s), 000/050 VUs, 1102 complete and 0 interrupted iterations
soak   [  61% ] 000/050 VUs  18m21.9s/30m0s  1.00 iters/s

running (18m23.0s), 000/050 VUs, 1103 complete and 0 interrupted iterations
soak   [  61% ] 000/050 VUs  18m22.9s/30m0s  1.00 iters/s

running (18m24.0s), 000/050 VUs, 1104 complete and 0 interrupted iterations
soak   [  61% ] 000/050 VUs  18m23.9s/30m0s  1.00 iters/s

running (18m25.0s), 000/050 VUs, 1105 complete and 0 interrupted iterations
soak   [  61% ] 000/050 VUs  18m24.9s/30m0s  1.00 iters/s

running (18m26.0s), 000/050 VUs, 1106 complete and 0 interrupted iterations
soak   [  61% ] 000/050 VUs  18m25.9s/30m0s  1.00 iters/s

running (18m27.0s), 000/050 VUs, 1107 complete and 0 interrupted iterations
soak   [  61% ] 000/050 VUs  18m26.9s/30m0s  1.00 iters/s

running (18m28.0s), 000/050 VUs, 1108 complete and 0 interrupted iterations
soak   [  62% ] 000/050 VUs  18m27.9s/30m0s  1.00 iters/s

running (18m29.0s), 000/050 VUs, 1109 complete and 0 interrupted iterations
soak   [  62% ] 000/050 VUs  18m28.9s/30m0s  1.00 iters/s

running (18m30.0s), 000/050 VUs, 1110 complete and 0 interrupted iterations
soak   [  62% ] 000/050 VUs  18m29.9s/30m0s  1.00 iters/s

running (18m31.0s), 000/050 VUs, 1111 complete and 0 interrupted iterations
soak   [  62% ] 000/050 VUs  18m30.9s/30m0s  1.00 iters/s

running (18m32.0s), 000/050 VUs, 1112 complete and 0 interrupted iterations
soak   [  62% ] 000/050 VUs  18m31.9s/30m0s  1.00 iters/s

running (18m33.0s), 000/050 VUs, 1113 complete and 0 interrupted iterations
soak   [  62% ] 000/050 VUs  18m32.9s/30m0s  1.00 iters/s

running (18m34.0s), 000/050 VUs, 1114 complete and 0 interrupted iterations
soak   [  62% ] 000/050 VUs  18m33.9s/30m0s  1.00 iters/s

running (18m35.0s), 000/050 VUs, 1115 complete and 0 interrupted iterations
soak   [  62% ] 000/050 VUs  18m34.9s/30m0s  1.00 iters/s

running (18m36.0s), 000/050 VUs, 1116 complete and 0 interrupted iterations
soak   [  62% ] 000/050 VUs  18m35.9s/30m0s  1.00 iters/s

running (18m37.0s), 000/050 VUs, 1117 complete and 0 interrupted iterations
soak   [  62% ] 000/050 VUs  18m36.9s/30m0s  1.00 iters/s

running (18m38.0s), 000/050 VUs, 1118 complete and 0 interrupted iterations
soak   [  62% ] 000/050 VUs  18m37.9s/30m0s  1.00 iters/s

running (18m39.0s), 000/050 VUs, 1119 complete and 0 interrupted iterations
soak   [  62% ] 000/050 VUs  18m38.9s/30m0s  1.00 iters/s

running (18m40.0s), 000/050 VUs, 1120 complete and 0 interrupted iterations
soak   [  62% ] 000/050 VUs  18m39.9s/30m0s  1.00 iters/s

running (18m41.0s), 000/050 VUs, 1121 complete and 0 interrupted iterations
soak   [  62% ] 000/050 VUs  18m40.9s/30m0s  1.00 iters/s

running (18m42.0s), 000/050 VUs, 1122 complete and 0 interrupted iterations
soak   [  62% ] 000/050 VUs  18m41.9s/30m0s  1.00 iters/s

running (18m43.0s), 000/050 VUs, 1123 complete and 0 interrupted iterations
soak   [  62% ] 000/050 VUs  18m42.9s/30m0s  1.00 iters/s

running (18m44.0s), 000/050 VUs, 1124 complete and 0 interrupted iterations
soak   [  62% ] 000/050 VUs  18m43.9s/30m0s  1.00 iters/s

running (18m45.0s), 000/050 VUs, 1125 complete and 0 interrupted iterations
soak   [  62% ] 000/050 VUs  18m44.9s/30m0s  1.00 iters/s

running (18m46.0s), 000/050 VUs, 1126 complete and 0 interrupted iterations
soak   [  63% ] 000/050 VUs  18m45.9s/30m0s  1.00 iters/s

running (18m47.0s), 000/050 VUs, 1127 complete and 0 interrupted iterations
soak   [  63% ] 000/050 VUs  18m46.9s/30m0s  1.00 iters/s

running (18m48.0s), 000/050 VUs, 1128 complete and 0 interrupted iterations
soak   [  63% ] 000/050 VUs  18m47.9s/30m0s  1.00 iters/s

running (18m49.0s), 000/050 VUs, 1129 complete and 0 interrupted iterations
soak   [  63% ] 000/050 VUs  18m48.9s/30m0s  1.00 iters/s

running (18m50.0s), 000/050 VUs, 1130 complete and 0 interrupted iterations
soak   [  63% ] 000/050 VUs  18m49.9s/30m0s  1.00 iters/s

running (18m51.0s), 000/050 VUs, 1131 complete and 0 interrupted iterations
soak   [  63% ] 000/050 VUs  18m50.9s/30m0s  1.00 iters/s

running (18m52.0s), 000/050 VUs, 1132 complete and 0 interrupted iterations
soak   [  63% ] 000/050 VUs  18m51.9s/30m0s  1.00 iters/s

running (18m53.0s), 000/050 VUs, 1133 complete and 0 interrupted iterations
soak   [  63% ] 000/050 VUs  18m52.9s/30m0s  1.00 iters/s

running (18m54.0s), 000/050 VUs, 1134 complete and 0 interrupted iterations
soak   [  63% ] 000/050 VUs  18m53.9s/30m0s  1.00 iters/s

running (18m55.0s), 000/050 VUs, 1135 complete and 0 interrupted iterations
soak   [  63% ] 000/050 VUs  18m54.9s/30m0s  1.00 iters/s

running (18m56.0s), 000/050 VUs, 1136 complete and 0 interrupted iterations
soak   [  63% ] 000/050 VUs  18m55.9s/30m0s  1.00 iters/s

running (18m57.0s), 000/050 VUs, 1137 complete and 0 interrupted iterations
soak   [  63% ] 000/050 VUs  18m56.9s/30m0s  1.00 iters/s

running (18m58.0s), 000/050 VUs, 1138 complete and 0 interrupted iterations
soak   [  63% ] 000/050 VUs  18m57.9s/30m0s  1.00 iters/s

running (18m59.0s), 000/050 VUs, 1139 complete and 0 interrupted iterations
soak   [  63% ] 000/050 VUs  18m58.9s/30m0s  1.00 iters/s

running (19m00.0s), 000/050 VUs, 1140 complete and 0 interrupted iterations
soak   [  63% ] 000/050 VUs  18m59.9s/30m0s  1.00 iters/s

running (19m01.0s), 000/050 VUs, 1141 complete and 0 interrupted iterations
soak   [  63% ] 000/050 VUs  19m00.9s/30m0s  1.00 iters/s

running (19m02.0s), 000/050 VUs, 1142 complete and 0 interrupted iterations
soak   [  63% ] 000/050 VUs  19m01.9s/30m0s  1.00 iters/s

running (19m03.0s), 000/050 VUs, 1143 complete and 0 interrupted iterations
soak   [  63% ] 000/050 VUs  19m02.9s/30m0s  1.00 iters/s

running (19m04.0s), 000/050 VUs, 1144 complete and 0 interrupted iterations
soak   [  64% ] 000/050 VUs  19m03.9s/30m0s  1.00 iters/s

running (19m05.0s), 000/050 VUs, 1145 complete and 0 interrupted iterations
soak   [  64% ] 000/050 VUs  19m04.9s/30m0s  1.00 iters/s

running (19m06.0s), 000/050 VUs, 1146 complete and 0 interrupted iterations
soak   [  64% ] 000/050 VUs  19m05.9s/30m0s  1.00 iters/s

running (19m07.0s), 000/050 VUs, 1147 complete and 0 interrupted iterations
soak   [  64% ] 000/050 VUs  19m06.9s/30m0s  1.00 iters/s

running (19m08.0s), 000/050 VUs, 1148 complete and 0 interrupted iterations
soak   [  64% ] 000/050 VUs  19m07.9s/30m0s  1.00 iters/s

running (19m09.0s), 000/050 VUs, 1149 complete and 0 interrupted iterations
soak   [  64% ] 000/050 VUs  19m08.9s/30m0s  1.00 iters/s

running (19m10.0s), 000/050 VUs, 1150 complete and 0 interrupted iterations
soak   [  64% ] 000/050 VUs  19m09.9s/30m0s  1.00 iters/s

running (19m11.0s), 000/050 VUs, 1151 complete and 0 interrupted iterations
soak   [  64% ] 000/050 VUs  19m10.9s/30m0s  1.00 iters/s

running (19m12.0s), 000/050 VUs, 1152 complete and 0 interrupted iterations
soak   [  64% ] 000/050 VUs  19m11.9s/30m0s  1.00 iters/s

running (19m13.0s), 000/050 VUs, 1153 complete and 0 interrupted iterations
soak   [  64% ] 000/050 VUs  19m12.9s/30m0s  1.00 iters/s

running (19m14.0s), 000/050 VUs, 1154 complete and 0 interrupted iterations
soak   [  64% ] 000/050 VUs  19m13.9s/30m0s  1.00 iters/s

running (19m15.0s), 000/050 VUs, 1155 complete and 0 interrupted iterations
soak   [  64% ] 000/050 VUs  19m14.9s/30m0s  1.00 iters/s

running (19m16.0s), 000/050 VUs, 1156 complete and 0 interrupted iterations
soak   [  64% ] 000/050 VUs  19m15.9s/30m0s  1.00 iters/s

running (19m17.0s), 000/050 VUs, 1157 complete and 0 interrupted iterations
soak   [  64% ] 000/050 VUs  19m16.9s/30m0s  1.00 iters/s

running (19m18.0s), 000/050 VUs, 1158 complete and 0 interrupted iterations
soak   [  64% ] 000/050 VUs  19m17.9s/30m0s  1.00 iters/s

running (19m19.0s), 000/050 VUs, 1159 complete and 0 interrupted iterations
soak   [  64% ] 000/050 VUs  19m18.9s/30m0s  1.00 iters/s

running (19m20.0s), 000/050 VUs, 1160 complete and 0 interrupted iterations
soak   [  64% ] 000/050 VUs  19m19.9s/30m0s  1.00 iters/s

running (19m21.0s), 000/050 VUs, 1161 complete and 0 interrupted iterations
soak   [  64% ] 000/050 VUs  19m20.9s/30m0s  1.00 iters/s

running (19m22.0s), 000/050 VUs, 1162 complete and 0 interrupted iterations
soak   [  65% ] 000/050 VUs  19m21.9s/30m0s  1.00 iters/s

running (19m23.0s), 000/050 VUs, 1163 complete and 0 interrupted iterations
soak   [  65% ] 000/050 VUs  19m22.9s/30m0s  1.00 iters/s

running (19m24.0s), 000/050 VUs, 1164 complete and 0 interrupted iterations
soak   [  65% ] 000/050 VUs  19m23.9s/30m0s  1.00 iters/s

running (19m25.0s), 000/050 VUs, 1165 complete and 0 interrupted iterations
soak   [  65% ] 000/050 VUs  19m24.9s/30m0s  1.00 iters/s

running (19m26.0s), 000/050 VUs, 1166 complete and 0 interrupted iterations
soak   [  65% ] 000/050 VUs  19m25.9s/30m0s  1.00 iters/s

running (19m27.0s), 000/050 VUs, 1167 complete and 0 interrupted iterations
soak   [  65% ] 000/050 VUs  19m26.9s/30m0s  1.00 iters/s

running (19m28.0s), 000/050 VUs, 1168 complete and 0 interrupted iterations
soak   [  65% ] 000/050 VUs  19m27.9s/30m0s  1.00 iters/s

running (19m29.0s), 000/050 VUs, 1169 complete and 0 interrupted iterations
soak   [  65% ] 000/050 VUs  19m28.9s/30m0s  1.00 iters/s

running (19m30.0s), 000/050 VUs, 1170 complete and 0 interrupted iterations
soak   [  65% ] 000/050 VUs  19m29.9s/30m0s  1.00 iters/s

running (19m31.0s), 000/050 VUs, 1171 complete and 0 interrupted iterations
soak   [  65% ] 000/050 VUs  19m30.9s/30m0s  1.00 iters/s

running (19m32.0s), 000/050 VUs, 1172 complete and 0 interrupted iterations
soak   [  65% ] 000/050 VUs  19m31.9s/30m0s  1.00 iters/s

running (19m33.0s), 000/050 VUs, 1173 complete and 0 interrupted iterations
soak   [  65% ] 000/050 VUs  19m32.9s/30m0s  1.00 iters/s

running (19m34.0s), 000/050 VUs, 1174 complete and 0 interrupted iterations
soak   [  65% ] 000/050 VUs  19m33.9s/30m0s  1.00 iters/s

running (19m35.0s), 000/050 VUs, 1175 complete and 0 interrupted iterations
soak   [  65% ] 000/050 VUs  19m34.9s/30m0s  1.00 iters/s

running (19m36.0s), 000/050 VUs, 1176 complete and 0 interrupted iterations
soak   [  65% ] 000/050 VUs  19m35.9s/30m0s  1.00 iters/s

running (19m37.0s), 000/050 VUs, 1177 complete and 0 interrupted iterations
soak   [  65% ] 000/050 VUs  19m36.9s/30m0s  1.00 iters/s

running (19m38.0s), 000/050 VUs, 1178 complete and 0 interrupted iterations
soak   [  65% ] 000/050 VUs  19m37.9s/30m0s  1.00 iters/s

running (19m39.0s), 000/050 VUs, 1179 complete and 0 interrupted iterations
soak   [  65% ] 000/050 VUs  19m38.9s/30m0s  1.00 iters/s

running (19m40.0s), 000/050 VUs, 1180 complete and 0 interrupted iterations
soak   [  66% ] 000/050 VUs  19m39.9s/30m0s  1.00 iters/s

running (19m41.0s), 000/050 VUs, 1181 complete and 0 interrupted iterations
soak   [  66% ] 000/050 VUs  19m40.9s/30m0s  1.00 iters/s

running (19m42.0s), 000/050 VUs, 1182 complete and 0 interrupted iterations
soak   [  66% ] 000/050 VUs  19m41.9s/30m0s  1.00 iters/s

running (19m43.0s), 000/050 VUs, 1183 complete and 0 interrupted iterations
soak   [  66% ] 000/050 VUs  19m42.9s/30m0s  1.00 iters/s

running (19m44.0s), 000/050 VUs, 1184 complete and 0 interrupted iterations
soak   [  66% ] 000/050 VUs  19m43.9s/30m0s  1.00 iters/s

running (19m45.0s), 000/050 VUs, 1185 complete and 0 interrupted iterations
soak   [  66% ] 000/050 VUs  19m44.9s/30m0s  1.00 iters/s

running (19m46.0s), 000/050 VUs, 1186 complete and 0 interrupted iterations
soak   [  66% ] 000/050 VUs  19m45.9s/30m0s  1.00 iters/s

running (19m47.0s), 000/050 VUs, 1187 complete and 0 interrupted iterations
soak   [  66% ] 000/050 VUs  19m46.9s/30m0s  1.00 iters/s

running (19m48.0s), 000/050 VUs, 1188 complete and 0 interrupted iterations
soak   [  66% ] 000/050 VUs  19m47.9s/30m0s  1.00 iters/s

running (19m49.0s), 000/050 VUs, 1189 complete and 0 interrupted iterations
soak   [  66% ] 000/050 VUs  19m48.9s/30m0s  1.00 iters/s

running (19m50.0s), 000/050 VUs, 1190 complete and 0 interrupted iterations
soak   [  66% ] 000/050 VUs  19m49.9s/30m0s  1.00 iters/s

running (19m51.0s), 000/050 VUs, 1191 complete and 0 interrupted iterations
soak   [  66% ] 000/050 VUs  19m50.9s/30m0s  1.00 iters/s

running (19m52.0s), 000/050 VUs, 1192 complete and 0 interrupted iterations
soak   [  66% ] 000/050 VUs  19m51.9s/30m0s  1.00 iters/s

running (19m53.0s), 000/050 VUs, 1193 complete and 0 interrupted iterations
soak   [  66% ] 000/050 VUs  19m52.9s/30m0s  1.00 iters/s

running (19m54.0s), 000/050 VUs, 1194 complete and 0 interrupted iterations
soak   [  66% ] 000/050 VUs  19m53.9s/30m0s  1.00 iters/s

running (19m55.0s), 000/050 VUs, 1195 complete and 0 interrupted iterations
soak   [  66% ] 000/050 VUs  19m54.9s/30m0s  1.00 iters/s

running (19m56.0s), 000/050 VUs, 1196 complete and 0 interrupted iterations
soak   [  66% ] 000/050 VUs  19m55.9s/30m0s  1.00 iters/s

running (19m57.0s), 000/050 VUs, 1197 complete and 0 interrupted iterations
soak   [  66% ] 000/050 VUs  19m56.9s/30m0s  1.00 iters/s

running (19m58.0s), 000/050 VUs, 1198 complete and 0 interrupted iterations
soak   [  67% ] 000/050 VUs  19m57.9s/30m0s  1.00 iters/s

running (19m59.0s), 000/050 VUs, 1199 complete and 0 interrupted iterations
soak   [  67% ] 000/050 VUs  19m58.9s/30m0s  1.00 iters/s

running (20m00.0s), 000/050 VUs, 1200 complete and 0 interrupted iterations
soak   [  67% ] 000/050 VUs  19m59.9s/30m0s  1.00 iters/s

running (20m01.0s), 000/050 VUs, 1201 complete and 0 interrupted iterations
soak   [  67% ] 000/050 VUs  20m00.9s/30m0s  1.00 iters/s

running (20m02.0s), 000/050 VUs, 1202 complete and 0 interrupted iterations
soak   [  67% ] 000/050 VUs  20m01.9s/30m0s  1.00 iters/s

running (20m03.0s), 000/050 VUs, 1203 complete and 0 interrupted iterations
soak   [  67% ] 000/050 VUs  20m02.9s/30m0s  1.00 iters/s

running (20m04.0s), 000/050 VUs, 1204 complete and 0 interrupted iterations
soak   [  67% ] 000/050 VUs  20m03.9s/30m0s  1.00 iters/s

running (20m05.0s), 000/050 VUs, 1205 complete and 0 interrupted iterations
soak   [  67% ] 000/050 VUs  20m04.9s/30m0s  1.00 iters/s

running (20m06.0s), 000/050 VUs, 1206 complete and 0 interrupted iterations
soak   [  67% ] 000/050 VUs  20m05.9s/30m0s  1.00 iters/s

running (20m07.0s), 000/050 VUs, 1207 complete and 0 interrupted iterations
soak   [  67% ] 000/050 VUs  20m06.9s/30m0s  1.00 iters/s

running (20m08.0s), 000/050 VUs, 1208 complete and 0 interrupted iterations
soak   [  67% ] 000/050 VUs  20m07.9s/30m0s  1.00 iters/s

running (20m09.0s), 000/050 VUs, 1209 complete and 0 interrupted iterations
soak   [  67% ] 000/050 VUs  20m08.9s/30m0s  1.00 iters/s

running (20m10.0s), 000/050 VUs, 1210 complete and 0 interrupted iterations
soak   [  67% ] 000/050 VUs  20m09.9s/30m0s  1.00 iters/s

running (20m11.0s), 000/050 VUs, 1211 complete and 0 interrupted iterations
soak   [  67% ] 000/050 VUs  20m10.9s/30m0s  1.00 iters/s

running (20m12.0s), 000/050 VUs, 1212 complete and 0 interrupted iterations
soak   [  67% ] 000/050 VUs  20m11.9s/30m0s  1.00 iters/s

running (20m13.0s), 000/050 VUs, 1213 complete and 0 interrupted iterations
soak   [  67% ] 000/050 VUs  20m12.9s/30m0s  1.00 iters/s

running (20m14.0s), 000/050 VUs, 1214 complete and 0 interrupted iterations
soak   [  67% ] 000/050 VUs  20m13.9s/30m0s  1.00 iters/s

running (20m15.0s), 000/050 VUs, 1215 complete and 0 interrupted iterations
soak   [  67% ] 000/050 VUs  20m14.9s/30m0s  1.00 iters/s

running (20m16.0s), 000/050 VUs, 1216 complete and 0 interrupted iterations
soak   [  68% ] 000/050 VUs  20m15.9s/30m0s  1.00 iters/s

running (20m17.0s), 000/050 VUs, 1217 complete and 0 interrupted iterations
soak   [  68% ] 000/050 VUs  20m16.9s/30m0s  1.00 iters/s

running (20m18.0s), 000/050 VUs, 1218 complete and 0 interrupted iterations
soak   [  68% ] 000/050 VUs  20m17.9s/30m0s  1.00 iters/s

running (20m19.0s), 000/050 VUs, 1219 complete and 0 interrupted iterations
soak   [  68% ] 000/050 VUs  20m18.9s/30m0s  1.00 iters/s

running (20m20.0s), 000/050 VUs, 1220 complete and 0 interrupted iterations
soak   [  68% ] 000/050 VUs  20m19.9s/30m0s  1.00 iters/s

running (20m21.0s), 000/050 VUs, 1221 complete and 0 interrupted iterations
soak   [  68% ] 000/050 VUs  20m20.9s/30m0s  1.00 iters/s

running (20m22.0s), 000/050 VUs, 1222 complete and 0 interrupted iterations
soak   [  68% ] 000/050 VUs  20m21.9s/30m0s  1.00 iters/s

running (20m23.0s), 000/050 VUs, 1223 complete and 0 interrupted iterations
soak   [  68% ] 000/050 VUs  20m22.9s/30m0s  1.00 iters/s

running (20m24.0s), 000/050 VUs, 1224 complete and 0 interrupted iterations
soak   [  68% ] 000/050 VUs  20m23.9s/30m0s  1.00 iters/s

running (20m25.0s), 000/050 VUs, 1225 complete and 0 interrupted iterations
soak   [  68% ] 000/050 VUs  20m24.9s/30m0s  1.00 iters/s

running (20m26.0s), 000/050 VUs, 1226 complete and 0 interrupted iterations
soak   [  68% ] 000/050 VUs  20m25.9s/30m0s  1.00 iters/s

running (20m27.0s), 000/050 VUs, 1227 complete and 0 interrupted iterations
soak   [  68% ] 000/050 VUs  20m26.9s/30m0s  1.00 iters/s

running (20m28.0s), 000/050 VUs, 1228 complete and 0 interrupted iterations
soak   [  68% ] 000/050 VUs  20m27.9s/30m0s  1.00 iters/s

running (20m29.0s), 000/050 VUs, 1229 complete and 0 interrupted iterations
soak   [  68% ] 000/050 VUs  20m28.9s/30m0s  1.00 iters/s

running (20m30.0s), 000/050 VUs, 1230 complete and 0 interrupted iterations
soak   [  68% ] 000/050 VUs  20m29.9s/30m0s  1.00 iters/s

running (20m31.0s), 000/050 VUs, 1231 complete and 0 interrupted iterations
soak   [  68% ] 000/050 VUs  20m30.9s/30m0s  1.00 iters/s

running (20m32.0s), 000/050 VUs, 1232 complete and 0 interrupted iterations
soak   [  68% ] 000/050 VUs  20m31.9s/30m0s  1.00 iters/s

running (20m33.0s), 000/050 VUs, 1233 complete and 0 interrupted iterations
soak   [  68% ] 000/050 VUs  20m32.9s/30m0s  1.00 iters/s

running (20m34.0s), 000/050 VUs, 1234 complete and 0 interrupted iterations
soak   [  69% ] 000/050 VUs  20m33.9s/30m0s  1.00 iters/s

running (20m35.0s), 000/050 VUs, 1235 complete and 0 interrupted iterations
soak   [  69% ] 000/050 VUs  20m34.9s/30m0s  1.00 iters/s

running (20m36.0s), 000/050 VUs, 1236 complete and 0 interrupted iterations
soak   [  69% ] 000/050 VUs  20m35.9s/30m0s  1.00 iters/s

running (20m37.0s), 000/050 VUs, 1237 complete and 0 interrupted iterations
soak   [  69% ] 000/050 VUs  20m36.9s/30m0s  1.00 iters/s

running (20m38.0s), 000/050 VUs, 1238 complete and 0 interrupted iterations
soak   [  69% ] 000/050 VUs  20m37.9s/30m0s  1.00 iters/s

running (20m39.0s), 000/050 VUs, 1239 complete and 0 interrupted iterations
soak   [  69% ] 000/050 VUs  20m38.9s/30m0s  1.00 iters/s

running (20m40.0s), 000/050 VUs, 1240 complete and 0 interrupted iterations
soak   [  69% ] 000/050 VUs  20m39.9s/30m0s  1.00 iters/s

running (20m41.0s), 000/050 VUs, 1241 complete and 0 interrupted iterations
soak   [  69% ] 000/050 VUs  20m40.9s/30m0s  1.00 iters/s

running (20m42.0s), 000/050 VUs, 1242 complete and 0 interrupted iterations
soak   [  69% ] 000/050 VUs  20m41.9s/30m0s  1.00 iters/s

running (20m43.0s), 000/050 VUs, 1243 complete and 0 interrupted iterations
soak   [  69% ] 000/050 VUs  20m42.9s/30m0s  1.00 iters/s

running (20m44.0s), 000/050 VUs, 1244 complete and 0 interrupted iterations
soak   [  69% ] 000/050 VUs  20m43.9s/30m0s  1.00 iters/s

running (20m45.0s), 000/050 VUs, 1245 complete and 0 interrupted iterations
soak   [  69% ] 000/050 VUs  20m44.9s/30m0s  1.00 iters/s

running (20m46.0s), 000/050 VUs, 1246 complete and 0 interrupted iterations
soak   [  69% ] 000/050 VUs  20m45.9s/30m0s  1.00 iters/s

running (20m47.0s), 000/050 VUs, 1247 complete and 0 interrupted iterations
soak   [  69% ] 000/050 VUs  20m46.9s/30m0s  1.00 iters/s

running (20m48.0s), 000/050 VUs, 1248 complete and 0 interrupted iterations
soak   [  69% ] 000/050 VUs  20m47.9s/30m0s  1.00 iters/s

running (20m49.0s), 000/050 VUs, 1249 complete and 0 interrupted iterations
soak   [  69% ] 000/050 VUs  20m48.9s/30m0s  1.00 iters/s

running (20m50.0s), 000/050 VUs, 1250 complete and 0 interrupted iterations
soak   [  69% ] 000/050 VUs  20m49.9s/30m0s  1.00 iters/s

running (20m51.0s), 000/050 VUs, 1251 complete and 0 interrupted iterations
soak   [  69% ] 000/050 VUs  20m50.9s/30m0s  1.00 iters/s

running (20m52.0s), 000/050 VUs, 1252 complete and 0 interrupted iterations
soak   [  70% ] 000/050 VUs  20m51.9s/30m0s  1.00 iters/s

running (20m53.0s), 000/050 VUs, 1253 complete and 0 interrupted iterations
soak   [  70% ] 000/050 VUs  20m52.9s/30m0s  1.00 iters/s

running (20m54.0s), 000/050 VUs, 1254 complete and 0 interrupted iterations
soak   [  70% ] 000/050 VUs  20m53.9s/30m0s  1.00 iters/s

running (20m55.0s), 000/050 VUs, 1255 complete and 0 interrupted iterations
soak   [  70% ] 000/050 VUs  20m54.9s/30m0s  1.00 iters/s

running (20m56.0s), 000/050 VUs, 1256 complete and 0 interrupted iterations
soak   [  70% ] 000/050 VUs  20m55.9s/30m0s  1.00 iters/s

running (20m57.0s), 000/050 VUs, 1257 complete and 0 interrupted iterations
soak   [  70% ] 000/050 VUs  20m56.9s/30m0s  1.00 iters/s

running (20m58.0s), 000/050 VUs, 1258 complete and 0 interrupted iterations
soak   [  70% ] 000/050 VUs  20m57.9s/30m0s  1.00 iters/s

running (20m59.0s), 000/050 VUs, 1259 complete and 0 interrupted iterations
soak   [  70% ] 000/050 VUs  20m58.9s/30m0s  1.00 iters/s

running (21m00.0s), 000/050 VUs, 1260 complete and 0 interrupted iterations
soak   [  70% ] 000/050 VUs  20m59.9s/30m0s  1.00 iters/s

running (21m01.0s), 000/050 VUs, 1261 complete and 0 interrupted iterations
soak   [  70% ] 000/050 VUs  21m00.9s/30m0s  1.00 iters/s

running (21m02.0s), 000/050 VUs, 1262 complete and 0 interrupted iterations
soak   [  70% ] 000/050 VUs  21m01.9s/30m0s  1.00 iters/s

running (21m03.0s), 000/050 VUs, 1263 complete and 0 interrupted iterations
soak   [  70% ] 000/050 VUs  21m02.9s/30m0s  1.00 iters/s

running (21m04.0s), 000/050 VUs, 1264 complete and 0 interrupted iterations
soak   [  70% ] 000/050 VUs  21m03.9s/30m0s  1.00 iters/s

running (21m05.0s), 000/050 VUs, 1265 complete and 0 interrupted iterations
soak   [  70% ] 000/050 VUs  21m04.9s/30m0s  1.00 iters/s

running (21m06.0s), 000/050 VUs, 1266 complete and 0 interrupted iterations
soak   [  70% ] 000/050 VUs  21m05.9s/30m0s  1.00 iters/s

running (21m07.0s), 000/050 VUs, 1267 complete and 0 interrupted iterations
soak   [  70% ] 000/050 VUs  21m06.9s/30m0s  1.00 iters/s

running (21m08.0s), 000/050 VUs, 1268 complete and 0 interrupted iterations
soak   [  70% ] 000/050 VUs  21m07.9s/30m0s  1.00 iters/s

running (21m09.0s), 000/050 VUs, 1269 complete and 0 interrupted iterations
soak   [  70% ] 000/050 VUs  21m08.9s/30m0s  1.00 iters/s

running (21m10.0s), 000/050 VUs, 1270 complete and 0 interrupted iterations
soak   [  71% ] 000/050 VUs  21m09.9s/30m0s  1.00 iters/s

running (21m11.0s), 000/050 VUs, 1271 complete and 0 interrupted iterations
soak   [  71% ] 000/050 VUs  21m10.9s/30m0s  1.00 iters/s

running (21m12.0s), 000/050 VUs, 1272 complete and 0 interrupted iterations
soak   [  71% ] 000/050 VUs  21m11.9s/30m0s  1.00 iters/s

running (21m13.0s), 000/050 VUs, 1273 complete and 0 interrupted iterations
soak   [  71% ] 000/050 VUs  21m12.9s/30m0s  1.00 iters/s

running (21m14.0s), 000/050 VUs, 1274 complete and 0 interrupted iterations
soak   [  71% ] 000/050 VUs  21m13.9s/30m0s  1.00 iters/s

running (21m15.0s), 000/050 VUs, 1275 complete and 0 interrupted iterations
soak   [  71% ] 000/050 VUs  21m14.9s/30m0s  1.00 iters/s

running (21m16.0s), 000/050 VUs, 1276 complete and 0 interrupted iterations
soak   [  71% ] 000/050 VUs  21m15.9s/30m0s  1.00 iters/s

running (21m17.0s), 000/050 VUs, 1277 complete and 0 interrupted iterations
soak   [  71% ] 000/050 VUs  21m16.9s/30m0s  1.00 iters/s

running (21m18.0s), 000/050 VUs, 1278 complete and 0 interrupted iterations
soak   [  71% ] 000/050 VUs  21m17.9s/30m0s  1.00 iters/s

running (21m19.0s), 000/050 VUs, 1279 complete and 0 interrupted iterations
soak   [  71% ] 000/050 VUs  21m18.9s/30m0s  1.00 iters/s

running (21m20.0s), 000/050 VUs, 1280 complete and 0 interrupted iterations
soak   [  71% ] 000/050 VUs  21m19.9s/30m0s  1.00 iters/s

running (21m21.0s), 000/050 VUs, 1281 complete and 0 interrupted iterations
soak   [  71% ] 000/050 VUs  21m20.9s/30m0s  1.00 iters/s

running (21m22.0s), 000/050 VUs, 1282 complete and 0 interrupted iterations
soak   [  71% ] 000/050 VUs  21m21.9s/30m0s  1.00 iters/s

running (21m23.0s), 000/050 VUs, 1283 complete and 0 interrupted iterations
soak   [  71% ] 000/050 VUs  21m22.9s/30m0s  1.00 iters/s

running (21m24.0s), 000/050 VUs, 1284 complete and 0 interrupted iterations
soak   [  71% ] 000/050 VUs  21m23.9s/30m0s  1.00 iters/s

running (21m25.0s), 000/050 VUs, 1285 complete and 0 interrupted iterations
soak   [  71% ] 000/050 VUs  21m24.9s/30m0s  1.00 iters/s

running (21m26.0s), 000/050 VUs, 1286 complete and 0 interrupted iterations
soak   [  71% ] 000/050 VUs  21m25.9s/30m0s  1.00 iters/s

running (21m27.0s), 000/050 VUs, 1287 complete and 0 interrupted iterations
soak   [  71% ] 000/050 VUs  21m26.9s/30m0s  1.00 iters/s

running (21m28.0s), 000/050 VUs, 1288 complete and 0 interrupted iterations
soak   [  72% ] 000/050 VUs  21m27.9s/30m0s  1.00 iters/s

running (21m29.0s), 000/050 VUs, 1289 complete and 0 interrupted iterations
soak   [  72% ] 000/050 VUs  21m28.9s/30m0s  1.00 iters/s

running (21m30.0s), 000/050 VUs, 1290 complete and 0 interrupted iterations
soak   [  72% ] 000/050 VUs  21m29.9s/30m0s  1.00 iters/s

running (21m31.0s), 000/050 VUs, 1291 complete and 0 interrupted iterations
soak   [  72% ] 000/050 VUs  21m30.9s/30m0s  1.00 iters/s

running (21m32.0s), 000/050 VUs, 1292 complete and 0 interrupted iterations
soak   [  72% ] 000/050 VUs  21m31.9s/30m0s  1.00 iters/s

running (21m33.0s), 000/050 VUs, 1293 complete and 0 interrupted iterations
soak   [  72% ] 000/050 VUs  21m32.9s/30m0s  1.00 iters/s

running (21m34.0s), 000/050 VUs, 1294 complete and 0 interrupted iterations
soak   [  72% ] 000/050 VUs  21m33.9s/30m0s  1.00 iters/s

running (21m35.0s), 000/050 VUs, 1295 complete and 0 interrupted iterations
soak   [  72% ] 000/050 VUs  21m34.9s/30m0s  1.00 iters/s

running (21m36.0s), 000/050 VUs, 1296 complete and 0 interrupted iterations
soak   [  72% ] 000/050 VUs  21m35.9s/30m0s  1.00 iters/s

running (21m37.0s), 000/050 VUs, 1297 complete and 0 interrupted iterations
soak   [  72% ] 000/050 VUs  21m36.9s/30m0s  1.00 iters/s

running (21m38.0s), 000/050 VUs, 1298 complete and 0 interrupted iterations
soak   [  72% ] 000/050 VUs  21m37.9s/30m0s  1.00 iters/s

running (21m39.0s), 000/050 VUs, 1299 complete and 0 interrupted iterations
soak   [  72% ] 000/050 VUs  21m38.9s/30m0s  1.00 iters/s

running (21m40.0s), 000/050 VUs, 1300 complete and 0 interrupted iterations
soak   [  72% ] 000/050 VUs  21m39.9s/30m0s  1.00 iters/s

running (21m41.0s), 000/050 VUs, 1301 complete and 0 interrupted iterations
soak   [  72% ] 000/050 VUs  21m40.9s/30m0s  1.00 iters/s

running (21m42.0s), 000/050 VUs, 1302 complete and 0 interrupted iterations
soak   [  72% ] 000/050 VUs  21m41.9s/30m0s  1.00 iters/s

running (21m43.0s), 000/050 VUs, 1303 complete and 0 interrupted iterations
soak   [  72% ] 000/050 VUs  21m42.9s/30m0s  1.00 iters/s

running (21m44.0s), 000/050 VUs, 1304 complete and 0 interrupted iterations
soak   [  72% ] 000/050 VUs  21m43.9s/30m0s  1.00 iters/s

running (21m45.0s), 000/050 VUs, 1305 complete and 0 interrupted iterations
soak   [  72% ] 000/050 VUs  21m44.9s/30m0s  1.00 iters/s

running (21m46.0s), 000/050 VUs, 1306 complete and 0 interrupted iterations
soak   [  73% ] 000/050 VUs  21m45.9s/30m0s  1.00 iters/s

running (21m47.0s), 000/050 VUs, 1307 complete and 0 interrupted iterations
soak   [  73% ] 000/050 VUs  21m46.9s/30m0s  1.00 iters/s

running (21m48.0s), 000/050 VUs, 1308 complete and 0 interrupted iterations
soak   [  73% ] 000/050 VUs  21m47.9s/30m0s  1.00 iters/s

running (21m49.0s), 000/050 VUs, 1309 complete and 0 interrupted iterations
soak   [  73% ] 000/050 VUs  21m48.9s/30m0s  1.00 iters/s

running (21m50.0s), 000/050 VUs, 1310 complete and 0 interrupted iterations
soak   [  73% ] 000/050 VUs  21m49.9s/30m0s  1.00 iters/s

running (21m51.0s), 000/050 VUs, 1311 complete and 0 interrupted iterations
soak   [  73% ] 000/050 VUs  21m50.9s/30m0s  1.00 iters/s

running (21m52.0s), 000/050 VUs, 1312 complete and 0 interrupted iterations
soak   [  73% ] 000/050 VUs  21m51.9s/30m0s  1.00 iters/s

running (21m53.0s), 000/050 VUs, 1313 complete and 0 interrupted iterations
soak   [  73% ] 000/050 VUs  21m52.9s/30m0s  1.00 iters/s

running (21m54.0s), 000/050 VUs, 1314 complete and 0 interrupted iterations
soak   [  73% ] 000/050 VUs  21m53.9s/30m0s  1.00 iters/s

running (21m55.0s), 000/050 VUs, 1315 complete and 0 interrupted iterations
soak   [  73% ] 000/050 VUs  21m54.9s/30m0s  1.00 iters/s

running (21m56.0s), 000/050 VUs, 1316 complete and 0 interrupted iterations
soak   [  73% ] 000/050 VUs  21m55.9s/30m0s  1.00 iters/s

running (21m57.0s), 000/050 VUs, 1317 complete and 0 interrupted iterations
soak   [  73% ] 000/050 VUs  21m56.9s/30m0s  1.00 iters/s

running (21m58.0s), 000/050 VUs, 1318 complete and 0 interrupted iterations
soak   [  73% ] 000/050 VUs  21m57.9s/30m0s  1.00 iters/s

running (21m59.0s), 000/050 VUs, 1319 complete and 0 interrupted iterations
soak   [  73% ] 000/050 VUs  21m58.9s/30m0s  1.00 iters/s

running (22m00.0s), 000/050 VUs, 1320 complete and 0 interrupted iterations
soak   [  73% ] 000/050 VUs  21m59.9s/30m0s  1.00 iters/s

running (22m01.0s), 000/050 VUs, 1321 complete and 0 interrupted iterations
soak   [  73% ] 000/050 VUs  22m00.9s/30m0s  1.00 iters/s

running (22m02.0s), 000/050 VUs, 1322 complete and 0 interrupted iterations
soak   [  73% ] 000/050 VUs  22m01.9s/30m0s  1.00 iters/s

running (22m03.0s), 000/050 VUs, 1323 complete and 0 interrupted iterations
soak   [  73% ] 000/050 VUs  22m02.9s/30m0s  1.00 iters/s

running (22m04.0s), 000/050 VUs, 1324 complete and 0 interrupted iterations
soak   [  74% ] 000/050 VUs  22m03.9s/30m0s  1.00 iters/s

running (22m05.0s), 000/050 VUs, 1325 complete and 0 interrupted iterations
soak   [  74% ] 000/050 VUs  22m04.9s/30m0s  1.00 iters/s

running (22m06.0s), 000/050 VUs, 1326 complete and 0 interrupted iterations
soak   [  74% ] 000/050 VUs  22m05.9s/30m0s  1.00 iters/s

running (22m07.0s), 000/050 VUs, 1327 complete and 0 interrupted iterations
soak   [  74% ] 000/050 VUs  22m06.9s/30m0s  1.00 iters/s

running (22m08.0s), 000/050 VUs, 1328 complete and 0 interrupted iterations
soak   [  74% ] 000/050 VUs  22m07.9s/30m0s  1.00 iters/s

running (22m09.0s), 000/050 VUs, 1329 complete and 0 interrupted iterations
soak   [  74% ] 000/050 VUs  22m08.9s/30m0s  1.00 iters/s

running (22m10.0s), 000/050 VUs, 1330 complete and 0 interrupted iterations
soak   [  74% ] 000/050 VUs  22m09.9s/30m0s  1.00 iters/s

running (22m11.0s), 000/050 VUs, 1331 complete and 0 interrupted iterations
soak   [  74% ] 000/050 VUs  22m10.9s/30m0s  1.00 iters/s

running (22m12.0s), 000/050 VUs, 1332 complete and 0 interrupted iterations
soak   [  74% ] 000/050 VUs  22m11.9s/30m0s  1.00 iters/s

running (22m13.0s), 000/050 VUs, 1333 complete and 0 interrupted iterations
soak   [  74% ] 000/050 VUs  22m12.9s/30m0s  1.00 iters/s

running (22m14.0s), 000/050 VUs, 1334 complete and 0 interrupted iterations
soak   [  74% ] 000/050 VUs  22m13.9s/30m0s  1.00 iters/s

running (22m15.0s), 000/050 VUs, 1335 complete and 0 interrupted iterations
soak   [  74% ] 000/050 VUs  22m14.9s/30m0s  1.00 iters/s

running (22m16.0s), 000/050 VUs, 1336 complete and 0 interrupted iterations
soak   [  74% ] 000/050 VUs  22m15.9s/30m0s  1.00 iters/s

running (22m17.0s), 000/050 VUs, 1337 complete and 0 interrupted iterations
soak   [  74% ] 000/050 VUs  22m16.9s/30m0s  1.00 iters/s

running (22m18.0s), 000/050 VUs, 1338 complete and 0 interrupted iterations
soak   [  74% ] 000/050 VUs  22m17.9s/30m0s  1.00 iters/s

running (22m19.0s), 000/050 VUs, 1339 complete and 0 interrupted iterations
soak   [  74% ] 000/050 VUs  22m18.9s/30m0s  1.00 iters/s

running (22m20.0s), 000/050 VUs, 1340 complete and 0 interrupted iterations
soak   [  74% ] 000/050 VUs  22m19.9s/30m0s  1.00 iters/s

running (22m21.0s), 000/050 VUs, 1341 complete and 0 interrupted iterations
soak   [  74% ] 000/050 VUs  22m20.9s/30m0s  1.00 iters/s

running (22m22.0s), 000/050 VUs, 1342 complete and 0 interrupted iterations
soak   [  75% ] 000/050 VUs  22m21.9s/30m0s  1.00 iters/s

running (22m23.0s), 000/050 VUs, 1343 complete and 0 interrupted iterations
soak   [  75% ] 000/050 VUs  22m22.9s/30m0s  1.00 iters/s

running (22m24.0s), 000/050 VUs, 1344 complete and 0 interrupted iterations
soak   [  75% ] 000/050 VUs  22m23.9s/30m0s  1.00 iters/s

running (22m25.0s), 000/050 VUs, 1345 complete and 0 interrupted iterations
soak   [  75% ] 000/050 VUs  22m24.9s/30m0s  1.00 iters/s

running (22m26.0s), 000/050 VUs, 1346 complete and 0 interrupted iterations
soak   [  75% ] 000/050 VUs  22m25.9s/30m0s  1.00 iters/s

running (22m27.0s), 000/050 VUs, 1347 complete and 0 interrupted iterations
soak   [  75% ] 000/050 VUs  22m26.9s/30m0s  1.00 iters/s

running (22m28.0s), 000/050 VUs, 1348 complete and 0 interrupted iterations
soak   [  75% ] 000/050 VUs  22m27.9s/30m0s  1.00 iters/s

running (22m29.0s), 000/050 VUs, 1349 complete and 0 interrupted iterations
soak   [  75% ] 000/050 VUs  22m28.9s/30m0s  1.00 iters/s

running (22m30.0s), 000/050 VUs, 1350 complete and 0 interrupted iterations
soak   [  75% ] 000/050 VUs  22m29.9s/30m0s  1.00 iters/s

running (22m31.0s), 000/050 VUs, 1351 complete and 0 interrupted iterations
soak   [  75% ] 000/050 VUs  22m30.9s/30m0s  1.00 iters/s

running (22m32.0s), 000/050 VUs, 1352 complete and 0 interrupted iterations
soak   [  75% ] 000/050 VUs  22m31.9s/30m0s  1.00 iters/s

running (22m33.0s), 000/050 VUs, 1353 complete and 0 interrupted iterations
soak   [  75% ] 000/050 VUs  22m32.9s/30m0s  1.00 iters/s

running (22m34.0s), 000/050 VUs, 1354 complete and 0 interrupted iterations
soak   [  75% ] 000/050 VUs  22m33.9s/30m0s  1.00 iters/s

running (22m35.0s), 000/050 VUs, 1355 complete and 0 interrupted iterations
soak   [  75% ] 000/050 VUs  22m34.9s/30m0s  1.00 iters/s

running (22m36.0s), 000/050 VUs, 1356 complete and 0 interrupted iterations
soak   [  75% ] 000/050 VUs  22m35.9s/30m0s  1.00 iters/s

running (22m37.0s), 000/050 VUs, 1357 complete and 0 interrupted iterations
soak   [  75% ] 000/050 VUs  22m36.9s/30m0s  1.00 iters/s

running (22m38.0s), 000/050 VUs, 1358 complete and 0 interrupted iterations
soak   [  75% ] 000/050 VUs  22m37.9s/30m0s  1.00 iters/s

running (22m39.0s), 000/050 VUs, 1359 complete and 0 interrupted iterations
soak   [  75% ] 000/050 VUs  22m38.9s/30m0s  1.00 iters/s

running (22m40.0s), 000/050 VUs, 1360 complete and 0 interrupted iterations
soak   [  76% ] 000/050 VUs  22m39.9s/30m0s  1.00 iters/s

running (22m41.0s), 000/050 VUs, 1361 complete and 0 interrupted iterations
soak   [  76% ] 000/050 VUs  22m40.9s/30m0s  1.00 iters/s

running (22m42.0s), 000/050 VUs, 1362 complete and 0 interrupted iterations
soak   [  76% ] 000/050 VUs  22m41.9s/30m0s  1.00 iters/s

running (22m43.0s), 000/050 VUs, 1363 complete and 0 interrupted iterations
soak   [  76% ] 000/050 VUs  22m42.9s/30m0s  1.00 iters/s

running (22m44.0s), 000/050 VUs, 1364 complete and 0 interrupted iterations
soak   [  76% ] 000/050 VUs  22m43.9s/30m0s  1.00 iters/s

running (22m45.0s), 000/050 VUs, 1365 complete and 0 interrupted iterations
soak   [  76% ] 000/050 VUs  22m44.9s/30m0s  1.00 iters/s

running (22m46.0s), 000/050 VUs, 1366 complete and 0 interrupted iterations
soak   [  76% ] 000/050 VUs  22m45.9s/30m0s  1.00 iters/s

running (22m47.0s), 000/050 VUs, 1367 complete and 0 interrupted iterations
soak   [  76% ] 000/050 VUs  22m46.9s/30m0s  1.00 iters/s

running (22m48.0s), 000/050 VUs, 1368 complete and 0 interrupted iterations
soak   [  76% ] 000/050 VUs  22m47.9s/30m0s  1.00 iters/s

running (22m49.0s), 000/050 VUs, 1369 complete and 0 interrupted iterations
soak   [  76% ] 000/050 VUs  22m48.9s/30m0s  1.00 iters/s

running (22m50.0s), 000/050 VUs, 1370 complete and 0 interrupted iterations
soak   [  76% ] 000/050 VUs  22m49.9s/30m0s  1.00 iters/s

running (22m51.0s), 000/050 VUs, 1371 complete and 0 interrupted iterations
soak   [  76% ] 000/050 VUs  22m50.9s/30m0s  1.00 iters/s

running (22m52.0s), 000/050 VUs, 1372 complete and 0 interrupted iterations
soak   [  76% ] 000/050 VUs  22m51.9s/30m0s  1.00 iters/s

running (22m53.0s), 000/050 VUs, 1373 complete and 0 interrupted iterations
soak   [  76% ] 000/050 VUs  22m52.9s/30m0s  1.00 iters/s

running (22m54.0s), 000/050 VUs, 1374 complete and 0 interrupted iterations
soak   [  76% ] 000/050 VUs  22m53.9s/30m0s  1.00 iters/s

running (22m55.0s), 000/050 VUs, 1375 complete and 0 interrupted iterations
soak   [  76% ] 000/050 VUs  22m54.9s/30m0s  1.00 iters/s

running (22m56.0s), 000/050 VUs, 1376 complete and 0 interrupted iterations
soak   [  76% ] 000/050 VUs  22m55.9s/30m0s  1.00 iters/s

running (22m57.0s), 000/050 VUs, 1377 complete and 0 interrupted iterations
soak   [  76% ] 000/050 VUs  22m56.9s/30m0s  1.00 iters/s

running (22m58.0s), 000/050 VUs, 1378 complete and 0 interrupted iterations
soak   [  77% ] 000/050 VUs  22m57.9s/30m0s  1.00 iters/s

running (22m59.0s), 000/050 VUs, 1379 complete and 0 interrupted iterations
soak   [  77% ] 000/050 VUs  22m58.9s/30m0s  1.00 iters/s

running (23m00.0s), 000/050 VUs, 1380 complete and 0 interrupted iterations
soak   [  77% ] 000/050 VUs  22m59.9s/30m0s  1.00 iters/s

running (23m01.0s), 000/050 VUs, 1381 complete and 0 interrupted iterations
soak   [  77% ] 000/050 VUs  23m00.9s/30m0s  1.00 iters/s

running (23m02.0s), 000/050 VUs, 1382 complete and 0 interrupted iterations
soak   [  77% ] 000/050 VUs  23m01.9s/30m0s  1.00 iters/s

running (23m03.0s), 000/050 VUs, 1383 complete and 0 interrupted iterations
soak   [  77% ] 000/050 VUs  23m02.9s/30m0s  1.00 iters/s

running (23m04.0s), 000/050 VUs, 1384 complete and 0 interrupted iterations
soak   [  77% ] 000/050 VUs  23m03.9s/30m0s  1.00 iters/s

running (23m05.0s), 000/050 VUs, 1385 complete and 0 interrupted iterations
soak   [  77% ] 000/050 VUs  23m04.9s/30m0s  1.00 iters/s

running (23m06.0s), 000/050 VUs, 1386 complete and 0 interrupted iterations
soak   [  77% ] 000/050 VUs  23m05.9s/30m0s  1.00 iters/s

running (23m07.0s), 000/050 VUs, 1387 complete and 0 interrupted iterations
soak   [  77% ] 000/050 VUs  23m06.9s/30m0s  1.00 iters/s

running (23m08.0s), 000/050 VUs, 1388 complete and 0 interrupted iterations
soak   [  77% ] 000/050 VUs  23m07.9s/30m0s  1.00 iters/s

running (23m09.0s), 000/050 VUs, 1389 complete and 0 interrupted iterations
soak   [  77% ] 000/050 VUs  23m08.9s/30m0s  1.00 iters/s

running (23m10.0s), 000/050 VUs, 1390 complete and 0 interrupted iterations
soak   [  77% ] 000/050 VUs  23m09.9s/30m0s  1.00 iters/s

running (23m11.0s), 000/050 VUs, 1391 complete and 0 interrupted iterations
soak   [  77% ] 000/050 VUs  23m10.9s/30m0s  1.00 iters/s

running (23m12.0s), 000/050 VUs, 1392 complete and 0 interrupted iterations
soak   [  77% ] 000/050 VUs  23m11.9s/30m0s  1.00 iters/s

running (23m13.0s), 000/050 VUs, 1393 complete and 0 interrupted iterations
soak   [  77% ] 000/050 VUs  23m12.9s/30m0s  1.00 iters/s

running (23m14.0s), 000/050 VUs, 1394 complete and 0 interrupted iterations
soak   [  77% ] 000/050 VUs  23m13.9s/30m0s  1.00 iters/s

running (23m15.0s), 000/050 VUs, 1395 complete and 0 interrupted iterations
soak   [  77% ] 000/050 VUs  23m14.9s/30m0s  1.00 iters/s

running (23m16.0s), 000/050 VUs, 1396 complete and 0 interrupted iterations
soak   [  78% ] 000/050 VUs  23m15.9s/30m0s  1.00 iters/s

running (23m17.0s), 000/050 VUs, 1397 complete and 0 interrupted iterations
soak   [  78% ] 000/050 VUs  23m16.9s/30m0s  1.00 iters/s

running (23m18.0s), 000/050 VUs, 1398 complete and 0 interrupted iterations
soak   [  78% ] 000/050 VUs  23m17.9s/30m0s  1.00 iters/s

running (23m19.0s), 000/050 VUs, 1399 complete and 0 interrupted iterations
soak   [  78% ] 000/050 VUs  23m18.9s/30m0s  1.00 iters/s

running (23m20.0s), 000/050 VUs, 1400 complete and 0 interrupted iterations
soak   [  78% ] 000/050 VUs  23m19.9s/30m0s  1.00 iters/s

running (23m21.0s), 000/050 VUs, 1401 complete and 0 interrupted iterations
soak   [  78% ] 000/050 VUs  23m20.9s/30m0s  1.00 iters/s

running (23m22.0s), 000/050 VUs, 1402 complete and 0 interrupted iterations
soak   [  78% ] 000/050 VUs  23m21.9s/30m0s  1.00 iters/s

running (23m23.0s), 000/050 VUs, 1403 complete and 0 interrupted iterations
soak   [  78% ] 000/050 VUs  23m22.9s/30m0s  1.00 iters/s

running (23m24.0s), 000/050 VUs, 1404 complete and 0 interrupted iterations
soak   [  78% ] 000/050 VUs  23m23.9s/30m0s  1.00 iters/s

running (23m25.0s), 000/050 VUs, 1405 complete and 0 interrupted iterations
soak   [  78% ] 000/050 VUs  23m24.9s/30m0s  1.00 iters/s

running (23m26.0s), 000/050 VUs, 1406 complete and 0 interrupted iterations
soak   [  78% ] 000/050 VUs  23m25.9s/30m0s  1.00 iters/s

running (23m27.0s), 000/050 VUs, 1407 complete and 0 interrupted iterations
soak   [  78% ] 000/050 VUs  23m26.9s/30m0s  1.00 iters/s

running (23m28.0s), 000/050 VUs, 1408 complete and 0 interrupted iterations
soak   [  78% ] 000/050 VUs  23m27.9s/30m0s  1.00 iters/s

running (23m29.0s), 000/050 VUs, 1409 complete and 0 interrupted iterations
soak   [  78% ] 000/050 VUs  23m28.9s/30m0s  1.00 iters/s

running (23m30.0s), 000/050 VUs, 1410 complete and 0 interrupted iterations
soak   [  78% ] 000/050 VUs  23m29.9s/30m0s  1.00 iters/s

running (23m31.0s), 000/050 VUs, 1411 complete and 0 interrupted iterations
soak   [  78% ] 000/050 VUs  23m30.9s/30m0s  1.00 iters/s

running (23m32.0s), 000/050 VUs, 1412 complete and 0 interrupted iterations
soak   [  78% ] 000/050 VUs  23m31.9s/30m0s  1.00 iters/s

running (23m33.0s), 000/050 VUs, 1413 complete and 0 interrupted iterations
soak   [  78% ] 000/050 VUs  23m32.9s/30m0s  1.00 iters/s

running (23m34.0s), 000/050 VUs, 1414 complete and 0 interrupted iterations
soak   [  79% ] 000/050 VUs  23m33.9s/30m0s  1.00 iters/s

running (23m35.0s), 000/050 VUs, 1415 complete and 0 interrupted iterations
soak   [  79% ] 000/050 VUs  23m34.9s/30m0s  1.00 iters/s

running (23m36.0s), 000/050 VUs, 1416 complete and 0 interrupted iterations
soak   [  79% ] 000/050 VUs  23m35.9s/30m0s  1.00 iters/s

running (23m37.0s), 000/050 VUs, 1417 complete and 0 interrupted iterations
soak   [  79% ] 000/050 VUs  23m36.9s/30m0s  1.00 iters/s

running (23m38.0s), 000/050 VUs, 1418 complete and 0 interrupted iterations
soak   [  79% ] 000/050 VUs  23m37.9s/30m0s  1.00 iters/s

running (23m39.0s), 000/050 VUs, 1419 complete and 0 interrupted iterations
soak   [  79% ] 000/050 VUs  23m38.9s/30m0s  1.00 iters/s

running (23m40.0s), 000/050 VUs, 1420 complete and 0 interrupted iterations
soak   [  79% ] 000/050 VUs  23m39.9s/30m0s  1.00 iters/s

running (23m41.0s), 000/050 VUs, 1421 complete and 0 interrupted iterations
soak   [  79% ] 000/050 VUs  23m40.9s/30m0s  1.00 iters/s

running (23m42.0s), 000/050 VUs, 1422 complete and 0 interrupted iterations
soak   [  79% ] 000/050 VUs  23m41.9s/30m0s  1.00 iters/s

running (23m43.0s), 000/050 VUs, 1423 complete and 0 interrupted iterations
soak   [  79% ] 000/050 VUs  23m42.9s/30m0s  1.00 iters/s

running (23m44.0s), 000/050 VUs, 1424 complete and 0 interrupted iterations
soak   [  79% ] 000/050 VUs  23m43.9s/30m0s  1.00 iters/s

running (23m45.0s), 000/050 VUs, 1425 complete and 0 interrupted iterations
soak   [  79% ] 000/050 VUs  23m44.9s/30m0s  1.00 iters/s

running (23m46.0s), 000/050 VUs, 1426 complete and 0 interrupted iterations
soak   [  79% ] 000/050 VUs  23m45.9s/30m0s  1.00 iters/s

running (23m47.0s), 000/050 VUs, 1427 complete and 0 interrupted iterations
soak   [  79% ] 000/050 VUs  23m46.9s/30m0s  1.00 iters/s

running (23m48.0s), 000/050 VUs, 1428 complete and 0 interrupted iterations
soak   [  79% ] 000/050 VUs  23m47.9s/30m0s  1.00 iters/s

running (23m49.0s), 000/050 VUs, 1429 complete and 0 interrupted iterations
soak   [  79% ] 000/050 VUs  23m48.9s/30m0s  1.00 iters/s

running (23m50.0s), 000/050 VUs, 1430 complete and 0 interrupted iterations
soak   [  79% ] 000/050 VUs  23m49.9s/30m0s  1.00 iters/s

running (23m51.0s), 000/050 VUs, 1431 complete and 0 interrupted iterations
soak   [  79% ] 000/050 VUs  23m50.9s/30m0s  1.00 iters/s

running (23m52.0s), 000/050 VUs, 1432 complete and 0 interrupted iterations
soak   [  80% ] 000/050 VUs  23m51.9s/30m0s  1.00 iters/s

running (23m53.0s), 000/050 VUs, 1433 complete and 0 interrupted iterations
soak   [  80% ] 000/050 VUs  23m52.9s/30m0s  1.00 iters/s

running (23m54.0s), 000/050 VUs, 1434 complete and 0 interrupted iterations
soak   [  80% ] 000/050 VUs  23m53.9s/30m0s  1.00 iters/s

running (23m55.0s), 000/050 VUs, 1435 complete and 0 interrupted iterations
soak   [  80% ] 000/050 VUs  23m54.9s/30m0s  1.00 iters/s

running (23m56.0s), 000/050 VUs, 1436 complete and 0 interrupted iterations
soak   [  80% ] 000/050 VUs  23m55.9s/30m0s  1.00 iters/s

running (23m57.0s), 000/050 VUs, 1437 complete and 0 interrupted iterations
soak   [  80% ] 000/050 VUs  23m56.9s/30m0s  1.00 iters/s

running (23m58.0s), 000/050 VUs, 1438 complete and 0 interrupted iterations
soak   [  80% ] 000/050 VUs  23m57.9s/30m0s  1.00 iters/s

running (23m59.0s), 000/050 VUs, 1439 complete and 0 interrupted iterations
soak   [  80% ] 000/050 VUs  23m58.9s/30m0s  1.00 iters/s

running (24m00.0s), 000/050 VUs, 1440 complete and 0 interrupted iterations
soak   [  80% ] 000/050 VUs  23m59.9s/30m0s  1.00 iters/s

running (24m01.0s), 000/050 VUs, 1441 complete and 0 interrupted iterations
soak   [  80% ] 000/050 VUs  24m00.9s/30m0s  1.00 iters/s

running (24m02.0s), 000/050 VUs, 1442 complete and 0 interrupted iterations
soak   [  80% ] 000/050 VUs  24m01.9s/30m0s  1.00 iters/s

running (24m03.0s), 000/050 VUs, 1443 complete and 0 interrupted iterations
soak   [  80% ] 000/050 VUs  24m02.9s/30m0s  1.00 iters/s

running (24m04.0s), 000/050 VUs, 1444 complete and 0 interrupted iterations
soak   [  80% ] 000/050 VUs  24m03.9s/30m0s  1.00 iters/s

running (24m05.0s), 000/050 VUs, 1445 complete and 0 interrupted iterations
soak   [  80% ] 000/050 VUs  24m04.9s/30m0s  1.00 iters/s

running (24m06.0s), 000/050 VUs, 1446 complete and 0 interrupted iterations
soak   [  80% ] 000/050 VUs  24m05.9s/30m0s  1.00 iters/s

running (24m07.0s), 000/050 VUs, 1447 complete and 0 interrupted iterations
soak   [  80% ] 000/050 VUs  24m06.9s/30m0s  1.00 iters/s

running (24m08.0s), 000/050 VUs, 1448 complete and 0 interrupted iterations
soak   [  80% ] 000/050 VUs  24m07.9s/30m0s  1.00 iters/s

running (24m09.0s), 000/050 VUs, 1449 complete and 0 interrupted iterations
soak   [  80% ] 000/050 VUs  24m08.9s/30m0s  1.00 iters/s

running (24m10.0s), 000/050 VUs, 1450 complete and 0 interrupted iterations
soak   [  81% ] 000/050 VUs  24m09.9s/30m0s  1.00 iters/s

running (24m11.0s), 000/050 VUs, 1451 complete and 0 interrupted iterations
soak   [  81% ] 000/050 VUs  24m10.9s/30m0s  1.00 iters/s

running (24m12.0s), 000/050 VUs, 1452 complete and 0 interrupted iterations
soak   [  81% ] 000/050 VUs  24m11.9s/30m0s  1.00 iters/s

running (24m13.0s), 000/050 VUs, 1453 complete and 0 interrupted iterations
soak   [  81% ] 000/050 VUs  24m12.9s/30m0s  1.00 iters/s

running (24m14.0s), 000/050 VUs, 1454 complete and 0 interrupted iterations
soak   [  81% ] 000/050 VUs  24m13.9s/30m0s  1.00 iters/s

running (24m15.0s), 000/050 VUs, 1455 complete and 0 interrupted iterations
soak   [  81% ] 000/050 VUs  24m14.9s/30m0s  1.00 iters/s

running (24m16.0s), 000/050 VUs, 1456 complete and 0 interrupted iterations
soak   [  81% ] 000/050 VUs  24m15.9s/30m0s  1.00 iters/s

running (24m17.0s), 000/050 VUs, 1457 complete and 0 interrupted iterations
soak   [  81% ] 000/050 VUs  24m16.9s/30m0s  1.00 iters/s

running (24m18.0s), 000/050 VUs, 1458 complete and 0 interrupted iterations
soak   [  81% ] 000/050 VUs  24m17.9s/30m0s  1.00 iters/s

running (24m19.0s), 000/050 VUs, 1459 complete and 0 interrupted iterations
soak   [  81% ] 000/050 VUs  24m18.9s/30m0s  1.00 iters/s

running (24m20.0s), 000/050 VUs, 1460 complete and 0 interrupted iterations
soak   [  81% ] 000/050 VUs  24m19.9s/30m0s  1.00 iters/s

running (24m21.0s), 000/050 VUs, 1461 complete and 0 interrupted iterations
soak   [  81% ] 000/050 VUs  24m20.9s/30m0s  1.00 iters/s

running (24m22.0s), 000/050 VUs, 1462 complete and 0 interrupted iterations
soak   [  81% ] 000/050 VUs  24m21.9s/30m0s  1.00 iters/s

running (24m23.0s), 000/050 VUs, 1463 complete and 0 interrupted iterations
soak   [  81% ] 000/050 VUs  24m22.9s/30m0s  1.00 iters/s

running (24m24.0s), 000/050 VUs, 1464 complete and 0 interrupted iterations
soak   [  81% ] 000/050 VUs  24m23.9s/30m0s  1.00 iters/s

running (24m25.0s), 000/050 VUs, 1465 complete and 0 interrupted iterations
soak   [  81% ] 000/050 VUs  24m24.9s/30m0s  1.00 iters/s

running (24m26.0s), 000/050 VUs, 1466 complete and 0 interrupted iterations
soak   [  81% ] 000/050 VUs  24m25.9s/30m0s  1.00 iters/s

running (24m27.0s), 000/050 VUs, 1467 complete and 0 interrupted iterations
soak   [  81% ] 000/050 VUs  24m26.9s/30m0s  1.00 iters/s

running (24m28.0s), 000/050 VUs, 1468 complete and 0 interrupted iterations
soak   [  82% ] 000/050 VUs  24m27.9s/30m0s  1.00 iters/s

running (24m29.0s), 000/050 VUs, 1469 complete and 0 interrupted iterations
soak   [  82% ] 000/050 VUs  24m28.9s/30m0s  1.00 iters/s

running (24m30.0s), 000/050 VUs, 1470 complete and 0 interrupted iterations
soak   [  82% ] 000/050 VUs  24m29.9s/30m0s  1.00 iters/s

running (24m31.0s), 000/050 VUs, 1471 complete and 0 interrupted iterations
soak   [  82% ] 000/050 VUs  24m30.9s/30m0s  1.00 iters/s

running (24m32.0s), 000/050 VUs, 1472 complete and 0 interrupted iterations
soak   [  82% ] 000/050 VUs  24m31.9s/30m0s  1.00 iters/s

running (24m33.0s), 000/050 VUs, 1473 complete and 0 interrupted iterations
soak   [  82% ] 000/050 VUs  24m32.9s/30m0s  1.00 iters/s

running (24m34.0s), 000/050 VUs, 1474 complete and 0 interrupted iterations
soak   [  82% ] 000/050 VUs  24m33.9s/30m0s  1.00 iters/s

running (24m35.0s), 000/050 VUs, 1475 complete and 0 interrupted iterations
soak   [  82% ] 000/050 VUs  24m34.9s/30m0s  1.00 iters/s

running (24m36.0s), 000/050 VUs, 1476 complete and 0 interrupted iterations
soak   [  82% ] 000/050 VUs  24m35.9s/30m0s  1.00 iters/s

running (24m37.0s), 000/050 VUs, 1477 complete and 0 interrupted iterations
soak   [  82% ] 000/050 VUs  24m36.9s/30m0s  1.00 iters/s

running (24m38.0s), 000/050 VUs, 1478 complete and 0 interrupted iterations
soak   [  82% ] 000/050 VUs  24m37.9s/30m0s  1.00 iters/s

running (24m39.0s), 000/050 VUs, 1479 complete and 0 interrupted iterations
soak   [  82% ] 000/050 VUs  24m38.9s/30m0s  1.00 iters/s

running (24m40.0s), 000/050 VUs, 1480 complete and 0 interrupted iterations
soak   [  82% ] 000/050 VUs  24m39.9s/30m0s  1.00 iters/s

running (24m41.0s), 000/050 VUs, 1481 complete and 0 interrupted iterations
soak   [  82% ] 000/050 VUs  24m40.9s/30m0s  1.00 iters/s

running (24m42.0s), 000/050 VUs, 1482 complete and 0 interrupted iterations
soak   [  82% ] 000/050 VUs  24m41.9s/30m0s  1.00 iters/s

running (24m43.0s), 000/050 VUs, 1483 complete and 0 interrupted iterations
soak   [  82% ] 000/050 VUs  24m42.9s/30m0s  1.00 iters/s

running (24m44.0s), 000/050 VUs, 1484 complete and 0 interrupted iterations
soak   [  82% ] 000/050 VUs  24m43.9s/30m0s  1.00 iters/s

running (24m45.0s), 000/050 VUs, 1485 complete and 0 interrupted iterations
soak   [  82% ] 000/050 VUs  24m44.9s/30m0s  1.00 iters/s

running (24m46.0s), 000/050 VUs, 1486 complete and 0 interrupted iterations
soak   [  83% ] 000/050 VUs  24m45.9s/30m0s  1.00 iters/s

running (24m47.0s), 000/050 VUs, 1487 complete and 0 interrupted iterations
soak   [  83% ] 000/050 VUs  24m46.9s/30m0s  1.00 iters/s

running (24m48.0s), 000/050 VUs, 1488 complete and 0 interrupted iterations
soak   [  83% ] 000/050 VUs  24m47.9s/30m0s  1.00 iters/s

running (24m49.0s), 000/050 VUs, 1489 complete and 0 interrupted iterations
soak   [  83% ] 000/050 VUs  24m48.9s/30m0s  1.00 iters/s

running (24m50.0s), 000/050 VUs, 1490 complete and 0 interrupted iterations
soak   [  83% ] 000/050 VUs  24m49.9s/30m0s  1.00 iters/s

running (24m51.0s), 000/050 VUs, 1491 complete and 0 interrupted iterations
soak   [  83% ] 000/050 VUs  24m50.9s/30m0s  1.00 iters/s

running (24m52.0s), 000/050 VUs, 1492 complete and 0 interrupted iterations
soak   [  83% ] 000/050 VUs  24m51.9s/30m0s  1.00 iters/s

running (24m53.0s), 000/050 VUs, 1493 complete and 0 interrupted iterations
soak   [  83% ] 000/050 VUs  24m52.9s/30m0s  1.00 iters/s

running (24m54.0s), 000/050 VUs, 1494 complete and 0 interrupted iterations
soak   [  83% ] 000/050 VUs  24m53.9s/30m0s  1.00 iters/s

running (24m55.0s), 000/050 VUs, 1495 complete and 0 interrupted iterations
soak   [  83% ] 000/050 VUs  24m54.9s/30m0s  1.00 iters/s

running (24m56.0s), 000/050 VUs, 1496 complete and 0 interrupted iterations
soak   [  83% ] 000/050 VUs  24m55.9s/30m0s  1.00 iters/s

running (24m57.0s), 000/050 VUs, 1497 complete and 0 interrupted iterations
soak   [  83% ] 000/050 VUs  24m56.9s/30m0s  1.00 iters/s

running (24m58.0s), 000/050 VUs, 1498 complete and 0 interrupted iterations
soak   [  83% ] 000/050 VUs  24m57.9s/30m0s  1.00 iters/s

running (24m59.0s), 000/050 VUs, 1499 complete and 0 interrupted iterations
soak   [  83% ] 000/050 VUs  24m58.9s/30m0s  1.00 iters/s

running (25m00.0s), 000/050 VUs, 1500 complete and 0 interrupted iterations
soak   [  83% ] 000/050 VUs  24m59.9s/30m0s  1.00 iters/s

running (25m01.0s), 000/050 VUs, 1501 complete and 0 interrupted iterations
soak   [  83% ] 000/050 VUs  25m00.9s/30m0s  1.00 iters/s

running (25m02.0s), 000/050 VUs, 1502 complete and 0 interrupted iterations
soak   [  83% ] 000/050 VUs  25m01.9s/30m0s  1.00 iters/s

running (25m03.0s), 000/050 VUs, 1503 complete and 0 interrupted iterations
soak   [  83% ] 000/050 VUs  25m02.9s/30m0s  1.00 iters/s

running (25m04.0s), 000/050 VUs, 1504 complete and 0 interrupted iterations
soak   [  84% ] 000/050 VUs  25m03.9s/30m0s  1.00 iters/s

running (25m05.0s), 000/050 VUs, 1505 complete and 0 interrupted iterations
soak   [  84% ] 000/050 VUs  25m04.9s/30m0s  1.00 iters/s

running (25m06.0s), 000/050 VUs, 1506 complete and 0 interrupted iterations
soak   [  84% ] 000/050 VUs  25m05.9s/30m0s  1.00 iters/s

running (25m07.0s), 000/050 VUs, 1507 complete and 0 interrupted iterations
soak   [  84% ] 000/050 VUs  25m06.9s/30m0s  1.00 iters/s

running (25m08.0s), 000/050 VUs, 1508 complete and 0 interrupted iterations
soak   [  84% ] 000/050 VUs  25m07.9s/30m0s  1.00 iters/s

running (25m09.0s), 000/050 VUs, 1509 complete and 0 interrupted iterations
soak   [  84% ] 000/050 VUs  25m08.9s/30m0s  1.00 iters/s

running (25m10.0s), 000/050 VUs, 1510 complete and 0 interrupted iterations
soak   [  84% ] 000/050 VUs  25m09.9s/30m0s  1.00 iters/s

running (25m11.0s), 000/050 VUs, 1511 complete and 0 interrupted iterations
soak   [  84% ] 000/050 VUs  25m10.9s/30m0s  1.00 iters/s

running (25m12.0s), 000/050 VUs, 1512 complete and 0 interrupted iterations
soak   [  84% ] 000/050 VUs  25m11.9s/30m0s  1.00 iters/s

running (25m13.0s), 000/050 VUs, 1513 complete and 0 interrupted iterations
soak   [  84% ] 000/050 VUs  25m12.9s/30m0s  1.00 iters/s

running (25m14.0s), 000/050 VUs, 1514 complete and 0 interrupted iterations
soak   [  84% ] 000/050 VUs  25m13.9s/30m0s  1.00 iters/s

running (25m15.0s), 000/050 VUs, 1515 complete and 0 interrupted iterations
soak   [  84% ] 000/050 VUs  25m14.9s/30m0s  1.00 iters/s

running (25m16.0s), 000/050 VUs, 1516 complete and 0 interrupted iterations
soak   [  84% ] 000/050 VUs  25m15.9s/30m0s  1.00 iters/s

running (25m17.0s), 000/050 VUs, 1517 complete and 0 interrupted iterations
soak   [  84% ] 000/050 VUs  25m16.9s/30m0s  1.00 iters/s

running (25m18.0s), 000/050 VUs, 1518 complete and 0 interrupted iterations
soak   [  84% ] 000/050 VUs  25m17.9s/30m0s  1.00 iters/s

running (25m19.0s), 000/050 VUs, 1519 complete and 0 interrupted iterations
soak   [  84% ] 000/050 VUs  25m18.9s/30m0s  1.00 iters/s

running (25m20.0s), 000/050 VUs, 1520 complete and 0 interrupted iterations
soak   [  84% ] 000/050 VUs  25m19.9s/30m0s  1.00 iters/s

running (25m21.0s), 000/050 VUs, 1521 complete and 0 interrupted iterations
soak   [  84% ] 000/050 VUs  25m20.9s/30m0s  1.00 iters/s

running (25m22.0s), 000/050 VUs, 1522 complete and 0 interrupted iterations
soak   [  85% ] 000/050 VUs  25m21.9s/30m0s  1.00 iters/s

running (25m23.0s), 000/050 VUs, 1523 complete and 0 interrupted iterations
soak   [  85% ] 000/050 VUs  25m22.9s/30m0s  1.00 iters/s

running (25m24.0s), 000/050 VUs, 1524 complete and 0 interrupted iterations
soak   [  85% ] 000/050 VUs  25m23.9s/30m0s  1.00 iters/s

running (25m25.0s), 000/050 VUs, 1525 complete and 0 interrupted iterations
soak   [  85% ] 000/050 VUs  25m24.9s/30m0s  1.00 iters/s

running (25m26.0s), 000/050 VUs, 1526 complete and 0 interrupted iterations
soak   [  85% ] 000/050 VUs  25m25.9s/30m0s  1.00 iters/s

running (25m27.0s), 000/050 VUs, 1527 complete and 0 interrupted iterations
soak   [  85% ] 000/050 VUs  25m26.9s/30m0s  1.00 iters/s

running (25m28.0s), 000/050 VUs, 1528 complete and 0 interrupted iterations
soak   [  85% ] 000/050 VUs  25m27.9s/30m0s  1.00 iters/s

running (25m29.0s), 000/050 VUs, 1529 complete and 0 interrupted iterations
soak   [  85% ] 000/050 VUs  25m28.9s/30m0s  1.00 iters/s

running (25m30.0s), 000/050 VUs, 1530 complete and 0 interrupted iterations
soak   [  85% ] 000/050 VUs  25m29.9s/30m0s  1.00 iters/s

running (25m31.0s), 000/050 VUs, 1531 complete and 0 interrupted iterations
soak   [  85% ] 000/050 VUs  25m30.9s/30m0s  1.00 iters/s

running (25m32.0s), 000/050 VUs, 1532 complete and 0 interrupted iterations
soak   [  85% ] 000/050 VUs  25m31.9s/30m0s  1.00 iters/s

running (25m33.0s), 000/050 VUs, 1533 complete and 0 interrupted iterations
soak   [  85% ] 000/050 VUs  25m32.9s/30m0s  1.00 iters/s

running (25m34.0s), 000/050 VUs, 1534 complete and 0 interrupted iterations
soak   [  85% ] 000/050 VUs  25m33.9s/30m0s  1.00 iters/s

running (25m35.0s), 000/050 VUs, 1535 complete and 0 interrupted iterations
soak   [  85% ] 000/050 VUs  25m34.9s/30m0s  1.00 iters/s

running (25m36.0s), 000/050 VUs, 1536 complete and 0 interrupted iterations
soak   [  85% ] 000/050 VUs  25m35.9s/30m0s  1.00 iters/s

running (25m37.0s), 000/050 VUs, 1537 complete and 0 interrupted iterations
soak   [  85% ] 000/050 VUs  25m36.9s/30m0s  1.00 iters/s

running (25m38.0s), 000/050 VUs, 1538 complete and 0 interrupted iterations
soak   [  85% ] 000/050 VUs  25m37.9s/30m0s  1.00 iters/s

running (25m39.0s), 000/050 VUs, 1539 complete and 0 interrupted iterations
soak   [  85% ] 000/050 VUs  25m38.9s/30m0s  1.00 iters/s

running (25m40.0s), 000/050 VUs, 1540 complete and 0 interrupted iterations
soak   [  86% ] 000/050 VUs  25m39.9s/30m0s  1.00 iters/s

running (25m41.0s), 000/050 VUs, 1541 complete and 0 interrupted iterations
soak   [  86% ] 000/050 VUs  25m40.9s/30m0s  1.00 iters/s

running (25m42.0s), 000/050 VUs, 1542 complete and 0 interrupted iterations
soak   [  86% ] 000/050 VUs  25m41.9s/30m0s  1.00 iters/s

running (25m43.0s), 000/050 VUs, 1543 complete and 0 interrupted iterations
soak   [  86% ] 000/050 VUs  25m42.9s/30m0s  1.00 iters/s

running (25m44.0s), 000/050 VUs, 1544 complete and 0 interrupted iterations
soak   [  86% ] 000/050 VUs  25m43.9s/30m0s  1.00 iters/s

running (25m45.0s), 000/050 VUs, 1545 complete and 0 interrupted iterations
soak   [  86% ] 000/050 VUs  25m44.9s/30m0s  1.00 iters/s

running (25m46.0s), 000/050 VUs, 1546 complete and 0 interrupted iterations
soak   [  86% ] 000/050 VUs  25m45.9s/30m0s  1.00 iters/s

running (25m47.0s), 000/050 VUs, 1547 complete and 0 interrupted iterations
soak   [  86% ] 000/050 VUs  25m46.9s/30m0s  1.00 iters/s

running (25m48.0s), 000/050 VUs, 1548 complete and 0 interrupted iterations
soak   [  86% ] 000/050 VUs  25m47.9s/30m0s  1.00 iters/s

running (25m49.0s), 000/050 VUs, 1549 complete and 0 interrupted iterations
soak   [  86% ] 000/050 VUs  25m48.9s/30m0s  1.00 iters/s

running (25m50.0s), 000/050 VUs, 1550 complete and 0 interrupted iterations
soak   [  86% ] 000/050 VUs  25m49.9s/30m0s  1.00 iters/s

running (25m51.0s), 000/050 VUs, 1551 complete and 0 interrupted iterations
soak   [  86% ] 000/050 VUs  25m50.9s/30m0s  1.00 iters/s

running (25m52.0s), 000/050 VUs, 1552 complete and 0 interrupted iterations
soak   [  86% ] 000/050 VUs  25m51.9s/30m0s  1.00 iters/s

running (25m53.0s), 000/050 VUs, 1553 complete and 0 interrupted iterations
soak   [  86% ] 000/050 VUs  25m52.9s/30m0s  1.00 iters/s

running (25m54.0s), 000/050 VUs, 1554 complete and 0 interrupted iterations
soak   [  86% ] 000/050 VUs  25m53.9s/30m0s  1.00 iters/s

running (25m55.0s), 000/050 VUs, 1555 complete and 0 interrupted iterations
soak   [  86% ] 000/050 VUs  25m54.9s/30m0s  1.00 iters/s

running (25m56.0s), 000/050 VUs, 1556 complete and 0 interrupted iterations
soak   [  86% ] 000/050 VUs  25m55.9s/30m0s  1.00 iters/s

running (25m57.0s), 000/050 VUs, 1557 complete and 0 interrupted iterations
soak   [  86% ] 000/050 VUs  25m56.9s/30m0s  1.00 iters/s

running (25m58.0s), 000/050 VUs, 1558 complete and 0 interrupted iterations
soak   [  87% ] 000/050 VUs  25m57.9s/30m0s  1.00 iters/s

running (25m59.0s), 000/050 VUs, 1559 complete and 0 interrupted iterations
soak   [  87% ] 000/050 VUs  25m58.9s/30m0s  1.00 iters/s

running (26m00.0s), 000/050 VUs, 1560 complete and 0 interrupted iterations
soak   [  87% ] 000/050 VUs  25m59.9s/30m0s  1.00 iters/s

running (26m01.0s), 000/050 VUs, 1561 complete and 0 interrupted iterations
soak   [  87% ] 000/050 VUs  26m00.9s/30m0s  1.00 iters/s

running (26m02.0s), 000/050 VUs, 1562 complete and 0 interrupted iterations
soak   [  87% ] 000/050 VUs  26m01.9s/30m0s  1.00 iters/s

running (26m03.0s), 000/050 VUs, 1563 complete and 0 interrupted iterations
soak   [  87% ] 000/050 VUs  26m02.9s/30m0s  1.00 iters/s

running (26m04.0s), 000/050 VUs, 1564 complete and 0 interrupted iterations
soak   [  87% ] 000/050 VUs  26m03.9s/30m0s  1.00 iters/s

running (26m05.0s), 000/050 VUs, 1565 complete and 0 interrupted iterations
soak   [  87% ] 000/050 VUs  26m04.9s/30m0s  1.00 iters/s

running (26m06.0s), 000/050 VUs, 1566 complete and 0 interrupted iterations
soak   [  87% ] 000/050 VUs  26m05.9s/30m0s  1.00 iters/s

running (26m07.0s), 000/050 VUs, 1567 complete and 0 interrupted iterations
soak   [  87% ] 000/050 VUs  26m06.9s/30m0s  1.00 iters/s

running (26m08.0s), 000/050 VUs, 1568 complete and 0 interrupted iterations
soak   [  87% ] 000/050 VUs  26m07.9s/30m0s  1.00 iters/s

running (26m09.0s), 000/050 VUs, 1569 complete and 0 interrupted iterations
soak   [  87% ] 000/050 VUs  26m08.9s/30m0s  1.00 iters/s

running (26m10.0s), 000/050 VUs, 1570 complete and 0 interrupted iterations
soak   [  87% ] 000/050 VUs  26m09.9s/30m0s  1.00 iters/s

running (26m11.0s), 000/050 VUs, 1571 complete and 0 interrupted iterations
soak   [  87% ] 000/050 VUs  26m10.9s/30m0s  1.00 iters/s

running (26m12.0s), 000/050 VUs, 1572 complete and 0 interrupted iterations
soak   [  87% ] 000/050 VUs  26m11.9s/30m0s  1.00 iters/s

running (26m13.0s), 000/050 VUs, 1573 complete and 0 interrupted iterations
soak   [  87% ] 000/050 VUs  26m12.9s/30m0s  1.00 iters/s

running (26m14.0s), 000/050 VUs, 1574 complete and 0 interrupted iterations
soak   [  87% ] 000/050 VUs  26m13.9s/30m0s  1.00 iters/s

running (26m15.0s), 000/050 VUs, 1575 complete and 0 interrupted iterations
soak   [  87% ] 000/050 VUs  26m14.9s/30m0s  1.00 iters/s

running (26m16.0s), 000/050 VUs, 1576 complete and 0 interrupted iterations
soak   [  88% ] 000/050 VUs  26m15.9s/30m0s  1.00 iters/s

running (26m17.0s), 000/050 VUs, 1577 complete and 0 interrupted iterations
soak   [  88% ] 000/050 VUs  26m16.9s/30m0s  1.00 iters/s

running (26m18.0s), 000/050 VUs, 1578 complete and 0 interrupted iterations
soak   [  88% ] 000/050 VUs  26m17.9s/30m0s  1.00 iters/s

running (26m19.0s), 000/050 VUs, 1579 complete and 0 interrupted iterations
soak   [  88% ] 000/050 VUs  26m18.9s/30m0s  1.00 iters/s

running (26m20.0s), 000/050 VUs, 1580 complete and 0 interrupted iterations
soak   [  88% ] 000/050 VUs  26m19.9s/30m0s  1.00 iters/s

running (26m21.0s), 000/050 VUs, 1581 complete and 0 interrupted iterations
soak   [  88% ] 000/050 VUs  26m20.9s/30m0s  1.00 iters/s

running (26m22.0s), 000/050 VUs, 1582 complete and 0 interrupted iterations
soak   [  88% ] 000/050 VUs  26m21.9s/30m0s  1.00 iters/s

running (26m23.0s), 000/050 VUs, 1583 complete and 0 interrupted iterations
soak   [  88% ] 000/050 VUs  26m22.9s/30m0s  1.00 iters/s

running (26m24.0s), 000/050 VUs, 1584 complete and 0 interrupted iterations
soak   [  88% ] 000/050 VUs  26m23.9s/30m0s  1.00 iters/s

running (26m25.0s), 000/050 VUs, 1585 complete and 0 interrupted iterations
soak   [  88% ] 000/050 VUs  26m24.9s/30m0s  1.00 iters/s

running (26m26.0s), 000/050 VUs, 1586 complete and 0 interrupted iterations
soak   [  88% ] 000/050 VUs  26m25.9s/30m0s  1.00 iters/s

running (26m27.0s), 000/050 VUs, 1587 complete and 0 interrupted iterations
soak   [  88% ] 000/050 VUs  26m26.9s/30m0s  1.00 iters/s

running (26m28.0s), 000/050 VUs, 1588 complete and 0 interrupted iterations
soak   [  88% ] 000/050 VUs  26m27.9s/30m0s  1.00 iters/s

running (26m29.0s), 000/050 VUs, 1589 complete and 0 interrupted iterations
soak   [  88% ] 000/050 VUs  26m28.9s/30m0s  1.00 iters/s

running (26m30.0s), 000/050 VUs, 1590 complete and 0 interrupted iterations
soak   [  88% ] 000/050 VUs  26m29.9s/30m0s  1.00 iters/s

running (26m31.0s), 000/050 VUs, 1591 complete and 0 interrupted iterations
soak   [  88% ] 000/050 VUs  26m30.9s/30m0s  1.00 iters/s

running (26m32.0s), 000/050 VUs, 1592 complete and 0 interrupted iterations
soak   [  88% ] 000/050 VUs  26m31.9s/30m0s  1.00 iters/s

running (26m33.0s), 000/050 VUs, 1593 complete and 0 interrupted iterations
soak   [  88% ] 000/050 VUs  26m32.9s/30m0s  1.00 iters/s

running (26m34.0s), 000/050 VUs, 1594 complete and 0 interrupted iterations
soak   [  89% ] 000/050 VUs  26m33.9s/30m0s  1.00 iters/s

running (26m35.0s), 000/050 VUs, 1595 complete and 0 interrupted iterations
soak   [  89% ] 000/050 VUs  26m34.9s/30m0s  1.00 iters/s

running (26m36.0s), 000/050 VUs, 1596 complete and 0 interrupted iterations
soak   [  89% ] 000/050 VUs  26m35.9s/30m0s  1.00 iters/s

running (26m37.0s), 000/050 VUs, 1597 complete and 0 interrupted iterations
soak   [  89% ] 000/050 VUs  26m36.9s/30m0s  1.00 iters/s

running (26m38.0s), 000/050 VUs, 1598 complete and 0 interrupted iterations
soak   [  89% ] 000/050 VUs  26m37.9s/30m0s  1.00 iters/s

running (26m39.0s), 000/050 VUs, 1599 complete and 0 interrupted iterations
soak   [  89% ] 000/050 VUs  26m38.9s/30m0s  1.00 iters/s

running (26m40.0s), 000/050 VUs, 1600 complete and 0 interrupted iterations
soak   [  89% ] 000/050 VUs  26m39.9s/30m0s  1.00 iters/s

running (26m41.0s), 000/050 VUs, 1601 complete and 0 interrupted iterations
soak   [  89% ] 000/050 VUs  26m40.9s/30m0s  1.00 iters/s

running (26m42.0s), 000/050 VUs, 1602 complete and 0 interrupted iterations
soak   [  89% ] 000/050 VUs  26m41.9s/30m0s  1.00 iters/s

running (26m43.0s), 000/050 VUs, 1603 complete and 0 interrupted iterations
soak   [  89% ] 000/050 VUs  26m42.9s/30m0s  1.00 iters/s

running (26m44.0s), 000/050 VUs, 1604 complete and 0 interrupted iterations
soak   [  89% ] 000/050 VUs  26m43.9s/30m0s  1.00 iters/s

running (26m45.0s), 000/050 VUs, 1605 complete and 0 interrupted iterations
soak   [  89% ] 000/050 VUs  26m44.9s/30m0s  1.00 iters/s

running (26m46.0s), 000/050 VUs, 1606 complete and 0 interrupted iterations
soak   [  89% ] 000/050 VUs  26m45.9s/30m0s  1.00 iters/s

running (26m47.0s), 000/050 VUs, 1607 complete and 0 interrupted iterations
soak   [  89% ] 000/050 VUs  26m46.9s/30m0s  1.00 iters/s

running (26m48.0s), 000/050 VUs, 1608 complete and 0 interrupted iterations
soak   [  89% ] 000/050 VUs  26m47.9s/30m0s  1.00 iters/s

running (26m49.0s), 000/050 VUs, 1609 complete and 0 interrupted iterations
soak   [  89% ] 000/050 VUs  26m48.9s/30m0s  1.00 iters/s

running (26m50.0s), 000/050 VUs, 1610 complete and 0 interrupted iterations
soak   [  89% ] 000/050 VUs  26m49.9s/30m0s  1.00 iters/s

running (26m51.0s), 000/050 VUs, 1611 complete and 0 interrupted iterations
soak   [  89% ] 000/050 VUs  26m50.9s/30m0s  1.00 iters/s

running (26m52.0s), 000/050 VUs, 1612 complete and 0 interrupted iterations
soak   [  90% ] 000/050 VUs  26m51.9s/30m0s  1.00 iters/s

running (26m53.0s), 000/050 VUs, 1613 complete and 0 interrupted iterations
soak   [  90% ] 000/050 VUs  26m52.9s/30m0s  1.00 iters/s

running (26m54.0s), 000/050 VUs, 1614 complete and 0 interrupted iterations
soak   [  90% ] 000/050 VUs  26m53.9s/30m0s  1.00 iters/s

running (26m55.0s), 000/050 VUs, 1615 complete and 0 interrupted iterations
soak   [  90% ] 000/050 VUs  26m54.9s/30m0s  1.00 iters/s

running (26m56.0s), 000/050 VUs, 1616 complete and 0 interrupted iterations
soak   [  90% ] 000/050 VUs  26m55.9s/30m0s  1.00 iters/s

running (26m57.0s), 000/050 VUs, 1617 complete and 0 interrupted iterations
soak   [  90% ] 000/050 VUs  26m56.9s/30m0s  1.00 iters/s

running (26m58.0s), 000/050 VUs, 1618 complete and 0 interrupted iterations
soak   [  90% ] 000/050 VUs  26m57.9s/30m0s  1.00 iters/s

running (26m59.0s), 000/050 VUs, 1619 complete and 0 interrupted iterations
soak   [  90% ] 000/050 VUs  26m58.9s/30m0s  1.00 iters/s

running (27m00.0s), 000/050 VUs, 1620 complete and 0 interrupted iterations
soak   [  90% ] 000/050 VUs  26m59.9s/30m0s  1.00 iters/s

running (27m01.0s), 000/050 VUs, 1621 complete and 0 interrupted iterations
soak   [  90% ] 000/050 VUs  27m00.9s/30m0s  1.00 iters/s

running (27m02.0s), 000/050 VUs, 1622 complete and 0 interrupted iterations
soak   [  90% ] 000/050 VUs  27m01.9s/30m0s  1.00 iters/s

running (27m03.0s), 000/050 VUs, 1623 complete and 0 interrupted iterations
soak   [  90% ] 000/050 VUs  27m02.9s/30m0s  1.00 iters/s

running (27m04.0s), 000/050 VUs, 1624 complete and 0 interrupted iterations
soak   [  90% ] 000/050 VUs  27m03.9s/30m0s  1.00 iters/s

running (27m05.0s), 000/050 VUs, 1625 complete and 0 interrupted iterations
soak   [  90% ] 000/050 VUs  27m04.9s/30m0s  1.00 iters/s

running (27m06.0s), 000/050 VUs, 1626 complete and 0 interrupted iterations
soak   [  90% ] 000/050 VUs  27m05.9s/30m0s  1.00 iters/s

running (27m07.0s), 000/050 VUs, 1627 complete and 0 interrupted iterations
soak   [  90% ] 000/050 VUs  27m06.9s/30m0s  1.00 iters/s

running (27m08.0s), 000/050 VUs, 1628 complete and 0 interrupted iterations
soak   [  90% ] 000/050 VUs  27m07.9s/30m0s  1.00 iters/s

running (27m09.0s), 000/050 VUs, 1629 complete and 0 interrupted iterations
soak   [  90% ] 000/050 VUs  27m08.9s/30m0s  1.00 iters/s

running (27m10.0s), 000/050 VUs, 1630 complete and 0 interrupted iterations
soak   [  91% ] 000/050 VUs  27m09.9s/30m0s  1.00 iters/s

running (27m11.0s), 000/050 VUs, 1631 complete and 0 interrupted iterations
soak   [  91% ] 000/050 VUs  27m10.9s/30m0s  1.00 iters/s

running (27m12.0s), 000/050 VUs, 1632 complete and 0 interrupted iterations
soak   [  91% ] 000/050 VUs  27m11.9s/30m0s  1.00 iters/s

running (27m13.0s), 000/050 VUs, 1633 complete and 0 interrupted iterations
soak   [  91% ] 000/050 VUs  27m12.9s/30m0s  1.00 iters/s

running (27m14.0s), 000/050 VUs, 1634 complete and 0 interrupted iterations
soak   [  91% ] 000/050 VUs  27m13.9s/30m0s  1.00 iters/s

running (27m15.0s), 000/050 VUs, 1635 complete and 0 interrupted iterations
soak   [  91% ] 000/050 VUs  27m14.9s/30m0s  1.00 iters/s

running (27m16.0s), 000/050 VUs, 1636 complete and 0 interrupted iterations
soak   [  91% ] 000/050 VUs  27m15.9s/30m0s  1.00 iters/s

running (27m17.0s), 000/050 VUs, 1637 complete and 0 interrupted iterations
soak   [  91% ] 000/050 VUs  27m16.9s/30m0s  1.00 iters/s

running (27m18.0s), 000/050 VUs, 1638 complete and 0 interrupted iterations
soak   [  91% ] 000/050 VUs  27m17.9s/30m0s  1.00 iters/s

running (27m19.0s), 000/050 VUs, 1639 complete and 0 interrupted iterations
soak   [  91% ] 000/050 VUs  27m18.9s/30m0s  1.00 iters/s

running (27m20.0s), 000/050 VUs, 1640 complete and 0 interrupted iterations
soak   [  91% ] 000/050 VUs  27m19.9s/30m0s  1.00 iters/s

running (27m21.0s), 000/050 VUs, 1641 complete and 0 interrupted iterations
soak   [  91% ] 000/050 VUs  27m20.9s/30m0s  1.00 iters/s

running (27m22.0s), 000/050 VUs, 1642 complete and 0 interrupted iterations
soak   [  91% ] 000/050 VUs  27m21.9s/30m0s  1.00 iters/s

running (27m23.0s), 000/050 VUs, 1643 complete and 0 interrupted iterations
soak   [  91% ] 000/050 VUs  27m22.9s/30m0s  1.00 iters/s

running (27m24.0s), 000/050 VUs, 1644 complete and 0 interrupted iterations
soak   [  91% ] 000/050 VUs  27m23.9s/30m0s  1.00 iters/s

running (27m25.0s), 000/050 VUs, 1645 complete and 0 interrupted iterations
soak   [  91% ] 000/050 VUs  27m24.9s/30m0s  1.00 iters/s

running (27m26.0s), 000/050 VUs, 1646 complete and 0 interrupted iterations
soak   [  91% ] 000/050 VUs  27m25.9s/30m0s  1.00 iters/s

running (27m27.0s), 000/050 VUs, 1647 complete and 0 interrupted iterations
soak   [  91% ] 000/050 VUs  27m26.9s/30m0s  1.00 iters/s

running (27m28.0s), 000/050 VUs, 1648 complete and 0 interrupted iterations
soak   [  92% ] 000/050 VUs  27m27.9s/30m0s  1.00 iters/s

running (27m29.0s), 000/050 VUs, 1649 complete and 0 interrupted iterations
soak   [  92% ] 000/050 VUs  27m28.9s/30m0s  1.00 iters/s

running (27m30.0s), 000/050 VUs, 1650 complete and 0 interrupted iterations
soak   [  92% ] 000/050 VUs  27m29.9s/30m0s  1.00 iters/s

running (27m31.0s), 000/050 VUs, 1651 complete and 0 interrupted iterations
soak   [  92% ] 000/050 VUs  27m30.9s/30m0s  1.00 iters/s

running (27m32.0s), 000/050 VUs, 1652 complete and 0 interrupted iterations
soak   [  92% ] 000/050 VUs  27m31.9s/30m0s  1.00 iters/s

running (27m33.0s), 000/050 VUs, 1653 complete and 0 interrupted iterations
soak   [  92% ] 000/050 VUs  27m32.9s/30m0s  1.00 iters/s

running (27m34.0s), 000/050 VUs, 1654 complete and 0 interrupted iterations
soak   [  92% ] 000/050 VUs  27m33.9s/30m0s  1.00 iters/s

running (27m35.0s), 000/050 VUs, 1655 complete and 0 interrupted iterations
soak   [  92% ] 000/050 VUs  27m34.9s/30m0s  1.00 iters/s

running (27m36.0s), 000/050 VUs, 1656 complete and 0 interrupted iterations
soak   [  92% ] 000/050 VUs  27m35.9s/30m0s  1.00 iters/s

running (27m37.0s), 000/050 VUs, 1657 complete and 0 interrupted iterations
soak   [  92% ] 000/050 VUs  27m36.9s/30m0s  1.00 iters/s

running (27m38.0s), 000/050 VUs, 1658 complete and 0 interrupted iterations
soak   [  92% ] 000/050 VUs  27m37.9s/30m0s  1.00 iters/s

running (27m39.0s), 000/050 VUs, 1659 complete and 0 interrupted iterations
soak   [  92% ] 000/050 VUs  27m38.9s/30m0s  1.00 iters/s

running (27m40.0s), 000/050 VUs, 1660 complete and 0 interrupted iterations
soak   [  92% ] 000/050 VUs  27m39.9s/30m0s  1.00 iters/s

running (27m41.0s), 000/050 VUs, 1661 complete and 0 interrupted iterations
soak   [  92% ] 000/050 VUs  27m40.9s/30m0s  1.00 iters/s

running (27m42.0s), 000/050 VUs, 1662 complete and 0 interrupted iterations
soak   [  92% ] 000/050 VUs  27m41.9s/30m0s  1.00 iters/s

running (27m43.0s), 000/050 VUs, 1663 complete and 0 interrupted iterations
soak   [  92% ] 000/050 VUs  27m42.9s/30m0s  1.00 iters/s

running (27m44.0s), 000/050 VUs, 1664 complete and 0 interrupted iterations
soak   [  92% ] 000/050 VUs  27m43.9s/30m0s  1.00 iters/s

running (27m45.0s), 000/050 VUs, 1665 complete and 0 interrupted iterations
soak   [  92% ] 000/050 VUs  27m44.9s/30m0s  1.00 iters/s

running (27m46.0s), 000/050 VUs, 1666 complete and 0 interrupted iterations
soak   [  93% ] 000/050 VUs  27m45.9s/30m0s  1.00 iters/s

running (27m47.0s), 000/050 VUs, 1667 complete and 0 interrupted iterations
soak   [  93% ] 000/050 VUs  27m46.9s/30m0s  1.00 iters/s

running (27m48.0s), 000/050 VUs, 1668 complete and 0 interrupted iterations
soak   [  93% ] 000/050 VUs  27m47.9s/30m0s  1.00 iters/s

running (27m49.0s), 000/050 VUs, 1669 complete and 0 interrupted iterations
soak   [  93% ] 000/050 VUs  27m48.9s/30m0s  1.00 iters/s

running (27m50.0s), 000/050 VUs, 1670 complete and 0 interrupted iterations
soak   [  93% ] 000/050 VUs  27m49.9s/30m0s  1.00 iters/s

running (27m51.0s), 000/050 VUs, 1671 complete and 0 interrupted iterations
soak   [  93% ] 000/050 VUs  27m50.9s/30m0s  1.00 iters/s

running (27m52.0s), 000/050 VUs, 1672 complete and 0 interrupted iterations
soak   [  93% ] 000/050 VUs  27m51.9s/30m0s  1.00 iters/s

running (27m53.0s), 000/050 VUs, 1673 complete and 0 interrupted iterations
soak   [  93% ] 000/050 VUs  27m52.9s/30m0s  1.00 iters/s

running (27m54.0s), 000/050 VUs, 1674 complete and 0 interrupted iterations
soak   [  93% ] 000/050 VUs  27m53.9s/30m0s  1.00 iters/s

running (27m55.0s), 000/050 VUs, 1675 complete and 0 interrupted iterations
soak   [  93% ] 000/050 VUs  27m54.9s/30m0s  1.00 iters/s

running (27m56.0s), 000/050 VUs, 1676 complete and 0 interrupted iterations
soak   [  93% ] 000/050 VUs  27m55.9s/30m0s  1.00 iters/s

running (27m57.0s), 000/050 VUs, 1677 complete and 0 interrupted iterations
soak   [  93% ] 000/050 VUs  27m56.9s/30m0s  1.00 iters/s

running (27m58.0s), 000/050 VUs, 1678 complete and 0 interrupted iterations
soak   [  93% ] 000/050 VUs  27m57.9s/30m0s  1.00 iters/s

running (27m59.0s), 000/050 VUs, 1679 complete and 0 interrupted iterations
soak   [  93% ] 000/050 VUs  27m58.9s/30m0s  1.00 iters/s

running (28m00.0s), 000/050 VUs, 1680 complete and 0 interrupted iterations
soak   [  93% ] 000/050 VUs  27m59.9s/30m0s  1.00 iters/s

running (28m01.0s), 000/050 VUs, 1681 complete and 0 interrupted iterations
soak   [  93% ] 000/050 VUs  28m00.9s/30m0s  1.00 iters/s

running (28m02.0s), 000/050 VUs, 1682 complete and 0 interrupted iterations
soak   [  93% ] 000/050 VUs  28m01.9s/30m0s  1.00 iters/s

running (28m03.0s), 000/050 VUs, 1683 complete and 0 interrupted iterations
soak   [  93% ] 000/050 VUs  28m02.9s/30m0s  1.00 iters/s

running (28m04.0s), 000/050 VUs, 1684 complete and 0 interrupted iterations
soak   [  94% ] 000/050 VUs  28m03.9s/30m0s  1.00 iters/s

running (28m05.0s), 000/050 VUs, 1685 complete and 0 interrupted iterations
soak   [  94% ] 000/050 VUs  28m04.9s/30m0s  1.00 iters/s

running (28m06.0s), 000/050 VUs, 1686 complete and 0 interrupted iterations
soak   [  94% ] 000/050 VUs  28m05.9s/30m0s  1.00 iters/s

running (28m07.0s), 000/050 VUs, 1687 complete and 0 interrupted iterations
soak   [  94% ] 000/050 VUs  28m06.9s/30m0s  1.00 iters/s

running (28m08.0s), 000/050 VUs, 1688 complete and 0 interrupted iterations
soak   [  94% ] 000/050 VUs  28m07.9s/30m0s  1.00 iters/s

running (28m09.0s), 000/050 VUs, 1689 complete and 0 interrupted iterations
soak   [  94% ] 000/050 VUs  28m08.9s/30m0s  1.00 iters/s

running (28m10.0s), 000/050 VUs, 1690 complete and 0 interrupted iterations
soak   [  94% ] 000/050 VUs  28m09.9s/30m0s  1.00 iters/s

running (28m11.0s), 000/050 VUs, 1691 complete and 0 interrupted iterations
soak   [  94% ] 000/050 VUs  28m10.9s/30m0s  1.00 iters/s

running (28m12.0s), 000/050 VUs, 1692 complete and 0 interrupted iterations
soak   [  94% ] 000/050 VUs  28m11.9s/30m0s  1.00 iters/s

running (28m13.0s), 000/050 VUs, 1693 complete and 0 interrupted iterations
soak   [  94% ] 000/050 VUs  28m12.9s/30m0s  1.00 iters/s

running (28m14.0s), 000/050 VUs, 1694 complete and 0 interrupted iterations
soak   [  94% ] 000/050 VUs  28m13.9s/30m0s  1.00 iters/s

running (28m15.0s), 000/050 VUs, 1695 complete and 0 interrupted iterations
soak   [  94% ] 000/050 VUs  28m14.9s/30m0s  1.00 iters/s

running (28m16.0s), 000/050 VUs, 1696 complete and 0 interrupted iterations
soak   [  94% ] 000/050 VUs  28m15.9s/30m0s  1.00 iters/s

running (28m17.0s), 000/050 VUs, 1697 complete and 0 interrupted iterations
soak   [  94% ] 000/050 VUs  28m16.9s/30m0s  1.00 iters/s

running (28m18.0s), 000/050 VUs, 1698 complete and 0 interrupted iterations
soak   [  94% ] 000/050 VUs  28m17.9s/30m0s  1.00 iters/s

running (28m19.0s), 000/050 VUs, 1699 complete and 0 interrupted iterations
soak   [  94% ] 000/050 VUs  28m18.9s/30m0s  1.00 iters/s

running (28m20.0s), 000/050 VUs, 1700 complete and 0 interrupted iterations
soak   [  94% ] 000/050 VUs  28m19.9s/30m0s  1.00 iters/s

running (28m21.0s), 000/050 VUs, 1701 complete and 0 interrupted iterations
soak   [  94% ] 000/050 VUs  28m20.9s/30m0s  1.00 iters/s

running (28m22.0s), 000/050 VUs, 1702 complete and 0 interrupted iterations
soak   [  95% ] 000/050 VUs  28m21.9s/30m0s  1.00 iters/s

running (28m23.0s), 000/050 VUs, 1703 complete and 0 interrupted iterations
soak   [  95% ] 000/050 VUs  28m22.9s/30m0s  1.00 iters/s

running (28m24.0s), 000/050 VUs, 1704 complete and 0 interrupted iterations
soak   [  95% ] 000/050 VUs  28m23.9s/30m0s  1.00 iters/s

running (28m25.0s), 000/050 VUs, 1705 complete and 0 interrupted iterations
soak   [  95% ] 000/050 VUs  28m24.9s/30m0s  1.00 iters/s

running (28m26.0s), 000/050 VUs, 1706 complete and 0 interrupted iterations
soak   [  95% ] 000/050 VUs  28m25.9s/30m0s  1.00 iters/s

running (28m27.0s), 000/050 VUs, 1707 complete and 0 interrupted iterations
soak   [  95% ] 000/050 VUs  28m26.9s/30m0s  1.00 iters/s

running (28m28.0s), 000/050 VUs, 1708 complete and 0 interrupted iterations
soak   [  95% ] 000/050 VUs  28m27.9s/30m0s  1.00 iters/s

running (28m29.0s), 000/050 VUs, 1709 complete and 0 interrupted iterations
soak   [  95% ] 000/050 VUs  28m28.9s/30m0s  1.00 iters/s

running (28m30.0s), 000/050 VUs, 1710 complete and 0 interrupted iterations
soak   [  95% ] 000/050 VUs  28m29.9s/30m0s  1.00 iters/s

running (28m31.0s), 000/050 VUs, 1711 complete and 0 interrupted iterations
soak   [  95% ] 000/050 VUs  28m30.9s/30m0s  1.00 iters/s

running (28m32.0s), 000/050 VUs, 1712 complete and 0 interrupted iterations
soak   [  95% ] 000/050 VUs  28m31.9s/30m0s  1.00 iters/s

running (28m33.0s), 000/050 VUs, 1713 complete and 0 interrupted iterations
soak   [  95% ] 000/050 VUs  28m32.9s/30m0s  1.00 iters/s

running (28m34.0s), 000/050 VUs, 1714 complete and 0 interrupted iterations
soak   [  95% ] 000/050 VUs  28m33.9s/30m0s  1.00 iters/s

running (28m35.0s), 000/050 VUs, 1715 complete and 0 interrupted iterations
soak   [  95% ] 000/050 VUs  28m34.9s/30m0s  1.00 iters/s

running (28m36.0s), 000/050 VUs, 1716 complete and 0 interrupted iterations
soak   [  95% ] 000/050 VUs  28m35.9s/30m0s  1.00 iters/s

running (28m37.0s), 000/050 VUs, 1717 complete and 0 interrupted iterations
soak   [  95% ] 000/050 VUs  28m36.9s/30m0s  1.00 iters/s

running (28m38.0s), 000/050 VUs, 1718 complete and 0 interrupted iterations
soak   [  95% ] 000/050 VUs  28m37.9s/30m0s  1.00 iters/s

running (28m39.0s), 000/050 VUs, 1719 complete and 0 interrupted iterations
soak   [  95% ] 000/050 VUs  28m38.9s/30m0s  1.00 iters/s

running (28m40.0s), 000/050 VUs, 1720 complete and 0 interrupted iterations
soak   [  96% ] 000/050 VUs  28m39.9s/30m0s  1.00 iters/s

running (28m41.0s), 000/050 VUs, 1721 complete and 0 interrupted iterations
soak   [  96% ] 000/050 VUs  28m40.9s/30m0s  1.00 iters/s

running (28m42.0s), 000/050 VUs, 1722 complete and 0 interrupted iterations
soak   [  96% ] 000/050 VUs  28m41.9s/30m0s  1.00 iters/s

running (28m43.0s), 000/050 VUs, 1723 complete and 0 interrupted iterations
soak   [  96% ] 000/050 VUs  28m42.9s/30m0s  1.00 iters/s

running (28m44.0s), 000/050 VUs, 1724 complete and 0 interrupted iterations
soak   [  96% ] 000/050 VUs  28m43.9s/30m0s  1.00 iters/s

running (28m45.0s), 000/050 VUs, 1725 complete and 0 interrupted iterations
soak   [  96% ] 000/050 VUs  28m44.9s/30m0s  1.00 iters/s

running (28m46.0s), 000/050 VUs, 1726 complete and 0 interrupted iterations
soak   [  96% ] 000/050 VUs  28m45.9s/30m0s  1.00 iters/s

running (28m47.0s), 000/050 VUs, 1727 complete and 0 interrupted iterations
soak   [  96% ] 000/050 VUs  28m46.9s/30m0s  1.00 iters/s

running (28m48.0s), 000/050 VUs, 1728 complete and 0 interrupted iterations
soak   [  96% ] 000/050 VUs  28m47.9s/30m0s  1.00 iters/s

running (28m49.0s), 000/050 VUs, 1729 complete and 0 interrupted iterations
soak   [  96% ] 000/050 VUs  28m48.9s/30m0s  1.00 iters/s

running (28m50.0s), 000/050 VUs, 1730 complete and 0 interrupted iterations
soak   [  96% ] 000/050 VUs  28m49.9s/30m0s  1.00 iters/s

running (28m51.0s), 000/050 VUs, 1731 complete and 0 interrupted iterations
soak   [  96% ] 000/050 VUs  28m50.9s/30m0s  1.00 iters/s

running (28m52.0s), 000/050 VUs, 1732 complete and 0 interrupted iterations
soak   [  96% ] 000/050 VUs  28m51.9s/30m0s  1.00 iters/s

running (28m53.0s), 000/050 VUs, 1733 complete and 0 interrupted iterations
soak   [  96% ] 000/050 VUs  28m52.9s/30m0s  1.00 iters/s

running (28m54.0s), 000/050 VUs, 1734 complete and 0 interrupted iterations
soak   [  96% ] 000/050 VUs  28m53.9s/30m0s  1.00 iters/s

running (28m55.0s), 000/050 VUs, 1735 complete and 0 interrupted iterations
soak   [  96% ] 000/050 VUs  28m54.9s/30m0s  1.00 iters/s

running (28m56.0s), 000/050 VUs, 1736 complete and 0 interrupted iterations
soak   [  96% ] 000/050 VUs  28m55.9s/30m0s  1.00 iters/s

running (28m57.0s), 000/050 VUs, 1737 complete and 0 interrupted iterations
soak   [  96% ] 000/050 VUs  28m56.9s/30m0s  1.00 iters/s

running (28m58.0s), 000/050 VUs, 1738 complete and 0 interrupted iterations
soak   [  97% ] 000/050 VUs  28m57.9s/30m0s  1.00 iters/s

running (28m59.0s), 000/050 VUs, 1739 complete and 0 interrupted iterations
soak   [  97% ] 000/050 VUs  28m58.9s/30m0s  1.00 iters/s

running (29m00.0s), 000/050 VUs, 1740 complete and 0 interrupted iterations
soak   [  97% ] 000/050 VUs  28m59.9s/30m0s  1.00 iters/s

running (29m01.0s), 000/050 VUs, 1741 complete and 0 interrupted iterations
soak   [  97% ] 000/050 VUs  29m00.9s/30m0s  1.00 iters/s

running (29m02.0s), 000/050 VUs, 1742 complete and 0 interrupted iterations
soak   [  97% ] 000/050 VUs  29m01.9s/30m0s  1.00 iters/s

running (29m03.0s), 000/050 VUs, 1743 complete and 0 interrupted iterations
soak   [  97% ] 000/050 VUs  29m02.9s/30m0s  1.00 iters/s

running (29m04.0s), 000/050 VUs, 1744 complete and 0 interrupted iterations
soak   [  97% ] 000/050 VUs  29m03.9s/30m0s  1.00 iters/s

running (29m05.0s), 000/050 VUs, 1745 complete and 0 interrupted iterations
soak   [  97% ] 000/050 VUs  29m04.9s/30m0s  1.00 iters/s

running (29m06.0s), 000/050 VUs, 1746 complete and 0 interrupted iterations
soak   [  97% ] 000/050 VUs  29m05.9s/30m0s  1.00 iters/s

running (29m07.0s), 000/050 VUs, 1747 complete and 0 interrupted iterations
soak   [  97% ] 000/050 VUs  29m06.9s/30m0s  1.00 iters/s

running (29m08.0s), 000/050 VUs, 1748 complete and 0 interrupted iterations
soak   [  97% ] 000/050 VUs  29m07.9s/30m0s  1.00 iters/s

running (29m09.0s), 000/050 VUs, 1749 complete and 0 interrupted iterations
soak   [  97% ] 000/050 VUs  29m08.9s/30m0s  1.00 iters/s

running (29m10.0s), 000/050 VUs, 1750 complete and 0 interrupted iterations
soak   [  97% ] 000/050 VUs  29m09.9s/30m0s  1.00 iters/s

running (29m11.0s), 000/050 VUs, 1751 complete and 0 interrupted iterations
soak   [  97% ] 000/050 VUs  29m10.9s/30m0s  1.00 iters/s

running (29m12.0s), 000/050 VUs, 1752 complete and 0 interrupted iterations
soak   [  97% ] 000/050 VUs  29m11.9s/30m0s  1.00 iters/s

running (29m13.0s), 000/050 VUs, 1753 complete and 0 interrupted iterations
soak   [  97% ] 000/050 VUs  29m12.9s/30m0s  1.00 iters/s

running (29m14.0s), 000/050 VUs, 1754 complete and 0 interrupted iterations
soak   [  97% ] 000/050 VUs  29m13.9s/30m0s  1.00 iters/s

running (29m15.0s), 000/050 VUs, 1755 complete and 0 interrupted iterations
soak   [  97% ] 000/050 VUs  29m14.9s/30m0s  1.00 iters/s

running (29m16.0s), 000/050 VUs, 1756 complete and 0 interrupted iterations
soak   [  98% ] 000/050 VUs  29m15.9s/30m0s  1.00 iters/s

running (29m17.0s), 000/050 VUs, 1757 complete and 0 interrupted iterations
soak   [  98% ] 000/050 VUs  29m16.9s/30m0s  1.00 iters/s

running (29m18.0s), 000/050 VUs, 1758 complete and 0 interrupted iterations
soak   [  98% ] 000/050 VUs  29m17.9s/30m0s  1.00 iters/s

running (29m19.0s), 000/050 VUs, 1759 complete and 0 interrupted iterations
soak   [  98% ] 000/050 VUs  29m18.9s/30m0s  1.00 iters/s

running (29m20.0s), 000/050 VUs, 1760 complete and 0 interrupted iterations
soak   [  98% ] 000/050 VUs  29m19.9s/30m0s  1.00 iters/s

running (29m21.0s), 000/050 VUs, 1761 complete and 0 interrupted iterations
soak   [  98% ] 000/050 VUs  29m20.9s/30m0s  1.00 iters/s

running (29m22.0s), 000/050 VUs, 1762 complete and 0 interrupted iterations
soak   [  98% ] 000/050 VUs  29m21.9s/30m0s  1.00 iters/s

running (29m23.0s), 000/050 VUs, 1763 complete and 0 interrupted iterations
soak   [  98% ] 000/050 VUs  29m22.9s/30m0s  1.00 iters/s

running (29m24.0s), 000/050 VUs, 1764 complete and 0 interrupted iterations
soak   [  98% ] 000/050 VUs  29m23.9s/30m0s  1.00 iters/s

running (29m25.0s), 000/050 VUs, 1765 complete and 0 interrupted iterations
soak   [  98% ] 000/050 VUs  29m24.9s/30m0s  1.00 iters/s

running (29m26.0s), 000/050 VUs, 1766 complete and 0 interrupted iterations
soak   [  98% ] 000/050 VUs  29m25.9s/30m0s  1.00 iters/s

running (29m27.0s), 000/050 VUs, 1767 complete and 0 interrupted iterations
soak   [  98% ] 000/050 VUs  29m26.9s/30m0s  1.00 iters/s

running (29m28.0s), 000/050 VUs, 1768 complete and 0 interrupted iterations
soak   [  98% ] 000/050 VUs  29m27.9s/30m0s  1.00 iters/s

running (29m29.0s), 000/050 VUs, 1769 complete and 0 interrupted iterations
soak   [  98% ] 000/050 VUs  29m28.9s/30m0s  1.00 iters/s

running (29m30.0s), 000/050 VUs, 1770 complete and 0 interrupted iterations
soak   [  98% ] 000/050 VUs  29m29.9s/30m0s  1.00 iters/s

running (29m31.0s), 000/050 VUs, 1771 complete and 0 interrupted iterations
soak   [  98% ] 000/050 VUs  29m30.9s/30m0s  1.00 iters/s

running (29m32.0s), 000/050 VUs, 1772 complete and 0 interrupted iterations
soak   [  98% ] 000/050 VUs  29m31.9s/30m0s  1.00 iters/s

running (29m33.0s), 000/050 VUs, 1773 complete and 0 interrupted iterations
soak   [  98% ] 000/050 VUs  29m32.9s/30m0s  1.00 iters/s

running (29m34.0s), 000/050 VUs, 1774 complete and 0 interrupted iterations
soak   [  99% ] 000/050 VUs  29m33.9s/30m0s  1.00 iters/s

running (29m35.0s), 000/050 VUs, 1775 complete and 0 interrupted iterations
soak   [  99% ] 000/050 VUs  29m34.9s/30m0s  1.00 iters/s

running (29m36.0s), 000/050 VUs, 1776 complete and 0 interrupted iterations
soak   [  99% ] 000/050 VUs  29m35.9s/30m0s  1.00 iters/s

running (29m37.0s), 000/050 VUs, 1777 complete and 0 interrupted iterations
soak   [  99% ] 000/050 VUs  29m36.9s/30m0s  1.00 iters/s

running (29m38.0s), 000/050 VUs, 1778 complete and 0 interrupted iterations
soak   [  99% ] 000/050 VUs  29m37.9s/30m0s  1.00 iters/s

running (29m39.0s), 000/050 VUs, 1779 complete and 0 interrupted iterations
soak   [  99% ] 000/050 VUs  29m38.9s/30m0s  1.00 iters/s

running (29m40.0s), 000/050 VUs, 1780 complete and 0 interrupted iterations
soak   [  99% ] 000/050 VUs  29m39.9s/30m0s  1.00 iters/s

running (29m41.0s), 000/050 VUs, 1781 complete and 0 interrupted iterations
soak   [  99% ] 000/050 VUs  29m40.9s/30m0s  1.00 iters/s

running (29m42.0s), 000/050 VUs, 1782 complete and 0 interrupted iterations
soak   [  99% ] 000/050 VUs  29m41.9s/30m0s  1.00 iters/s

running (29m43.0s), 000/050 VUs, 1783 complete and 0 interrupted iterations
soak   [  99% ] 000/050 VUs  29m42.9s/30m0s  1.00 iters/s

running (29m44.0s), 000/050 VUs, 1784 complete and 0 interrupted iterations
soak   [  99% ] 000/050 VUs  29m43.9s/30m0s  1.00 iters/s

running (29m45.0s), 000/050 VUs, 1785 complete and 0 interrupted iterations
soak   [  99% ] 000/050 VUs  29m44.9s/30m0s  1.00 iters/s

running (29m46.0s), 000/050 VUs, 1786 complete and 0 interrupted iterations
soak   [  99% ] 000/050 VUs  29m45.9s/30m0s  1.00 iters/s

running (29m47.0s), 000/050 VUs, 1787 complete and 0 interrupted iterations
soak   [  99% ] 000/050 VUs  29m46.9s/30m0s  1.00 iters/s

running (29m48.0s), 000/050 VUs, 1788 complete and 0 interrupted iterations
soak   [  99% ] 000/050 VUs  29m47.9s/30m0s  1.00 iters/s

running (29m49.0s), 000/050 VUs, 1789 complete and 0 interrupted iterations
soak   [  99% ] 000/050 VUs  29m48.9s/30m0s  1.00 iters/s

running (29m50.0s), 000/050 VUs, 1790 complete and 0 interrupted iterations
soak   [  99% ] 000/050 VUs  29m49.9s/30m0s  1.00 iters/s

running (29m51.0s), 000/050 VUs, 1791 complete and 0 interrupted iterations
soak   [  99% ] 000/050 VUs  29m50.9s/30m0s  1.00 iters/s

running (29m52.0s), 000/050 VUs, 1792 complete and 0 interrupted iterations
soak   [ 100% ] 000/050 VUs  29m51.9s/30m0s  1.00 iters/s

running (29m53.0s), 000/050 VUs, 1793 complete and 0 interrupted iterations
soak   [ 100% ] 000/050 VUs  29m52.9s/30m0s  1.00 iters/s

running (29m54.0s), 000/050 VUs, 1794 complete and 0 interrupted iterations
soak   [ 100% ] 000/050 VUs  29m53.9s/30m0s  1.00 iters/s

running (29m55.0s), 000/050 VUs, 1795 complete and 0 interrupted iterations
soak   [ 100% ] 000/050 VUs  29m54.9s/30m0s  1.00 iters/s

running (29m56.0s), 000/050 VUs, 1796 complete and 0 interrupted iterations
soak   [ 100% ] 000/050 VUs  29m55.9s/30m0s  1.00 iters/s

running (29m57.0s), 000/050 VUs, 1797 complete and 0 interrupted iterations
soak   [ 100% ] 000/050 VUs  29m56.9s/30m0s  1.00 iters/s

running (29m58.0s), 000/050 VUs, 1798 complete and 0 interrupted iterations
soak   [ 100% ] 000/050 VUs  29m57.9s/30m0s  1.00 iters/s

running (29m59.0s), 000/050 VUs, 1799 complete and 0 interrupted iterations
soak   [ 100% ] 000/050 VUs  29m58.9s/30m0s  1.00 iters/s

running (30m00.0s), 000/050 VUs, 1800 complete and 0 interrupted iterations
soak   [ 100% ] 000/050 VUs  29m59.9s/30m0s  1.00 iters/s

running (30m00.9s), 000/050 VUs, 1801 complete and 0 interrupted iterations
soak ✓ [ 100% ] 000/050 VUs  30m0s  1.00 iters/s

================ DSP benchmark summary ================
-- per-phase latency --
  catalog                    p50=18.3 ms  p95=19.4 ms  p99=25.9 ms  max=29.8 ms  n=1801
  negotiation init (POST)    p50=10.3 ms  p95=10.7 ms  p99=17.2 ms  max=19.6 ms  n=1801
  time-to-AGREED (async)     p50=253.0 ms  p95=254.0 ms  p99=254.0 ms  max=260.0 ms  n=1801
  transfer init (POST)       p50=12.7 ms  p95=14.0 ms  p99=16.4 ms  max=21.2 ms  n=1801
  time-to-EDR (async)        p50=253.0 ms  p95=253.0 ms  p99=254.0 ms  max=259.0 ms  n=1801
  data pull                  p50=7.0 ms  p95=8.0 ms  p99=8.5 ms  max=20.2 ms  n=1801
-- end-to-end + throughput --
  e2e transaction            p50=816.0 ms  p95=822.0 ms  p99=825.0 ms  max=830.0 ms  n=1801
  data throughput (MB/s)     p50=0.0  p95=0.0  p99=0.0  max=0.0  n=1801
-- outcomes --
  transactions succeeded     count=1801  rate=1.000/s
  transactions failed        (no data)
  failed rate                rate=0.00%  (pass=0 fail=1801)
    of which TERMINATED      (no data)
    of which TIMED OUT       (no data)
    of which HTTP-FAILED     (no data)
  failure accounting       (no failures)
-- observer effect (poll load) --
  negotiation polls          count=3602  rate=2.000/s
  edr polls                  count=3602  rate=2.000/s
  polls per transaction     negotiation=2.0  edr=2.0  (timeout ceiling=120)
=======================================================
(full summary -> /home/rohitj/edc/benchmarking-dsp-native-basyx/k6-scripts/results/basyx/off/soak/2026-08-03T16-13-52Z/k6-summary.json; POLL_INTERVAL_MS=250; IDENTITY_MODE=off)

running (30m00.9s), 000/050 VUs, 1801 complete and 0 interrupted iterations
soak ✓ [ 100% ] 000/050 VUs  30m0s  1.00 iters/s
Prometheus snapshot [1785773694..1785775510] svc=(dsp-native-basyx|consumer-controlplane) win=1m -> /home/rohitj/edc/benchmarking-dsp-native-basyx/k6-scripts/results/basyx/off/soak/2026-08-03T16-13-52Z
  jvm-heap.csv (364 rows)
  jvm-gc-rate.csv (364 rows)
  jvm-threads.csv (364 rows)
  http-throughput.csv (364 rows)
  http-p95.csv (364 rows)
  http-errors.csv (364 rows)
  http-errors-5xx.csv (0 rows)
  http-status.csv (728 rows)
  host-cpu-busy.csv (364 rows)
  host-mem-used.csv (364 rows)
  5xx: no 5xx in window (confirmed: http-status has 728 samples, so the status label IS scraped)
  logs -> /home/rohitj/edc/benchmarking-dsp-native-basyx/k6-scripts/results/basyx/off/soak/2026-08-03T16-13-52Z/logs (1 files)
0
VALIDITY  ok=1801  failed=0  failed_rate=0%  dropped_iterations=0
>>> done: /home/rohitj/edc/benchmarking-dsp-native-basyx/k6-scripts/results/basyx/off/soak/2026-08-03T16-13-52Z  (k6 exit 0)
16:45:15 |     done (exit 0)
16:45:15 |   … settling 120s before the next scenario
16:47:15 | --> concurrency-closed
Matrix: connector=basyx reps=1 scenarios=[concurrency-closed]
===== repetition 1/1 =====
----- basyx / concurrency-closed (rep 1) -----
>>> basyx / concurrency-closed  ->  /home/rohitj/edc/benchmarking-dsp-native-basyx/k6-scripts/results/basyx/off/concurrency-closed/2026-08-03T16-47-15Z
parity OK: lib/ + scenarios/ + orchestration/ + tools/ identical to /home/rohitj/edc/benchmarking-dsp-native-basyx/k6-scripts
Health: http://localhost:8090/dsp http://localhost:8888/health + prometheus  OK
Warmup 60s @ 2/s (discarded)
k6 -> Prometheus remote-write: http://localhost:9090/api/v1/write

         /\      Grafana   /‾‾/  
    /\  /  \     |\  __   /  /   
   /  \/    \    | |/ /  /   ‾‾\ 
  /          \   |   (  |  (‾)  |
 / __________ \  |_|\_\  \_____/ 


     execution: local
        script: /home/rohitj/edc/benchmarking-dsp-native-basyx/k6-scripts/basyx-off/concurrency-closed.js
        output: Prometheus remote write (http://localhost:9090/api/v1/write)

     scenarios: (100.00%) 1 scenario, 50 max VUs, 8m0s max duration (incl. graceful stop):
              * concurrency: Up to 50 looping VUs for 7m30s over 5 stages (gracefulRampDown: 30s, gracefulStop: 30s)


running (0m01.0s), 01/50 VUs, 1 complete and 0 interrupted iterations
concurrency   [   0% ] 01/50 VUs  0m00.9s/7m30.0s

running (0m02.0s), 01/50 VUs, 2 complete and 0 interrupted iterations
concurrency   [   0% ] 01/50 VUs  0m01.9s/7m30.0s

running (0m03.0s), 01/50 VUs, 3 complete and 0 interrupted iterations
concurrency   [   1% ] 01/50 VUs  0m02.9s/7m30.0s

running (0m04.0s), 01/50 VUs, 4 complete and 0 interrupted iterations
concurrency   [   1% ] 01/50 VUs  0m03.9s/7m30.0s

running (0m05.0s), 01/50 VUs, 5 complete and 0 interrupted iterations
concurrency   [   1% ] 01/50 VUs  0m04.9s/7m30.0s

running (0m06.0s), 01/50 VUs, 7 complete and 0 interrupted iterations
concurrency   [   1% ] 01/50 VUs  0m05.9s/7m30.0s

running (0m07.0s), 01/50 VUs, 8 complete and 0 interrupted iterations
concurrency   [   2% ] 01/50 VUs  0m06.9s/7m30.0s

running (0m08.0s), 01/50 VUs, 9 complete and 0 interrupted iterations
concurrency   [   2% ] 01/50 VUs  0m07.9s/7m30.0s

running (0m09.0s), 01/50 VUs, 10 complete and 0 interrupted iterations
concurrency   [   2% ] 01/50 VUs  0m08.9s/7m30.0s

running (0m10.0s), 01/50 VUs, 12 complete and 0 interrupted iterations
concurrency   [   2% ] 01/50 VUs  0m09.9s/7m30.0s

running (0m11.0s), 01/50 VUs, 13 complete and 0 interrupted iterations
concurrency   [   2% ] 01/50 VUs  0m10.9s/7m30.0s

running (0m12.0s), 01/50 VUs, 14 complete and 0 interrupted iterations
concurrency   [   3% ] 01/50 VUs  0m11.9s/7m30.0s

running (0m13.0s), 01/50 VUs, 15 complete and 0 interrupted iterations
concurrency   [   3% ] 01/50 VUs  0m12.9s/7m30.0s

running (0m14.0s), 01/50 VUs, 16 complete and 0 interrupted iterations
concurrency   [   3% ] 01/50 VUs  0m13.9s/7m30.0s

running (0m15.0s), 01/50 VUs, 18 complete and 0 interrupted iterations
concurrency   [   3% ] 01/50 VUs  0m14.9s/7m30.0s

running (0m16.0s), 01/50 VUs, 19 complete and 0 interrupted iterations
concurrency   [   4% ] 01/50 VUs  0m15.9s/7m30.0s

running (0m17.0s), 01/50 VUs, 20 complete and 0 interrupted iterations
concurrency   [   4% ] 01/50 VUs  0m16.9s/7m30.0s

running (0m18.0s), 01/50 VUs, 21 complete and 0 interrupted iterations
concurrency   [   4% ] 01/50 VUs  0m17.9s/7m30.0s

running (0m19.0s), 01/50 VUs, 23 complete and 0 interrupted iterations
concurrency   [   4% ] 01/50 VUs  0m18.9s/7m30.0s

running (0m20.0s), 01/50 VUs, 24 complete and 0 interrupted iterations
concurrency   [   4% ] 01/50 VUs  0m19.9s/7m30.0s

running (0m21.0s), 01/50 VUs, 25 complete and 0 interrupted iterations
concurrency   [   5% ] 01/50 VUs  0m20.9s/7m30.0s

running (0m22.0s), 01/50 VUs, 26 complete and 0 interrupted iterations
concurrency   [   5% ] 01/50 VUs  0m21.9s/7m30.0s

running (0m23.0s), 02/50 VUs, 27 complete and 0 interrupted iterations
concurrency   [   5% ] 02/50 VUs  0m22.9s/7m30.0s

running (0m24.0s), 02/50 VUs, 30 complete and 0 interrupted iterations
concurrency   [   5% ] 02/50 VUs  0m23.9s/7m30.0s

running (0m25.0s), 02/50 VUs, 32 complete and 0 interrupted iterations
concurrency   [   6% ] 02/50 VUs  0m24.9s/7m30.0s

running (0m26.0s), 02/50 VUs, 35 complete and 0 interrupted iterations
concurrency   [   6% ] 02/50 VUs  0m25.9s/7m30.0s

running (0m27.0s), 02/50 VUs, 37 complete and 0 interrupted iterations
concurrency   [   6% ] 02/50 VUs  0m26.9s/7m30.0s

running (0m28.0s), 02/50 VUs, 40 complete and 0 interrupted iterations
concurrency   [   6% ] 02/50 VUs  0m27.9s/7m30.0s

running (0m29.0s), 02/50 VUs, 42 complete and 0 interrupted iterations
concurrency   [   6% ] 02/50 VUs  0m28.9s/7m30.0s

running (0m30.0s), 02/50 VUs, 45 complete and 0 interrupted iterations
concurrency   [   7% ] 02/50 VUs  0m29.9s/7m30.0s

running (0m31.0s), 02/50 VUs, 47 complete and 0 interrupted iterations
concurrency   [   7% ] 02/50 VUs  0m30.9s/7m30.0s

running (0m32.0s), 02/50 VUs, 49 complete and 0 interrupted iterations
concurrency   [   7% ] 02/50 VUs  0m31.9s/7m30.0s

running (0m33.0s), 02/50 VUs, 52 complete and 0 interrupted iterations
concurrency   [   7% ] 02/50 VUs  0m32.9s/7m30.0s

running (0m34.0s), 02/50 VUs, 54 complete and 0 interrupted iterations
concurrency   [   8% ] 02/50 VUs  0m33.9s/7m30.0s

running (0m35.0s), 02/50 VUs, 57 complete and 0 interrupted iterations
concurrency   [   8% ] 02/50 VUs  0m34.9s/7m30.0s

running (0m36.0s), 02/50 VUs, 59 complete and 0 interrupted iterations
concurrency   [   8% ] 02/50 VUs  0m35.9s/7m30.0s

running (0m37.0s), 02/50 VUs, 62 complete and 0 interrupted iterations
concurrency   [   8% ] 02/50 VUs  0m36.9s/7m30.0s

running (0m38.0s), 02/50 VUs, 64 complete and 0 interrupted iterations
concurrency   [   8% ] 02/50 VUs  0m37.9s/7m30.0s

running (0m39.0s), 02/50 VUs, 67 complete and 0 interrupted iterations
concurrency   [   9% ] 02/50 VUs  0m38.9s/7m30.0s

running (0m40.0s), 02/50 VUs, 69 complete and 0 interrupted iterations
concurrency   [   9% ] 02/50 VUs  0m39.9s/7m30.0s

running (0m41.0s), 02/50 VUs, 71 complete and 0 interrupted iterations
concurrency   [   9% ] 02/50 VUs  0m40.9s/7m30.0s

running (0m42.0s), 02/50 VUs, 74 complete and 0 interrupted iterations
concurrency   [   9% ] 02/50 VUs  0m41.9s/7m30.0s

running (0m43.0s), 02/50 VUs, 76 complete and 0 interrupted iterations
concurrency   [  10% ] 02/50 VUs  0m42.9s/7m30.0s

running (0m44.0s), 02/50 VUs, 79 complete and 0 interrupted iterations
concurrency   [  10% ] 02/50 VUs  0m43.9s/7m30.0s

running (0m45.0s), 02/50 VUs, 81 complete and 0 interrupted iterations
concurrency   [  10% ] 02/50 VUs  0m44.9s/7m30.0s

running (0m46.0s), 03/50 VUs, 85 complete and 0 interrupted iterations
concurrency   [  10% ] 03/50 VUs  0m45.9s/7m30.0s

running (0m47.0s), 03/50 VUs, 88 complete and 0 interrupted iterations
concurrency   [  10% ] 03/50 VUs  0m46.9s/7m30.0s

running (0m48.0s), 03/50 VUs, 92 complete and 0 interrupted iterations
concurrency   [  11% ] 03/50 VUs  0m47.9s/7m30.0s

running (0m49.0s), 03/50 VUs, 95 complete and 0 interrupted iterations
concurrency   [  11% ] 03/50 VUs  0m48.9s/7m30.0s

running (0m50.0s), 03/50 VUs, 98 complete and 0 interrupted iterations
concurrency   [  11% ] 03/50 VUs  0m49.9s/7m30.0s

running (0m51.0s), 03/50 VUs, 103 complete and 0 interrupted iterations
concurrency   [  11% ] 03/50 VUs  0m50.9s/7m30.0s

running (0m52.0s), 03/50 VUs, 106 complete and 0 interrupted iterations
concurrency   [  12% ] 03/50 VUs  0m51.9s/7m30.0s

running (0m53.0s), 03/50 VUs, 110 complete and 0 interrupted iterations
concurrency   [  12% ] 03/50 VUs  0m52.9s/7m30.0s

running (0m54.0s), 03/50 VUs, 113 complete and 0 interrupted iterations
concurrency   [  12% ] 03/50 VUs  0m53.9s/7m30.0s

running (0m55.0s), 03/50 VUs, 118 complete and 0 interrupted iterations
concurrency   [  12% ] 03/50 VUs  0m54.9s/7m30.0s

running (0m56.0s), 03/50 VUs, 121 complete and 0 interrupted iterations
concurrency   [  12% ] 03/50 VUs  0m55.9s/7m30.0s

running (0m57.0s), 03/50 VUs, 125 complete and 0 interrupted iterations
concurrency   [  13% ] 03/50 VUs  0m56.9s/7m30.0s

running (0m58.0s), 03/50 VUs, 128 complete and 0 interrupted iterations
concurrency   [  13% ] 03/50 VUs  0m57.9s/7m30.0s

running (0m59.0s), 03/50 VUs, 131 complete and 0 interrupted iterations
concurrency   [  13% ] 03/50 VUs  0m58.9s/7m30.0s

running (1m00.0s), 03/50 VUs, 136 complete and 0 interrupted iterations
concurrency   [  13% ] 03/50 VUs  0m59.9s/7m30.0s

running (1m01.0s), 03/50 VUs, 140 complete and 0 interrupted iterations
concurrency   [  14% ] 03/50 VUs  1m00.9s/7m30.0s

running (1m02.0s), 03/50 VUs, 143 complete and 0 interrupted iterations
concurrency   [  14% ] 03/50 VUs  1m01.9s/7m30.0s

running (1m03.0s), 03/50 VUs, 146 complete and 0 interrupted iterations
concurrency   [  14% ] 03/50 VUs  1m02.9s/7m30.0s

running (1m04.0s), 03/50 VUs, 151 complete and 0 interrupted iterations
concurrency   [  14% ] 03/50 VUs  1m03.9s/7m30.0s

running (1m05.0s), 03/50 VUs, 154 complete and 0 interrupted iterations
concurrency   [  14% ] 03/50 VUs  1m04.9s/7m30.0s

running (1m06.0s), 03/50 VUs, 158 complete and 0 interrupted iterations
concurrency   [  15% ] 03/50 VUs  1m05.9s/7m30.0s

running (1m07.0s), 03/50 VUs, 161 complete and 0 interrupted iterations
concurrency   [  15% ] 03/50 VUs  1m06.9s/7m30.0s

running (1m08.0s), 04/50 VUs, 164 complete and 0 interrupted iterations
concurrency   [  15% ] 04/50 VUs  1m07.9s/7m30.0s

running (1m09.0s), 04/50 VUs, 170 complete and 0 interrupted iterations
concurrency   [  15% ] 04/50 VUs  1m08.9s/7m30.0s

running (1m10.0s), 04/50 VUs, 174 complete and 0 interrupted iterations
concurrency   [  16% ] 04/50 VUs  1m09.9s/7m30.0s

running (1m11.0s), 04/50 VUs, 180 complete and 0 interrupted iterations
concurrency   [  16% ] 04/50 VUs  1m10.9s/7m30.0s

running (1m12.0s), 04/50 VUs, 184 complete and 0 interrupted iterations
concurrency   [  16% ] 04/50 VUs  1m11.9s/7m30.0s

running (1m13.0s), 04/50 VUs, 190 complete and 0 interrupted iterations
concurrency   [  16% ] 04/50 VUs  1m12.9s/7m30.0s

running (1m14.0s), 04/50 VUs, 194 complete and 0 interrupted iterations
concurrency   [  16% ] 04/50 VUs  1m13.9s/7m30.0s

running (1m15.0s), 04/50 VUs, 199 complete and 0 interrupted iterations
concurrency   [  17% ] 04/50 VUs  1m14.9s/7m30.0s

running (1m16.0s), 04/50 VUs, 204 complete and 0 interrupted iterations
concurrency   [  17% ] 04/50 VUs  1m15.9s/7m30.0s

running (1m17.0s), 04/50 VUs, 208 complete and 0 interrupted iterations
concurrency   [  17% ] 04/50 VUs  1m16.9s/7m30.0s

running (1m18.0s), 04/50 VUs, 214 complete and 0 interrupted iterations
concurrency   [  17% ] 04/50 VUs  1m17.9s/7m30.0s

running (1m19.0s), 04/50 VUs, 218 complete and 0 interrupted iterations
concurrency   [  18% ] 04/50 VUs  1m18.9s/7m30.0s

running (1m20.0s), 04/50 VUs, 224 complete and 0 interrupted iterations
concurrency   [  18% ] 04/50 VUs  1m19.9s/7m30.0s

running (1m21.0s), 04/50 VUs, 228 complete and 0 interrupted iterations
concurrency   [  18% ] 04/50 VUs  1m20.9s/7m30.0s

running (1m22.0s), 04/50 VUs, 232 complete and 0 interrupted iterations
concurrency   [  18% ] 04/50 VUs  1m21.9s/7m30.0s

running (1m23.0s), 04/50 VUs, 238 complete and 0 interrupted iterations
concurrency   [  18% ] 04/50 VUs  1m22.9s/7m30.0s

running (1m24.0s), 04/50 VUs, 244 complete and 0 interrupted iterations
concurrency   [  19% ] 04/50 VUs  1m23.9s/7m30.0s

running (1m25.0s), 04/50 VUs, 248 complete and 0 interrupted iterations
concurrency   [  19% ] 04/50 VUs  1m24.9s/7m30.0s

running (1m26.0s), 04/50 VUs, 252 complete and 0 interrupted iterations
concurrency   [  19% ] 04/50 VUs  1m25.9s/7m30.0s

running (1m27.0s), 04/50 VUs, 258 complete and 0 interrupted iterations
concurrency   [  19% ] 04/50 VUs  1m26.9s/7m30.0s

running (1m28.0s), 04/50 VUs, 262 complete and 0 interrupted iterations
concurrency   [  20% ] 04/50 VUs  1m27.9s/7m30.0s

running (1m29.0s), 04/50 VUs, 268 complete and 0 interrupted iterations
concurrency   [  20% ] 04/50 VUs  1m28.9s/7m30.0s

running (1m30.0s), 04/50 VUs, 272 complete and 0 interrupted iterations
concurrency   [  20% ] 04/50 VUs  1m29.9s/7m30.0s

running (1m31.0s), 05/50 VUs, 277 complete and 0 interrupted iterations
concurrency   [  20% ] 05/50 VUs  1m30.9s/7m30.0s

running (1m32.0s), 05/50 VUs, 284 complete and 0 interrupted iterations
concurrency   [  20% ] 05/50 VUs  1m31.9s/7m30.0s

running (1m33.0s), 05/50 VUs, 291 complete and 0 interrupted iterations
concurrency   [  21% ] 05/50 VUs  1m32.9s/7m30.0s

running (1m34.0s), 05/50 VUs, 296 complete and 0 interrupted iterations
concurrency   [  21% ] 05/50 VUs  1m33.9s/7m30.0s

running (1m35.0s), 05/50 VUs, 301 complete and 0 interrupted iterations
concurrency   [  21% ] 05/50 VUs  1m34.9s/7m30.0s

running (1m36.0s), 05/50 VUs, 309 complete and 0 interrupted iterations
concurrency   [  21% ] 05/50 VUs  1m35.9s/7m30.0s

running (1m37.0s), 05/50 VUs, 315 complete and 0 interrupted iterations
concurrency   [  22% ] 05/50 VUs  1m36.9s/7m30.0s

running (1m38.0s), 05/50 VUs, 321 complete and 0 interrupted iterations
concurrency   [  22% ] 05/50 VUs  1m37.9s/7m30.0s

running (1m39.0s), 05/50 VUs, 326 complete and 0 interrupted iterations
concurrency   [  22% ] 05/50 VUs  1m38.9s/7m30.0s

running (1m40.0s), 05/50 VUs, 332 complete and 0 interrupted iterations
concurrency   [  22% ] 05/50 VUs  1m39.9s/7m30.0s

running (1m41.0s), 05/50 VUs, 340 complete and 0 interrupted iterations
concurrency   [  22% ] 05/50 VUs  1m40.9s/7m30.0s

running (1m42.0s), 05/50 VUs, 346 complete and 0 interrupted iterations
concurrency   [  23% ] 05/50 VUs  1m41.9s/7m30.0s

running (1m43.0s), 05/50 VUs, 351 complete and 0 interrupted iterations
concurrency   [  23% ] 05/50 VUs  1m42.9s/7m30.0s

running (1m44.0s), 05/50 VUs, 356 complete and 0 interrupted iterations
concurrency   [  23% ] 05/50 VUs  1m43.9s/7m30.0s

running (1m45.0s), 05/50 VUs, 362 complete and 0 interrupted iterations
concurrency   [  23% ] 05/50 VUs  1m44.9s/7m30.0s

running (1m46.0s), 05/50 VUs, 371 complete and 0 interrupted iterations
concurrency   [  24% ] 05/50 VUs  1m45.9s/7m30.0s

running (1m47.0s), 05/50 VUs, 376 complete and 0 interrupted iterations
concurrency   [  24% ] 05/50 VUs  1m46.9s/7m30.0s

running (1m48.0s), 05/50 VUs, 381 complete and 0 interrupted iterations
concurrency   [  24% ] 05/50 VUs  1m47.9s/7m30.0s

running (1m49.0s), 06/50 VUs, 388 complete and 0 interrupted iterations
concurrency   [  24% ] 06/50 VUs  1m48.9s/7m30.0s

running (1m50.0s), 06/50 VUs, 397 complete and 0 interrupted iterations
concurrency   [  24% ] 06/50 VUs  1m49.9s/7m30.0s

running (1m51.0s), 06/50 VUs, 404 complete and 0 interrupted iterations
concurrency   [  25% ] 06/50 VUs  1m50.9s/7m30.0s

running (1m52.0s), 06/50 VUs, 410 complete and 0 interrupted iterations
concurrency   [  25% ] 06/50 VUs  1m51.9s/7m30.0s

running (1m53.0s), 06/50 VUs, 416 complete and 0 interrupted iterations
concurrency   [  25% ] 06/50 VUs  1m52.9s/7m30.0s

running (1m54.0s), 06/50 VUs, 424 complete and 0 interrupted iterations
concurrency   [  25% ] 06/50 VUs  1m53.9s/7m30.0s

running (1m55.0s), 06/50 VUs, 433 complete and 0 interrupted iterations
concurrency   [  26% ] 06/50 VUs  1m54.9s/7m30.0s

running (1m56.0s), 06/50 VUs, 440 complete and 0 interrupted iterations
concurrency   [  26% ] 06/50 VUs  1m55.9s/7m30.0s

running (1m57.0s), 06/50 VUs, 446 complete and 0 interrupted iterations
concurrency   [  26% ] 06/50 VUs  1m56.9s/7m30.0s

running (1m58.0s), 06/50 VUs, 453 complete and 0 interrupted iterations
concurrency   [  26% ] 06/50 VUs  1m57.9s/7m30.0s

running (1m59.0s), 06/50 VUs, 459 complete and 0 interrupted iterations
concurrency   [  26% ] 06/50 VUs  1m58.9s/7m30.0s

running (2m00.0s), 06/50 VUs, 468 complete and 0 interrupted iterations
concurrency   [  27% ] 06/50 VUs  1m59.9s/7m30.0s

running (2m01.0s), 06/50 VUs, 476 complete and 0 interrupted iterations
concurrency   [  27% ] 06/50 VUs  2m00.9s/7m30.0s

running (2m02.0s), 06/50 VUs, 482 complete and 0 interrupted iterations
concurrency   [  27% ] 06/50 VUs  2m01.9s/7m30.0s

running (2m03.0s), 06/50 VUs, 489 complete and 0 interrupted iterations
concurrency   [  27% ] 06/50 VUs  2m02.9s/7m30.0s

running (2m04.0s), 06/50 VUs, 497 complete and 0 interrupted iterations
concurrency   [  28% ] 06/50 VUs  2m03.9s/7m30.0s

running (2m05.0s), 06/50 VUs, 504 complete and 0 interrupted iterations
concurrency   [  28% ] 06/50 VUs  2m04.9s/7m30.0s

running (2m06.0s), 06/50 VUs, 512 complete and 0 interrupted iterations
concurrency   [  28% ] 06/50 VUs  2m05.9s/7m30.0s

running (2m07.0s), 07/50 VUs, 520 complete and 0 interrupted iterations
concurrency   [  28% ] 07/50 VUs  2m06.9s/7m30.0s

running (2m08.0s), 07/50 VUs, 527 complete and 0 interrupted iterations
concurrency   [  28% ] 07/50 VUs  2m07.9s/7m30.0s

running (2m09.0s), 07/50 VUs, 537 complete and 0 interrupted iterations
concurrency   [  29% ] 07/50 VUs  2m08.9s/7m30.0s

running (2m10.0s), 07/50 VUs, 546 complete and 0 interrupted iterations
concurrency   [  29% ] 07/50 VUs  2m09.9s/7m30.0s

running (2m11.0s), 07/50 VUs, 553 complete and 0 interrupted iterations
concurrency   [  29% ] 07/50 VUs  2m10.9s/7m30.0s

running (2m12.0s), 07/50 VUs, 562 complete and 0 interrupted iterations
concurrency   [  29% ] 07/50 VUs  2m11.9s/7m30.0s

running (2m13.0s), 07/50 VUs, 570 complete and 0 interrupted iterations
concurrency   [  30% ] 07/50 VUs  2m12.9s/7m30.0s

running (2m14.0s), 07/50 VUs, 579 complete and 0 interrupted iterations
concurrency   [  30% ] 07/50 VUs  2m13.9s/7m30.0s

running (2m15.0s), 07/50 VUs, 588 complete and 0 interrupted iterations
concurrency   [  30% ] 07/50 VUs  2m14.9s/7m30.0s

running (2m16.0s), 07/50 VUs, 595 complete and 0 interrupted iterations
concurrency   [  30% ] 07/50 VUs  2m15.9s/7m30.0s

running (2m17.0s), 07/50 VUs, 604 complete and 0 interrupted iterations
concurrency   [  30% ] 07/50 VUs  2m16.9s/7m30.0s

running (2m18.0s), 07/50 VUs, 614 complete and 0 interrupted iterations
concurrency   [  31% ] 07/50 VUs  2m17.9s/7m30.0s

running (2m19.0s), 07/50 VUs, 623 complete and 0 interrupted iterations
concurrency   [  31% ] 07/50 VUs  2m18.9s/7m30.0s

running (2m20.0s), 07/50 VUs, 630 complete and 0 interrupted iterations
concurrency   [  31% ] 07/50 VUs  2m19.9s/7m30.0s

running (2m21.0s), 07/50 VUs, 639 complete and 0 interrupted iterations
concurrency   [  31% ] 07/50 VUs  2m20.9s/7m30.0s

running (2m22.0s), 07/50 VUs, 647 complete and 0 interrupted iterations
concurrency   [  32% ] 07/50 VUs  2m21.9s/7m30.0s

running (2m23.0s), 07/50 VUs, 656 complete and 0 interrupted iterations
concurrency   [  32% ] 07/50 VUs  2m22.9s/7m30.0s

running (2m24.0s), 07/50 VUs, 665 complete and 0 interrupted iterations
concurrency   [  32% ] 07/50 VUs  2m23.9s/7m30.0s

running (2m25.0s), 08/50 VUs, 673 complete and 0 interrupted iterations
concurrency   [  32% ] 08/50 VUs  2m24.9s/7m30.0s

running (2m26.0s), 08/50 VUs, 683 complete and 0 interrupted iterations
concurrency   [  32% ] 08/50 VUs  2m25.9s/7m30.0s

running (2m27.0s), 08/50 VUs, 694 complete and 0 interrupted iterations
concurrency   [  33% ] 08/50 VUs  2m26.9s/7m30.0s

running (2m28.0s), 08/50 VUs, 704 complete and 0 interrupted iterations
concurrency   [  33% ] 08/50 VUs  2m27.9s/7m30.0s

running (2m29.0s), 08/50 VUs, 712 complete and 0 interrupted iterations
concurrency   [  33% ] 08/50 VUs  2m28.9s/7m30.0s

running (2m30.0s), 08/50 VUs, 721 complete and 0 interrupted iterations
concurrency   [  33% ] 08/50 VUs  2m29.9s/7m30.0s

running (2m31.0s), 08/50 VUs, 731 complete and 0 interrupted iterations
concurrency   [  34% ] 08/50 VUs  2m30.9s/7m30.0s

running (2m32.0s), 08/50 VUs, 742 complete and 0 interrupted iterations
concurrency   [  34% ] 08/50 VUs  2m31.9s/7m30.0s

running (2m33.0s), 08/50 VUs, 752 complete and 0 interrupted iterations
concurrency   [  34% ] 08/50 VUs  2m32.9s/7m30.0s

running (2m34.0s), 08/50 VUs, 761 complete and 0 interrupted iterations
concurrency   [  34% ] 08/50 VUs  2m33.9s/7m30.0s

running (2m35.0s), 08/50 VUs, 771 complete and 0 interrupted iterations
concurrency   [  34% ] 08/50 VUs  2m34.9s/7m30.0s

running (2m36.0s), 08/50 VUs, 782 complete and 0 interrupted iterations
concurrency   [  35% ] 08/50 VUs  2m35.9s/7m30.0s

running (2m37.0s), 08/50 VUs, 791 complete and 0 interrupted iterations
concurrency   [  35% ] 08/50 VUs  2m36.9s/7m30.0s

running (2m38.0s), 08/50 VUs, 800 complete and 0 interrupted iterations
concurrency   [  35% ] 08/50 VUs  2m37.9s/7m30.0s

running (2m39.0s), 08/50 VUs, 809 complete and 0 interrupted iterations
concurrency   [  35% ] 08/50 VUs  2m38.9s/7m30.0s

running (2m40.0s), 08/50 VUs, 819 complete and 0 interrupted iterations
concurrency   [  36% ] 08/50 VUs  2m39.9s/7m30.0s

running (2m41.0s), 08/50 VUs, 830 complete and 0 interrupted iterations
concurrency   [  36% ] 08/50 VUs  2m40.9s/7m30.0s

running (2m42.0s), 08/50 VUs, 840 complete and 0 interrupted iterations
concurrency   [  36% ] 08/50 VUs  2m41.9s/7m30.0s

running (2m43.0s), 09/50 VUs, 850 complete and 0 interrupted iterations
concurrency   [  36% ] 09/50 VUs  2m42.9s/7m30.0s

running (2m44.0s), 09/50 VUs, 859 complete and 0 interrupted iterations
concurrency   [  36% ] 09/50 VUs  2m43.9s/7m30.0s

running (2m45.0s), 09/50 VUs, 872 complete and 0 interrupted iterations
concurrency   [  37% ] 09/50 VUs  2m44.9s/7m30.0s

running (2m46.0s), 09/50 VUs, 883 complete and 0 interrupted iterations
concurrency   [  37% ] 09/50 VUs  2m45.9s/7m30.0s

running (2m47.0s), 09/50 VUs, 893 complete and 0 interrupted iterations
concurrency   [  37% ] 09/50 VUs  2m46.9s/7m30.0s

running (2m48.0s), 09/50 VUs, 904 complete and 0 interrupted iterations
concurrency   [  37% ] 09/50 VUs  2m47.9s/7m30.0s

running (2m49.0s), 09/50 VUs, 915 complete and 0 interrupted iterations
concurrency   [  38% ] 09/50 VUs  2m48.9s/7m30.0s

running (2m50.0s), 09/50 VUs, 927 complete and 0 interrupted iterations
concurrency   [  38% ] 09/50 VUs  2m49.9s/7m30.0s

running (2m51.0s), 09/50 VUs, 938 complete and 0 interrupted iterations
concurrency   [  38% ] 09/50 VUs  2m50.9s/7m30.0s

running (2m52.0s), 09/50 VUs, 947 complete and 0 interrupted iterations
concurrency   [  38% ] 09/50 VUs  2m51.9s/7m30.0s

running (2m53.0s), 09/50 VUs, 958 complete and 0 interrupted iterations
concurrency   [  38% ] 09/50 VUs  2m52.9s/7m30.0s

running (2m54.0s), 09/50 VUs, 970 complete and 0 interrupted iterations
concurrency   [  39% ] 09/50 VUs  2m53.9s/7m30.0s

running (2m55.0s), 09/50 VUs, 981 complete and 0 interrupted iterations
concurrency   [  39% ] 09/50 VUs  2m54.9s/7m30.0s

running (2m56.0s), 09/50 VUs, 992 complete and 0 interrupted iterations
concurrency   [  39% ] 09/50 VUs  2m55.9s/7m30.0s

running (2m57.0s), 09/50 VUs, 1003 complete and 0 interrupted iterations
concurrency   [  39% ] 09/50 VUs  2m56.9s/7m30.0s

running (2m58.0s), 09/50 VUs, 1014 complete and 0 interrupted iterations
concurrency   [  40% ] 09/50 VUs  2m57.9s/7m30.0s

running (2m59.0s), 09/50 VUs, 1026 complete and 0 interrupted iterations
concurrency   [  40% ] 09/50 VUs  2m58.9s/7m30.0s

running (3m00.0s), 09/50 VUs, 1036 complete and 0 interrupted iterations
concurrency   [  40% ] 09/50 VUs  2m59.9s/7m30.0s

running (3m01.0s), 10/50 VUs, 1047 complete and 0 interrupted iterations
concurrency   [  40% ] 10/50 VUs  3m00.9s/7m30.0s

running (3m02.0s), 10/50 VUs, 1059 complete and 0 interrupted iterations
concurrency   [  40% ] 10/50 VUs  3m01.9s/7m30.0s

running (3m03.0s), 10/50 VUs, 1071 complete and 0 interrupted iterations
concurrency   [  41% ] 10/50 VUs  3m02.9s/7m30.0s

running (3m04.0s), 10/50 VUs, 1084 complete and 0 interrupted iterations
concurrency   [  41% ] 10/50 VUs  3m03.9s/7m30.0s

running (3m05.0s), 10/50 VUs, 1096 complete and 0 interrupted iterations
concurrency   [  41% ] 10/50 VUs  3m04.9s/7m30.0s

running (3m06.0s), 10/50 VUs, 1108 complete and 0 interrupted iterations
concurrency   [  41% ] 10/50 VUs  3m05.9s/7m30.0s

running (3m07.0s), 10/50 VUs, 1119 complete and 0 interrupted iterations
concurrency   [  42% ] 10/50 VUs  3m06.9s/7m30.0s

running (3m08.0s), 10/50 VUs, 1133 complete and 0 interrupted iterations
concurrency   [  42% ] 10/50 VUs  3m07.9s/7m30.0s

running (3m09.0s), 10/50 VUs, 1145 complete and 0 interrupted iterations
concurrency   [  42% ] 10/50 VUs  3m08.9s/7m30.0s

running (3m10.0s), 11/50 VUs, 1158 complete and 0 interrupted iterations
concurrency   [  42% ] 11/50 VUs  3m09.9s/7m30.0s

running (3m11.0s), 11/50 VUs, 1171 complete and 0 interrupted iterations
concurrency   [  42% ] 11/50 VUs  3m10.9s/7m30.0s

running (3m12.0s), 11/50 VUs, 1183 complete and 0 interrupted iterations
concurrency   [  43% ] 11/50 VUs  3m11.9s/7m30.0s

running (3m13.0s), 11/50 VUs, 1198 complete and 0 interrupted iterations
concurrency   [  43% ] 11/50 VUs  3m12.9s/7m30.0s

running (3m14.0s), 11/50 VUs, 1211 complete and 0 interrupted iterations
concurrency   [  43% ] 11/50 VUs  3m13.9s/7m30.0s

running (3m15.0s), 11/50 VUs, 1224 complete and 0 interrupted iterations
concurrency   [  43% ] 11/50 VUs  3m14.9s/7m30.0s

running (3m16.0s), 11/50 VUs, 1237 complete and 0 interrupted iterations
concurrency   [  44% ] 11/50 VUs  3m15.9s/7m30.0s

running (3m17.0s), 11/50 VUs, 1251 complete and 0 interrupted iterations
concurrency   [  44% ] 11/50 VUs  3m16.9s/7m30.0s

running (3m18.0s), 11/50 VUs, 1264 complete and 0 interrupted iterations
concurrency   [  44% ] 11/50 VUs  3m17.9s/7m30.0s

running (3m19.0s), 12/50 VUs, 1278 complete and 0 interrupted iterations
concurrency   [  44% ] 12/50 VUs  3m18.9s/7m30.0s

running (3m20.0s), 12/50 VUs, 1293 complete and 0 interrupted iterations
concurrency   [  44% ] 12/50 VUs  3m19.9s/7m30.0s

running (3m21.0s), 12/50 VUs, 1306 complete and 0 interrupted iterations
concurrency   [  45% ] 12/50 VUs  3m20.9s/7m30.0s

running (3m22.0s), 12/50 VUs, 1323 complete and 0 interrupted iterations
concurrency   [  45% ] 12/50 VUs  3m21.9s/7m30.0s

running (3m23.0s), 12/50 VUs, 1336 complete and 0 interrupted iterations
concurrency   [  45% ] 12/50 VUs  3m22.9s/7m30.0s

running (3m24.0s), 12/50 VUs, 1352 complete and 0 interrupted iterations
concurrency   [  45% ] 12/50 VUs  3m23.9s/7m30.0s

running (3m25.0s), 12/50 VUs, 1366 complete and 0 interrupted iterations
concurrency   [  46% ] 12/50 VUs  3m24.9s/7m30.0s

running (3m26.0s), 12/50 VUs, 1380 complete and 0 interrupted iterations
concurrency   [  46% ] 12/50 VUs  3m25.9s/7m30.0s

running (3m27.0s), 12/50 VUs, 1395 complete and 0 interrupted iterations
concurrency   [  46% ] 12/50 VUs  3m26.9s/7m30.0s

running (3m28.0s), 13/50 VUs, 1411 complete and 0 interrupted iterations
concurrency   [  46% ] 13/50 VUs  3m27.9s/7m30.0s

running (3m29.0s), 13/50 VUs, 1426 complete and 0 interrupted iterations
concurrency   [  46% ] 13/50 VUs  3m28.9s/7m30.0s

running (3m30.0s), 13/50 VUs, 1441 complete and 0 interrupted iterations
concurrency   [  47% ] 13/50 VUs  3m29.9s/7m30.0s

running (3m31.0s), 13/50 VUs, 1457 complete and 0 interrupted iterations
concurrency   [  47% ] 13/50 VUs  3m30.9s/7m30.0s

running (3m32.0s), 13/50 VUs, 1473 complete and 0 interrupted iterations
concurrency   [  47% ] 13/50 VUs  3m31.9s/7m30.0s

running (3m33.0s), 13/50 VUs, 1491 complete and 0 interrupted iterations
concurrency   [  47% ] 13/50 VUs  3m32.9s/7m30.0s

running (3m34.0s), 13/50 VUs, 1505 complete and 0 interrupted iterations
concurrency   [  48% ] 13/50 VUs  3m33.9s/7m30.0s

running (3m35.0s), 13/50 VUs, 1519 complete and 0 interrupted iterations
concurrency   [  48% ] 13/50 VUs  3m34.9s/7m30.0s

running (3m36.0s), 13/50 VUs, 1537 complete and 0 interrupted iterations
concurrency   [  48% ] 13/50 VUs  3m35.9s/7m30.0s

running (3m37.0s), 14/50 VUs, 1552 complete and 0 interrupted iterations
concurrency   [  48% ] 14/50 VUs  3m36.9s/7m30.0s

running (3m38.0s), 14/50 VUs, 1571 complete and 0 interrupted iterations
concurrency   [  48% ] 14/50 VUs  3m37.9s/7m30.0s

running (3m39.0s), 14/50 VUs, 1587 complete and 0 interrupted iterations
concurrency   [  49% ] 14/50 VUs  3m38.9s/7m30.0s

running (3m40.0s), 14/50 VUs, 1603 complete and 0 interrupted iterations
concurrency   [  49% ] 14/50 VUs  3m39.9s/7m30.0s

running (3m41.0s), 14/50 VUs, 1621 complete and 0 interrupted iterations
concurrency   [  49% ] 14/50 VUs  3m40.9s/7m30.0s

running (3m42.0s), 14/50 VUs, 1638 complete and 0 interrupted iterations
concurrency   [  49% ] 14/50 VUs  3m41.9s/7m30.0s

running (3m43.0s), 14/50 VUs, 1656 complete and 0 interrupted iterations
concurrency   [  50% ] 14/50 VUs  3m42.9s/7m30.0s

running (3m44.0s), 14/50 VUs, 1671 complete and 0 interrupted iterations
concurrency   [  50% ] 14/50 VUs  3m43.9s/7m30.0s

running (3m45.0s), 14/50 VUs, 1687 complete and 0 interrupted iterations
concurrency   [  50% ] 14/50 VUs  3m44.9s/7m30.0s

running (3m46.0s), 15/50 VUs, 1707 complete and 0 interrupted iterations
concurrency   [  50% ] 15/50 VUs  3m45.9s/7m30.0s

running (3m47.0s), 15/50 VUs, 1727 complete and 0 interrupted iterations
concurrency   [  50% ] 15/50 VUs  3m46.9s/7m30.0s

running (3m48.0s), 15/50 VUs, 1743 complete and 0 interrupted iterations
concurrency   [  51% ] 15/50 VUs  3m47.9s/7m30.0s

running (3m49.0s), 15/50 VUs, 1760 complete and 0 interrupted iterations
concurrency   [  51% ] 15/50 VUs  3m48.9s/7m30.0s

running (3m50.0s), 15/50 VUs, 1778 complete and 0 interrupted iterations
concurrency   [  51% ] 15/50 VUs  3m49.9s/7m30.0s

running (3m51.0s), 15/50 VUs, 1798 complete and 0 interrupted iterations
concurrency   [  51% ] 15/50 VUs  3m50.9s/7m30.0s

running (3m52.0s), 15/50 VUs, 1817 complete and 0 interrupted iterations
concurrency   [  52% ] 15/50 VUs  3m51.9s/7m30.0s

running (3m53.0s), 15/50 VUs, 1834 complete and 0 interrupted iterations
concurrency   [  52% ] 15/50 VUs  3m52.9s/7m30.0s

running (3m54.0s), 15/50 VUs, 1851 complete and 0 interrupted iterations
concurrency   [  52% ] 15/50 VUs  3m53.9s/7m30.0s

running (3m55.0s), 16/50 VUs, 1871 complete and 0 interrupted iterations
concurrency   [  52% ] 16/50 VUs  3m54.9s/7m30.0s

running (3m56.0s), 16/50 VUs, 1892 complete and 0 interrupted iterations
concurrency   [  52% ] 16/50 VUs  3m55.9s/7m30.0s

running (3m57.0s), 16/50 VUs, 1911 complete and 0 interrupted iterations
concurrency   [  53% ] 16/50 VUs  3m56.9s/7m30.0s

running (3m58.0s), 16/50 VUs, 1928 complete and 0 interrupted iterations
concurrency   [  53% ] 16/50 VUs  3m57.9s/7m30.0s

running (3m59.0s), 16/50 VUs, 1946 complete and 0 interrupted iterations
concurrency   [  53% ] 16/50 VUs  3m58.9s/7m30.0s

running (4m00.0s), 16/50 VUs, 1968 complete and 0 interrupted iterations
concurrency   [  53% ] 16/50 VUs  3m59.9s/7m30.0s

running (4m01.0s), 16/50 VUs, 1990 complete and 0 interrupted iterations
concurrency   [  54% ] 16/50 VUs  4m00.9s/7m30.0s

running (4m02.0s), 16/50 VUs, 2007 complete and 0 interrupted iterations
concurrency   [  54% ] 16/50 VUs  4m01.9s/7m30.0s

running (4m03.0s), 16/50 VUs, 2025 complete and 0 interrupted iterations
concurrency   [  54% ] 16/50 VUs  4m02.9s/7m30.0s

running (4m04.0s), 17/50 VUs, 2044 complete and 0 interrupted iterations
concurrency   [  54% ] 17/50 VUs  4m03.9s/7m30.0s

running (4m05.0s), 17/50 VUs, 2068 complete and 0 interrupted iterations
concurrency   [  54% ] 17/50 VUs  4m04.9s/7m30.0s

running (4m06.0s), 17/50 VUs, 2089 complete and 0 interrupted iterations
concurrency   [  55% ] 17/50 VUs  4m05.9s/7m30.0s

running (4m07.0s), 17/50 VUs, 2108 complete and 0 interrupted iterations
concurrency   [  55% ] 17/50 VUs  4m06.9s/7m30.0s

running (4m08.0s), 17/50 VUs, 2127 complete and 0 interrupted iterations
concurrency   [  55% ] 17/50 VUs  4m07.9s/7m30.0s

running (4m09.0s), 17/50 VUs, 2147 complete and 0 interrupted iterations
concurrency   [  55% ] 17/50 VUs  4m08.9s/7m30.0s

running (4m10.0s), 17/50 VUs, 2172 complete and 0 interrupted iterations
concurrency   [  56% ] 17/50 VUs  4m09.9s/7m30.0s

running (4m11.0s), 17/50 VUs, 2192 complete and 0 interrupted iterations
concurrency   [  56% ] 17/50 VUs  4m10.9s/7m30.0s

running (4m12.0s), 17/50 VUs, 2210 complete and 0 interrupted iterations
concurrency   [  56% ] 17/50 VUs  4m11.9s/7m30.0s

running (4m13.0s), 18/50 VUs, 2230 complete and 0 interrupted iterations
concurrency   [  56% ] 18/50 VUs  4m12.9s/7m30.0s

running (4m14.0s), 18/50 VUs, 2252 complete and 0 interrupted iterations
concurrency   [  56% ] 18/50 VUs  4m13.9s/7m30.0s

running (4m15.0s), 18/50 VUs, 2279 complete and 0 interrupted iterations
concurrency   [  57% ] 18/50 VUs  4m14.9s/7m30.0s

running (4m16.0s), 18/50 VUs, 2299 complete and 0 interrupted iterations
concurrency   [  57% ] 18/50 VUs  4m15.9s/7m30.0s

running (4m17.0s), 18/50 VUs, 2318 complete and 0 interrupted iterations
concurrency   [  57% ] 18/50 VUs  4m16.9s/7m30.0s

running (4m18.0s), 18/50 VUs, 2338 complete and 0 interrupted iterations
concurrency   [  57% ] 18/50 VUs  4m17.9s/7m30.0s

running (4m19.0s), 18/50 VUs, 2363 complete and 0 interrupted iterations
concurrency   [  58% ] 18/50 VUs  4m18.9s/7m30.0s

running (4m20.0s), 18/50 VUs, 2387 complete and 0 interrupted iterations
concurrency   [  58% ] 18/50 VUs  4m19.9s/7m30.0s

running (4m21.0s), 18/50 VUs, 2407 complete and 0 interrupted iterations
concurrency   [  58% ] 18/50 VUs  4m20.9s/7m30.0s

running (4m22.0s), 19/50 VUs, 2427 complete and 0 interrupted iterations
concurrency   [  58% ] 19/50 VUs  4m21.9s/7m30.0s

running (4m23.0s), 19/50 VUs, 2449 complete and 0 interrupted iterations
concurrency   [  58% ] 19/50 VUs  4m22.9s/7m30.0s

running (4m24.0s), 19/50 VUs, 2475 complete and 0 interrupted iterations
concurrency   [  59% ] 19/50 VUs  4m23.9s/7m30.0s

running (4m25.0s), 19/50 VUs, 2500 complete and 0 interrupted iterations
concurrency   [  59% ] 19/50 VUs  4m24.9s/7m30.0s

running (4m26.0s), 19/50 VUs, 2520 complete and 0 interrupted iterations
concurrency   [  59% ] 19/50 VUs  4m25.9s/7m30.0s

running (4m27.0s), 19/50 VUs, 2541 complete and 0 interrupted iterations
concurrency   [  59% ] 19/50 VUs  4m26.9s/7m30.0s

running (4m28.0s), 19/50 VUs, 2565 complete and 0 interrupted iterations
concurrency   [  60% ] 19/50 VUs  4m27.9s/7m30.0s

running (4m29.0s), 19/50 VUs, 2590 complete and 0 interrupted iterations
concurrency   [  60% ] 19/50 VUs  4m28.9s/7m30.0s

running (4m30.0s), 19/50 VUs, 2614 complete and 0 interrupted iterations
concurrency   [  60% ] 19/50 VUs  4m29.9s/7m30.0s

running (4m31.0s), 20/50 VUs, 2635 complete and 0 interrupted iterations
concurrency   [  60% ] 20/50 VUs  4m30.9s/7m30.0s

running (4m32.0s), 20/50 VUs, 2657 complete and 0 interrupted iterations
concurrency   [  60% ] 20/50 VUs  4m31.9s/7m30.0s

running (4m33.0s), 20/50 VUs, 2683 complete and 0 interrupted iterations
concurrency   [  61% ] 20/50 VUs  4m32.9s/7m30.0s

running (4m34.0s), 21/50 VUs, 2710 complete and 0 interrupted iterations
concurrency   [  61% ] 21/50 VUs  4m33.9s/7m30.0s

running (4m35.0s), 21/50 VUs, 2736 complete and 0 interrupted iterations
concurrency   [  61% ] 21/50 VUs  4m34.9s/7m30.0s

running (4m36.0s), 21/50 VUs, 2759 complete and 0 interrupted iterations
concurrency   [  61% ] 21/50 VUs  4m35.9s/7m30.0s

running (4m37.0s), 22/50 VUs, 2782 complete and 0 interrupted iterations
concurrency   [  62% ] 22/50 VUs  4m36.9s/7m30.0s

running (4m38.0s), 22/50 VUs, 2811 complete and 0 interrupted iterations
concurrency   [  62% ] 22/50 VUs  4m37.9s/7m30.0s

running (4m39.0s), 22/50 VUs, 2839 complete and 0 interrupted iterations
concurrency   [  62% ] 22/50 VUs  4m38.9s/7m30.0s

running (4m40.0s), 23/50 VUs, 2867 complete and 0 interrupted iterations
concurrency   [  62% ] 23/50 VUs  4m39.9s/7m30.0s

running (4m41.0s), 23/50 VUs, 2893 complete and 0 interrupted iterations
concurrency   [  62% ] 23/50 VUs  4m40.9s/7m30.0s

running (4m42.0s), 23/50 VUs, 2918 complete and 0 interrupted iterations
concurrency   [  63% ] 23/50 VUs  4m41.9s/7m30.0s

running (4m43.0s), 24/50 VUs, 2950 complete and 0 interrupted iterations
concurrency   [  63% ] 24/50 VUs  4m42.9s/7m30.0s

running (4m44.0s), 24/50 VUs, 2979 complete and 0 interrupted iterations
concurrency   [  63% ] 24/50 VUs  4m43.9s/7m30.0s

running (4m45.0s), 24/50 VUs, 3008 complete and 0 interrupted iterations
concurrency   [  63% ] 24/50 VUs  4m44.9s/7m30.0s

running (4m46.0s), 25/50 VUs, 3036 complete and 0 interrupted iterations
concurrency   [  64% ] 25/50 VUs  4m45.9s/7m30.0s

running (4m47.0s), 25/50 VUs, 3065 complete and 0 interrupted iterations
concurrency   [  64% ] 25/50 VUs  4m46.9s/7m30.0s

running (4m48.0s), 25/50 VUs, 3094 complete and 0 interrupted iterations
concurrency   [  64% ] 25/50 VUs  4m47.9s/7m30.0s

running (4m49.0s), 26/50 VUs, 3129 complete and 0 interrupted iterations
concurrency   [  64% ] 26/50 VUs  4m48.9s/7m30.0s

running (4m50.0s), 26/50 VUs, 3159 complete and 0 interrupted iterations
concurrency   [  64% ] 26/50 VUs  4m49.9s/7m30.0s

running (4m51.0s), 26/50 VUs, 3189 complete and 0 interrupted iterations
concurrency   [  65% ] 26/50 VUs  4m50.9s/7m30.0s

running (4m52.0s), 27/50 VUs, 3218 complete and 0 interrupted iterations
concurrency   [  65% ] 27/50 VUs  4m51.9s/7m30.0s

running (4m53.0s), 27/50 VUs, 3252 complete and 0 interrupted iterations
concurrency   [  65% ] 27/50 VUs  4m52.9s/7m30.0s

running (4m54.0s), 27/50 VUs, 3286 complete and 0 interrupted iterations
concurrency   [  65% ] 27/50 VUs  4m53.9s/7m30.0s

running (4m55.0s), 28/50 VUs, 3320 complete and 0 interrupted iterations
concurrency   [  66% ] 28/50 VUs  4m54.9s/7m30.0s

running (4m56.0s), 28/50 VUs, 3352 complete and 0 interrupted iterations
concurrency   [  66% ] 28/50 VUs  4m55.9s/7m30.0s

running (4m57.0s), 28/50 VUs, 3383 complete and 0 interrupted iterations
concurrency   [  66% ] 28/50 VUs  4m56.9s/7m30.0s

running (4m58.0s), 29/50 VUs, 3417 complete and 0 interrupted iterations
concurrency   [  66% ] 29/50 VUs  4m57.9s/7m30.0s

running (4m59.0s), 29/50 VUs, 3453 complete and 0 interrupted iterations
concurrency   [  66% ] 29/50 VUs  4m58.9s/7m30.0s

running (5m00.0s), 29/50 VUs, 3489 complete and 0 interrupted iterations
concurrency   [  67% ] 29/50 VUs  4m59.9s/7m30.0s

running (5m01.0s), 30/50 VUs, 3526 complete and 0 interrupted iterations
concurrency   [  67% ] 30/50 VUs  5m00.9s/7m30.0s

running (5m02.0s), 30/50 VUs, 3560 complete and 0 interrupted iterations
concurrency   [  67% ] 30/50 VUs  5m01.9s/7m30.0s

running (5m03.0s), 30/50 VUs, 3594 complete and 0 interrupted iterations
concurrency   [  67% ] 30/50 VUs  5m02.9s/7m30.0s

running (5m04.0s), 31/50 VUs, 3631 complete and 0 interrupted iterations
concurrency   [  68% ] 31/50 VUs  5m03.9s/7m30.0s

running (5m05.0s), 31/50 VUs, 3670 complete and 0 interrupted iterations
concurrency   [  68% ] 31/50 VUs  5m04.9s/7m30.0s
time="2026-08-03T16:53:22Z" level=warning msg="The test has generated metrics with 100128 unique time series, which is higher than the suggested limit of 100000 and could cause high memory usage. Consider not using high-cardinality values like unique IDs as metric tags or, if you need them in the URL, use the name metric tag or URL grouping. See https://grafana.com/docs/k6/latest/using-k6/tags-and-groups/ for details." component=metrics-engine-ingester

running (5m06.0s), 31/50 VUs, 3707 complete and 0 interrupted iterations
concurrency   [  68% ] 31/50 VUs  5m05.9s/7m30.0s

running (5m07.0s), 32/50 VUs, 3745 complete and 0 interrupted iterations
concurrency   [  68% ] 32/50 VUs  5m06.9s/7m30.0s

running (5m08.0s), 32/50 VUs, 3781 complete and 0 interrupted iterations
concurrency   [  68% ] 32/50 VUs  5m07.9s/7m30.0s

running (5m09.0s), 32/50 VUs, 3817 complete and 0 interrupted iterations
concurrency   [  69% ] 32/50 VUs  5m08.9s/7m30.0s

running (5m10.0s), 33/50 VUs, 3857 complete and 0 interrupted iterations
concurrency   [  69% ] 33/50 VUs  5m09.9s/7m30.0s

running (5m11.0s), 33/50 VUs, 3896 complete and 0 interrupted iterations
concurrency   [  69% ] 33/50 VUs  5m10.9s/7m30.0s

running (5m12.0s), 33/50 VUs, 3931 complete and 0 interrupted iterations
concurrency   [  69% ] 33/50 VUs  5m11.9s/7m30.0s

running (5m13.0s), 34/50 VUs, 3968 complete and 0 interrupted iterations
concurrency   [  70% ] 34/50 VUs  5m12.9s/7m30.0s

running (5m14.0s), 34/50 VUs, 4015 complete and 0 interrupted iterations
concurrency   [  70% ] 34/50 VUs  5m13.9s/7m30.0s

running (5m15.0s), 34/50 VUs, 4055 complete and 0 interrupted iterations
concurrency   [  70% ] 34/50 VUs  5m14.9s/7m30.0s

running (5m16.0s), 35/50 VUs, 4098 complete and 0 interrupted iterations
concurrency   [  70% ] 35/50 VUs  5m15.9s/7m30.0s

running (5m17.0s), 35/50 VUs, 4136 complete and 0 interrupted iterations
concurrency   [  70% ] 35/50 VUs  5m16.9s/7m30.0s

running (5m18.0s), 35/50 VUs, 4175 complete and 0 interrupted iterations
concurrency   [  71% ] 35/50 VUs  5m17.9s/7m30.0s

running (5m19.0s), 36/50 VUs, 4212 complete and 0 interrupted iterations
concurrency   [  71% ] 36/50 VUs  5m18.9s/7m30.0s

running (5m20.0s), 36/50 VUs, 4252 complete and 0 interrupted iterations
concurrency   [  71% ] 36/50 VUs  5m19.9s/7m30.0s

running (5m21.0s), 36/50 VUs, 4294 complete and 0 interrupted iterations
concurrency   [  71% ] 36/50 VUs  5m20.9s/7m30.0s

running (5m22.0s), 37/50 VUs, 4334 complete and 0 interrupted iterations
concurrency   [  72% ] 37/50 VUs  5m21.9s/7m30.0s

running (5m23.0s), 37/50 VUs, 4376 complete and 0 interrupted iterations
concurrency   [  72% ] 37/50 VUs  5m22.9s/7m30.0s

running (5m24.0s), 37/50 VUs, 4423 complete and 0 interrupted iterations
concurrency   [  72% ] 37/50 VUs  5m23.9s/7m30.0s

running (5m25.0s), 38/50 VUs, 4472 complete and 0 interrupted iterations
concurrency   [  72% ] 38/50 VUs  5m24.9s/7m30.0s

running (5m26.0s), 38/50 VUs, 4515 complete and 0 interrupted iterations
concurrency   [  72% ] 38/50 VUs  5m25.9s/7m30.0s

running (5m27.0s), 38/50 VUs, 4557 complete and 0 interrupted iterations
concurrency   [  73% ] 38/50 VUs  5m26.9s/7m30.0s

running (5m28.0s), 39/50 VUs, 4600 complete and 0 interrupted iterations
concurrency   [  73% ] 39/50 VUs  5m27.9s/7m30.0s

running (5m29.0s), 39/50 VUs, 4646 complete and 0 interrupted iterations
concurrency   [  73% ] 39/50 VUs  5m28.9s/7m30.0s

running (5m30.0s), 39/50 VUs, 4687 complete and 0 interrupted iterations
concurrency   [  73% ] 39/50 VUs  5m29.9s/7m30.0s

running (5m31.0s), 40/50 VUs, 4731 complete and 0 interrupted iterations
concurrency   [  74% ] 40/50 VUs  5m30.9s/7m30.0s

running (5m32.0s), 40/50 VUs, 4780 complete and 0 interrupted iterations
concurrency   [  74% ] 40/50 VUs  5m31.9s/7m30.0s

running (5m33.0s), 40/50 VUs, 4827 complete and 0 interrupted iterations
concurrency   [  74% ] 40/50 VUs  5m32.9s/7m30.0s

running (5m34.0s), 41/50 VUs, 4870 complete and 0 interrupted iterations
concurrency   [  74% ] 41/50 VUs  5m33.9s/7m30.0s

running (5m35.0s), 41/50 VUs, 4912 complete and 0 interrupted iterations
concurrency   [  74% ] 41/50 VUs  5m34.9s/7m30.0s

running (5m36.0s), 41/50 VUs, 4960 complete and 0 interrupted iterations
concurrency   [  75% ] 41/50 VUs  5m35.9s/7m30.0s

running (5m37.0s), 42/50 VUs, 5009 complete and 0 interrupted iterations
concurrency   [  75% ] 42/50 VUs  5m36.9s/7m30.0s

running (5m38.0s), 42/50 VUs, 5057 complete and 0 interrupted iterations
concurrency   [  75% ] 42/50 VUs  5m37.9s/7m30.0s

running (5m39.0s), 42/50 VUs, 5105 complete and 0 interrupted iterations
concurrency   [  75% ] 42/50 VUs  5m38.9s/7m30.0s

running (5m40.0s), 43/50 VUs, 5152 complete and 0 interrupted iterations
concurrency   [  76% ] 43/50 VUs  5m39.9s/7m30.0s

running (5m41.0s), 43/50 VUs, 5197 complete and 0 interrupted iterations
concurrency   [  76% ] 43/50 VUs  5m40.9s/7m30.0s

running (5m42.0s), 43/50 VUs, 5243 complete and 0 interrupted iterations
concurrency   [  76% ] 43/50 VUs  5m41.9s/7m30.0s

running (5m43.0s), 44/50 VUs, 5292 complete and 0 interrupted iterations
concurrency   [  76% ] 44/50 VUs  5m42.9s/7m30.0s

running (5m44.0s), 44/50 VUs, 5342 complete and 0 interrupted iterations
concurrency   [  76% ] 44/50 VUs  5m43.9s/7m30.0s

running (5m45.0s), 44/50 VUs, 5392 complete and 0 interrupted iterations
concurrency   [  77% ] 44/50 VUs  5m44.9s/7m30.0s

running (5m46.0s), 45/50 VUs, 5447 complete and 0 interrupted iterations
concurrency   [  77% ] 45/50 VUs  5m45.9s/7m30.0s

running (5m47.0s), 45/50 VUs, 5508 complete and 0 interrupted iterations
concurrency   [  77% ] 45/50 VUs  5m46.9s/7m30.0s

running (5m48.0s), 45/50 VUs, 5553 complete and 0 interrupted iterations
concurrency   [  77% ] 45/50 VUs  5m47.9s/7m30.0s

running (5m49.0s), 46/50 VUs, 5601 complete and 0 interrupted iterations
concurrency   [  78% ] 46/50 VUs  5m48.9s/7m30.0s

running (5m50.0s), 46/50 VUs, 5650 complete and 0 interrupted iterations
concurrency   [  78% ] 46/50 VUs  5m49.9s/7m30.0s

running (5m51.0s), 46/50 VUs, 5697 complete and 0 interrupted iterations
concurrency   [  78% ] 46/50 VUs  5m50.9s/7m30.0s

running (5m52.0s), 47/50 VUs, 5744 complete and 0 interrupted iterations
concurrency   [  78% ] 47/50 VUs  5m51.9s/7m30.0s

running (5m53.0s), 47/50 VUs, 5798 complete and 0 interrupted iterations
concurrency   [  78% ] 47/50 VUs  5m52.9s/7m30.0s

running (5m54.0s), 47/50 VUs, 5854 complete and 0 interrupted iterations
concurrency   [  79% ] 47/50 VUs  5m53.9s/7m30.0s

running (5m55.0s), 48/50 VUs, 5907 complete and 0 interrupted iterations
concurrency   [  79% ] 48/50 VUs  5m54.9s/7m30.0s

running (5m56.0s), 48/50 VUs, 5958 complete and 0 interrupted iterations
concurrency   [  79% ] 48/50 VUs  5m55.9s/7m30.0s

running (5m57.0s), 48/50 VUs, 6016 complete and 0 interrupted iterations
concurrency   [  79% ] 48/50 VUs  5m56.9s/7m30.0s

running (5m58.0s), 49/50 VUs, 6070 complete and 0 interrupted iterations
concurrency   [  80% ] 49/50 VUs  5m57.9s/7m30.0s

running (5m59.0s), 49/50 VUs, 6122 complete and 0 interrupted iterations
concurrency   [  80% ] 49/50 VUs  5m58.9s/7m30.0s

running (6m00.0s), 49/50 VUs, 6178 complete and 0 interrupted iterations
concurrency   [  80% ] 49/50 VUs  5m59.9s/7m30.0s

running (6m01.0s), 50/50 VUs, 6244 complete and 0 interrupted iterations
concurrency   [  80% ] 50/50 VUs  6m00.9s/7m30.0s

running (6m02.0s), 50/50 VUs, 6305 complete and 0 interrupted iterations
concurrency   [  80% ] 50/50 VUs  6m01.9s/7m30.0s

running (6m03.0s), 50/50 VUs, 6359 complete and 0 interrupted iterations
concurrency   [  81% ] 50/50 VUs  6m02.9s/7m30.0s

running (6m04.0s), 50/50 VUs, 6410 complete and 0 interrupted iterations
concurrency   [  81% ] 50/50 VUs  6m03.9s/7m30.0s

running (6m05.0s), 50/50 VUs, 6462 complete and 0 interrupted iterations
concurrency   [  81% ] 50/50 VUs  6m04.9s/7m30.0s

running (6m06.0s), 50/50 VUs, 6512 complete and 0 interrupted iterations
concurrency   [  81% ] 50/50 VUs  6m05.9s/7m30.0s

running (6m07.0s), 50/50 VUs, 6565 complete and 0 interrupted iterations
concurrency   [  82% ] 50/50 VUs  6m06.9s/7m30.0s

running (6m08.0s), 50/50 VUs, 6619 complete and 0 interrupted iterations
concurrency   [  82% ] 50/50 VUs  6m07.9s/7m30.0s

running (6m09.0s), 50/50 VUs, 6682 complete and 0 interrupted iterations
concurrency   [  82% ] 50/50 VUs  6m08.9s/7m30.0s

running (6m10.0s), 50/50 VUs, 6747 complete and 0 interrupted iterations
concurrency   [  82% ] 50/50 VUs  6m09.9s/7m30.0s

running (6m11.0s), 50/50 VUs, 6798 complete and 0 interrupted iterations
concurrency   [  82% ] 50/50 VUs  6m10.9s/7m30.0s

running (6m12.0s), 50/50 VUs, 6863 complete and 0 interrupted iterations
concurrency   [  83% ] 50/50 VUs  6m11.9s/7m30.0s

running (6m13.0s), 50/50 VUs, 6916 complete and 0 interrupted iterations
concurrency   [  83% ] 50/50 VUs  6m12.9s/7m30.0s

running (6m14.0s), 50/50 VUs, 6969 complete and 0 interrupted iterations
concurrency   [  83% ] 50/50 VUs  6m13.9s/7m30.0s

running (6m15.0s), 50/50 VUs, 7019 complete and 0 interrupted iterations
concurrency   [  83% ] 50/50 VUs  6m14.9s/7m30.0s

running (6m16.0s), 50/50 VUs, 7075 complete and 0 interrupted iterations
concurrency   [  84% ] 50/50 VUs  6m15.9s/7m30.0s

running (6m17.0s), 50/50 VUs, 7125 complete and 0 interrupted iterations
concurrency   [  84% ] 50/50 VUs  6m16.9s/7m30.0s

running (6m18.0s), 50/50 VUs, 7176 complete and 0 interrupted iterations
concurrency   [  84% ] 50/50 VUs  6m17.9s/7m30.0s

running (6m19.0s), 50/50 VUs, 7227 complete and 0 interrupted iterations
concurrency   [  84% ] 50/50 VUs  6m18.9s/7m30.0s

running (6m20.0s), 50/50 VUs, 7279 complete and 0 interrupted iterations
concurrency   [  84% ] 50/50 VUs  6m19.9s/7m30.0s

running (6m21.0s), 50/50 VUs, 7332 complete and 0 interrupted iterations
concurrency   [  85% ] 50/50 VUs  6m20.9s/7m30.0s
time="2026-08-03T16:54:38Z" level=warning msg="The test has generated metrics with 200037 unique time series, which is higher than the suggested limit of 100000 and could cause high memory usage. Consider not using high-cardinality values like unique IDs as metric tags or, if you need them in the URL, use the name metric tag or URL grouping. See https://grafana.com/docs/k6/latest/using-k6/tags-and-groups/ for details." component=metrics-engine-ingester

running (6m22.0s), 50/50 VUs, 7389 complete and 0 interrupted iterations
concurrency   [  85% ] 50/50 VUs  6m21.9s/7m30.0s

running (6m23.0s), 50/50 VUs, 7442 complete and 0 interrupted iterations
concurrency   [  85% ] 50/50 VUs  6m22.9s/7m30.0s

running (6m24.0s), 50/50 VUs, 7498 complete and 0 interrupted iterations
concurrency   [  85% ] 50/50 VUs  6m23.9s/7m30.0s

running (6m25.0s), 50/50 VUs, 7558 complete and 0 interrupted iterations
concurrency   [  86% ] 50/50 VUs  6m24.9s/7m30.0s

running (6m26.0s), 50/50 VUs, 7613 complete and 0 interrupted iterations
concurrency   [  86% ] 50/50 VUs  6m25.9s/7m30.0s

running (6m27.0s), 50/50 VUs, 7670 complete and 0 interrupted iterations
concurrency   [  86% ] 50/50 VUs  6m26.9s/7m30.0s

running (6m28.0s), 50/50 VUs, 7734 complete and 0 interrupted iterations
concurrency   [  86% ] 50/50 VUs  6m27.9s/7m30.0s

running (6m29.0s), 50/50 VUs, 7784 complete and 0 interrupted iterations
concurrency   [  86% ] 50/50 VUs  6m28.9s/7m30.0s

running (6m30.0s), 50/50 VUs, 7834 complete and 0 interrupted iterations
concurrency   [  87% ] 50/50 VUs  6m29.9s/7m30.0s

running (6m31.0s), 50/50 VUs, 7883 complete and 0 interrupted iterations
concurrency   [  87% ] 50/50 VUs  6m30.9s/7m30.0s

running (6m32.0s), 50/50 VUs, 7938 complete and 0 interrupted iterations
concurrency   [  87% ] 50/50 VUs  6m31.9s/7m30.0s

running (6m33.0s), 50/50 VUs, 7994 complete and 0 interrupted iterations
concurrency   [  87% ] 50/50 VUs  6m32.9s/7m30.0s

running (6m34.0s), 50/50 VUs, 8050 complete and 0 interrupted iterations
concurrency   [  88% ] 50/50 VUs  6m33.9s/7m30.0s

running (6m35.0s), 50/50 VUs, 8104 complete and 0 interrupted iterations
concurrency   [  88% ] 50/50 VUs  6m34.9s/7m30.0s

running (6m36.0s), 50/50 VUs, 8160 complete and 0 interrupted iterations
concurrency   [  88% ] 50/50 VUs  6m35.9s/7m30.0s

running (6m37.0s), 50/50 VUs, 8215 complete and 0 interrupted iterations
concurrency   [  88% ] 50/50 VUs  6m36.9s/7m30.0s

running (6m38.0s), 50/50 VUs, 8269 complete and 0 interrupted iterations
concurrency   [  88% ] 50/50 VUs  6m37.9s/7m30.0s

running (6m39.0s), 50/50 VUs, 8330 complete and 0 interrupted iterations
concurrency   [  89% ] 50/50 VUs  6m38.9s/7m30.0s

running (6m40.0s), 50/50 VUs, 8382 complete and 0 interrupted iterations
concurrency   [  89% ] 50/50 VUs  6m39.9s/7m30.0s

running (6m41.0s), 50/50 VUs, 8438 complete and 0 interrupted iterations
concurrency   [  89% ] 50/50 VUs  6m40.9s/7m30.0s

running (6m42.0s), 50/50 VUs, 8492 complete and 0 interrupted iterations
concurrency   [  89% ] 50/50 VUs  6m41.9s/7m30.0s

running (6m43.0s), 50/50 VUs, 8546 complete and 0 interrupted iterations
concurrency   [  90% ] 50/50 VUs  6m42.9s/7m30.0s

running (6m44.0s), 50/50 VUs, 8604 complete and 0 interrupted iterations
concurrency   [  90% ] 50/50 VUs  6m43.9s/7m30.0s

running (6m45.0s), 50/50 VUs, 8659 complete and 0 interrupted iterations
concurrency   [  90% ] 50/50 VUs  6m44.9s/7m30.0s

running (6m46.0s), 50/50 VUs, 8717 complete and 0 interrupted iterations
concurrency   [  90% ] 50/50 VUs  6m45.9s/7m30.0s

running (6m47.0s), 50/50 VUs, 8773 complete and 0 interrupted iterations
concurrency   [  90% ] 50/50 VUs  6m46.9s/7m30.0s

running (6m48.0s), 50/50 VUs, 8827 complete and 0 interrupted iterations
concurrency   [  91% ] 50/50 VUs  6m47.9s/7m30.0s

running (6m49.0s), 50/50 VUs, 8881 complete and 0 interrupted iterations
concurrency   [  91% ] 50/50 VUs  6m48.9s/7m30.0s

running (6m50.0s), 50/50 VUs, 8939 complete and 0 interrupted iterations
concurrency   [  91% ] 50/50 VUs  6m49.9s/7m30.0s

running (6m51.0s), 50/50 VUs, 8993 complete and 0 interrupted iterations
concurrency   [  91% ] 50/50 VUs  6m50.9s/7m30.0s

running (6m52.0s), 50/50 VUs, 9050 complete and 0 interrupted iterations
concurrency   [  92% ] 50/50 VUs  6m51.9s/7m30.0s

running (6m53.0s), 50/50 VUs, 9110 complete and 0 interrupted iterations
concurrency   [  92% ] 50/50 VUs  6m52.9s/7m30.0s

running (6m54.0s), 50/50 VUs, 9174 complete and 0 interrupted iterations
concurrency   [  92% ] 50/50 VUs  6m53.9s/7m30.0s

running (6m55.0s), 50/50 VUs, 9232 complete and 0 interrupted iterations
concurrency   [  92% ] 50/50 VUs  6m54.9s/7m30.0s

running (6m56.0s), 50/50 VUs, 9285 complete and 0 interrupted iterations
concurrency   [  92% ] 50/50 VUs  6m55.9s/7m30.0s

running (6m57.0s), 50/50 VUs, 9337 complete and 0 interrupted iterations
concurrency   [  93% ] 50/50 VUs  6m56.9s/7m30.0s

running (6m58.0s), 50/50 VUs, 9393 complete and 0 interrupted iterations
concurrency   [  93% ] 50/50 VUs  6m57.9s/7m30.0s

running (6m59.0s), 50/50 VUs, 9447 complete and 0 interrupted iterations
concurrency   [  93% ] 50/50 VUs  6m58.9s/7m30.0s

running (7m00.0s), 50/50 VUs, 9500 complete and 0 interrupted iterations
concurrency   [  93% ] 50/50 VUs  6m59.9s/7m30.0s

running (7m01.0s), 50/50 VUs, 9557 complete and 0 interrupted iterations
concurrency   [  94% ] 50/50 VUs  7m00.9s/7m30.0s

running (7m02.0s), 50/50 VUs, 9617 complete and 0 interrupted iterations
concurrency   [  94% ] 50/50 VUs  7m01.9s/7m30.0s

running (7m03.0s), 50/50 VUs, 9677 complete and 0 interrupted iterations
concurrency   [  94% ] 50/50 VUs  7m02.9s/7m30.0s

running (7m04.0s), 50/50 VUs, 9731 complete and 0 interrupted iterations
concurrency   [  94% ] 50/50 VUs  7m03.9s/7m30.0s

running (7m05.0s), 50/50 VUs, 9788 complete and 0 interrupted iterations
concurrency   [  94% ] 50/50 VUs  7m04.9s/7m30.0s

running (7m06.0s), 50/50 VUs, 9839 complete and 0 interrupted iterations
concurrency   [  95% ] 50/50 VUs  7m05.9s/7m30.0s

running (7m07.0s), 50/50 VUs, 9893 complete and 0 interrupted iterations
concurrency   [  95% ] 50/50 VUs  7m06.9s/7m30.0s

running (7m08.0s), 50/50 VUs, 9947 complete and 0 interrupted iterations
concurrency   [  95% ] 50/50 VUs  7m07.9s/7m30.0s

running (7m09.0s), 50/50 VUs, 10012 complete and 0 interrupted iterations
concurrency   [  95% ] 50/50 VUs  7m08.9s/7m30.0s

running (7m10.0s), 50/50 VUs, 10068 complete and 0 interrupted iterations
concurrency   [  96% ] 50/50 VUs  7m09.9s/7m30.0s

running (7m11.0s), 50/50 VUs, 10122 complete and 0 interrupted iterations
concurrency   [  96% ] 50/50 VUs  7m10.9s/7m30.0s

running (7m12.0s), 50/50 VUs, 10191 complete and 0 interrupted iterations
concurrency   [  96% ] 50/50 VUs  7m11.9s/7m30.0s

running (7m13.0s), 50/50 VUs, 10244 complete and 0 interrupted iterations
concurrency   [  96% ] 50/50 VUs  7m12.9s/7m30.0s

running (7m14.0s), 50/50 VUs, 10295 complete and 0 interrupted iterations
concurrency   [  96% ] 50/50 VUs  7m13.9s/7m30.0s

running (7m15.0s), 50/50 VUs, 10349 complete and 0 interrupted iterations
concurrency   [  97% ] 50/50 VUs  7m14.9s/7m30.0s

running (7m16.0s), 50/50 VUs, 10402 complete and 0 interrupted iterations
concurrency   [  97% ] 50/50 VUs  7m15.9s/7m30.0s

running (7m17.0s), 50/50 VUs, 10457 complete and 0 interrupted iterations
concurrency   [  97% ] 50/50 VUs  7m16.9s/7m30.0s

running (7m18.0s), 50/50 VUs, 10514 complete and 0 interrupted iterations
concurrency   [  97% ] 50/50 VUs  7m17.9s/7m30.0s

running (7m19.0s), 50/50 VUs, 10571 complete and 0 interrupted iterations
concurrency   [  98% ] 50/50 VUs  7m18.9s/7m30.0s

running (7m20.0s), 50/50 VUs, 10632 complete and 0 interrupted iterations
concurrency   [  98% ] 50/50 VUs  7m19.9s/7m30.0s

running (7m21.0s), 50/50 VUs, 10692 complete and 0 interrupted iterations
concurrency   [  98% ] 50/50 VUs  7m20.9s/7m30.0s

running (7m22.0s), 50/50 VUs, 10746 complete and 0 interrupted iterations
concurrency   [  98% ] 50/50 VUs  7m21.9s/7m30.0s

running (7m23.0s), 50/50 VUs, 10807 complete and 0 interrupted iterations
concurrency   [  98% ] 50/50 VUs  7m22.9s/7m30.0s

running (7m24.0s), 50/50 VUs, 10860 complete and 0 interrupted iterations
concurrency   [  99% ] 50/50 VUs  7m23.9s/7m30.0s

running (7m25.0s), 50/50 VUs, 10916 complete and 0 interrupted iterations
concurrency   [  99% ] 50/50 VUs  7m24.9s/7m30.0s

running (7m26.0s), 50/50 VUs, 10971 complete and 0 interrupted iterations
concurrency   [  99% ] 50/50 VUs  7m25.9s/7m30.0s

running (7m27.0s), 50/50 VUs, 11021 complete and 0 interrupted iterations
concurrency   [  99% ] 50/50 VUs  7m26.9s/7m30.0s

running (7m28.0s), 50/50 VUs, 11075 complete and 0 interrupted iterations
concurrency   [ 100% ] 50/50 VUs  7m27.9s/7m30.0s

running (7m29.0s), 50/50 VUs, 11131 complete and 0 interrupted iterations
concurrency   [ 100% ] 50/50 VUs  7m28.9s/7m30.0s

running (7m30.0s), 50/50 VUs, 11184 complete and 0 interrupted iterations
concurrency   [ 100% ] 50/50 VUs  7m29.9s/7m30.0s

running (7m30.9s), 00/50 VUs, 11239 complete and 0 interrupted iterations
concurrency ✓ [ 100% ] 00/50 VUs  7m30s

================ DSP benchmark summary ================
-- per-phase latency --
  catalog                    p50=26.2 ms  p95=122.0 ms  p99=144.5 ms  max=219.4 ms  n=11239
  negotiation init (POST)    p50=12.4 ms  p95=50.6 ms  p99=65.4 ms  max=215.4 ms  n=11239
  time-to-AGREED (async)     p50=252.0 ms  p95=253.0 ms  p99=254.0 ms  max=271.0 ms  n=11239
  transfer init (POST)       p50=21.8 ms  p95=39.5 ms  p99=50.3 ms  max=101.6 ms  n=11239
  time-to-EDR (async)        p50=252.0 ms  p95=253.0 ms  p99=254.0 ms  max=273.0 ms  n=11239
  data pull                  p50=13.2 ms  p95=24.1 ms  p99=30.4 ms  max=194.5 ms  n=11239
-- end-to-end + throughput --
  e2e transaction            p50=846.0 ms  p95=978.0 ms  p99=1010.0 ms  max=1080.0 ms  n=11239
  data throughput (MB/s)     p50=0.0  p95=0.0  p99=0.0  max=0.0  n=11239
-- outcomes --
  transactions succeeded     count=11239  rate=24.924/s
  transactions failed        (no data)
  failed rate                rate=0.00%  (pass=0 fail=11239)
    of which TERMINATED      (no data)
    of which TIMED OUT       (no data)
    of which HTTP-FAILED     (no data)
  failure accounting       (no failures)
-- observer effect (poll load) --
  negotiation polls          count=22478  rate=49.848/s
  edr polls                  count=22478  rate=49.848/s
  polls per transaction     negotiation=2.0  edr=2.0  (timeout ceiling=120)
=======================================================
(full summary -> /home/rohitj/edc/benchmarking-dsp-native-basyx/k6-scripts/results/basyx/off/concurrency-closed/2026-08-03T16-47-15Z/k6-summary.json; POLL_INTERVAL_MS=250; IDENTITY_MODE=off)

running (7m30.9s), 00/50 VUs, 11239 complete and 0 interrupted iterations
concurrency ✓ [ 100% ] 00/50 VUs  7m30s
Prometheus snapshot [1785775696..1785776163] svc=(dsp-native-basyx|consumer-controlplane) win=1m -> /home/rohitj/edc/benchmarking-dsp-native-basyx/k6-scripts/results/basyx/off/concurrency-closed/2026-08-03T16-47-15Z
  jvm-heap.csv (94 rows)
  jvm-gc-rate.csv (94 rows)
  jvm-threads.csv (94 rows)
  http-throughput.csv (94 rows)
  http-p95.csv (94 rows)
  http-errors.csv (94 rows)
  http-errors-5xx.csv (0 rows)
  http-status.csv (188 rows)
  host-cpu-busy.csv (94 rows)
  host-mem-used.csv (94 rows)
  5xx: no 5xx in window (confirmed: http-status has 188 samples, so the status label IS scraped)
  logs -> /home/rohitj/edc/benchmarking-dsp-native-basyx/k6-scripts/results/basyx/off/concurrency-closed/2026-08-03T16-47-15Z/logs (1 files)
0
Settling 60s (this run stressed the connector; the next one must not inherit its backlog)
VALIDITY  ok=11239  failed=0  failed_rate=0%  dropped_iterations=0
>>> done: /home/rohitj/edc/benchmarking-dsp-native-basyx/k6-scripts/results/basyx/off/concurrency-closed/2026-08-03T16-47-15Z  (k6 exit 0)
Matrix done. Index: /home/rohitj/edc/benchmarking-dsp-native-basyx/k6-scripts/results/basyx/matrix-2026-08-03T16-47-15Z.log
TIP: aggregate the per-run k6-summary.json across reps into median+IQR before plotting.
16:57:26 |     done (exit 0)
16:57:26 |   … settling 120s before the next scenario
16:59:26 | --> saturation-open
Matrix: connector=basyx reps=1 scenarios=[saturation-open]
===== repetition 1/1 =====
----- basyx / saturation-open (rep 1) -----
>>> basyx / saturation-open  ->  /home/rohitj/edc/benchmarking-dsp-native-basyx/k6-scripts/results/basyx/off/saturation-open/2026-08-03T16-59-26Z
parity OK: lib/ + scenarios/ + orchestration/ + tools/ identical to /home/rohitj/edc/benchmarking-dsp-native-basyx/k6-scripts
Health: http://localhost:8090/dsp http://localhost:8888/health + prometheus  OK
Warmup 60s @ 2/s (discarded)
k6 -> Prometheus remote-write: http://localhost:9090/api/v1/write

         /\      Grafana   /‾‾/  
    /\  /  \     |\  __   /  /   
   /  \/    \    | |/ /  /   ‾‾\ 
  /          \   |   (  |  (‾)  |
 / __________ \  |_|\_\  \_____/ 


     execution: local
        script: /home/rohitj/edc/benchmarking-dsp-native-basyx/k6-scripts/basyx-off/saturation-open.js
        output: Prometheus remote write (http://localhost:9090/api/v1/write)

     scenarios: (100.00%) 1 scenario, 800 max VUs, 11m0s max duration (incl. graceful stop):
              * saturation: Up to 12.00 iterations/s for 10m30s over 7 stages (maxVUs: 100-800, gracefulStop: 30s)


running (00m01.0s), 000/100 VUs, 0 complete and 0 interrupted iterations
saturation   [   0% ] 000/100 VUs  00m00.8s/10m30s  01.00 iters/s

running (00m02.0s), 001/100 VUs, 0 complete and 0 interrupted iterations
saturation   [   0% ] 001/100 VUs  00m01.8s/10m30s  01.00 iters/s

running (00m03.0s), 001/100 VUs, 1 complete and 0 interrupted iterations
saturation   [   0% ] 001/100 VUs  00m02.8s/10m30s  01.00 iters/s

running (00m04.0s), 001/100 VUs, 2 complete and 0 interrupted iterations
saturation   [   1% ] 001/100 VUs  00m03.8s/10m30s  01.00 iters/s

running (00m05.0s), 001/100 VUs, 3 complete and 0 interrupted iterations
saturation   [   1% ] 001/100 VUs  00m04.8s/10m30s  01.00 iters/s

running (00m06.0s), 001/100 VUs, 4 complete and 0 interrupted iterations
saturation   [   1% ] 001/100 VUs  00m05.8s/10m30s  01.00 iters/s

running (00m07.0s), 001/100 VUs, 5 complete and 0 interrupted iterations
saturation   [   1% ] 001/100 VUs  00m06.8s/10m30s  01.00 iters/s

running (00m08.0s), 001/100 VUs, 6 complete and 0 interrupted iterations
saturation   [   1% ] 001/100 VUs  00m07.8s/10m30s  01.00 iters/s

running (00m09.0s), 001/100 VUs, 7 complete and 0 interrupted iterations
saturation   [   1% ] 001/100 VUs  00m08.8s/10m30s  01.00 iters/s

running (00m10.0s), 001/100 VUs, 8 complete and 0 interrupted iterations
saturation   [   2% ] 001/100 VUs  00m09.8s/10m30s  01.00 iters/s

running (00m11.0s), 001/100 VUs, 9 complete and 0 interrupted iterations
saturation   [   2% ] 001/100 VUs  00m10.8s/10m30s  01.00 iters/s

running (00m12.0s), 001/100 VUs, 10 complete and 0 interrupted iterations
saturation   [   2% ] 001/100 VUs  00m11.8s/10m30s  01.00 iters/s

running (00m13.0s), 001/100 VUs, 11 complete and 0 interrupted iterations
saturation   [   2% ] 001/100 VUs  00m12.8s/10m30s  01.00 iters/s

running (00m14.0s), 001/100 VUs, 12 complete and 0 interrupted iterations
saturation   [   2% ] 001/100 VUs  00m13.8s/10m30s  01.00 iters/s

running (00m15.0s), 001/100 VUs, 13 complete and 0 interrupted iterations
saturation   [   2% ] 001/100 VUs  00m14.8s/10m30s  01.00 iters/s

running (00m16.0s), 001/100 VUs, 14 complete and 0 interrupted iterations
saturation   [   3% ] 001/100 VUs  00m15.8s/10m30s  01.00 iters/s

running (00m17.0s), 001/100 VUs, 15 complete and 0 interrupted iterations
saturation   [   3% ] 001/100 VUs  00m16.8s/10m30s  01.00 iters/s

running (00m18.0s), 001/100 VUs, 16 complete and 0 interrupted iterations
saturation   [   3% ] 001/100 VUs  00m17.8s/10m30s  01.00 iters/s

running (00m19.0s), 001/100 VUs, 17 complete and 0 interrupted iterations
saturation   [   3% ] 001/100 VUs  00m18.8s/10m30s  01.00 iters/s

running (00m20.0s), 001/100 VUs, 18 complete and 0 interrupted iterations
saturation   [   3% ] 001/100 VUs  00m19.8s/10m30s  01.00 iters/s

running (00m21.0s), 001/100 VUs, 19 complete and 0 interrupted iterations
saturation   [   3% ] 001/100 VUs  00m20.8s/10m30s  01.00 iters/s

running (00m22.0s), 001/100 VUs, 20 complete and 0 interrupted iterations
saturation   [   3% ] 001/100 VUs  00m21.8s/10m30s  01.00 iters/s

running (00m23.0s), 001/100 VUs, 21 complete and 0 interrupted iterations
saturation   [   4% ] 001/100 VUs  00m22.8s/10m30s  01.00 iters/s

running (00m24.0s), 001/100 VUs, 22 complete and 0 interrupted iterations
saturation   [   4% ] 001/100 VUs  00m23.8s/10m30s  01.00 iters/s

running (00m25.0s), 001/100 VUs, 23 complete and 0 interrupted iterations
saturation   [   4% ] 001/100 VUs  00m24.8s/10m30s  01.00 iters/s

running (00m26.0s), 001/100 VUs, 24 complete and 0 interrupted iterations
saturation   [   4% ] 001/100 VUs  00m25.8s/10m30s  01.00 iters/s

running (00m27.0s), 001/100 VUs, 25 complete and 0 interrupted iterations
saturation   [   4% ] 001/100 VUs  00m26.8s/10m30s  01.00 iters/s

running (00m28.0s), 001/100 VUs, 26 complete and 0 interrupted iterations
saturation   [   4% ] 001/100 VUs  00m27.8s/10m30s  01.00 iters/s

running (00m29.0s), 001/100 VUs, 27 complete and 0 interrupted iterations
saturation   [   5% ] 001/100 VUs  00m28.8s/10m30s  01.00 iters/s

running (00m30.0s), 001/100 VUs, 28 complete and 0 interrupted iterations
saturation   [   5% ] 001/100 VUs  00m29.8s/10m30s  01.00 iters/s

running (00m31.0s), 001/100 VUs, 29 complete and 0 interrupted iterations
saturation   [   5% ] 001/100 VUs  00m30.8s/10m30s  01.00 iters/s

running (00m32.0s), 001/100 VUs, 30 complete and 0 interrupted iterations
saturation   [   5% ] 001/100 VUs  00m31.8s/10m30s  01.00 iters/s

running (00m33.0s), 001/100 VUs, 31 complete and 0 interrupted iterations
saturation   [   5% ] 001/100 VUs  00m32.8s/10m30s  01.00 iters/s

running (00m34.0s), 001/100 VUs, 32 complete and 0 interrupted iterations
saturation   [   5% ] 001/100 VUs  00m33.8s/10m30s  01.00 iters/s

running (00m35.0s), 001/100 VUs, 33 complete and 0 interrupted iterations
saturation   [   6% ] 001/100 VUs  00m34.8s/10m30s  01.00 iters/s

running (00m36.0s), 001/100 VUs, 34 complete and 0 interrupted iterations
saturation   [   6% ] 001/100 VUs  00m35.8s/10m30s  01.00 iters/s

running (00m37.0s), 001/100 VUs, 35 complete and 0 interrupted iterations
saturation   [   6% ] 001/100 VUs  00m36.8s/10m30s  01.00 iters/s

running (00m38.0s), 001/100 VUs, 36 complete and 0 interrupted iterations
saturation   [   6% ] 001/100 VUs  00m37.8s/10m30s  01.00 iters/s

running (00m39.0s), 001/100 VUs, 37 complete and 0 interrupted iterations
saturation   [   6% ] 001/100 VUs  00m38.8s/10m30s  01.00 iters/s

running (00m40.0s), 001/100 VUs, 38 complete and 0 interrupted iterations
saturation   [   6% ] 001/100 VUs  00m39.8s/10m30s  01.00 iters/s

running (00m41.0s), 001/100 VUs, 39 complete and 0 interrupted iterations
saturation   [   6% ] 001/100 VUs  00m40.8s/10m30s  01.00 iters/s

running (00m42.0s), 001/100 VUs, 40 complete and 0 interrupted iterations
saturation   [   7% ] 001/100 VUs  00m41.8s/10m30s  01.00 iters/s

running (00m43.0s), 001/100 VUs, 41 complete and 0 interrupted iterations
saturation   [   7% ] 001/100 VUs  00m42.8s/10m30s  01.00 iters/s

running (00m44.0s), 001/100 VUs, 42 complete and 0 interrupted iterations
saturation   [   7% ] 001/100 VUs  00m43.8s/10m30s  01.00 iters/s

running (00m45.0s), 001/100 VUs, 43 complete and 0 interrupted iterations
saturation   [   7% ] 001/100 VUs  00m44.8s/10m30s  01.00 iters/s

running (00m46.0s), 001/100 VUs, 44 complete and 0 interrupted iterations
saturation   [   7% ] 001/100 VUs  00m45.8s/10m30s  01.00 iters/s

running (00m47.0s), 001/100 VUs, 45 complete and 0 interrupted iterations
saturation   [   7% ] 001/100 VUs  00m46.8s/10m30s  01.00 iters/s

running (00m48.0s), 001/100 VUs, 46 complete and 0 interrupted iterations
saturation   [   8% ] 001/100 VUs  00m47.8s/10m30s  01.00 iters/s

running (00m49.0s), 001/100 VUs, 47 complete and 0 interrupted iterations
saturation   [   8% ] 001/100 VUs  00m48.8s/10m30s  01.00 iters/s

running (00m50.0s), 001/100 VUs, 48 complete and 0 interrupted iterations
saturation   [   8% ] 001/100 VUs  00m49.8s/10m30s  01.00 iters/s

running (00m51.0s), 001/100 VUs, 49 complete and 0 interrupted iterations
saturation   [   8% ] 001/100 VUs  00m50.8s/10m30s  01.00 iters/s

running (00m52.0s), 001/100 VUs, 50 complete and 0 interrupted iterations
saturation   [   8% ] 001/100 VUs  00m51.8s/10m30s  01.00 iters/s

running (00m53.0s), 001/100 VUs, 51 complete and 0 interrupted iterations
saturation   [   8% ] 001/100 VUs  00m52.8s/10m30s  01.00 iters/s

running (00m54.0s), 001/100 VUs, 52 complete and 0 interrupted iterations
saturation   [   9% ] 001/100 VUs  00m53.8s/10m30s  01.00 iters/s

running (00m55.0s), 001/100 VUs, 53 complete and 0 interrupted iterations
saturation   [   9% ] 001/100 VUs  00m54.8s/10m30s  01.00 iters/s

running (00m56.0s), 001/100 VUs, 54 complete and 0 interrupted iterations
saturation   [   9% ] 001/100 VUs  00m55.8s/10m30s  01.00 iters/s

running (00m57.0s), 001/100 VUs, 55 complete and 0 interrupted iterations
saturation   [   9% ] 001/100 VUs  00m56.8s/10m30s  01.00 iters/s

running (00m58.0s), 001/100 VUs, 56 complete and 0 interrupted iterations
saturation   [   9% ] 001/100 VUs  00m57.8s/10m30s  01.00 iters/s

running (00m59.0s), 001/100 VUs, 57 complete and 0 interrupted iterations
saturation   [   9% ] 001/100 VUs  00m58.8s/10m30s  01.00 iters/s

running (01m00.0s), 001/100 VUs, 58 complete and 0 interrupted iterations
saturation   [   9% ] 001/100 VUs  00m59.8s/10m30s  01.00 iters/s

running (01m01.0s), 001/100 VUs, 59 complete and 0 interrupted iterations
saturation   [  10% ] 001/100 VUs  01m00.8s/10m30s  01.00 iters/s

running (01m02.0s), 001/100 VUs, 60 complete and 0 interrupted iterations
saturation   [  10% ] 001/100 VUs  01m01.8s/10m30s  01.00 iters/s

running (01m03.0s), 001/100 VUs, 61 complete and 0 interrupted iterations
saturation   [  10% ] 001/100 VUs  01m02.8s/10m30s  01.00 iters/s

running (01m04.0s), 001/100 VUs, 62 complete and 0 interrupted iterations
saturation   [  10% ] 001/100 VUs  01m03.8s/10m30s  01.00 iters/s

running (01m05.0s), 001/100 VUs, 63 complete and 0 interrupted iterations
saturation   [  10% ] 001/100 VUs  01m04.8s/10m30s  01.00 iters/s

running (01m06.0s), 001/100 VUs, 64 complete and 0 interrupted iterations
saturation   [  10% ] 001/100 VUs  01m05.8s/10m30s  01.00 iters/s

running (01m07.0s), 001/100 VUs, 65 complete and 0 interrupted iterations
saturation   [  11% ] 001/100 VUs  01m06.8s/10m30s  01.00 iters/s

running (01m08.0s), 001/100 VUs, 66 complete and 0 interrupted iterations
saturation   [  11% ] 001/100 VUs  01m07.8s/10m30s  01.00 iters/s

running (01m09.0s), 001/100 VUs, 67 complete and 0 interrupted iterations
saturation   [  11% ] 001/100 VUs  01m08.8s/10m30s  01.00 iters/s

running (01m10.0s), 001/100 VUs, 68 complete and 0 interrupted iterations
saturation   [  11% ] 001/100 VUs  01m09.8s/10m30s  01.00 iters/s

running (01m11.0s), 001/100 VUs, 69 complete and 0 interrupted iterations
saturation   [  11% ] 001/100 VUs  01m10.8s/10m30s  01.00 iters/s

running (01m12.0s), 001/100 VUs, 70 complete and 0 interrupted iterations
saturation   [  11% ] 001/100 VUs  01m11.8s/10m30s  01.00 iters/s

running (01m13.0s), 001/100 VUs, 71 complete and 0 interrupted iterations
saturation   [  12% ] 001/100 VUs  01m12.8s/10m30s  01.00 iters/s

running (01m14.0s), 001/100 VUs, 72 complete and 0 interrupted iterations
saturation   [  12% ] 001/100 VUs  01m13.8s/10m30s  01.00 iters/s

running (01m15.0s), 001/100 VUs, 73 complete and 0 interrupted iterations
saturation   [  12% ] 001/100 VUs  01m14.8s/10m30s  01.00 iters/s

running (01m16.0s), 001/100 VUs, 74 complete and 0 interrupted iterations
saturation   [  12% ] 001/100 VUs  01m15.8s/10m30s  01.00 iters/s

running (01m17.0s), 001/100 VUs, 75 complete and 0 interrupted iterations
saturation   [  12% ] 001/100 VUs  01m16.8s/10m30s  01.00 iters/s

running (01m18.0s), 001/100 VUs, 76 complete and 0 interrupted iterations
saturation   [  12% ] 001/100 VUs  01m17.8s/10m30s  01.00 iters/s

running (01m19.0s), 001/100 VUs, 77 complete and 0 interrupted iterations
saturation   [  13% ] 001/100 VUs  01m18.8s/10m30s  01.00 iters/s

running (01m20.0s), 001/100 VUs, 78 complete and 0 interrupted iterations
saturation   [  13% ] 001/100 VUs  01m19.8s/10m30s  01.00 iters/s

running (01m21.0s), 001/100 VUs, 79 complete and 0 interrupted iterations
saturation   [  13% ] 001/100 VUs  01m20.8s/10m30s  01.00 iters/s

running (01m22.0s), 001/100 VUs, 80 complete and 0 interrupted iterations
saturation   [  13% ] 001/100 VUs  01m21.8s/10m30s  01.00 iters/s

running (01m23.0s), 001/100 VUs, 81 complete and 0 interrupted iterations
saturation   [  13% ] 001/100 VUs  01m22.8s/10m30s  01.00 iters/s

running (01m24.0s), 001/100 VUs, 82 complete and 0 interrupted iterations
saturation   [  13% ] 001/100 VUs  01m23.8s/10m30s  01.00 iters/s

running (01m25.0s), 001/100 VUs, 83 complete and 0 interrupted iterations
saturation   [  13% ] 001/100 VUs  01m24.8s/10m30s  01.00 iters/s

running (01m26.0s), 001/100 VUs, 84 complete and 0 interrupted iterations
saturation   [  14% ] 001/100 VUs  01m25.8s/10m30s  01.00 iters/s

running (01m27.0s), 001/100 VUs, 85 complete and 0 interrupted iterations
saturation   [  14% ] 001/100 VUs  01m26.8s/10m30s  01.00 iters/s

running (01m28.0s), 001/100 VUs, 86 complete and 0 interrupted iterations
saturation   [  14% ] 001/100 VUs  01m27.8s/10m30s  01.00 iters/s

running (01m29.0s), 001/100 VUs, 87 complete and 0 interrupted iterations
saturation   [  14% ] 001/100 VUs  01m28.8s/10m30s  01.00 iters/s

running (01m30.0s), 001/100 VUs, 88 complete and 0 interrupted iterations
saturation   [  14% ] 001/100 VUs  01m29.8s/10m30s  01.00 iters/s

running (01m31.0s), 001/100 VUs, 89 complete and 0 interrupted iterations
saturation   [  14% ] 001/100 VUs  01m30.8s/10m30s  01.01 iters/s

running (01m32.0s), 001/100 VUs, 90 complete and 0 interrupted iterations
saturation   [  15% ] 001/100 VUs  01m31.8s/10m30s  01.02 iters/s

running (01m33.0s), 000/100 VUs, 92 complete and 0 interrupted iterations
saturation   [  15% ] 000/100 VUs  01m32.8s/10m30s  01.03 iters/s

running (01m34.0s), 000/100 VUs, 93 complete and 0 interrupted iterations
saturation   [  15% ] 000/100 VUs  01m33.8s/10m30s  01.04 iters/s

running (01m35.0s), 000/100 VUs, 94 complete and 0 interrupted iterations
saturation   [  15% ] 000/100 VUs  01m34.8s/10m30s  01.05 iters/s

running (01m36.0s), 001/100 VUs, 95 complete and 0 interrupted iterations
saturation   [  15% ] 001/100 VUs  01m35.8s/10m30s  01.07 iters/s

running (01m37.0s), 001/100 VUs, 96 complete and 0 interrupted iterations
saturation   [  15% ] 001/100 VUs  01m36.8s/10m30s  01.08 iters/s

running (01m38.0s), 001/100 VUs, 97 complete and 0 interrupted iterations
saturation   [  16% ] 001/100 VUs  01m37.8s/10m30s  01.09 iters/s

running (01m39.0s), 001/100 VUs, 98 complete and 0 interrupted iterations
saturation   [  16% ] 001/100 VUs  01m38.8s/10m30s  01.10 iters/s

running (01m40.0s), 001/100 VUs, 99 complete and 0 interrupted iterations
saturation   [  16% ] 001/100 VUs  01m39.8s/10m30s  01.11 iters/s

running (01m41.0s), 001/100 VUs, 100 complete and 0 interrupted iterations
saturation   [  16% ] 001/100 VUs  01m40.8s/10m30s  01.12 iters/s

running (01m42.0s), 001/100 VUs, 101 complete and 0 interrupted iterations
saturation   [  16% ] 001/100 VUs  01m41.8s/10m30s  01.13 iters/s

running (01m43.0s), 001/100 VUs, 102 complete and 0 interrupted iterations
saturation   [  16% ] 001/100 VUs  01m42.8s/10m30s  01.14 iters/s

running (01m44.0s), 001/100 VUs, 103 complete and 0 interrupted iterations
saturation   [  16% ] 001/100 VUs  01m43.8s/10m30s  01.15 iters/s

running (01m45.0s), 001/100 VUs, 105 complete and 0 interrupted iterations
saturation   [  17% ] 001/100 VUs  01m44.8s/10m30s  01.17 iters/s

running (01m46.0s), 001/100 VUs, 106 complete and 0 interrupted iterations
saturation   [  17% ] 001/100 VUs  01m45.8s/10m30s  01.18 iters/s

running (01m47.0s), 001/100 VUs, 107 complete and 0 interrupted iterations
saturation   [  17% ] 001/100 VUs  01m46.8s/10m30s  01.19 iters/s

running (01m48.0s), 001/100 VUs, 108 complete and 0 interrupted iterations
saturation   [  17% ] 001/100 VUs  01m47.8s/10m30s  01.20 iters/s

running (01m49.0s), 001/100 VUs, 109 complete and 0 interrupted iterations
saturation   [  17% ] 001/100 VUs  01m48.8s/10m30s  01.21 iters/s

running (01m50.0s), 002/100 VUs, 110 complete and 0 interrupted iterations
saturation   [  17% ] 002/100 VUs  01m49.8s/10m30s  01.22 iters/s

running (01m51.0s), 001/100 VUs, 112 complete and 0 interrupted iterations
saturation   [  18% ] 001/100 VUs  01m50.8s/10m30s  01.23 iters/s

running (01m52.0s), 001/100 VUs, 113 complete and 0 interrupted iterations
saturation   [  18% ] 001/100 VUs  01m51.8s/10m30s  01.24 iters/s

running (01m53.0s), 001/100 VUs, 114 complete and 0 interrupted iterations
saturation   [  18% ] 001/100 VUs  01m52.8s/10m30s  01.25 iters/s

running (01m54.0s), 001/100 VUs, 115 complete and 0 interrupted iterations
saturation   [  18% ] 001/100 VUs  01m53.8s/10m30s  01.26 iters/s

running (01m55.0s), 001/100 VUs, 117 complete and 0 interrupted iterations
saturation   [  18% ] 001/100 VUs  01m54.8s/10m30s  01.28 iters/s

running (01m56.0s), 001/100 VUs, 118 complete and 0 interrupted iterations
saturation   [  18% ] 001/100 VUs  01m55.8s/10m30s  01.29 iters/s

running (01m57.0s), 001/100 VUs, 119 complete and 0 interrupted iterations
saturation   [  19% ] 001/100 VUs  01m56.8s/10m30s  01.30 iters/s

running (01m58.0s), 001/100 VUs, 121 complete and 0 interrupted iterations
saturation   [  19% ] 001/100 VUs  01m57.8s/10m30s  01.31 iters/s

running (01m59.0s), 001/100 VUs, 122 complete and 0 interrupted iterations
saturation   [  19% ] 001/100 VUs  01m58.8s/10m30s  01.32 iters/s

running (02m00.0s), 001/100 VUs, 123 complete and 0 interrupted iterations
saturation   [  19% ] 001/100 VUs  01m59.8s/10m30s  01.33 iters/s

running (02m01.0s), 002/100 VUs, 124 complete and 0 interrupted iterations
saturation   [  19% ] 002/100 VUs  02m00.8s/10m30s  01.35 iters/s

running (02m02.0s), 001/100 VUs, 126 complete and 0 interrupted iterations
saturation   [  19% ] 001/100 VUs  02m01.8s/10m30s  01.35 iters/s

running (02m03.0s), 001/100 VUs, 127 complete and 0 interrupted iterations
saturation   [  19% ] 001/100 VUs  02m02.8s/10m30s  01.36 iters/s

running (02m04.0s), 001/100 VUs, 129 complete and 0 interrupted iterations
saturation   [  20% ] 001/100 VUs  02m03.8s/10m30s  01.38 iters/s

running (02m05.0s), 001/100 VUs, 130 complete and 0 interrupted iterations
saturation   [  20% ] 001/100 VUs  02m04.8s/10m30s  01.39 iters/s

running (02m06.0s), 001/100 VUs, 131 complete and 0 interrupted iterations
saturation   [  20% ] 001/100 VUs  02m05.8s/10m30s  01.39 iters/s

running (02m07.0s), 001/100 VUs, 133 complete and 0 interrupted iterations
saturation   [  20% ] 001/100 VUs  02m06.8s/10m30s  01.41 iters/s

running (02m08.0s), 001/100 VUs, 134 complete and 0 interrupted iterations
saturation   [  20% ] 001/100 VUs  02m07.8s/10m30s  01.42 iters/s

running (02m09.0s), 001/100 VUs, 136 complete and 0 interrupted iterations
saturation   [  20% ] 001/100 VUs  02m08.8s/10m30s  01.43 iters/s

running (02m10.0s), 001/100 VUs, 137 complete and 0 interrupted iterations
saturation   [  21% ] 001/100 VUs  02m09.8s/10m30s  01.44 iters/s

running (02m11.0s), 002/100 VUs, 138 complete and 0 interrupted iterations
saturation   [  21% ] 002/100 VUs  02m10.8s/10m30s  01.46 iters/s

running (02m12.0s), 001/100 VUs, 140 complete and 0 interrupted iterations
saturation   [  21% ] 001/100 VUs  02m11.8s/10m30s  01.46 iters/s

running (02m13.0s), 002/100 VUs, 141 complete and 0 interrupted iterations
saturation   [  21% ] 002/100 VUs  02m12.8s/10m30s  01.48 iters/s

running (02m14.0s), 001/100 VUs, 143 complete and 0 interrupted iterations
saturation   [  21% ] 001/100 VUs  02m13.8s/10m30s  01.49 iters/s

running (02m15.0s), 001/100 VUs, 144 complete and 0 interrupted iterations
saturation   [  21% ] 001/100 VUs  02m14.8s/10m30s  01.49 iters/s

running (02m16.0s), 001/100 VUs, 146 complete and 0 interrupted iterations
saturation   [  22% ] 001/100 VUs  02m15.8s/10m30s  01.51 iters/s

running (02m17.0s), 002/100 VUs, 147 complete and 0 interrupted iterations
saturation   [  22% ] 002/100 VUs  02m16.8s/10m30s  01.52 iters/s

running (02m18.0s), 001/100 VUs, 149 complete and 0 interrupted iterations
saturation   [  22% ] 001/100 VUs  02m17.8s/10m30s  01.53 iters/s

running (02m19.0s), 002/100 VUs, 150 complete and 0 interrupted iterations
saturation   [  22% ] 002/100 VUs  02m18.8s/10m30s  01.55 iters/s

running (02m20.0s), 001/100 VUs, 152 complete and 0 interrupted iterations
saturation   [  22% ] 001/100 VUs  02m19.8s/10m30s  01.55 iters/s

running (02m21.0s), 002/100 VUs, 153 complete and 0 interrupted iterations
saturation   [  22% ] 002/100 VUs  02m20.8s/10m30s  01.57 iters/s

running (02m22.0s), 001/100 VUs, 155 complete and 0 interrupted iterations
saturation   [  23% ] 001/100 VUs  02m21.8s/10m30s  01.57 iters/s

running (02m23.0s), 001/100 VUs, 157 complete and 0 interrupted iterations
saturation   [  23% ] 001/100 VUs  02m22.8s/10m30s  01.59 iters/s

running (02m24.0s), 001/100 VUs, 158 complete and 0 interrupted iterations
saturation   [  23% ] 001/100 VUs  02m23.8s/10m30s  01.60 iters/s

running (02m25.0s), 001/100 VUs, 160 complete and 0 interrupted iterations
saturation   [  23% ] 001/100 VUs  02m24.8s/10m30s  01.61 iters/s

running (02m26.0s), 002/100 VUs, 161 complete and 0 interrupted iterations
saturation   [  23% ] 002/100 VUs  02m25.8s/10m30s  01.62 iters/s

running (02m27.0s), 001/100 VUs, 163 complete and 0 interrupted iterations
saturation   [  23% ] 001/100 VUs  02m26.8s/10m30s  01.63 iters/s

running (02m28.0s), 001/100 VUs, 165 complete and 0 interrupted iterations
saturation   [  23% ] 001/100 VUs  02m27.8s/10m30s  01.64 iters/s

running (02m29.0s), 002/100 VUs, 166 complete and 0 interrupted iterations
saturation   [  24% ] 002/100 VUs  02m28.8s/10m30s  01.66 iters/s

running (02m30.0s), 001/100 VUs, 168 complete and 0 interrupted iterations
saturation   [  24% ] 001/100 VUs  02m29.8s/10m30s  01.66 iters/s

running (02m31.0s), 002/100 VUs, 169 complete and 0 interrupted iterations
saturation   [  24% ] 002/100 VUs  02m30.8s/10m30s  01.68 iters/s

running (02m32.0s), 002/100 VUs, 171 complete and 0 interrupted iterations
saturation   [  24% ] 002/100 VUs  02m31.8s/10m30s  01.69 iters/s

running (02m33.0s), 001/100 VUs, 173 complete and 0 interrupted iterations
saturation   [  24% ] 001/100 VUs  02m32.8s/10m30s  01.70 iters/s

running (02m34.0s), 001/100 VUs, 175 complete and 0 interrupted iterations
saturation   [  24% ] 001/100 VUs  02m33.8s/10m30s  01.71 iters/s

running (02m35.0s), 002/100 VUs, 176 complete and 0 interrupted iterations
saturation   [  25% ] 002/100 VUs  02m34.8s/10m30s  01.72 iters/s

running (02m36.0s), 001/100 VUs, 178 complete and 0 interrupted iterations
saturation   [  25% ] 001/100 VUs  02m35.8s/10m30s  01.73 iters/s

running (02m37.0s), 001/100 VUs, 180 complete and 0 interrupted iterations
saturation   [  25% ] 001/100 VUs  02m36.8s/10m30s  01.74 iters/s

running (02m38.0s), 002/100 VUs, 181 complete and 0 interrupted iterations
saturation   [  25% ] 002/100 VUs  02m37.8s/10m30s  01.75 iters/s

running (02m39.0s), 002/100 VUs, 183 complete and 0 interrupted iterations
saturation   [  25% ] 002/100 VUs  02m38.8s/10m30s  01.77 iters/s

running (02m40.0s), 001/100 VUs, 185 complete and 0 interrupted iterations
saturation   [  25% ] 001/100 VUs  02m39.8s/10m30s  01.77 iters/s

running (02m41.0s), 001/100 VUs, 187 complete and 0 interrupted iterations
saturation   [  26% ] 001/100 VUs  02m40.8s/10m30s  01.79 iters/s

running (02m42.0s), 002/100 VUs, 188 complete and 0 interrupted iterations
saturation   [  26% ] 002/100 VUs  02m41.8s/10m30s  01.80 iters/s

running (02m43.0s), 002/100 VUs, 190 complete and 0 interrupted iterations
saturation   [  26% ] 002/100 VUs  02m42.8s/10m30s  01.81 iters/s

running (02m44.0s), 002/100 VUs, 192 complete and 0 interrupted iterations
saturation   [  26% ] 002/100 VUs  02m43.8s/10m30s  01.82 iters/s

running (02m45.0s), 001/100 VUs, 194 complete and 0 interrupted iterations
saturation   [  26% ] 001/100 VUs  02m44.8s/10m30s  01.83 iters/s

running (02m46.0s), 001/100 VUs, 196 complete and 0 interrupted iterations
saturation   [  26% ] 001/100 VUs  02m45.8s/10m30s  01.84 iters/s

running (02m47.0s), 001/100 VUs, 198 complete and 0 interrupted iterations
saturation   [  26% ] 001/100 VUs  02m46.8s/10m30s  01.85 iters/s

running (02m48.0s), 002/100 VUs, 199 complete and 0 interrupted iterations
saturation   [  27% ] 002/100 VUs  02m47.8s/10m30s  01.86 iters/s

running (02m49.0s), 002/100 VUs, 201 complete and 0 interrupted iterations
saturation   [  27% ] 002/100 VUs  02m48.8s/10m30s  01.88 iters/s

running (02m50.0s), 002/100 VUs, 203 complete and 0 interrupted iterations
saturation   [  27% ] 002/100 VUs  02m49.8s/10m30s  01.89 iters/s

running (02m51.0s), 002/100 VUs, 205 complete and 0 interrupted iterations
saturation   [  27% ] 002/100 VUs  02m50.8s/10m30s  01.90 iters/s

running (02m52.0s), 002/100 VUs, 207 complete and 0 interrupted iterations
saturation   [  27% ] 002/100 VUs  02m51.8s/10m30s  01.91 iters/s

running (02m53.0s), 001/100 VUs, 209 complete and 0 interrupted iterations
saturation   [  27% ] 001/100 VUs  02m52.8s/10m30s  01.92 iters/s

running (02m54.0s), 001/100 VUs, 211 complete and 0 interrupted iterations
saturation   [  28% ] 001/100 VUs  02m53.8s/10m30s  01.93 iters/s

running (02m55.0s), 001/100 VUs, 213 complete and 0 interrupted iterations
saturation   [  28% ] 001/100 VUs  02m54.8s/10m30s  01.94 iters/s

running (02m56.0s), 001/100 VUs, 215 complete and 0 interrupted iterations
saturation   [  28% ] 001/100 VUs  02m55.8s/10m30s  01.95 iters/s

running (02m57.0s), 001/100 VUs, 217 complete and 0 interrupted iterations
saturation   [  28% ] 001/100 VUs  02m56.8s/10m30s  01.96 iters/s

running (02m58.0s), 001/100 VUs, 219 complete and 0 interrupted iterations
saturation   [  28% ] 001/100 VUs  02m57.8s/10m30s  01.97 iters/s

running (02m59.0s), 002/100 VUs, 220 complete and 0 interrupted iterations
saturation   [  28% ] 002/100 VUs  02m58.8s/10m30s  01.99 iters/s

running (03m00.0s), 002/100 VUs, 222 complete and 0 interrupted iterations
saturation   [  29% ] 002/100 VUs  02m59.8s/10m30s  02.00 iters/s

running (03m01.0s), 002/100 VUs, 224 complete and 0 interrupted iterations
saturation   [  29% ] 002/100 VUs  03m00.8s/10m30s  02.01 iters/s

running (03m02.0s), 002/100 VUs, 226 complete and 0 interrupted iterations
saturation   [  29% ] 002/100 VUs  03m01.8s/10m30s  02.02 iters/s

running (03m03.0s), 002/100 VUs, 228 complete and 0 interrupted iterations
saturation   [  29% ] 002/100 VUs  03m02.8s/10m30s  02.03 iters/s

running (03m04.0s), 001/100 VUs, 231 complete and 0 interrupted iterations
saturation   [  29% ] 001/100 VUs  03m03.8s/10m30s  02.04 iters/s

running (03m05.0s), 001/100 VUs, 233 complete and 0 interrupted iterations
saturation   [  29% ] 001/100 VUs  03m04.8s/10m30s  02.05 iters/s

running (03m06.0s), 001/100 VUs, 235 complete and 0 interrupted iterations
saturation   [  29% ] 001/100 VUs  03m05.8s/10m30s  02.06 iters/s

running (03m07.0s), 001/100 VUs, 237 complete and 0 interrupted iterations
saturation   [  30% ] 001/100 VUs  03m06.8s/10m30s  02.07 iters/s

running (03m08.0s), 002/100 VUs, 239 complete and 0 interrupted iterations
saturation   [  30% ] 002/100 VUs  03m07.8s/10m30s  02.09 iters/s

running (03m09.0s), 002/100 VUs, 241 complete and 0 interrupted iterations
saturation   [  30% ] 002/100 VUs  03m08.8s/10m30s  02.10 iters/s

running (03m10.0s), 002/100 VUs, 243 complete and 0 interrupted iterations
saturation   [  30% ] 002/100 VUs  03m09.8s/10m30s  02.11 iters/s

running (03m11.0s), 002/100 VUs, 245 complete and 0 interrupted iterations
saturation   [  30% ] 002/100 VUs  03m10.8s/10m30s  02.12 iters/s

running (03m12.0s), 002/100 VUs, 247 complete and 0 interrupted iterations
saturation   [  30% ] 002/100 VUs  03m11.8s/10m30s  02.13 iters/s

running (03m13.0s), 002/100 VUs, 249 complete and 0 interrupted iterations
saturation   [  31% ] 002/100 VUs  03m12.8s/10m30s  02.14 iters/s

running (03m14.0s), 002/100 VUs, 251 complete and 0 interrupted iterations
saturation   [  31% ] 002/100 VUs  03m13.8s/10m30s  02.15 iters/s

running (03m15.0s), 001/100 VUs, 254 complete and 0 interrupted iterations
saturation   [  31% ] 001/100 VUs  03m14.8s/10m30s  02.16 iters/s

running (03m16.0s), 002/100 VUs, 256 complete and 0 interrupted iterations
saturation   [  31% ] 002/100 VUs  03m15.8s/10m30s  02.18 iters/s

running (03m17.0s), 002/100 VUs, 258 complete and 0 interrupted iterations
saturation   [  31% ] 002/100 VUs  03m16.8s/10m30s  02.19 iters/s

running (03m18.0s), 002/100 VUs, 260 complete and 0 interrupted iterations
saturation   [  31% ] 002/100 VUs  03m17.8s/10m30s  02.20 iters/s

running (03m19.0s), 002/100 VUs, 262 complete and 0 interrupted iterations
saturation   [  32% ] 002/100 VUs  03m18.8s/10m30s  02.21 iters/s

running (03m20.0s), 002/100 VUs, 264 complete and 0 interrupted iterations
saturation   [  32% ] 002/100 VUs  03m19.8s/10m30s  02.22 iters/s

running (03m21.0s), 002/100 VUs, 267 complete and 0 interrupted iterations
saturation   [  32% ] 002/100 VUs  03m20.8s/10m30s  02.23 iters/s

running (03m22.0s), 002/100 VUs, 269 complete and 0 interrupted iterations
saturation   [  32% ] 002/100 VUs  03m21.8s/10m30s  02.24 iters/s

running (03m23.0s), 002/100 VUs, 271 complete and 0 interrupted iterations
saturation   [  32% ] 002/100 VUs  03m22.8s/10m30s  02.25 iters/s

running (03m24.0s), 002/100 VUs, 273 complete and 0 interrupted iterations
saturation   [  32% ] 002/100 VUs  03m23.8s/10m30s  02.26 iters/s

running (03m25.0s), 002/100 VUs, 276 complete and 0 interrupted iterations
saturation   [  33% ] 002/100 VUs  03m24.8s/10m30s  02.28 iters/s

running (03m26.0s), 002/100 VUs, 278 complete and 0 interrupted iterations
saturation   [  33% ] 002/100 VUs  03m25.8s/10m30s  02.29 iters/s

running (03m27.0s), 002/100 VUs, 280 complete and 0 interrupted iterations
saturation   [  33% ] 002/100 VUs  03m26.8s/10m30s  02.30 iters/s

running (03m28.0s), 001/100 VUs, 283 complete and 0 interrupted iterations
saturation   [  33% ] 001/100 VUs  03m27.8s/10m30s  02.31 iters/s

running (03m29.0s), 002/100 VUs, 285 complete and 0 interrupted iterations
saturation   [  33% ] 002/100 VUs  03m28.8s/10m30s  02.32 iters/s

running (03m30.0s), 002/100 VUs, 287 complete and 0 interrupted iterations
saturation   [  33% ] 002/100 VUs  03m29.8s/10m30s  02.33 iters/s

running (03m31.0s), 002/100 VUs, 289 complete and 0 interrupted iterations
saturation   [  33% ] 002/100 VUs  03m30.8s/10m30s  02.34 iters/s

running (03m32.0s), 002/100 VUs, 292 complete and 0 interrupted iterations
saturation   [  34% ] 002/100 VUs  03m31.8s/10m30s  02.35 iters/s

running (03m33.0s), 002/100 VUs, 294 complete and 0 interrupted iterations
saturation   [  34% ] 002/100 VUs  03m32.8s/10m30s  02.36 iters/s

running (03m34.0s), 002/100 VUs, 297 complete and 0 interrupted iterations
saturation   [  34% ] 002/100 VUs  03m33.8s/10m30s  02.38 iters/s

running (03m35.0s), 002/100 VUs, 299 complete and 0 interrupted iterations
saturation   [  34% ] 002/100 VUs  03m34.8s/10m30s  02.39 iters/s

running (03m36.0s), 002/100 VUs, 301 complete and 0 interrupted iterations
saturation   [  34% ] 002/100 VUs  03m35.8s/10m30s  02.40 iters/s

running (03m37.0s), 002/100 VUs, 304 complete and 0 interrupted iterations
saturation   [  34% ] 002/100 VUs  03m36.8s/10m30s  02.41 iters/s

running (03m38.0s), 002/100 VUs, 306 complete and 0 interrupted iterations
saturation   [  35% ] 002/100 VUs  03m37.8s/10m30s  02.42 iters/s

running (03m39.0s), 003/100 VUs, 308 complete and 0 interrupted iterations
saturation   [  35% ] 003/100 VUs  03m38.8s/10m30s  02.43 iters/s

running (03m40.0s), 002/100 VUs, 311 complete and 0 interrupted iterations
saturation   [  35% ] 002/100 VUs  03m39.8s/10m30s  02.44 iters/s

running (03m41.0s), 002/100 VUs, 313 complete and 0 interrupted iterations
saturation   [  35% ] 002/100 VUs  03m40.8s/10m30s  02.45 iters/s

running (03m42.0s), 002/100 VUs, 316 complete and 0 interrupted iterations
saturation   [  35% ] 002/100 VUs  03m41.8s/10m30s  02.47 iters/s

running (03m43.0s), 002/100 VUs, 318 complete and 0 interrupted iterations
saturation   [  35% ] 002/100 VUs  03m42.8s/10m30s  02.47 iters/s

running (03m44.0s), 002/100 VUs, 321 complete and 0 interrupted iterations
saturation   [  36% ] 002/100 VUs  03m43.8s/10m30s  02.49 iters/s

running (03m45.0s), 002/100 VUs, 323 complete and 0 interrupted iterations
saturation   [  36% ] 002/100 VUs  03m44.8s/10m30s  02.50 iters/s

running (03m46.0s), 002/100 VUs, 326 complete and 0 interrupted iterations
saturation   [  36% ] 002/100 VUs  03m45.8s/10m30s  02.51 iters/s

running (03m47.0s), 002/100 VUs, 328 complete and 0 interrupted iterations
saturation   [  36% ] 002/100 VUs  03m46.8s/10m30s  02.52 iters/s

running (03m48.0s), 002/100 VUs, 331 complete and 0 interrupted iterations
saturation   [  36% ] 002/100 VUs  03m47.8s/10m30s  02.53 iters/s

running (03m49.0s), 002/100 VUs, 333 complete and 0 interrupted iterations
saturation   [  36% ] 002/100 VUs  03m48.8s/10m30s  02.54 iters/s

running (03m50.0s), 002/100 VUs, 336 complete and 0 interrupted iterations
saturation   [  36% ] 002/100 VUs  03m49.8s/10m30s  02.55 iters/s

running (03m51.0s), 003/100 VUs, 338 complete and 0 interrupted iterations
saturation   [  37% ] 003/100 VUs  03m50.8s/10m30s  02.57 iters/s

running (03m52.0s), 002/100 VUs, 341 complete and 0 interrupted iterations
saturation   [  37% ] 002/100 VUs  03m51.8s/10m30s  02.58 iters/s

running (03m53.0s), 003/100 VUs, 343 complete and 0 interrupted iterations
saturation   [  37% ] 003/100 VUs  03m52.8s/10m30s  02.59 iters/s

running (03m54.0s), 002/100 VUs, 346 complete and 0 interrupted iterations
saturation   [  37% ] 002/100 VUs  03m53.8s/10m30s  02.60 iters/s

running (03m55.0s), 002/100 VUs, 349 complete and 0 interrupted iterations
saturation   [  37% ] 002/100 VUs  03m54.8s/10m30s  02.61 iters/s

running (03m56.0s), 002/100 VUs, 351 complete and 0 interrupted iterations
saturation   [  37% ] 002/100 VUs  03m55.8s/10m30s  02.62 iters/s

running (03m57.0s), 002/100 VUs, 354 complete and 0 interrupted iterations
saturation   [  38% ] 002/100 VUs  03m56.8s/10m30s  02.63 iters/s

running (03m58.0s), 002/100 VUs, 357 complete and 0 interrupted iterations
saturation   [  38% ] 002/100 VUs  03m57.8s/10m30s  02.64 iters/s

running (03m59.0s), 002/100 VUs, 359 complete and 0 interrupted iterations
saturation   [  38% ] 002/100 VUs  03m58.8s/10m30s  02.65 iters/s

running (04m00.0s), 002/100 VUs, 362 complete and 0 interrupted iterations
saturation   [  38% ] 002/100 VUs  03m59.8s/10m30s  02.66 iters/s

running (04m01.0s), 003/100 VUs, 364 complete and 0 interrupted iterations
saturation   [  38% ] 003/100 VUs  04m00.8s/10m30s  02.68 iters/s

running (04m02.0s), 002/100 VUs, 367 complete and 0 interrupted iterations
saturation   [  38% ] 002/100 VUs  04m01.8s/10m30s  02.69 iters/s

running (04m03.0s), 002/100 VUs, 370 complete and 0 interrupted iterations
saturation   [  39% ] 002/100 VUs  04m02.8s/10m30s  02.70 iters/s

running (04m04.0s), 002/100 VUs, 373 complete and 0 interrupted iterations
saturation   [  39% ] 002/100 VUs  04m03.8s/10m30s  02.71 iters/s

running (04m05.0s), 003/100 VUs, 375 complete and 0 interrupted iterations
saturation   [  39% ] 003/100 VUs  04m04.8s/10m30s  02.72 iters/s

running (04m06.0s), 002/100 VUs, 378 complete and 0 interrupted iterations
saturation   [  39% ] 002/100 VUs  04m05.8s/10m30s  02.73 iters/s

running (04m07.0s), 002/100 VUs, 381 complete and 0 interrupted iterations
saturation   [  39% ] 002/100 VUs  04m06.8s/10m30s  02.74 iters/s

running (04m08.0s), 003/100 VUs, 383 complete and 0 interrupted iterations
saturation   [  39% ] 003/100 VUs  04m07.8s/10m30s  02.75 iters/s

running (04m09.0s), 002/100 VUs, 386 complete and 0 interrupted iterations
saturation   [  39% ] 002/100 VUs  04m08.8s/10m30s  02.76 iters/s

running (04m10.0s), 002/100 VUs, 389 complete and 0 interrupted iterations
saturation   [  40% ] 002/100 VUs  04m09.8s/10m30s  02.77 iters/s

running (04m11.0s), 002/100 VUs, 392 complete and 0 interrupted iterations
saturation   [  40% ] 002/100 VUs  04m10.8s/10m30s  02.79 iters/s

running (04m12.0s), 003/100 VUs, 394 complete and 0 interrupted iterations
saturation   [  40% ] 003/100 VUs  04m11.8s/10m30s  02.80 iters/s

running (04m13.0s), 003/100 VUs, 397 complete and 0 interrupted iterations
saturation   [  40% ] 003/100 VUs  04m12.8s/10m30s  02.81 iters/s

running (04m14.0s), 002/100 VUs, 400 complete and 0 interrupted iterations
saturation   [  40% ] 002/100 VUs  04m13.8s/10m30s  02.82 iters/s

running (04m15.0s), 002/100 VUs, 403 complete and 0 interrupted iterations
saturation   [  40% ] 002/100 VUs  04m14.8s/10m30s  02.83 iters/s

running (04m16.0s), 002/100 VUs, 406 complete and 0 interrupted iterations
saturation   [  41% ] 002/100 VUs  04m15.8s/10m30s  02.84 iters/s

running (04m17.0s), 002/100 VUs, 409 complete and 0 interrupted iterations
saturation   [  41% ] 002/100 VUs  04m16.8s/10m30s  02.85 iters/s

running (04m18.0s), 003/100 VUs, 411 complete and 0 interrupted iterations
saturation   [  41% ] 003/100 VUs  04m17.8s/10m30s  02.87 iters/s

running (04m19.0s), 003/100 VUs, 414 complete and 0 interrupted iterations
saturation   [  41% ] 003/100 VUs  04m18.8s/10m30s  02.88 iters/s

running (04m20.0s), 003/100 VUs, 417 complete and 0 interrupted iterations
saturation   [  41% ] 003/100 VUs  04m19.8s/10m30s  02.89 iters/s

running (04m21.0s), 002/100 VUs, 420 complete and 0 interrupted iterations
saturation   [  41% ] 002/100 VUs  04m20.8s/10m30s  02.90 iters/s

running (04m22.0s), 002/100 VUs, 423 complete and 0 interrupted iterations
saturation   [  42% ] 002/100 VUs  04m21.8s/10m30s  02.91 iters/s

running (04m23.0s), 002/100 VUs, 426 complete and 0 interrupted iterations
saturation   [  42% ] 002/100 VUs  04m22.8s/10m30s  02.92 iters/s

running (04m24.0s), 002/100 VUs, 429 complete and 0 interrupted iterations
saturation   [  42% ] 002/100 VUs  04m23.8s/10m30s  02.93 iters/s

running (04m25.0s), 002/100 VUs, 432 complete and 0 interrupted iterations
saturation   [  42% ] 002/100 VUs  04m24.8s/10m30s  02.94 iters/s

running (04m26.0s), 002/100 VUs, 435 complete and 0 interrupted iterations
saturation   [  42% ] 002/100 VUs  04m25.8s/10m30s  02.95 iters/s

running (04m27.0s), 002/100 VUs, 438 complete and 0 interrupted iterations
saturation   [  42% ] 002/100 VUs  04m26.8s/10m30s  02.96 iters/s

running (04m28.0s), 002/100 VUs, 441 complete and 0 interrupted iterations
saturation   [  43% ] 002/100 VUs  04m27.8s/10m30s  02.98 iters/s

running (04m29.0s), 003/100 VUs, 443 complete and 0 interrupted iterations
saturation   [  43% ] 003/100 VUs  04m28.8s/10m30s  02.99 iters/s

running (04m30.0s), 003/100 VUs, 446 complete and 0 interrupted iterations
saturation   [  43% ] 003/100 VUs  04m29.8s/10m30s  03.00 iters/s

running (04m31.0s), 003/100 VUs, 449 complete and 0 interrupted iterations
saturation   [  43% ] 003/100 VUs  04m30.8s/10m30s  03.02 iters/s

running (04m32.0s), 003/100 VUs, 452 complete and 0 interrupted iterations
saturation   [  43% ] 003/100 VUs  04m31.8s/10m30s  03.04 iters/s

running (04m33.0s), 003/100 VUs, 455 complete and 0 interrupted iterations
saturation   [  43% ] 003/100 VUs  04m32.8s/10m30s  03.06 iters/s

running (04m34.0s), 002/100 VUs, 459 complete and 0 interrupted iterations
saturation   [  43% ] 002/100 VUs  04m33.8s/10m30s  03.08 iters/s

running (04m35.0s), 002/100 VUs, 462 complete and 0 interrupted iterations
saturation   [  44% ] 002/100 VUs  04m34.8s/10m30s  03.11 iters/s

running (04m36.0s), 002/100 VUs, 465 complete and 0 interrupted iterations
saturation   [  44% ] 002/100 VUs  04m35.8s/10m30s  03.13 iters/s

running (04m37.0s), 003/100 VUs, 468 complete and 0 interrupted iterations
saturation   [  44% ] 003/100 VUs  04m36.8s/10m30s  03.16 iters/s

running (04m38.0s), 003/100 VUs, 471 complete and 0 interrupted iterations
saturation   [  44% ] 003/100 VUs  04m37.8s/10m30s  03.18 iters/s

running (04m39.0s), 003/100 VUs, 474 complete and 0 interrupted iterations
saturation   [  44% ] 003/100 VUs  04m38.8s/10m30s  03.20 iters/s

running (04m40.0s), 003/100 VUs, 477 complete and 0 interrupted iterations
saturation   [  44% ] 003/100 VUs  04m39.8s/10m30s  03.22 iters/s

running (04m41.0s), 002/100 VUs, 481 complete and 0 interrupted iterations
saturation   [  45% ] 002/100 VUs  04m40.8s/10m30s  03.24 iters/s

running (04m42.0s), 003/100 VUs, 484 complete and 0 interrupted iterations
saturation   [  45% ] 003/100 VUs  04m41.8s/10m30s  03.27 iters/s

running (04m43.0s), 003/100 VUs, 487 complete and 0 interrupted iterations
saturation   [  45% ] 003/100 VUs  04m42.8s/10m30s  03.29 iters/s

running (04m44.0s), 003/100 VUs, 490 complete and 0 interrupted iterations
saturation   [  45% ] 003/100 VUs  04m43.8s/10m30s  03.31 iters/s

running (04m45.0s), 002/100 VUs, 494 complete and 0 interrupted iterations
saturation   [  45% ] 002/100 VUs  04m44.8s/10m30s  03.33 iters/s

running (04m46.0s), 003/100 VUs, 497 complete and 0 interrupted iterations
saturation   [  45% ] 003/100 VUs  04m45.8s/10m30s  03.35 iters/s

running (04m47.0s), 003/100 VUs, 500 complete and 0 interrupted iterations
saturation   [  46% ] 003/100 VUs  04m46.8s/10m30s  03.37 iters/s

running (04m48.0s), 003/100 VUs, 504 complete and 0 interrupted iterations
saturation   [  46% ] 003/100 VUs  04m47.8s/10m30s  03.40 iters/s

running (04m49.0s), 003/100 VUs, 507 complete and 0 interrupted iterations
saturation   [  46% ] 003/100 VUs  04m48.8s/10m30s  03.42 iters/s

running (04m50.0s), 003/100 VUs, 510 complete and 0 interrupted iterations
saturation   [  46% ] 003/100 VUs  04m49.8s/10m30s  03.44 iters/s

running (04m51.0s), 003/100 VUs, 514 complete and 0 interrupted iterations
saturation   [  46% ] 003/100 VUs  04m50.8s/10m30s  03.46 iters/s

running (04m52.0s), 003/100 VUs, 517 complete and 0 interrupted iterations
saturation   [  46% ] 003/100 VUs  04m51.8s/10m30s  03.48 iters/s

running (04m53.0s), 003/100 VUs, 521 complete and 0 interrupted iterations
saturation   [  46% ] 003/100 VUs  04m52.8s/10m30s  03.51 iters/s

running (04m54.0s), 003/100 VUs, 524 complete and 0 interrupted iterations
saturation   [  47% ] 003/100 VUs  04m53.8s/10m30s  03.53 iters/s

running (04m55.0s), 003/100 VUs, 528 complete and 0 interrupted iterations
saturation   [  47% ] 003/100 VUs  04m54.8s/10m30s  03.55 iters/s

running (04m56.0s), 003/100 VUs, 531 complete and 0 interrupted iterations
saturation   [  47% ] 003/100 VUs  04m55.8s/10m30s  03.57 iters/s

running (04m57.0s), 003/100 VUs, 535 complete and 0 interrupted iterations
saturation   [  47% ] 003/100 VUs  04m56.8s/10m30s  03.60 iters/s

running (04m58.0s), 003/100 VUs, 539 complete and 0 interrupted iterations
saturation   [  47% ] 003/100 VUs  04m57.8s/10m30s  03.62 iters/s

running (04m59.0s), 003/100 VUs, 542 complete and 0 interrupted iterations
saturation   [  47% ] 003/100 VUs  04m58.8s/10m30s  03.64 iters/s

running (05m00.0s), 003/100 VUs, 546 complete and 0 interrupted iterations
saturation   [  48% ] 003/100 VUs  04m59.8s/10m30s  03.66 iters/s

running (05m01.0s), 004/100 VUs, 549 complete and 0 interrupted iterations
saturation   [  48% ] 004/100 VUs  05m00.8s/10m30s  03.69 iters/s

running (05m02.0s), 003/100 VUs, 553 complete and 0 interrupted iterations
saturation   [  48% ] 003/100 VUs  05m01.8s/10m30s  03.71 iters/s

running (05m03.0s), 003/100 VUs, 557 complete and 0 interrupted iterations
saturation   [  48% ] 003/100 VUs  05m02.8s/10m30s  03.73 iters/s

running (05m04.0s), 003/100 VUs, 561 complete and 0 interrupted iterations
saturation   [  48% ] 003/100 VUs  05m03.8s/10m30s  03.75 iters/s

running (05m05.0s), 003/100 VUs, 564 complete and 0 interrupted iterations
saturation   [  48% ] 003/100 VUs  05m04.8s/10m30s  03.77 iters/s

running (05m06.0s), 003/100 VUs, 568 complete and 0 interrupted iterations
saturation   [  49% ] 003/100 VUs  05m05.8s/10m30s  03.79 iters/s

running (05m07.0s), 003/100 VUs, 572 complete and 0 interrupted iterations
saturation   [  49% ] 003/100 VUs  05m06.8s/10m30s  03.82 iters/s

running (05m08.0s), 003/100 VUs, 576 complete and 0 interrupted iterations
saturation   [  49% ] 003/100 VUs  05m07.8s/10m30s  03.84 iters/s

running (05m09.0s), 004/100 VUs, 579 complete and 0 interrupted iterations
saturation   [  49% ] 004/100 VUs  05m08.8s/10m30s  03.86 iters/s

running (05m10.0s), 004/100 VUs, 583 complete and 0 interrupted iterations
saturation   [  49% ] 004/100 VUs  05m09.8s/10m30s  03.89 iters/s

running (05m11.0s), 004/100 VUs, 587 complete and 0 interrupted iterations
saturation   [  49% ] 004/100 VUs  05m10.8s/10m30s  03.91 iters/s

running (05m12.0s), 003/100 VUs, 591 complete and 0 interrupted iterations
saturation   [  49% ] 003/100 VUs  05m11.8s/10m30s  03.93 iters/s

running (05m13.0s), 003/100 VUs, 595 complete and 0 interrupted iterations
saturation   [  50% ] 003/100 VUs  05m12.8s/10m30s  03.95 iters/s

running (05m14.0s), 003/100 VUs, 599 complete and 0 interrupted iterations
saturation   [  50% ] 003/100 VUs  05m13.8s/10m30s  03.97 iters/s

running (05m15.0s), 003/100 VUs, 603 complete and 0 interrupted iterations
saturation   [  50% ] 003/100 VUs  05m14.8s/10m30s  03.99 iters/s

running (05m16.0s), 003/100 VUs, 607 complete and 0 interrupted iterations
saturation   [  50% ] 003/100 VUs  05m15.8s/10m30s  04.02 iters/s

running (05m17.0s), 003/100 VUs, 611 complete and 0 interrupted iterations
saturation   [  50% ] 003/100 VUs  05m16.8s/10m30s  04.04 iters/s

running (05m18.0s), 003/100 VUs, 615 complete and 0 interrupted iterations
saturation   [  50% ] 003/100 VUs  05m17.8s/10m30s  04.06 iters/s

running (05m19.0s), 003/100 VUs, 619 complete and 0 interrupted iterations
saturation   [  51% ] 003/100 VUs  05m18.8s/10m30s  04.08 iters/s

running (05m20.0s), 004/100 VUs, 623 complete and 0 interrupted iterations
saturation   [  51% ] 004/100 VUs  05m19.8s/10m30s  04.11 iters/s

running (05m21.0s), 004/100 VUs, 627 complete and 0 interrupted iterations
saturation   [  51% ] 004/100 VUs  05m20.8s/10m30s  04.13 iters/s

running (05m22.0s), 004/100 VUs, 631 complete and 0 interrupted iterations
saturation   [  51% ] 004/100 VUs  05m21.8s/10m30s  04.15 iters/s

running (05m23.0s), 004/100 VUs, 635 complete and 0 interrupted iterations
saturation   [  51% ] 004/100 VUs  05m22.8s/10m30s  04.17 iters/s

running (05m24.0s), 003/100 VUs, 640 complete and 0 interrupted iterations
saturation   [  51% ] 003/100 VUs  05m23.8s/10m30s  04.20 iters/s

running (05m25.0s), 003/100 VUs, 644 complete and 0 interrupted iterations
saturation   [  52% ] 003/100 VUs  05m24.8s/10m30s  04.22 iters/s

running (05m26.0s), 004/100 VUs, 648 complete and 0 interrupted iterations
saturation   [  52% ] 004/100 VUs  05m25.8s/10m30s  04.24 iters/s

running (05m27.0s), 004/100 VUs, 652 complete and 0 interrupted iterations
saturation   [  52% ] 004/100 VUs  05m26.8s/10m30s  04.26 iters/s

running (05m28.0s), 003/100 VUs, 657 complete and 0 interrupted iterations
saturation   [  52% ] 003/100 VUs  05m27.8s/10m30s  04.28 iters/s

running (05m29.0s), 003/100 VUs, 661 complete and 0 interrupted iterations
saturation   [  52% ] 003/100 VUs  05m28.8s/10m30s  04.31 iters/s

running (05m30.0s), 004/100 VUs, 665 complete and 0 interrupted iterations
saturation   [  52% ] 004/100 VUs  05m29.8s/10m30s  04.33 iters/s

running (05m31.0s), 004/100 VUs, 669 complete and 0 interrupted iterations
saturation   [  53% ] 004/100 VUs  05m30.8s/10m30s  04.35 iters/s

running (05m32.0s), 003/100 VUs, 674 complete and 0 interrupted iterations
saturation   [  53% ] 003/100 VUs  05m31.8s/10m30s  04.37 iters/s

running (05m33.0s), 004/100 VUs, 678 complete and 0 interrupted iterations
saturation   [  53% ] 004/100 VUs  05m32.8s/10m30s  04.40 iters/s

running (05m34.0s), 003/100 VUs, 683 complete and 0 interrupted iterations
saturation   [  53% ] 003/100 VUs  05m33.8s/10m30s  04.42 iters/s

running (05m35.0s), 004/100 VUs, 687 complete and 0 interrupted iterations
saturation   [  53% ] 004/100 VUs  05m34.8s/10m30s  04.44 iters/s

running (05m36.0s), 004/100 VUs, 691 complete and 0 interrupted iterations
saturation   [  53% ] 004/100 VUs  05m35.8s/10m30s  04.46 iters/s

running (05m37.0s), 004/100 VUs, 696 complete and 0 interrupted iterations
saturation   [  53% ] 004/100 VUs  05m36.8s/10m30s  04.49 iters/s

running (05m38.0s), 004/100 VUs, 700 complete and 0 interrupted iterations
saturation   [  54% ] 004/100 VUs  05m37.8s/10m30s  04.51 iters/s

running (05m39.0s), 004/100 VUs, 705 complete and 0 interrupted iterations
saturation   [  54% ] 004/100 VUs  05m38.8s/10m30s  04.53 iters/s

running (05m40.0s), 004/100 VUs, 709 complete and 0 interrupted iterations
saturation   [  54% ] 004/100 VUs  05m39.8s/10m30s  04.55 iters/s

running (05m41.0s), 004/100 VUs, 714 complete and 0 interrupted iterations
saturation   [  54% ] 004/100 VUs  05m40.8s/10m30s  04.58 iters/s

running (05m42.0s), 004/100 VUs, 718 complete and 0 interrupted iterations
saturation   [  54% ] 004/100 VUs  05m41.8s/10m30s  04.59 iters/s

running (05m43.0s), 004/100 VUs, 723 complete and 0 interrupted iterations
saturation   [  54% ] 004/100 VUs  05m42.8s/10m30s  04.62 iters/s

running (05m44.0s), 004/100 VUs, 728 complete and 0 interrupted iterations
saturation   [  55% ] 004/100 VUs  05m43.8s/10m30s  04.64 iters/s

running (05m45.0s), 004/100 VUs, 732 complete and 0 interrupted iterations
saturation   [  55% ] 004/100 VUs  05m44.8s/10m30s  04.66 iters/s

running (05m46.0s), 004/100 VUs, 737 complete and 0 interrupted iterations
saturation   [  55% ] 004/100 VUs  05m45.8s/10m30s  04.69 iters/s

running (05m47.0s), 004/100 VUs, 742 complete and 0 interrupted iterations
saturation   [  55% ] 004/100 VUs  05m46.8s/10m30s  04.71 iters/s

running (05m48.0s), 004/100 VUs, 746 complete and 0 interrupted iterations
saturation   [  55% ] 004/100 VUs  05m47.8s/10m30s  04.73 iters/s

running (05m49.0s), 004/100 VUs, 751 complete and 0 interrupted iterations
saturation   [  55% ] 004/100 VUs  05m48.8s/10m30s  04.75 iters/s

running (05m50.0s), 004/100 VUs, 756 complete and 0 interrupted iterations
saturation   [  56% ] 004/100 VUs  05m49.8s/10m30s  04.77 iters/s

running (05m51.0s), 004/100 VUs, 761 complete and 0 interrupted iterations
saturation   [  56% ] 004/100 VUs  05m50.8s/10m30s  04.80 iters/s

running (05m52.0s), 004/100 VUs, 765 complete and 0 interrupted iterations
saturation   [  56% ] 004/100 VUs  05m51.8s/10m30s  04.82 iters/s

running (05m53.0s), 004/100 VUs, 770 complete and 0 interrupted iterations
saturation   [  56% ] 004/100 VUs  05m52.8s/10m30s  04.84 iters/s

running (05m54.0s), 004/100 VUs, 775 complete and 0 interrupted iterations
saturation   [  56% ] 004/100 VUs  05m53.8s/10m30s  04.86 iters/s

running (05m55.0s), 004/100 VUs, 780 complete and 0 interrupted iterations
saturation   [  56% ] 004/100 VUs  05m54.8s/10m30s  04.89 iters/s

running (05m56.0s), 004/100 VUs, 785 complete and 0 interrupted iterations
saturation   [  56% ] 004/100 VUs  05m55.8s/10m30s  04.91 iters/s

running (05m57.0s), 004/100 VUs, 790 complete and 0 interrupted iterations
saturation   [  57% ] 004/100 VUs  05m56.8s/10m30s  04.93 iters/s

running (05m58.0s), 005/100 VUs, 794 complete and 0 interrupted iterations
saturation   [  57% ] 005/100 VUs  05m57.8s/10m30s  04.95 iters/s

running (05m59.0s), 005/100 VUs, 799 complete and 0 interrupted iterations
saturation   [  57% ] 005/100 VUs  05m58.8s/10m30s  04.98 iters/s

running (06m00.0s), 005/100 VUs, 804 complete and 0 interrupted iterations
saturation   [  57% ] 005/100 VUs  05m59.8s/10m30s  05.00 iters/s

running (06m01.0s), 005/100 VUs, 809 complete and 0 interrupted iterations
saturation   [  57% ] 005/100 VUs  06m00.8s/10m30s  05.03 iters/s

running (06m02.0s), 005/100 VUs, 814 complete and 0 interrupted iterations
saturation   [  57% ] 005/100 VUs  06m01.8s/10m30s  05.06 iters/s

running (06m03.0s), 005/100 VUs, 819 complete and 0 interrupted iterations
saturation   [  58% ] 005/100 VUs  06m02.8s/10m30s  05.10 iters/s

running (06m04.0s), 004/100 VUs, 825 complete and 0 interrupted iterations
saturation   [  58% ] 004/100 VUs  06m03.8s/10m30s  05.13 iters/s

running (06m05.0s), 004/100 VUs, 830 complete and 0 interrupted iterations
saturation   [  58% ] 004/100 VUs  06m04.8s/10m30s  05.16 iters/s

running (06m06.0s), 004/100 VUs, 835 complete and 0 interrupted iterations
saturation   [  58% ] 004/100 VUs  06m05.8s/10m30s  05.19 iters/s

running (06m07.0s), 004/100 VUs, 840 complete and 0 interrupted iterations
saturation   [  58% ] 004/100 VUs  06m06.8s/10m30s  05.22 iters/s

running (06m08.0s), 005/100 VUs, 845 complete and 0 interrupted iterations
saturation   [  58% ] 005/100 VUs  06m07.8s/10m30s  05.26 iters/s

running (06m09.0s), 005/100 VUs, 850 complete and 0 interrupted iterations
saturation   [  59% ] 005/100 VUs  06m08.8s/10m30s  05.29 iters/s

running (06m10.0s), 004/100 VUs, 856 complete and 0 interrupted iterations
saturation   [  59% ] 004/100 VUs  06m09.8s/10m30s  05.33 iters/s

running (06m11.0s), 005/100 VUs, 861 complete and 0 interrupted iterations
saturation   [  59% ] 005/100 VUs  06m10.8s/10m30s  05.36 iters/s

running (06m12.0s), 005/100 VUs, 866 complete and 0 interrupted iterations
saturation   [  59% ] 005/100 VUs  06m11.8s/10m30s  05.39 iters/s

running (06m13.0s), 004/100 VUs, 872 complete and 0 interrupted iterations
saturation   [  59% ] 004/100 VUs  06m12.8s/10m30s  05.43 iters/s

running (06m14.0s), 005/100 VUs, 877 complete and 0 interrupted iterations
saturation   [  59% ] 005/100 VUs  06m13.8s/10m30s  05.46 iters/s

running (06m15.0s), 004/100 VUs, 883 complete and 0 interrupted iterations
saturation   [  59% ] 004/100 VUs  06m14.8s/10m30s  05.49 iters/s

running (06m16.0s), 005/100 VUs, 888 complete and 0 interrupted iterations
saturation   [  60% ] 005/100 VUs  06m15.8s/10m30s  05.53 iters/s

running (06m17.0s), 004/100 VUs, 894 complete and 0 interrupted iterations
saturation   [  60% ] 004/100 VUs  06m16.8s/10m30s  05.56 iters/s

running (06m18.0s), 005/100 VUs, 899 complete and 0 interrupted iterations
saturation   [  60% ] 005/100 VUs  06m17.8s/10m30s  05.59 iters/s

running (06m19.0s), 005/100 VUs, 905 complete and 0 interrupted iterations
saturation   [  60% ] 005/100 VUs  06m18.8s/10m30s  05.63 iters/s

running (06m20.0s), 005/100 VUs, 910 complete and 0 interrupted iterations
saturation   [  60% ] 005/100 VUs  06m19.8s/10m30s  05.66 iters/s

running (06m21.0s), 005/100 VUs, 916 complete and 0 interrupted iterations
saturation   [  60% ] 005/100 VUs  06m20.8s/10m30s  05.70 iters/s

running (06m22.0s), 005/100 VUs, 922 complete and 0 interrupted iterations
saturation   [  61% ] 005/100 VUs  06m21.8s/10m30s  05.73 iters/s

running (06m23.0s), 005/100 VUs, 927 complete and 0 interrupted iterations
saturation   [  61% ] 005/100 VUs  06m22.8s/10m30s  05.76 iters/s

running (06m24.0s), 005/100 VUs, 933 complete and 0 interrupted iterations
saturation   [  61% ] 005/100 VUs  06m23.8s/10m30s  05.79 iters/s

running (06m25.0s), 005/100 VUs, 939 complete and 0 interrupted iterations
saturation   [  61% ] 005/100 VUs  06m24.8s/10m30s  05.83 iters/s

running (06m26.0s), 005/100 VUs, 945 complete and 0 interrupted iterations
saturation   [  61% ] 005/100 VUs  06m25.8s/10m30s  05.86 iters/s

running (06m27.0s), 005/100 VUs, 951 complete and 0 interrupted iterations
saturation   [  61% ] 005/100 VUs  06m26.8s/10m30s  05.90 iters/s

running (06m28.0s), 005/100 VUs, 957 complete and 0 interrupted iterations
saturation   [  62% ] 005/100 VUs  06m27.8s/10m30s  05.93 iters/s

running (06m29.0s), 006/100 VUs, 962 complete and 0 interrupted iterations
saturation   [  62% ] 006/100 VUs  06m28.8s/10m30s  05.96 iters/s

running (06m30.0s), 005/100 VUs, 968 complete and 0 interrupted iterations
saturation   [  62% ] 005/100 VUs  06m29.8s/10m30s  05.99 iters/s

running (06m31.0s), 006/100 VUs, 974 complete and 0 interrupted iterations
saturation   [  62% ] 006/100 VUs  06m30.8s/10m30s  06.03 iters/s

running (06m32.0s), 006/100 VUs, 980 complete and 0 interrupted iterations
saturation   [  62% ] 006/100 VUs  06m31.8s/10m30s  06.06 iters/s

running (06m33.0s), 006/100 VUs, 986 complete and 0 interrupted iterations
saturation   [  62% ] 006/100 VUs  06m32.8s/10m30s  06.10 iters/s

running (06m34.0s), 005/100 VUs, 993 complete and 0 interrupted iterations
saturation   [  63% ] 005/100 VUs  06m33.8s/10m30s  06.13 iters/s

running (06m35.0s), 005/100 VUs, 999 complete and 0 interrupted iterations
saturation   [  63% ] 005/100 VUs  06m34.8s/10m30s  06.16 iters/s

running (06m36.0s), 005/100 VUs, 1005 complete and 0 interrupted iterations
saturation   [  63% ] 005/100 VUs  06m35.8s/10m30s  06.19 iters/s

running (06m37.0s), 005/100 VUs, 1011 complete and 0 interrupted iterations
saturation   [  63% ] 005/100 VUs  06m36.8s/10m30s  06.23 iters/s

running (06m38.0s), 006/100 VUs, 1017 complete and 0 interrupted iterations
saturation   [  63% ] 006/100 VUs  06m37.8s/10m30s  06.26 iters/s

running (06m39.0s), 006/100 VUs, 1023 complete and 0 interrupted iterations
saturation   [  63% ] 006/100 VUs  06m38.8s/10m30s  06.30 iters/s

running (06m40.0s), 005/100 VUs, 1030 complete and 0 interrupted iterations
saturation   [  63% ] 005/100 VUs  06m39.8s/10m30s  06.33 iters/s

running (06m41.0s), 005/100 VUs, 1036 complete and 0 interrupted iterations
saturation   [  64% ] 005/100 VUs  06m40.8s/10m30s  06.36 iters/s

running (06m42.0s), 006/100 VUs, 1042 complete and 0 interrupted iterations
saturation   [  64% ] 006/100 VUs  06m41.8s/10m30s  06.40 iters/s

running (06m43.0s), 005/100 VUs, 1049 complete and 0 interrupted iterations
saturation   [  64% ] 005/100 VUs  06m42.8s/10m30s  06.43 iters/s

running (06m44.0s), 006/100 VUs, 1055 complete and 0 interrupted iterations
saturation   [  64% ] 006/100 VUs  06m43.8s/10m30s  06.46 iters/s

running (06m45.0s), 005/100 VUs, 1062 complete and 0 interrupted iterations
saturation   [  64% ] 005/100 VUs  06m44.8s/10m30s  06.49 iters/s

running (06m46.0s), 006/100 VUs, 1068 complete and 0 interrupted iterations
saturation   [  64% ] 006/100 VUs  06m45.8s/10m30s  06.53 iters/s

running (06m47.0s), 005/100 VUs, 1075 complete and 0 interrupted iterations
saturation   [  65% ] 005/100 VUs  06m46.8s/10m30s  06.56 iters/s

running (06m48.0s), 006/100 VUs, 1081 complete and 0 interrupted iterations
saturation   [  65% ] 006/100 VUs  06m47.8s/10m30s  06.60 iters/s

running (06m49.0s), 005/100 VUs, 1088 complete and 0 interrupted iterations
saturation   [  65% ] 005/100 VUs  06m48.8s/10m30s  06.63 iters/s

running (06m50.0s), 006/100 VUs, 1094 complete and 0 interrupted iterations
saturation   [  65% ] 006/100 VUs  06m49.8s/10m30s  06.66 iters/s

running (06m51.0s), 006/100 VUs, 1101 complete and 0 interrupted iterations
saturation   [  65% ] 006/100 VUs  06m50.8s/10m30s  06.70 iters/s

running (06m52.0s), 005/100 VUs, 1108 complete and 0 interrupted iterations
saturation   [  65% ] 005/100 VUs  06m51.8s/10m30s  06.73 iters/s

running (06m53.0s), 006/100 VUs, 1114 complete and 0 interrupted iterations
saturation   [  66% ] 006/100 VUs  06m52.8s/10m30s  06.76 iters/s

running (06m54.0s), 006/100 VUs, 1121 complete and 0 interrupted iterations
saturation   [  66% ] 006/100 VUs  06m53.8s/10m30s  06.79 iters/s

running (06m55.0s), 006/100 VUs, 1128 complete and 0 interrupted iterations
saturation   [  66% ] 006/100 VUs  06m54.8s/10m30s  06.83 iters/s

running (06m56.0s), 006/100 VUs, 1135 complete and 0 interrupted iterations
saturation   [  66% ] 006/100 VUs  06m55.8s/10m30s  06.86 iters/s

running (06m57.0s), 005/100 VUs, 1142 complete and 0 interrupted iterations
saturation   [  66% ] 005/100 VUs  06m56.8s/10m30s  06.89 iters/s

running (06m58.0s), 005/100 VUs, 1149 complete and 0 interrupted iterations
saturation   [  66% ] 005/100 VUs  06m57.8s/10m30s  06.93 iters/s

running (06m59.0s), 006/100 VUs, 1155 complete and 0 interrupted iterations
saturation   [  66% ] 006/100 VUs  06m58.8s/10m30s  06.96 iters/s

running (07m00.0s), 006/100 VUs, 1162 complete and 0 interrupted iterations
saturation   [  67% ] 006/100 VUs  06m59.8s/10m30s  06.99 iters/s

running (07m01.0s), 006/100 VUs, 1169 complete and 0 interrupted iterations
saturation   [  67% ] 006/100 VUs  07m00.8s/10m30s  07.03 iters/s

running (07m02.0s), 006/100 VUs, 1176 complete and 0 interrupted iterations
saturation   [  67% ] 006/100 VUs  07m01.8s/10m30s  07.06 iters/s

running (07m03.0s), 006/100 VUs, 1183 complete and 0 interrupted iterations
saturation   [  67% ] 006/100 VUs  07m02.8s/10m30s  07.09 iters/s

running (07m04.0s), 007/100 VUs, 1190 complete and 0 interrupted iterations
saturation   [  67% ] 007/100 VUs  07m03.8s/10m30s  07.13 iters/s

running (07m05.0s), 006/100 VUs, 1198 complete and 0 interrupted iterations
saturation   [  67% ] 006/100 VUs  07m04.8s/10m30s  07.16 iters/s

running (07m06.0s), 006/100 VUs, 1205 complete and 0 interrupted iterations
saturation   [  68% ] 006/100 VUs  07m05.8s/10m30s  07.19 iters/s

running (07m07.0s), 006/100 VUs, 1212 complete and 0 interrupted iterations
saturation   [  68% ] 006/100 VUs  07m06.8s/10m30s  07.23 iters/s

running (07m08.0s), 006/100 VUs, 1219 complete and 0 interrupted iterations
saturation   [  68% ] 006/100 VUs  07m07.8s/10m30s  07.26 iters/s

running (07m09.0s), 007/100 VUs, 1226 complete and 0 interrupted iterations
saturation   [  68% ] 007/100 VUs  07m08.8s/10m30s  07.30 iters/s

running (07m10.0s), 006/100 VUs, 1234 complete and 0 interrupted iterations
saturation   [  68% ] 006/100 VUs  07m09.8s/10m30s  07.33 iters/s

running (07m11.0s), 006/100 VUs, 1241 complete and 0 interrupted iterations
saturation   [  68% ] 006/100 VUs  07m10.8s/10m30s  07.36 iters/s

running (07m12.0s), 007/100 VUs, 1248 complete and 0 interrupted iterations
saturation   [  69% ] 007/100 VUs  07m11.8s/10m30s  07.40 iters/s

running (07m13.0s), 006/100 VUs, 1256 complete and 0 interrupted iterations
saturation   [  69% ] 006/100 VUs  07m12.8s/10m30s  07.43 iters/s

running (07m14.0s), 007/100 VUs, 1263 complete and 0 interrupted iterations
saturation   [  69% ] 007/100 VUs  07m13.8s/10m30s  07.46 iters/s

running (07m15.0s), 006/100 VUs, 1271 complete and 0 interrupted iterations
saturation   [  69% ] 006/100 VUs  07m14.8s/10m30s  07.49 iters/s

running (07m16.0s), 007/100 VUs, 1278 complete and 0 interrupted iterations
saturation   [  69% ] 007/100 VUs  07m15.8s/10m30s  07.53 iters/s

running (07m17.0s), 006/100 VUs, 1286 complete and 0 interrupted iterations
saturation   [  69% ] 006/100 VUs  07m16.8s/10m30s  07.56 iters/s

running (07m18.0s), 007/100 VUs, 1293 complete and 0 interrupted iterations
saturation   [  69% ] 007/100 VUs  07m17.8s/10m30s  07.60 iters/s

running (07m19.0s), 006/100 VUs, 1301 complete and 0 interrupted iterations
saturation   [  70% ] 006/100 VUs  07m18.8s/10m30s  07.63 iters/s

running (07m20.0s), 007/100 VUs, 1308 complete and 0 interrupted iterations
saturation   [  70% ] 007/100 VUs  07m19.8s/10m30s  07.66 iters/s

running (07m21.0s), 007/100 VUs, 1316 complete and 0 interrupted iterations
saturation   [  70% ] 007/100 VUs  07m20.8s/10m30s  07.70 iters/s

running (07m22.0s), 006/100 VUs, 1324 complete and 0 interrupted iterations
saturation   [  70% ] 006/100 VUs  07m21.8s/10m30s  07.73 iters/s

running (07m23.0s), 007/100 VUs, 1331 complete and 0 interrupted iterations
saturation   [  70% ] 007/100 VUs  07m22.8s/10m30s  07.76 iters/s

running (07m24.0s), 007/100 VUs, 1339 complete and 0 interrupted iterations
saturation   [  70% ] 007/100 VUs  07m23.8s/10m30s  07.80 iters/s

running (07m25.0s), 007/100 VUs, 1347 complete and 0 interrupted iterations
saturation   [  71% ] 007/100 VUs  07m24.8s/10m30s  07.83 iters/s

running (07m26.0s), 006/100 VUs, 1355 complete and 0 interrupted iterations
saturation   [  71% ] 006/100 VUs  07m25.8s/10m30s  07.86 iters/s

running (07m27.0s), 006/100 VUs, 1363 complete and 0 interrupted iterations
saturation   [  71% ] 006/100 VUs  07m26.8s/10m30s  07.89 iters/s

running (07m28.0s), 006/100 VUs, 1371 complete and 0 interrupted iterations
saturation   [  71% ] 006/100 VUs  07m27.8s/10m30s  07.93 iters/s

running (07m29.0s), 007/100 VUs, 1378 complete and 0 interrupted iterations
saturation   [  71% ] 007/100 VUs  07m28.8s/10m30s  07.96 iters/s

running (07m30.0s), 007/100 VUs, 1386 complete and 0 interrupted iterations
saturation   [  71% ] 007/100 VUs  07m29.8s/10m30s  07.99 iters/s

running (07m31.0s), 007/100 VUs, 1394 complete and 0 interrupted iterations
saturation   [  72% ] 007/100 VUs  07m30.8s/10m30s  08.04 iters/s

running (07m32.0s), 007/100 VUs, 1402 complete and 0 interrupted iterations
saturation   [  72% ] 007/100 VUs  07m31.8s/10m30s  08.08 iters/s

running (07m33.0s), 007/100 VUs, 1410 complete and 0 interrupted iterations
saturation   [  72% ] 007/100 VUs  07m32.8s/10m30s  08.12 iters/s

running (07m34.0s), 006/100 VUs, 1419 complete and 0 interrupted iterations
saturation   [  72% ] 006/100 VUs  07m33.8s/10m30s  08.17 iters/s

running (07m35.0s), 007/100 VUs, 1427 complete and 0 interrupted iterations
saturation   [  72% ] 007/100 VUs  07m34.8s/10m30s  08.22 iters/s

running (07m36.0s), 007/100 VUs, 1435 complete and 0 interrupted iterations
saturation   [  72% ] 007/100 VUs  07m35.8s/10m30s  08.26 iters/s

running (07m37.0s), 007/100 VUs, 1443 complete and 0 interrupted iterations
saturation   [  73% ] 007/100 VUs  07m36.8s/10m30s  08.30 iters/s

running (07m38.0s), 008/100 VUs, 1451 complete and 0 interrupted iterations
saturation   [  73% ] 008/100 VUs  07m37.8s/10m30s  08.35 iters/s

running (07m39.0s), 007/100 VUs, 1460 complete and 0 interrupted iterations
saturation   [  73% ] 007/100 VUs  07m38.8s/10m30s  08.39 iters/s

running (07m40.0s), 007/100 VUs, 1468 complete and 0 interrupted iterations
saturation   [  73% ] 007/100 VUs  07m39.8s/10m30s  08.44 iters/s

running (07m41.0s), 007/100 VUs, 1477 complete and 0 interrupted iterations
saturation   [  73% ] 007/100 VUs  07m40.8s/10m30s  08.48 iters/s

running (07m42.0s), 007/100 VUs, 1485 complete and 0 interrupted iterations
saturation   [  73% ] 007/100 VUs  07m41.8s/10m30s  08.52 iters/s

running (07m43.0s), 007/100 VUs, 1494 complete and 0 interrupted iterations
saturation   [  73% ] 007/100 VUs  07m42.8s/10m30s  08.57 iters/s

running (07m44.0s), 007/100 VUs, 1502 complete and 0 interrupted iterations
saturation   [  74% ] 007/100 VUs  07m43.8s/10m30s  08.61 iters/s

running (07m45.0s), 007/100 VUs, 1511 complete and 0 interrupted iterations
saturation   [  74% ] 007/100 VUs  07m44.8s/10m30s  08.66 iters/s

running (07m46.0s), 008/100 VUs, 1519 complete and 0 interrupted iterations
saturation   [  74% ] 008/100 VUs  07m45.8s/10m30s  08.71 iters/s

running (07m47.0s), 007/100 VUs, 1528 complete and 0 interrupted iterations
saturation   [  74% ] 007/100 VUs  07m46.8s/10m30s  08.75 iters/s

running (07m48.0s), 007/100 VUs, 1537 complete and 0 interrupted iterations
saturation   [  74% ] 007/100 VUs  07m47.8s/10m30s  08.79 iters/s

running (07m49.0s), 007/100 VUs, 1546 complete and 0 interrupted iterations
saturation   [  74% ] 007/100 VUs  07m48.8s/10m30s  08.84 iters/s

running (07m50.0s), 008/100 VUs, 1554 complete and 0 interrupted iterations
saturation   [  75% ] 008/100 VUs  07m49.8s/10m30s  08.88 iters/s

running (07m51.0s), 008/100 VUs, 1563 complete and 0 interrupted iterations
saturation   [  75% ] 008/100 VUs  07m50.8s/10m30s  08.93 iters/s

running (07m52.0s), 008/100 VUs, 1572 complete and 0 interrupted iterations
saturation   [  75% ] 008/100 VUs  07m51.8s/10m30s  08.97 iters/s

running (07m53.0s), 008/100 VUs, 1581 complete and 0 interrupted iterations
saturation   [  75% ] 008/100 VUs  07m52.8s/10m30s  09.02 iters/s

running (07m54.0s), 008/100 VUs, 1590 complete and 0 interrupted iterations
saturation   [  75% ] 008/100 VUs  07m53.8s/10m30s  09.06 iters/s

running (07m55.0s), 008/100 VUs, 1599 complete and 0 interrupted iterations
saturation   [  75% ] 008/100 VUs  07m54.8s/10m30s  09.10 iters/s

running (07m56.0s), 008/100 VUs, 1608 complete and 0 interrupted iterations
saturation   [  76% ] 008/100 VUs  07m55.8s/10m30s  09.15 iters/s

running (07m57.0s), 008/100 VUs, 1617 complete and 0 interrupted iterations
saturation   [  76% ] 008/100 VUs  07m56.8s/10m30s  09.19 iters/s

running (07m58.0s), 007/100 VUs, 1627 complete and 0 interrupted iterations
saturation   [  76% ] 007/100 VUs  07m57.8s/10m30s  09.24 iters/s

running (07m59.0s), 008/100 VUs, 1636 complete and 0 interrupted iterations
saturation   [  76% ] 008/100 VUs  07m58.8s/10m30s  09.28 iters/s

running (08m00.0s), 008/100 VUs, 1645 complete and 0 interrupted iterations
saturation   [  76% ] 008/100 VUs  07m59.8s/10m30s  09.33 iters/s

running (08m01.0s), 008/100 VUs, 1654 complete and 0 interrupted iterations
saturation   [  76% ] 008/100 VUs  08m00.8s/10m30s  09.37 iters/s

running (08m02.0s), 008/100 VUs, 1664 complete and 0 interrupted iterations
saturation   [  76% ] 008/100 VUs  08m01.8s/10m30s  09.42 iters/s

running (08m03.0s), 008/100 VUs, 1673 complete and 0 interrupted iterations
saturation   [  77% ] 008/100 VUs  08m02.8s/10m30s  09.46 iters/s

running (08m04.0s), 009/100 VUs, 1682 complete and 0 interrupted iterations
saturation   [  77% ] 009/100 VUs  08m03.8s/10m30s  09.51 iters/s

running (08m05.0s), 008/100 VUs, 1692 complete and 0 interrupted iterations
saturation   [  77% ] 008/100 VUs  08m04.8s/10m30s  09.55 iters/s

running (08m06.0s), 008/100 VUs, 1702 complete and 0 interrupted iterations
saturation   [  77% ] 008/100 VUs  08m05.8s/10m30s  09.59 iters/s

running (08m07.0s), 008/100 VUs, 1711 complete and 0 interrupted iterations
saturation   [  77% ] 008/100 VUs  08m06.8s/10m30s  09.64 iters/s

running (08m08.0s), 008/100 VUs, 1721 complete and 0 interrupted iterations
saturation   [  77% ] 008/100 VUs  08m07.8s/10m30s  09.68 iters/s

running (08m09.0s), 009/100 VUs, 1730 complete and 0 interrupted iterations
saturation   [  78% ] 009/100 VUs  08m08.8s/10m30s  09.73 iters/s

running (08m10.0s), 008/100 VUs, 1740 complete and 0 interrupted iterations
saturation   [  78% ] 008/100 VUs  08m09.8s/10m30s  09.77 iters/s

running (08m11.0s), 008/100 VUs, 1750 complete and 0 interrupted iterations
saturation   [  78% ] 008/100 VUs  08m10.8s/10m30s  09.81 iters/s

running (08m12.0s), 008/100 VUs, 1760 complete and 0 interrupted iterations
saturation   [  78% ] 008/100 VUs  08m11.8s/10m30s  09.86 iters/s

running (08m13.0s), 009/100 VUs, 1769 complete and 0 interrupted iterations
saturation   [  78% ] 009/100 VUs  08m12.8s/10m30s  09.90 iters/s

running (08m14.0s), 009/100 VUs, 1779 complete and 0 interrupted iterations
saturation   [  78% ] 009/100 VUs  08m13.8s/10m30s  09.95 iters/s

running (08m15.0s), 009/100 VUs, 1789 complete and 0 interrupted iterations
saturation   [  79% ] 009/100 VUs  08m14.8s/10m30s  09.99 iters/s

running (08m16.0s), 009/100 VUs, 1799 complete and 0 interrupted iterations
saturation   [  79% ] 009/100 VUs  08m15.8s/10m30s  10.04 iters/s

running (08m17.0s), 009/100 VUs, 1809 complete and 0 interrupted iterations
saturation   [  79% ] 009/100 VUs  08m16.8s/10m30s  10.08 iters/s

running (08m18.0s), 009/100 VUs, 1819 complete and 0 interrupted iterations
saturation   [  79% ] 009/100 VUs  08m17.8s/10m30s  10.13 iters/s

running (08m19.0s), 008/100 VUs, 1830 complete and 0 interrupted iterations
saturation   [  79% ] 008/100 VUs  08m18.8s/10m30s  10.17 iters/s

running (08m20.0s), 008/100 VUs, 1840 complete and 0 interrupted iterations
saturation   [  79% ] 008/100 VUs  08m19.8s/10m30s  10.21 iters/s

running (08m21.0s), 009/100 VUs, 1850 complete and 0 interrupted iterations
saturation   [  79% ] 009/100 VUs  08m20.8s/10m30s  10.26 iters/s

running (08m22.0s), 009/100 VUs, 1860 complete and 0 interrupted iterations
saturation   [  80% ] 009/100 VUs  08m21.8s/10m30s  10.30 iters/s

running (08m23.0s), 009/100 VUs, 1870 complete and 0 interrupted iterations
saturation   [  80% ] 009/100 VUs  08m22.8s/10m30s  10.35 iters/s

running (08m24.0s), 009/100 VUs, 1881 complete and 0 interrupted iterations
saturation   [  80% ] 009/100 VUs  08m23.8s/10m30s  10.39 iters/s

running (08m25.0s), 009/100 VUs, 1891 complete and 0 interrupted iterations
saturation   [  80% ] 009/100 VUs  08m24.8s/10m30s  10.44 iters/s

running (08m26.0s), 008/100 VUs, 1902 complete and 0 interrupted iterations
saturation   [  80% ] 008/100 VUs  08m25.8s/10m30s  10.48 iters/s

running (08m27.0s), 009/100 VUs, 1912 complete and 0 interrupted iterations
saturation   [  80% ] 009/100 VUs  08m26.8s/10m30s  10.53 iters/s

running (08m28.0s), 009/100 VUs, 1922 complete and 0 interrupted iterations
saturation   [  81% ] 009/100 VUs  08m27.8s/10m30s  10.57 iters/s

running (08m29.0s), 009/100 VUs, 1933 complete and 0 interrupted iterations
saturation   [  81% ] 009/100 VUs  08m28.8s/10m30s  10.61 iters/s

running (08m30.0s), 009/100 VUs, 1944 complete and 0 interrupted iterations
saturation   [  81% ] 009/100 VUs  08m29.8s/10m30s  10.66 iters/s

running (08m31.0s), 009/100 VUs, 1954 complete and 0 interrupted iterations
saturation   [  81% ] 009/100 VUs  08m30.8s/10m30s  10.70 iters/s

running (08m32.0s), 009/100 VUs, 1965 complete and 0 interrupted iterations
saturation   [  81% ] 009/100 VUs  08m31.8s/10m30s  10.75 iters/s

running (08m33.0s), 009/100 VUs, 1976 complete and 0 interrupted iterations
saturation   [  81% ] 009/100 VUs  08m32.8s/10m30s  10.79 iters/s

running (08m34.0s), 010/100 VUs, 1986 complete and 0 interrupted iterations
saturation   [  82% ] 010/100 VUs  08m33.8s/10m30s  10.84 iters/s

running (08m35.0s), 010/100 VUs, 1997 complete and 0 interrupted iterations
saturation   [  82% ] 010/100 VUs  08m34.8s/10m30s  10.88 iters/s

running (08m36.0s), 009/100 VUs, 2008 complete and 0 interrupted iterations
saturation   [  82% ] 009/100 VUs  08m35.8s/10m30s  10.92 iters/s

running (08m37.0s), 009/100 VUs, 2019 complete and 0 interrupted iterations
saturation   [  82% ] 009/100 VUs  08m36.8s/10m30s  10.97 iters/s

running (08m38.0s), 009/100 VUs, 2030 complete and 0 interrupted iterations
saturation   [  82% ] 009/100 VUs  08m37.8s/10m30s  11.01 iters/s

running (08m39.0s), 009/100 VUs, 2041 complete and 0 interrupted iterations
saturation   [  82% ] 009/100 VUs  08m38.8s/10m30s  11.06 iters/s

running (08m40.0s), 010/100 VUs, 2052 complete and 0 interrupted iterations
saturation   [  83% ] 010/100 VUs  08m39.8s/10m30s  11.11 iters/s

running (08m41.0s), 010/100 VUs, 2063 complete and 0 interrupted iterations
saturation   [  83% ] 010/100 VUs  08m40.8s/10m30s  11.15 iters/s

running (08m42.0s), 010/100 VUs, 2074 complete and 0 interrupted iterations
saturation   [  83% ] 010/100 VUs  08m41.8s/10m30s  11.19 iters/s

running (08m43.0s), 010/100 VUs, 2085 complete and 0 interrupted iterations
saturation   [  83% ] 010/100 VUs  08m42.8s/10m30s  11.24 iters/s

running (08m44.0s), 009/100 VUs, 2097 complete and 0 interrupted iterations
saturation   [  83% ] 009/100 VUs  08m43.8s/10m30s  11.28 iters/s

running (08m45.0s), 010/100 VUs, 2108 complete and 0 interrupted iterations
saturation   [  83% ] 010/100 VUs  08m44.8s/10m30s  11.33 iters/s

running (08m46.0s), 010/100 VUs, 2119 complete and 0 interrupted iterations
saturation   [  83% ] 010/100 VUs  08m45.8s/10m30s  11.37 iters/s

running (08m47.0s), 009/100 VUs, 2131 complete and 0 interrupted iterations
saturation   [  84% ] 009/100 VUs  08m46.8s/10m30s  11.41 iters/s

running (08m48.0s), 010/100 VUs, 2142 complete and 0 interrupted iterations
saturation   [  84% ] 010/100 VUs  08m47.8s/10m30s  11.46 iters/s

running (08m49.0s), 009/100 VUs, 2154 complete and 0 interrupted iterations
saturation   [  84% ] 009/100 VUs  08m48.8s/10m30s  11.50 iters/s

running (08m50.0s), 010/100 VUs, 2165 complete and 0 interrupted iterations
saturation   [  84% ] 010/100 VUs  08m49.8s/10m30s  11.55 iters/s

running (08m51.0s), 010/100 VUs, 2176 complete and 0 interrupted iterations
saturation   [  84% ] 010/100 VUs  08m50.8s/10m30s  11.59 iters/s

running (08m52.0s), 010/100 VUs, 2188 complete and 0 interrupted iterations
saturation   [  84% ] 010/100 VUs  08m51.8s/10m30s  11.64 iters/s

running (08m53.0s), 010/100 VUs, 2200 complete and 0 interrupted iterations
saturation   [  85% ] 010/100 VUs  08m52.8s/10m30s  11.68 iters/s

running (08m54.0s), 010/100 VUs, 2211 complete and 0 interrupted iterations
saturation   [  85% ] 010/100 VUs  08m53.8s/10m30s  11.72 iters/s

running (08m55.0s), 010/100 VUs, 2223 complete and 0 interrupted iterations
saturation   [  85% ] 010/100 VUs  08m54.8s/10m30s  11.77 iters/s

running (08m56.0s), 010/100 VUs, 2235 complete and 0 interrupted iterations
saturation   [  85% ] 010/100 VUs  08m55.8s/10m30s  11.82 iters/s

running (08m57.0s), 010/100 VUs, 2247 complete and 0 interrupted iterations
saturation   [  85% ] 010/100 VUs  08m56.8s/10m30s  11.86 iters/s

running (08m58.0s), 010/100 VUs, 2259 complete and 0 interrupted iterations
saturation   [  85% ] 010/100 VUs  08m57.8s/10m30s  11.91 iters/s

running (08m59.0s), 011/100 VUs, 2270 complete and 0 interrupted iterations
saturation   [  86% ] 011/100 VUs  08m58.8s/10m30s  11.95 iters/s

running (09m00.0s), 010/100 VUs, 2282 complete and 0 interrupted iterations
saturation   [  86% ] 010/100 VUs  08m59.8s/10m30s  11.99 iters/s

running (09m01.0s), 010/100 VUs, 2294 complete and 0 interrupted iterations
saturation   [  86% ] 010/100 VUs  09m00.8s/10m30s  12.00 iters/s

running (09m02.0s), 010/100 VUs, 2306 complete and 0 interrupted iterations
saturation   [  86% ] 010/100 VUs  09m01.8s/10m30s  12.00 iters/s

running (09m03.0s), 010/100 VUs, 2318 complete and 0 interrupted iterations
saturation   [  86% ] 010/100 VUs  09m02.8s/10m30s  12.00 iters/s

running (09m04.0s), 010/100 VUs, 2330 complete and 0 interrupted iterations
saturation   [  86% ] 010/100 VUs  09m03.8s/10m30s  12.00 iters/s

running (09m05.0s), 010/100 VUs, 2342 complete and 0 interrupted iterations
saturation   [  86% ] 010/100 VUs  09m04.8s/10m30s  12.00 iters/s

running (09m06.0s), 010/100 VUs, 2354 complete and 0 interrupted iterations
saturation   [  87% ] 010/100 VUs  09m05.8s/10m30s  12.00 iters/s

running (09m07.0s), 010/100 VUs, 2366 complete and 0 interrupted iterations
saturation   [  87% ] 010/100 VUs  09m06.8s/10m30s  12.00 iters/s

running (09m08.0s), 010/100 VUs, 2378 complete and 0 interrupted iterations
saturation   [  87% ] 010/100 VUs  09m07.8s/10m30s  12.00 iters/s

running (09m09.0s), 010/100 VUs, 2390 complete and 0 interrupted iterations
saturation   [  87% ] 010/100 VUs  09m08.8s/10m30s  12.00 iters/s

running (09m10.0s), 010/100 VUs, 2402 complete and 0 interrupted iterations
saturation   [  87% ] 010/100 VUs  09m09.8s/10m30s  12.00 iters/s

running (09m11.0s), 010/100 VUs, 2414 complete and 0 interrupted iterations
saturation   [  87% ] 010/100 VUs  09m10.8s/10m30s  12.00 iters/s

running (09m12.0s), 010/100 VUs, 2426 complete and 0 interrupted iterations
saturation   [  88% ] 010/100 VUs  09m11.8s/10m30s  12.00 iters/s

running (09m13.0s), 010/100 VUs, 2438 complete and 0 interrupted iterations
saturation   [  88% ] 010/100 VUs  09m12.8s/10m30s  12.00 iters/s

running (09m14.0s), 010/100 VUs, 2450 complete and 0 interrupted iterations
saturation   [  88% ] 010/100 VUs  09m13.8s/10m30s  12.00 iters/s

running (09m15.0s), 010/100 VUs, 2462 complete and 0 interrupted iterations
saturation   [  88% ] 010/100 VUs  09m14.8s/10m30s  12.00 iters/s

running (09m16.0s), 010/100 VUs, 2474 complete and 0 interrupted iterations
saturation   [  88% ] 010/100 VUs  09m15.8s/10m30s  12.00 iters/s

running (09m17.0s), 010/100 VUs, 2486 complete and 0 interrupted iterations
saturation   [  88% ] 010/100 VUs  09m16.8s/10m30s  12.00 iters/s

running (09m18.0s), 010/100 VUs, 2498 complete and 0 interrupted iterations
saturation   [  89% ] 010/100 VUs  09m17.8s/10m30s  12.00 iters/s

running (09m19.0s), 010/100 VUs, 2510 complete and 0 interrupted iterations
saturation   [  89% ] 010/100 VUs  09m18.8s/10m30s  12.00 iters/s

running (09m20.0s), 010/100 VUs, 2522 complete and 0 interrupted iterations
saturation   [  89% ] 010/100 VUs  09m19.8s/10m30s  12.00 iters/s

running (09m21.0s), 010/100 VUs, 2534 complete and 0 interrupted iterations
saturation   [  89% ] 010/100 VUs  09m20.8s/10m30s  12.00 iters/s

running (09m22.0s), 010/100 VUs, 2546 complete and 0 interrupted iterations
saturation   [  89% ] 010/100 VUs  09m21.8s/10m30s  12.00 iters/s

running (09m23.0s), 010/100 VUs, 2558 complete and 0 interrupted iterations
saturation   [  89% ] 010/100 VUs  09m22.8s/10m30s  12.00 iters/s

running (09m24.0s), 010/100 VUs, 2570 complete and 0 interrupted iterations
saturation   [  89% ] 010/100 VUs  09m23.8s/10m30s  12.00 iters/s

running (09m25.0s), 010/100 VUs, 2582 complete and 0 interrupted iterations
saturation   [  90% ] 010/100 VUs  09m24.8s/10m30s  12.00 iters/s

running (09m26.0s), 010/100 VUs, 2594 complete and 0 interrupted iterations
saturation   [  90% ] 010/100 VUs  09m25.8s/10m30s  12.00 iters/s

running (09m27.0s), 010/100 VUs, 2606 complete and 0 interrupted iterations
saturation   [  90% ] 010/100 VUs  09m26.8s/10m30s  12.00 iters/s

running (09m28.0s), 010/100 VUs, 2618 complete and 0 interrupted iterations
saturation   [  90% ] 010/100 VUs  09m27.8s/10m30s  12.00 iters/s

running (09m29.0s), 010/100 VUs, 2630 complete and 0 interrupted iterations
saturation   [  90% ] 010/100 VUs  09m28.8s/10m30s  12.00 iters/s

running (09m30.0s), 010/100 VUs, 2642 complete and 0 interrupted iterations
saturation   [  90% ] 010/100 VUs  09m29.8s/10m30s  12.00 iters/s

running (09m31.0s), 010/100 VUs, 2654 complete and 0 interrupted iterations
saturation   [  91% ] 010/100 VUs  09m30.8s/10m30s  12.00 iters/s

running (09m32.0s), 010/100 VUs, 2666 complete and 0 interrupted iterations
saturation   [  91% ] 010/100 VUs  09m31.8s/10m30s  12.00 iters/s

running (09m33.0s), 010/100 VUs, 2678 complete and 0 interrupted iterations
saturation   [  91% ] 010/100 VUs  09m32.8s/10m30s  12.00 iters/s

running (09m34.0s), 010/100 VUs, 2690 complete and 0 interrupted iterations
saturation   [  91% ] 010/100 VUs  09m33.8s/10m30s  12.00 iters/s

running (09m35.0s), 010/100 VUs, 2702 complete and 0 interrupted iterations
saturation   [  91% ] 010/100 VUs  09m34.8s/10m30s  12.00 iters/s

running (09m36.0s), 010/100 VUs, 2714 complete and 0 interrupted iterations
saturation   [  91% ] 010/100 VUs  09m35.8s/10m30s  12.00 iters/s

running (09m37.0s), 010/100 VUs, 2726 complete and 0 interrupted iterations
saturation   [  92% ] 010/100 VUs  09m36.8s/10m30s  12.00 iters/s

running (09m38.0s), 010/100 VUs, 2738 complete and 0 interrupted iterations
saturation   [  92% ] 010/100 VUs  09m37.8s/10m30s  12.00 iters/s

running (09m39.0s), 010/100 VUs, 2750 complete and 0 interrupted iterations
saturation   [  92% ] 010/100 VUs  09m38.8s/10m30s  12.00 iters/s

running (09m40.0s), 010/100 VUs, 2762 complete and 0 interrupted iterations
saturation   [  92% ] 010/100 VUs  09m39.8s/10m30s  12.00 iters/s

running (09m41.0s), 010/100 VUs, 2774 complete and 0 interrupted iterations
saturation   [  92% ] 010/100 VUs  09m40.8s/10m30s  12.00 iters/s

running (09m42.0s), 010/100 VUs, 2786 complete and 0 interrupted iterations
saturation   [  92% ] 010/100 VUs  09m41.8s/10m30s  12.00 iters/s

running (09m43.0s), 010/100 VUs, 2798 complete and 0 interrupted iterations
saturation   [  93% ] 010/100 VUs  09m42.8s/10m30s  12.00 iters/s

running (09m44.0s), 010/100 VUs, 2810 complete and 0 interrupted iterations
saturation   [  93% ] 010/100 VUs  09m43.8s/10m30s  12.00 iters/s

running (09m45.0s), 010/100 VUs, 2822 complete and 0 interrupted iterations
saturation   [  93% ] 010/100 VUs  09m44.8s/10m30s  12.00 iters/s

running (09m46.0s), 010/100 VUs, 2834 complete and 0 interrupted iterations
saturation   [  93% ] 010/100 VUs  09m45.8s/10m30s  12.00 iters/s

running (09m47.0s), 010/100 VUs, 2846 complete and 0 interrupted iterations
saturation   [  93% ] 010/100 VUs  09m46.8s/10m30s  12.00 iters/s

running (09m48.0s), 010/100 VUs, 2858 complete and 0 interrupted iterations
saturation   [  93% ] 010/100 VUs  09m47.8s/10m30s  12.00 iters/s

running (09m49.0s), 010/100 VUs, 2870 complete and 0 interrupted iterations
saturation   [  93% ] 010/100 VUs  09m48.8s/10m30s  12.00 iters/s

running (09m50.0s), 010/100 VUs, 2882 complete and 0 interrupted iterations
saturation   [  94% ] 010/100 VUs  09m49.8s/10m30s  12.00 iters/s

running (09m51.0s), 010/100 VUs, 2894 complete and 0 interrupted iterations
saturation   [  94% ] 010/100 VUs  09m50.8s/10m30s  12.00 iters/s

running (09m52.0s), 010/100 VUs, 2906 complete and 0 interrupted iterations
saturation   [  94% ] 010/100 VUs  09m51.8s/10m30s  12.00 iters/s

running (09m53.0s), 010/100 VUs, 2918 complete and 0 interrupted iterations
saturation   [  94% ] 010/100 VUs  09m52.8s/10m30s  12.00 iters/s

running (09m54.0s), 010/100 VUs, 2930 complete and 0 interrupted iterations
saturation   [  94% ] 010/100 VUs  09m53.8s/10m30s  12.00 iters/s

running (09m55.0s), 010/100 VUs, 2942 complete and 0 interrupted iterations
saturation   [  94% ] 010/100 VUs  09m54.8s/10m30s  12.00 iters/s

running (09m56.0s), 010/100 VUs, 2954 complete and 0 interrupted iterations
saturation   [  95% ] 010/100 VUs  09m55.8s/10m30s  12.00 iters/s

running (09m57.0s), 010/100 VUs, 2966 complete and 0 interrupted iterations
saturation   [  95% ] 010/100 VUs  09m56.8s/10m30s  12.00 iters/s

running (09m58.0s), 010/100 VUs, 2978 complete and 0 interrupted iterations
saturation   [  95% ] 010/100 VUs  09m57.8s/10m30s  12.00 iters/s

running (09m59.0s), 010/100 VUs, 2990 complete and 0 interrupted iterations
saturation   [  95% ] 010/100 VUs  09m58.8s/10m30s  12.00 iters/s

running (10m00.0s), 010/100 VUs, 3002 complete and 0 interrupted iterations
saturation   [  95% ] 010/100 VUs  09m59.8s/10m30s  12.00 iters/s

running (10m01.0s), 010/100 VUs, 3014 complete and 0 interrupted iterations
saturation   [  95% ] 010/100 VUs  10m00.8s/10m30s  12.00 iters/s

running (10m02.0s), 010/100 VUs, 3026 complete and 0 interrupted iterations
saturation   [  96% ] 010/100 VUs  10m01.8s/10m30s  12.00 iters/s

running (10m03.0s), 010/100 VUs, 3038 complete and 0 interrupted iterations
saturation   [  96% ] 010/100 VUs  10m02.8s/10m30s  12.00 iters/s

running (10m04.0s), 010/100 VUs, 3050 complete and 0 interrupted iterations
saturation   [  96% ] 010/100 VUs  10m03.8s/10m30s  12.00 iters/s

running (10m05.0s), 010/100 VUs, 3062 complete and 0 interrupted iterations
saturation   [  96% ] 010/100 VUs  10m04.8s/10m30s  12.00 iters/s

running (10m06.0s), 010/100 VUs, 3074 complete and 0 interrupted iterations
saturation   [  96% ] 010/100 VUs  10m05.8s/10m30s  12.00 iters/s

running (10m07.0s), 010/100 VUs, 3086 complete and 0 interrupted iterations
saturation   [  96% ] 010/100 VUs  10m06.8s/10m30s  12.00 iters/s

running (10m08.0s), 010/100 VUs, 3098 complete and 0 interrupted iterations
saturation   [  96% ] 010/100 VUs  10m07.8s/10m30s  12.00 iters/s

running (10m09.0s), 010/100 VUs, 3110 complete and 0 interrupted iterations
saturation   [  97% ] 010/100 VUs  10m08.8s/10m30s  12.00 iters/s

running (10m10.0s), 010/100 VUs, 3122 complete and 0 interrupted iterations
saturation   [  97% ] 010/100 VUs  10m09.8s/10m30s  12.00 iters/s

running (10m11.0s), 010/100 VUs, 3134 complete and 0 interrupted iterations
saturation   [  97% ] 010/100 VUs  10m10.8s/10m30s  12.00 iters/s

running (10m12.0s), 010/100 VUs, 3146 complete and 0 interrupted iterations
saturation   [  97% ] 010/100 VUs  10m11.8s/10m30s  12.00 iters/s

running (10m13.0s), 010/100 VUs, 3158 complete and 0 interrupted iterations
saturation   [  97% ] 010/100 VUs  10m12.8s/10m30s  12.00 iters/s

running (10m14.0s), 010/100 VUs, 3170 complete and 0 interrupted iterations
saturation   [  97% ] 010/100 VUs  10m13.8s/10m30s  12.00 iters/s

running (10m15.0s), 010/100 VUs, 3182 complete and 0 interrupted iterations
saturation   [  98% ] 010/100 VUs  10m14.8s/10m30s  12.00 iters/s

running (10m16.0s), 010/100 VUs, 3194 complete and 0 interrupted iterations
saturation   [  98% ] 010/100 VUs  10m15.8s/10m30s  12.00 iters/s

running (10m17.0s), 010/100 VUs, 3206 complete and 0 interrupted iterations
saturation   [  98% ] 010/100 VUs  10m16.8s/10m30s  12.00 iters/s

running (10m18.0s), 010/100 VUs, 3218 complete and 0 interrupted iterations
saturation   [  98% ] 010/100 VUs  10m17.8s/10m30s  12.00 iters/s

running (10m19.0s), 010/100 VUs, 3230 complete and 0 interrupted iterations
saturation   [  98% ] 010/100 VUs  10m18.8s/10m30s  12.00 iters/s

running (10m20.0s), 010/100 VUs, 3242 complete and 0 interrupted iterations
saturation   [  98% ] 010/100 VUs  10m19.8s/10m30s  12.00 iters/s

running (10m21.0s), 010/100 VUs, 3254 complete and 0 interrupted iterations
saturation   [  99% ] 010/100 VUs  10m20.8s/10m30s  12.00 iters/s

running (10m22.0s), 010/100 VUs, 3266 complete and 0 interrupted iterations
saturation   [  99% ] 010/100 VUs  10m21.8s/10m30s  12.00 iters/s

running (10m23.0s), 009/100 VUs, 3279 complete and 0 interrupted iterations
saturation   [  99% ] 009/100 VUs  10m22.8s/10m30s  12.00 iters/s

running (10m24.0s), 010/100 VUs, 3290 complete and 0 interrupted iterations
saturation   [  99% ] 010/100 VUs  10m23.8s/10m30s  12.00 iters/s

running (10m25.0s), 010/100 VUs, 3302 complete and 0 interrupted iterations
saturation   [  99% ] 010/100 VUs  10m24.8s/10m30s  12.00 iters/s

running (10m26.0s), 010/100 VUs, 3314 complete and 0 interrupted iterations
saturation   [  99% ] 010/100 VUs  10m25.8s/10m30s  12.00 iters/s

running (10m27.0s), 010/100 VUs, 3326 complete and 0 interrupted iterations
saturation   [  99% ] 010/100 VUs  10m26.8s/10m30s  12.00 iters/s

running (10m28.0s), 010/100 VUs, 3338 complete and 0 interrupted iterations
saturation   [ 100% ] 010/100 VUs  10m27.8s/10m30s  12.00 iters/s

running (10m29.0s), 010/100 VUs, 3350 complete and 0 interrupted iterations
saturation   [ 100% ] 010/100 VUs  10m28.8s/10m30s  12.00 iters/s

running (10m30.0s), 010/100 VUs, 3362 complete and 0 interrupted iterations
saturation   [ 100% ] 010/100 VUs  10m29.8s/10m30s  12.00 iters/s

running (10m30.9s), 000/100 VUs, 3374 complete and 0 interrupted iterations
saturation ✓ [ 100% ] 000/100 VUs  10m30s  12.00 iters/s

================ DSP benchmark summary ================
-- per-phase latency --
  catalog                    p50=18.3 ms  p95=25.2 ms  p99=27.9 ms  max=33.9 ms  n=3374
  negotiation init (POST)    p50=10.2 ms  p95=12.1 ms  p99=17.9 ms  max=23.3 ms  n=3374
  time-to-AGREED (async)     p50=253.0 ms  p95=254.0 ms  p99=254.0 ms  max=269.0 ms  n=3374
  transfer init (POST)       p50=29.5 ms  p95=34.8 ms  p99=42.6 ms  max=50.0 ms  n=3374
  time-to-EDR (async)        p50=252.0 ms  p95=253.0 ms  p99=254.0 ms  max=260.0 ms  n=3374
  data pull                  p50=23.7 ms  p95=30.6 ms  p99=37.7 ms  max=48.4 ms  n=3374
-- end-to-end + throughput --
  e2e transaction            p50=849.0 ms  p95=862.0 ms  p99=868.0 ms  max=890.0 ms  n=3374
  data throughput (MB/s)     p50=0.0  p95=0.0  p99=0.0  max=0.0  n=3374
-- outcomes --
  transactions succeeded     count=3374  rate=5.348/s
  transactions failed        (no data)
  failed rate                rate=0.00%  (pass=0 fail=3374)
    of which TERMINATED      (no data)
    of which TIMED OUT       (no data)
    of which HTTP-FAILED     (no data)
  failure accounting       (no failures)
-- observer effect (poll load) --
  negotiation polls          count=6748  rate=10.696/s
  edr polls                  count=6748  rate=10.696/s
  polls per transaction     negotiation=2.0  edr=2.0  (timeout ceiling=120)
=======================================================
(full summary -> /home/rohitj/edc/benchmarking-dsp-native-basyx/k6-scripts/results/basyx/off/saturation-open/2026-08-03T16-59-26Z/k6-summary.json; POLL_INTERVAL_MS=250; IDENTITY_MODE=off)

running (10m30.9s), 000/100 VUs, 3374 complete and 0 interrupted iterations
saturation ✓ [ 100% ] 000/100 VUs  10m30s  12.00 iters/s
Prometheus snapshot [1785776427..1785777074] svc=(dsp-native-basyx|consumer-controlplane) win=1m -> /home/rohitj/edc/benchmarking-dsp-native-basyx/k6-scripts/results/basyx/off/saturation-open/2026-08-03T16-59-26Z
  jvm-heap.csv (130 rows)
  jvm-gc-rate.csv (130 rows)
  jvm-threads.csv (130 rows)
  http-throughput.csv (130 rows)
  http-p95.csv (130 rows)
  http-errors.csv (130 rows)
  http-errors-5xx.csv (0 rows)
  http-status.csv (260 rows)
  host-cpu-busy.csv (130 rows)
  host-mem-used.csv (130 rows)
  5xx: no 5xx in window (confirmed: http-status has 260 samples, so the status label IS scraped)
  logs -> /home/rohitj/edc/benchmarking-dsp-native-basyx/k6-scripts/results/basyx/off/saturation-open/2026-08-03T16-59-26Z/logs (1 files)
0
Settling 60s (this run stressed the connector; the next one must not inherit its backlog)
VALIDITY  ok=3374  failed=0  failed_rate=0%  dropped_iterations=0
>>> done: /home/rohitj/edc/benchmarking-dsp-native-basyx/k6-scripts/results/basyx/off/saturation-open/2026-08-03T16-59-26Z  (k6 exit 0)
Matrix done. Index: /home/rohitj/edc/benchmarking-dsp-native-basyx/k6-scripts/results/basyx/matrix-2026-08-03T16-59-26Z.log
TIP: aggregate the per-run k6-summary.json across reps into median+IQR before plotting.
17:12:29 |     done (exit 0)
17:12:29 |   … settling 120s before the next scenario
17:14:29 | --> export figures
renderer OK -> /home/rohitj/edc/benchmarking-dsp-native-basyx/k6-scripts/figures (profile=thesis theme=light 1200x450)
  figures/basyx_off_concurrency-closed_tx-outcome.png
  figures/basyx_off_concurrency-closed_api-latency.png
  figures/basyx_off_concurrency-closed_request-rate.png
  figures/basyx_off_saturation-open_tx-outcome.png
  figures/basyx_off_saturation-open_api-latency.png
  figures/basyx_off_saturation-open_request-rate.png
  figures/basyx_off_saturation-open_polls-per-tx.png
  figures/basyx_off_saturation-open_host-cpu.png
  figures/basyx_off_soak_jvm-heap.png
  figures/basyx_off_soak_jvm-gc.png
  figures/basyx_off_soak_jvm-threads.png
  figures/basyx_off_soak_host-mem.png
  figures/basyx_off_steady_tx-outcome.png
  figures/basyx_off_steady_async-latency.png
  figures/basyx_off_steady_api-latency.png
  figures/basyx_off_steady_jvm-heap.png
  figures/basyx_on_concurrency-closed_tx-outcome.png
  figures/basyx_on_concurrency-closed_api-latency.png
  figures/basyx_on_concurrency-closed_request-rate.png
  figures/basyx_on_saturation-open_tx-outcome.png
  figures/basyx_on_saturation-open_api-latency.png
  figures/basyx_on_saturation-open_request-rate.png
  figures/basyx_on_saturation-open_polls-per-tx.png
  figures/basyx_on_saturation-open_host-cpu.png
  figures/basyx_on_soak_jvm-heap.png
  figures/basyx_on_soak_jvm-gc.png
  figures/basyx_on_soak_jvm-threads.png
  figures/basyx_on_soak_host-mem.png
  figures/basyx_on_steady_tx-outcome.png
  figures/basyx_on_steady_async-latency.png
  figures/basyx_on_steady_api-latency.png
  figures/basyx_on_steady_jvm-heap.png

exported 32 panel(s) to /home/rohitj/edc/benchmarking-dsp-native-basyx/k6-scripts/figures, 0 failed, 2 run(s) skipped as gates

Use in LaTeX:
  \includegraphics[width=\textwidth]{figures/factoryx_on_steady_async-latency}
Export one connector/scenario only:  /home/rohitj/edc/benchmarking-dsp-native-basyx/k6-scripts/orchestration/export-panels.sh factoryx steady
Every repetition instead of newest:  ALL_RUNS=1 /home/rohitj/edc/benchmarking-dsp-native-basyx/k6-scripts/orchestration/export-panels.sh
Every panel for every run:           PROFILE=all /home/rohitj/edc/benchmarking-dsp-native-basyx/k6-scripts/orchestration/export-panels.sh
A specific panel set:                PANELS="edc-api-red:200:tx-outcome" /home/rohitj/edc/benchmarking-dsp-native-basyx/k6-scripts/orchestration/export-panels.sh
17:16:59 |     done (exit 0)
17:16:59 | 
17:16:59 | === campaign done: basyx / identity-off in 81 min ===
17:16:59 | --- validity of every run (exit code is NOT the signal) ---
  concurrency-closed  VALIDITY  ok=11239  failed=0  failed_rate=0%  dropped_iterations=0
  saturation-open     VALIDITY  ok=3374  failed=0  failed_rate=0%  dropped_iterations=0
  smoke               VALIDITY  ok=5  failed=0  failed_rate=0%  dropped_iterations=0
  soak                VALIDITY  ok=1801  failed=0  failed_rate=0%  dropped_iterations=0
  steady              VALIDITY  ok=600  failed=0  failed_rate=0%  dropped_iterations=0
  steady              VALIDITY  ok=600  failed=0  failed_rate=0%  dropped_iterations=0
17:16:59 | 
17:16:59 | runs flagged by the validity check: 0 (ramps are EXPECTED to flag — they overload by design)
17:16:59 | campaign log: /home/rohitj/edc/benchmarking-dsp-native-basyx/k6-scripts/results/basyx/campaign-off-2026-08-03T15-55-49Z.log
17:16:59 | 
17:16:59 | Next: take the arm down (./cleanup.sh off) — it wipes Prometheus, so export first.
