17:08:01 | === campaign: basyx / identity-on ===
parity OK: lib/ + scenarios/ + orchestration/ + tools/ identical to /home/rohitj/edc/benchmarking-dsp-native-basyx/k6-scripts
17:08:01 | parity OK against /home/rohitj/edc/benchmarking-dsp-native-basyx/k6-scripts
17:08:01 | preflight OK (consumer API + Prometheus)
17:08:01 | identity bootstrap (identity-setup.js)

         /\      Grafana   /‾‾/  
    /\  /  \     |\  __   /  /   
   /  \/    \    | |/ /  /   ‾‾\ 
  /          \   |   (  |  (‾)  |
 / __________ \  |_|\_\  \_____/ 


     execution: local
        script: /home/rohitj/edc/benchmarking-dsp-native-basyx/k6-scripts/identity-setup.js
        output: -

     scenarios: (100.00%) 1 scenario, 1 max VUs, 10m30s max duration (incl. graceful stop):
              * default: 1 iterations shared among 1 VUs (maxDuration: 10m0s, gracefulStop: 30s)

time="2026-08-11T17:08:01Z" level=info msg="\n=== DCP identity bootstrap (host: localhost) ===\n" source=console
time="2026-08-11T17:08:01Z" level=info msg="[OK ] CreateIssuerParticipant -> HTTP 200" source=console
time="2026-08-11T17:08:02Z" level=info msg="[OK ] addConsumerHolder -> HTTP 201" source=console
time="2026-08-11T17:08:02Z" level=info msg="[OK ] addProviderHolder -> HTTP 201" source=console
time="2026-08-11T17:08:02Z" level=info msg="[OK ] createAttestation -> HTTP 201" source=console
time="2026-08-11T17:08:02Z" level=info msg="[OK ] createCredentialDef -> HTTP 201" source=console
time="2026-08-11T17:08:02Z" level=info msg="[OK ] CreateConsumerParticipant -> HTTP 200" source=console
time="2026-08-11T17:08:02Z" level=info msg="[OK ] RequestConsumerCredential -> HTTP 201" source=console
time="2026-08-11T17:08:02Z" level=info msg="[OK ] Vault: store consumersecret -> HTTP 200" source=console

running (00m01.0s), 1/1 VUs, 0 complete and 0 interrupted iterations
default   [   0% ] 1 VUs  00m01.0s/10m0s  0/1 shared iters
time="2026-08-11T17:08:02Z" level=info msg="[OK ] CreateProviderParticipant -> HTTP 200" source=console
time="2026-08-11T17:08:02Z" level=info msg="[OK ] RequestProviderCredential -> HTTP 201" source=console
time="2026-08-11T17:08:02Z" level=info msg="[OK ] Vault: store providersecret -> HTTP 200" source=console

running (00m02.0s), 1/1 VUs, 0 complete and 0 interrupted iterations
default   [   0% ] 1 VUs  00m02.0s/10m0s  0/1 shared iters

running (00m03.0s), 1/1 VUs, 0 complete and 0 interrupted iterations
default   [   0% ] 1 VUs  00m03.0s/10m0s  0/1 shared iters

running (00m04.0s), 1/1 VUs, 0 complete and 0 interrupted iterations
default   [   0% ] 1 VUs  00m04.0s/10m0s  0/1 shared iters
time="2026-08-11T17:08:05Z" level=info msg="[OK ] Consumer STS token -> HTTP 200" source=console
time="2026-08-11T17:08:05Z" level=info msg="[OK ] Provider STS token -> HTTP 200" source=console
time="2026-08-11T17:08:06Z" level=info msg="[OK ] Query consumer presentation -> HTTP 200" source=console
time="2026-08-11T17:08:06Z" level=info msg="\n=== identity bootstrap complete ===" source=console
time="2026-08-11T17:08:06Z" level=info msg="Verification passed — DCP negotiation/transfer prerequisites are in place. Run the k6 scenarios now." source=console


  █ TOTAL RESULTS 

    checks_total.......: 1       0.222003/s
    checks_succeeded...: 100.00% 1 out of 1
    checks_failed......: 0.00%   0 out of 1

    ✓ membership VP returned as a JWT

    HTTP
    http_req_duration..............: avg=106.72ms min=1.65ms med=49.32ms max=350.36ms p(90)=329.64ms p(95)=338.18ms
      { expected_response:true }...: avg=106.72ms min=1.65ms med=49.32ms max=350.36ms p(90)=329.64ms p(95)=338.18ms
    http_req_failed................: 0.00%  0 out of 14
    http_reqs......................: 14     3.108047/s

    EXECUTION
    iteration_duration.............: avg=4.5s     min=4.5s   med=4.5s    max=4.5s     p(90)=4.5s     p(95)=4.5s    
    iterations.....................: 1      0.222003/s
    vus............................: 1      min=1       max=1
    vus_max........................: 1      min=1       max=1

    NETWORK
    data_received..................: 9.0 kB 2.0 kB/s
    data_sent......................: 9.1 kB 2.0 kB/s




running (00m04.5s), 0/1 VUs, 1 complete and 0 interrupted iterations
default ✓ [ 100% ] 1 VUs  00m04.5s/10m0s  1/1 shared iters
17:08:06 | --> smoke (gate)
>>> basyx / smoke  ->  /home/rohitj/edc/benchmarking-dsp-native-basyx/k6-scripts/results/basyx/on/smoke/2026-08-11T17-08-06Z
parity OK: lib/ + scenarios/ + orchestration/ + tools/ identical to /home/rohitj/edc/benchmarking-dsp-native-basyx/k6-scripts
Health: http://localhost:29010/management + prometheus  OK
Warmup 60s @ 1/s (discarded)
  draining 20s before the measured window opens
k6 -> Prometheus remote-write: http://localhost:9090/api/v1/write

         /\      Grafana   /‾‾/  
    /\  /  \     |\  __   /  /   
   /  \/    \    | |/ /  /   ‾‾\ 
  /          \   |   (  |  (‾)  |
 / __________ \  |_|\_\  \_____/ 


     execution: local
        script: /home/rohitj/edc/benchmarking-dsp-native-basyx/k6-scripts/scenarios/smoke.js
        output: Prometheus remote write (http://localhost:9090/api/v1/write)

     scenarios: (100.00%) 1 scenario, 1 max VUs, 5m30s max duration (incl. graceful stop):
              * smoke: 5 iterations for each of 1 VUs (maxDuration: 5m0s, gracefulStop: 30s)


running (0m01.0s), 1/1 VUs, 0 complete and 0 interrupted iterations
smoke   [   0% ] 1 VUs  0m00.8s/5m0s  0/5 iters, 5 per VU

running (0m02.0s), 1/1 VUs, 0 complete and 0 interrupted iterations
smoke   [   0% ] 1 VUs  0m01.8s/5m0s  0/5 iters, 5 per VU

running (0m03.0s), 1/1 VUs, 0 complete and 0 interrupted iterations
smoke   [   0% ] 1 VUs  0m02.8s/5m0s  0/5 iters, 5 per VU

running (0m04.0s), 1/1 VUs, 1 complete and 0 interrupted iterations
smoke   [  20% ] 1 VUs  0m03.8s/5m0s  1/5 iters, 5 per VU

running (0m05.0s), 1/1 VUs, 1 complete and 0 interrupted iterations
smoke   [  20% ] 1 VUs  0m04.8s/5m0s  1/5 iters, 5 per VU

running (0m06.0s), 1/1 VUs, 1 complete and 0 interrupted iterations
smoke   [  20% ] 1 VUs  0m05.8s/5m0s  1/5 iters, 5 per VU

running (0m07.0s), 1/1 VUs, 2 complete and 0 interrupted iterations
smoke   [  40% ] 1 VUs  0m06.8s/5m0s  2/5 iters, 5 per VU

running (0m08.0s), 1/1 VUs, 2 complete and 0 interrupted iterations
smoke   [  40% ] 1 VUs  0m07.8s/5m0s  2/5 iters, 5 per VU

running (0m09.0s), 1/1 VUs, 3 complete and 0 interrupted iterations
smoke   [  60% ] 1 VUs  0m08.8s/5m0s  3/5 iters, 5 per VU

running (0m10.0s), 1/1 VUs, 3 complete and 0 interrupted iterations
smoke   [  60% ] 1 VUs  0m09.8s/5m0s  3/5 iters, 5 per VU

running (0m11.0s), 1/1 VUs, 3 complete and 0 interrupted iterations
smoke   [  60% ] 1 VUs  0m10.8s/5m0s  3/5 iters, 5 per VU

running (0m12.0s), 1/1 VUs, 4 complete and 0 interrupted iterations
smoke   [  80% ] 1 VUs  0m11.8s/5m0s  4/5 iters, 5 per VU

running (0m13.0s), 1/1 VUs, 4 complete and 0 interrupted iterations
smoke   [  80% ] 1 VUs  0m12.8s/5m0s  4/5 iters, 5 per VU

running (0m14.0s), 1/1 VUs, 4 complete and 0 interrupted iterations
smoke   [  80% ] 1 VUs  0m13.8s/5m0s  4/5 iters, 5 per VU

================ DSP benchmark summary ================
-- per-phase latency --
  catalog                    p50=86.9 ms  p95=91.5 ms  p99=91.7 ms  max=91.7 ms  n=5
  negotiation init (POST)    p50=8.3 ms  p95=8.5 ms  p99=8.5 ms  max=8.5 ms  n=5
  time-to-AGREED (async)     p50=2297.0 ms  p95=2300.8 ms  p99=2301.0 ms  max=2301.0 ms  n=5
  transfer init (POST)       p50=8.4 ms  p95=10.6 ms  p99=11.0 ms  max=11.0 ms  n=5
  time-to-EDR (async)        p50=771.0 ms  p95=774.6 ms  p99=774.9 ms  max=775.0 ms  n=5
  data pull                  p50=8.6 ms  p95=8.9 ms  p99=9.0 ms  max=9.0 ms  n=5
-- end-to-end + throughput --
  e2e transaction            p50=2932.0 ms  p95=3137.6 ms  p99=3177.1 ms  max=3187.0 ms  n=5
  data throughput (MB/s)     p50=0.0  p95=0.0  p99=0.0  max=0.0  n=5
-- outcomes --
  transactions succeeded     count=5  rate=0.348/s
  transactions failed        (no data)
  failed rate                rate=0.00%  (pass=0 fail=5)
    of which TERMINATED      (no data)
    of which TIMED OUT       (no data)
    of which HTTP-FAILED     (no data)
  failure accounting       (no failures)
-- observer effect (poll load) --
  negotiation polls          count=45  rate=3.136/s
  edr polls                  count=18  rate=1.254/s
  polls per transaction     negotiation=9.0  edr=3.6  (timeout ceiling=120)
=======================================================
(full summary -> /home/rohitj/edc/benchmarking-dsp-native-basyx/k6-scripts/results/basyx/on/smoke/2026-08-11T17-08-06Z/k6-summary.json; POLL_INTERVAL_MS=250; IDENTITY_MODE=on)

running (0m14.3s), 0/1 VUs, 5 complete and 0 interrupted iterations
smoke ✓ [ 100% ] 1 VUs  0m14.1s/5m0s  5/5 iters, 5 per VU
Prometheus snapshot [1786468173..1786468202] svc=(dsp-native-basyx|consumer-controlplane) win=1m -> /home/rohitj/edc/benchmarking-dsp-native-basyx/k6-scripts/results/basyx/on/smoke/2026-08-11T17-08-06Z
  jvm-heap.csv (12 rows)
  jvm-gc-rate.csv (12 rows)
  jvm-threads.csv (12 rows)
  http-throughput.csv (12 rows)
  http-p95.csv (12 rows)
  http-errors.csv (9 rows)
  http-errors-5xx.csv (0 rows)
  http-status.csv (9 rows)
  host-cpu-busy.csv (6 rows)
  host-mem-used.csv (6 rows)
  5xx: no 5xx in window (confirmed: http-status has 9 samples, so the status label IS scraped)
  logs -> /home/rohitj/edc/benchmarking-dsp-native-basyx/k6-scripts/results/basyx/on/smoke/2026-08-11T17-08-06Z/logs (2 files)
    consumer-controlplane.log:0
    dsp-native-basyx.log:0
VALIDITY  ok=5  failed=0  failed_rate=0%  dropped_iterations=0
>>> done: /home/rohitj/edc/benchmarking-dsp-native-basyx/k6-scripts/results/basyx/on/smoke/2026-08-11T17-08-06Z  (k6 exit 0)
17:10:03 |     smoke passed
17:10:03 |   … settling 120s before the next scenario
17:12:03 | --> steady x5
Matrix: connector=basyx reps=5 scenarios=[steady]
===== repetition 1/5 =====
----- basyx / steady (rep 1) -----
>>> basyx / steady  ->  /home/rohitj/edc/benchmarking-dsp-native-basyx/k6-scripts/results/basyx/on/steady/2026-08-11T17-12-03Z
parity OK: lib/ + scenarios/ + orchestration/ + tools/ identical to /home/rohitj/edc/benchmarking-dsp-native-basyx/k6-scripts
Health: http://localhost:29010/management + prometheus  OK
Warmup 60s @ 1/s (discarded)
  draining 20s before the measured window opens
k6 -> Prometheus remote-write: http://localhost:9090/api/v1/write

         /\      Grafana   /‾‾/  
    /\  /  \     |\  __   /  /   
   /  \/    \    | |/ /  /   ‾‾\ 
  /          \   |   (  |  (‾)  |
 / __________ \  |_|\_\  \_____/ 


     execution: local
        script: /home/rohitj/edc/benchmarking-dsp-native-basyx/k6-scripts/scenarios/steady.js
        output: Prometheus remote write (http://localhost:9090/api/v1/write)

     scenarios: (100.00%) 1 scenario, 200 max VUs, 5m30s max duration (incl. graceful stop):
              * steady: 1.00 iterations/s for 5m0s (maxVUs: 50-200, gracefulStop: 30s)


running (0m01.0s), 001/050 VUs, 0 complete and 0 interrupted iterations
steady   [   0% ] 001/050 VUs  0m00.8s/5m0s  1.00 iters/s

running (0m02.0s), 002/050 VUs, 0 complete and 0 interrupted iterations
steady   [   1% ] 002/050 VUs  0m01.8s/5m0s  1.00 iters/s

running (0m03.0s), 002/050 VUs, 1 complete and 0 interrupted iterations
steady   [   1% ] 002/050 VUs  0m02.8s/5m0s  1.00 iters/s

running (0m04.0s), 002/050 VUs, 2 complete and 0 interrupted iterations
steady   [   1% ] 002/050 VUs  0m03.8s/5m0s  1.00 iters/s

running (0m05.0s), 002/050 VUs, 3 complete and 0 interrupted iterations
steady   [   2% ] 002/050 VUs  0m04.8s/5m0s  1.00 iters/s

running (0m06.0s), 002/050 VUs, 4 complete and 0 interrupted iterations
steady   [   2% ] 002/050 VUs  0m05.8s/5m0s  1.00 iters/s

running (0m07.0s), 002/050 VUs, 5 complete and 0 interrupted iterations
steady   [   2% ] 002/050 VUs  0m06.8s/5m0s  1.00 iters/s

running (0m08.0s), 002/050 VUs, 6 complete and 0 interrupted iterations
steady   [   3% ] 002/050 VUs  0m07.8s/5m0s  1.00 iters/s

running (0m09.0s), 002/050 VUs, 7 complete and 0 interrupted iterations
steady   [   3% ] 002/050 VUs  0m08.8s/5m0s  1.00 iters/s

running (0m10.0s), 002/050 VUs, 8 complete and 0 interrupted iterations
steady   [   3% ] 002/050 VUs  0m09.8s/5m0s  1.00 iters/s

running (0m11.0s), 002/050 VUs, 9 complete and 0 interrupted iterations
steady   [   4% ] 002/050 VUs  0m10.8s/5m0s  1.00 iters/s

running (0m12.0s), 002/050 VUs, 10 complete and 0 interrupted iterations
steady   [   4% ] 002/050 VUs  0m11.8s/5m0s  1.00 iters/s

running (0m13.0s), 002/050 VUs, 11 complete and 0 interrupted iterations
steady   [   4% ] 002/050 VUs  0m12.8s/5m0s  1.00 iters/s

running (0m14.0s), 003/050 VUs, 11 complete and 0 interrupted iterations
steady   [   5% ] 003/050 VUs  0m13.8s/5m0s  1.00 iters/s

running (0m15.0s), 002/050 VUs, 13 complete and 0 interrupted iterations
steady   [   5% ] 002/050 VUs  0m14.8s/5m0s  1.00 iters/s

running (0m16.0s), 002/050 VUs, 14 complete and 0 interrupted iterations
steady   [   5% ] 002/050 VUs  0m15.8s/5m0s  1.00 iters/s

running (0m17.0s), 003/050 VUs, 14 complete and 0 interrupted iterations
steady   [   6% ] 003/050 VUs  0m16.8s/5m0s  1.00 iters/s

running (0m18.0s), 003/050 VUs, 15 complete and 0 interrupted iterations
steady   [   6% ] 003/050 VUs  0m17.8s/5m0s  1.00 iters/s

running (0m19.0s), 002/050 VUs, 17 complete and 0 interrupted iterations
steady   [   6% ] 002/050 VUs  0m18.8s/5m0s  1.00 iters/s

running (0m20.0s), 003/050 VUs, 17 complete and 0 interrupted iterations
steady   [   7% ] 003/050 VUs  0m19.8s/5m0s  1.00 iters/s

running (0m21.0s), 003/050 VUs, 18 complete and 0 interrupted iterations
steady   [   7% ] 003/050 VUs  0m20.8s/5m0s  1.00 iters/s

running (0m22.0s), 003/050 VUs, 19 complete and 0 interrupted iterations
steady   [   7% ] 003/050 VUs  0m21.8s/5m0s  1.00 iters/s

running (0m23.0s), 003/050 VUs, 20 complete and 0 interrupted iterations
steady   [   8% ] 003/050 VUs  0m22.8s/5m0s  1.00 iters/s

running (0m24.0s), 003/050 VUs, 21 complete and 0 interrupted iterations
steady   [   8% ] 003/050 VUs  0m23.8s/5m0s  1.00 iters/s

running (0m25.0s), 003/050 VUs, 22 complete and 0 interrupted iterations
steady   [   8% ] 003/050 VUs  0m24.8s/5m0s  1.00 iters/s

running (0m26.0s), 002/050 VUs, 24 complete and 0 interrupted iterations
steady   [   9% ] 002/050 VUs  0m25.8s/5m0s  1.00 iters/s

running (0m27.0s), 003/050 VUs, 24 complete and 0 interrupted iterations
steady   [   9% ] 003/050 VUs  0m26.8s/5m0s  1.00 iters/s

running (0m28.0s), 003/050 VUs, 25 complete and 0 interrupted iterations
steady   [   9% ] 003/050 VUs  0m27.8s/5m0s  1.00 iters/s

running (0m29.0s), 003/050 VUs, 26 complete and 0 interrupted iterations
steady   [  10% ] 003/050 VUs  0m28.8s/5m0s  1.00 iters/s

running (0m30.0s), 002/050 VUs, 28 complete and 0 interrupted iterations
steady   [  10% ] 002/050 VUs  0m29.8s/5m0s  1.00 iters/s

running (0m31.0s), 003/050 VUs, 28 complete and 0 interrupted iterations
steady   [  10% ] 003/050 VUs  0m30.8s/5m0s  1.00 iters/s

running (0m32.0s), 003/050 VUs, 29 complete and 0 interrupted iterations
steady   [  11% ] 003/050 VUs  0m31.8s/5m0s  1.00 iters/s

running (0m33.0s), 003/050 VUs, 30 complete and 0 interrupted iterations
steady   [  11% ] 003/050 VUs  0m32.8s/5m0s  1.00 iters/s

running (0m34.0s), 003/050 VUs, 31 complete and 0 interrupted iterations
steady   [  11% ] 003/050 VUs  0m33.8s/5m0s  1.00 iters/s

running (0m35.0s), 003/050 VUs, 32 complete and 0 interrupted iterations
steady   [  12% ] 003/050 VUs  0m34.8s/5m0s  1.00 iters/s

running (0m36.0s), 003/050 VUs, 33 complete and 0 interrupted iterations
steady   [  12% ] 003/050 VUs  0m35.8s/5m0s  1.00 iters/s

running (0m37.0s), 003/050 VUs, 34 complete and 0 interrupted iterations
steady   [  12% ] 003/050 VUs  0m36.8s/5m0s  1.00 iters/s

running (0m38.0s), 003/050 VUs, 35 complete and 0 interrupted iterations
steady   [  13% ] 003/050 VUs  0m37.8s/5m0s  1.00 iters/s

running (0m39.0s), 003/050 VUs, 36 complete and 0 interrupted iterations
steady   [  13% ] 003/050 VUs  0m38.8s/5m0s  1.00 iters/s

running (0m40.0s), 003/050 VUs, 37 complete and 0 interrupted iterations
steady   [  13% ] 003/050 VUs  0m39.8s/5m0s  1.00 iters/s

running (0m41.0s), 003/050 VUs, 38 complete and 0 interrupted iterations
steady   [  14% ] 003/050 VUs  0m40.8s/5m0s  1.00 iters/s

running (0m42.0s), 003/050 VUs, 39 complete and 0 interrupted iterations
steady   [  14% ] 003/050 VUs  0m41.8s/5m0s  1.00 iters/s

running (0m43.0s), 002/050 VUs, 41 complete and 0 interrupted iterations
steady   [  14% ] 002/050 VUs  0m42.8s/5m0s  1.00 iters/s

running (0m44.0s), 002/050 VUs, 42 complete and 0 interrupted iterations
steady   [  15% ] 002/050 VUs  0m43.8s/5m0s  1.00 iters/s

running (0m45.0s), 002/050 VUs, 43 complete and 0 interrupted iterations
steady   [  15% ] 002/050 VUs  0m44.8s/5m0s  1.00 iters/s

running (0m46.0s), 003/050 VUs, 43 complete and 0 interrupted iterations
steady   [  15% ] 003/050 VUs  0m45.8s/5m0s  1.00 iters/s

running (0m47.0s), 004/050 VUs, 43 complete and 0 interrupted iterations
steady   [  16% ] 004/050 VUs  0m46.8s/5m0s  1.00 iters/s

running (0m48.0s), 004/050 VUs, 44 complete and 0 interrupted iterations
steady   [  16% ] 004/050 VUs  0m47.8s/5m0s  1.00 iters/s

running (0m49.0s), 004/050 VUs, 45 complete and 0 interrupted iterations
steady   [  16% ] 004/050 VUs  0m48.8s/5m0s  1.00 iters/s

running (0m50.0s), 004/050 VUs, 46 complete and 0 interrupted iterations
steady   [  17% ] 004/050 VUs  0m49.8s/5m0s  1.00 iters/s

running (0m51.0s), 004/050 VUs, 47 complete and 0 interrupted iterations
steady   [  17% ] 004/050 VUs  0m50.8s/5m0s  1.00 iters/s

running (0m52.0s), 004/050 VUs, 48 complete and 0 interrupted iterations
steady   [  17% ] 004/050 VUs  0m51.8s/5m0s  1.00 iters/s

running (0m53.0s), 004/050 VUs, 49 complete and 0 interrupted iterations
steady   [  18% ] 004/050 VUs  0m52.8s/5m0s  1.00 iters/s

running (0m54.0s), 003/050 VUs, 51 complete and 0 interrupted iterations
steady   [  18% ] 003/050 VUs  0m53.8s/5m0s  1.00 iters/s

running (0m55.0s), 003/050 VUs, 52 complete and 0 interrupted iterations
steady   [  18% ] 003/050 VUs  0m54.8s/5m0s  1.00 iters/s

running (0m56.0s), 003/050 VUs, 53 complete and 0 interrupted iterations
steady   [  19% ] 003/050 VUs  0m55.8s/5m0s  1.00 iters/s

running (0m57.0s), 003/050 VUs, 54 complete and 0 interrupted iterations
steady   [  19% ] 003/050 VUs  0m56.8s/5m0s  1.00 iters/s

running (0m58.0s), 003/050 VUs, 55 complete and 0 interrupted iterations
steady   [  19% ] 003/050 VUs  0m57.8s/5m0s  1.00 iters/s

running (0m59.0s), 003/050 VUs, 56 complete and 0 interrupted iterations
steady   [  20% ] 003/050 VUs  0m58.8s/5m0s  1.00 iters/s

running (1m00.0s), 003/050 VUs, 57 complete and 0 interrupted iterations
steady   [  20% ] 003/050 VUs  0m59.8s/5m0s  1.00 iters/s

running (1m01.0s), 004/050 VUs, 57 complete and 0 interrupted iterations
steady   [  20% ] 004/050 VUs  1m00.8s/5m0s  1.00 iters/s

running (1m02.0s), 004/050 VUs, 58 complete and 0 interrupted iterations
steady   [  21% ] 004/050 VUs  1m01.8s/5m0s  1.00 iters/s

running (1m03.0s), 004/050 VUs, 59 complete and 0 interrupted iterations
steady   [  21% ] 004/050 VUs  1m02.8s/5m0s  1.00 iters/s

running (1m04.0s), 004/050 VUs, 60 complete and 0 interrupted iterations
steady   [  21% ] 004/050 VUs  1m03.8s/5m0s  1.00 iters/s

running (1m05.0s), 004/050 VUs, 61 complete and 0 interrupted iterations
steady   [  22% ] 004/050 VUs  1m04.8s/5m0s  1.00 iters/s

running (1m06.0s), 004/050 VUs, 62 complete and 0 interrupted iterations
steady   [  22% ] 004/050 VUs  1m05.8s/5m0s  1.00 iters/s

running (1m07.0s), 003/050 VUs, 64 complete and 0 interrupted iterations
steady   [  22% ] 003/050 VUs  1m06.8s/5m0s  1.00 iters/s

running (1m08.0s), 003/050 VUs, 65 complete and 0 interrupted iterations
steady   [  23% ] 003/050 VUs  1m07.8s/5m0s  1.00 iters/s

running (1m09.0s), 003/050 VUs, 66 complete and 0 interrupted iterations
steady   [  23% ] 003/050 VUs  1m08.8s/5m0s  1.00 iters/s

running (1m10.0s), 003/050 VUs, 67 complete and 0 interrupted iterations
steady   [  23% ] 003/050 VUs  1m09.8s/5m0s  1.00 iters/s

running (1m11.0s), 003/050 VUs, 68 complete and 0 interrupted iterations
steady   [  24% ] 003/050 VUs  1m10.8s/5m0s  1.00 iters/s

running (1m12.0s), 003/050 VUs, 69 complete and 0 interrupted iterations
steady   [  24% ] 003/050 VUs  1m11.8s/5m0s  1.00 iters/s

running (1m13.0s), 003/050 VUs, 70 complete and 0 interrupted iterations
steady   [  24% ] 003/050 VUs  1m12.8s/5m0s  1.00 iters/s

running (1m14.0s), 003/050 VUs, 71 complete and 0 interrupted iterations
steady   [  25% ] 003/050 VUs  1m13.8s/5m0s  1.00 iters/s

running (1m15.0s), 003/050 VUs, 72 complete and 0 interrupted iterations
steady   [  25% ] 003/050 VUs  1m14.8s/5m0s  1.00 iters/s

running (1m16.0s), 002/050 VUs, 74 complete and 0 interrupted iterations
steady   [  25% ] 002/050 VUs  1m15.8s/5m0s  1.00 iters/s

running (1m17.0s), 003/050 VUs, 74 complete and 0 interrupted iterations
steady   [  26% ] 003/050 VUs  1m16.8s/5m0s  1.00 iters/s

running (1m18.0s), 003/050 VUs, 75 complete and 0 interrupted iterations
steady   [  26% ] 003/050 VUs  1m17.8s/5m0s  1.00 iters/s

running (1m19.0s), 003/050 VUs, 76 complete and 0 interrupted iterations
steady   [  26% ] 003/050 VUs  1m18.8s/5m0s  1.00 iters/s

running (1m20.0s), 003/050 VUs, 77 complete and 0 interrupted iterations
steady   [  27% ] 003/050 VUs  1m19.8s/5m0s  1.00 iters/s

running (1m21.0s), 002/050 VUs, 79 complete and 0 interrupted iterations
steady   [  27% ] 002/050 VUs  1m20.8s/5m0s  1.00 iters/s

running (1m22.0s), 002/050 VUs, 80 complete and 0 interrupted iterations
steady   [  27% ] 002/050 VUs  1m21.8s/5m0s  1.00 iters/s

running (1m23.0s), 002/050 VUs, 81 complete and 0 interrupted iterations
steady   [  28% ] 002/050 VUs  1m22.8s/5m0s  1.00 iters/s

running (1m24.0s), 002/050 VUs, 82 complete and 0 interrupted iterations
steady   [  28% ] 002/050 VUs  1m23.8s/5m0s  1.00 iters/s

running (1m25.0s), 002/050 VUs, 83 complete and 0 interrupted iterations
steady   [  28% ] 002/050 VUs  1m24.8s/5m0s  1.00 iters/s

running (1m26.0s), 002/050 VUs, 84 complete and 0 interrupted iterations
steady   [  29% ] 002/050 VUs  1m25.8s/5m0s  1.00 iters/s

running (1m27.0s), 002/050 VUs, 85 complete and 0 interrupted iterations
steady   [  29% ] 002/050 VUs  1m26.8s/5m0s  1.00 iters/s

running (1m28.0s), 002/050 VUs, 86 complete and 0 interrupted iterations
steady   [  29% ] 002/050 VUs  1m27.8s/5m0s  1.00 iters/s

running (1m29.0s), 002/050 VUs, 87 complete and 0 interrupted iterations
steady   [  30% ] 002/050 VUs  1m28.8s/5m0s  1.00 iters/s

running (1m30.0s), 002/050 VUs, 88 complete and 0 interrupted iterations
steady   [  30% ] 002/050 VUs  1m29.8s/5m0s  1.00 iters/s

running (1m31.0s), 002/050 VUs, 89 complete and 0 interrupted iterations
steady   [  30% ] 002/050 VUs  1m30.8s/5m0s  1.00 iters/s

running (1m32.0s), 002/050 VUs, 90 complete and 0 interrupted iterations
steady   [  31% ] 002/050 VUs  1m31.8s/5m0s  1.00 iters/s

running (1m33.0s), 002/050 VUs, 91 complete and 0 interrupted iterations
steady   [  31% ] 002/050 VUs  1m32.8s/5m0s  1.00 iters/s

running (1m34.0s), 003/050 VUs, 91 complete and 0 interrupted iterations
steady   [  31% ] 003/050 VUs  1m33.8s/5m0s  1.00 iters/s

running (1m35.0s), 003/050 VUs, 92 complete and 0 interrupted iterations
steady   [  32% ] 003/050 VUs  1m34.8s/5m0s  1.00 iters/s

running (1m36.0s), 003/050 VUs, 93 complete and 0 interrupted iterations
steady   [  32% ] 003/050 VUs  1m35.8s/5m0s  1.00 iters/s

running (1m37.0s), 002/050 VUs, 95 complete and 0 interrupted iterations
steady   [  32% ] 002/050 VUs  1m36.8s/5m0s  1.00 iters/s

running (1m38.0s), 002/050 VUs, 96 complete and 0 interrupted iterations
steady   [  33% ] 002/050 VUs  1m37.8s/5m0s  1.00 iters/s

running (1m39.0s), 003/050 VUs, 96 complete and 0 interrupted iterations
steady   [  33% ] 003/050 VUs  1m38.8s/5m0s  1.00 iters/s

running (1m40.0s), 003/050 VUs, 97 complete and 0 interrupted iterations
steady   [  33% ] 003/050 VUs  1m39.8s/5m0s  1.00 iters/s

running (1m41.0s), 002/050 VUs, 99 complete and 0 interrupted iterations
steady   [  34% ] 002/050 VUs  1m40.8s/5m0s  1.00 iters/s

running (1m42.0s), 003/050 VUs, 99 complete and 0 interrupted iterations
steady   [  34% ] 003/050 VUs  1m41.8s/5m0s  1.00 iters/s

running (1m43.0s), 003/050 VUs, 100 complete and 0 interrupted iterations
steady   [  34% ] 003/050 VUs  1m42.8s/5m0s  1.00 iters/s

running (1m44.0s), 003/050 VUs, 101 complete and 0 interrupted iterations
steady   [  35% ] 003/050 VUs  1m43.8s/5m0s  1.00 iters/s

running (1m45.0s), 002/050 VUs, 103 complete and 0 interrupted iterations
steady   [  35% ] 002/050 VUs  1m44.8s/5m0s  1.00 iters/s

running (1m46.0s), 003/050 VUs, 103 complete and 0 interrupted iterations
steady   [  35% ] 003/050 VUs  1m45.8s/5m0s  1.00 iters/s

running (1m47.0s), 003/050 VUs, 104 complete and 0 interrupted iterations
steady   [  36% ] 003/050 VUs  1m46.8s/5m0s  1.00 iters/s

running (1m48.0s), 002/050 VUs, 106 complete and 0 interrupted iterations
steady   [  36% ] 002/050 VUs  1m47.8s/5m0s  1.00 iters/s

running (1m49.0s), 002/050 VUs, 107 complete and 0 interrupted iterations
steady   [  36% ] 002/050 VUs  1m48.8s/5m0s  1.00 iters/s

running (1m50.0s), 002/050 VUs, 108 complete and 0 interrupted iterations
steady   [  37% ] 002/050 VUs  1m49.8s/5m0s  1.00 iters/s

running (1m51.0s), 003/050 VUs, 108 complete and 0 interrupted iterations
steady   [  37% ] 003/050 VUs  1m50.8s/5m0s  1.00 iters/s

running (1m52.0s), 003/050 VUs, 109 complete and 0 interrupted iterations
steady   [  37% ] 003/050 VUs  1m51.8s/5m0s  1.00 iters/s

running (1m53.0s), 003/050 VUs, 110 complete and 0 interrupted iterations
steady   [  38% ] 003/050 VUs  1m52.8s/5m0s  1.00 iters/s

running (1m54.0s), 003/050 VUs, 111 complete and 0 interrupted iterations
steady   [  38% ] 003/050 VUs  1m53.8s/5m0s  1.00 iters/s

running (1m55.0s), 003/050 VUs, 112 complete and 0 interrupted iterations
steady   [  38% ] 003/050 VUs  1m54.8s/5m0s  1.00 iters/s

running (1m56.0s), 003/050 VUs, 113 complete and 0 interrupted iterations
steady   [  39% ] 003/050 VUs  1m55.8s/5m0s  1.00 iters/s

running (1m57.0s), 003/050 VUs, 114 complete and 0 interrupted iterations
steady   [  39% ] 003/050 VUs  1m56.8s/5m0s  1.00 iters/s

running (1m58.0s), 002/050 VUs, 116 complete and 0 interrupted iterations
steady   [  39% ] 002/050 VUs  1m57.8s/5m0s  1.00 iters/s

running (1m59.0s), 002/050 VUs, 117 complete and 0 interrupted iterations
steady   [  40% ] 002/050 VUs  1m58.8s/5m0s  1.00 iters/s

running (2m00.0s), 002/050 VUs, 118 complete and 0 interrupted iterations
steady   [  40% ] 002/050 VUs  1m59.8s/5m0s  1.00 iters/s

running (2m01.0s), 003/050 VUs, 118 complete and 0 interrupted iterations
steady   [  40% ] 003/050 VUs  2m00.8s/5m0s  1.00 iters/s

running (2m02.0s), 003/050 VUs, 119 complete and 0 interrupted iterations
steady   [  41% ] 003/050 VUs  2m01.8s/5m0s  1.00 iters/s

running (2m03.0s), 002/050 VUs, 121 complete and 0 interrupted iterations
steady   [  41% ] 002/050 VUs  2m02.8s/5m0s  1.00 iters/s

running (2m04.0s), 002/050 VUs, 122 complete and 0 interrupted iterations
steady   [  41% ] 002/050 VUs  2m03.8s/5m0s  1.00 iters/s

running (2m05.0s), 002/050 VUs, 123 complete and 0 interrupted iterations
steady   [  42% ] 002/050 VUs  2m04.8s/5m0s  1.00 iters/s

running (2m06.0s), 003/050 VUs, 123 complete and 0 interrupted iterations
steady   [  42% ] 003/050 VUs  2m05.8s/5m0s  1.00 iters/s

running (2m07.0s), 003/050 VUs, 124 complete and 0 interrupted iterations
steady   [  42% ] 003/050 VUs  2m06.8s/5m0s  1.00 iters/s

running (2m08.0s), 003/050 VUs, 125 complete and 0 interrupted iterations
steady   [  43% ] 003/050 VUs  2m07.8s/5m0s  1.00 iters/s

running (2m09.0s), 003/050 VUs, 126 complete and 0 interrupted iterations
steady   [  43% ] 003/050 VUs  2m08.8s/5m0s  1.00 iters/s

running (2m10.0s), 003/050 VUs, 127 complete and 0 interrupted iterations
steady   [  43% ] 003/050 VUs  2m09.8s/5m0s  1.00 iters/s

running (2m11.0s), 003/050 VUs, 128 complete and 0 interrupted iterations
steady   [  44% ] 003/050 VUs  2m10.8s/5m0s  1.00 iters/s

running (2m12.0s), 003/050 VUs, 129 complete and 0 interrupted iterations
steady   [  44% ] 003/050 VUs  2m11.8s/5m0s  1.00 iters/s

running (2m13.0s), 003/050 VUs, 130 complete and 0 interrupted iterations
steady   [  44% ] 003/050 VUs  2m12.8s/5m0s  1.00 iters/s

running (2m14.0s), 003/050 VUs, 131 complete and 0 interrupted iterations
steady   [  45% ] 003/050 VUs  2m13.8s/5m0s  1.00 iters/s

running (2m15.0s), 003/050 VUs, 132 complete and 0 interrupted iterations
steady   [  45% ] 003/050 VUs  2m14.8s/5m0s  1.00 iters/s

running (2m16.0s), 002/050 VUs, 134 complete and 0 interrupted iterations
steady   [  45% ] 002/050 VUs  2m15.8s/5m0s  1.00 iters/s

running (2m17.0s), 002/050 VUs, 135 complete and 0 interrupted iterations
steady   [  46% ] 002/050 VUs  2m16.8s/5m0s  1.00 iters/s

running (2m18.0s), 002/050 VUs, 136 complete and 0 interrupted iterations
steady   [  46% ] 002/050 VUs  2m17.8s/5m0s  1.00 iters/s

running (2m19.0s), 002/050 VUs, 137 complete and 0 interrupted iterations
steady   [  46% ] 002/050 VUs  2m18.8s/5m0s  1.00 iters/s

running (2m20.0s), 002/050 VUs, 138 complete and 0 interrupted iterations
steady   [  47% ] 002/050 VUs  2m19.8s/5m0s  1.00 iters/s

running (2m21.0s), 003/050 VUs, 138 complete and 0 interrupted iterations
steady   [  47% ] 003/050 VUs  2m20.8s/5m0s  1.00 iters/s

running (2m22.0s), 003/050 VUs, 139 complete and 0 interrupted iterations
steady   [  47% ] 003/050 VUs  2m21.8s/5m0s  1.00 iters/s

running (2m23.0s), 003/050 VUs, 140 complete and 0 interrupted iterations
steady   [  48% ] 003/050 VUs  2m22.8s/5m0s  1.00 iters/s

running (2m24.0s), 003/050 VUs, 141 complete and 0 interrupted iterations
steady   [  48% ] 003/050 VUs  2m23.8s/5m0s  1.00 iters/s

running (2m25.0s), 003/050 VUs, 142 complete and 0 interrupted iterations
steady   [  48% ] 003/050 VUs  2m24.8s/5m0s  1.00 iters/s

running (2m26.0s), 003/050 VUs, 143 complete and 0 interrupted iterations
steady   [  49% ] 003/050 VUs  2m25.8s/5m0s  1.00 iters/s

running (2m27.0s), 003/050 VUs, 144 complete and 0 interrupted iterations
steady   [  49% ] 003/050 VUs  2m26.8s/5m0s  1.00 iters/s

running (2m28.0s), 003/050 VUs, 145 complete and 0 interrupted iterations
steady   [  49% ] 003/050 VUs  2m27.8s/5m0s  1.00 iters/s

running (2m29.0s), 003/050 VUs, 146 complete and 0 interrupted iterations
steady   [  50% ] 003/050 VUs  2m28.8s/5m0s  1.00 iters/s

running (2m30.0s), 002/050 VUs, 148 complete and 0 interrupted iterations
steady   [  50% ] 002/050 VUs  2m29.8s/5m0s  1.00 iters/s

running (2m31.0s), 002/050 VUs, 149 complete and 0 interrupted iterations
steady   [  50% ] 002/050 VUs  2m30.8s/5m0s  1.00 iters/s

running (2m32.0s), 002/050 VUs, 150 complete and 0 interrupted iterations
steady   [  51% ] 002/050 VUs  2m31.8s/5m0s  1.00 iters/s

running (2m33.0s), 002/050 VUs, 151 complete and 0 interrupted iterations
steady   [  51% ] 002/050 VUs  2m32.8s/5m0s  1.00 iters/s

running (2m34.0s), 002/050 VUs, 152 complete and 0 interrupted iterations
steady   [  51% ] 002/050 VUs  2m33.8s/5m0s  1.00 iters/s

running (2m35.0s), 002/050 VUs, 153 complete and 0 interrupted iterations
steady   [  52% ] 002/050 VUs  2m34.8s/5m0s  1.00 iters/s

running (2m36.0s), 002/050 VUs, 154 complete and 0 interrupted iterations
steady   [  52% ] 002/050 VUs  2m35.8s/5m0s  1.00 iters/s

running (2m37.0s), 003/050 VUs, 154 complete and 0 interrupted iterations
steady   [  52% ] 003/050 VUs  2m36.8s/5m0s  1.00 iters/s

running (2m38.0s), 003/050 VUs, 155 complete and 0 interrupted iterations
steady   [  53% ] 003/050 VUs  2m37.8s/5m0s  1.00 iters/s

running (2m39.0s), 003/050 VUs, 156 complete and 0 interrupted iterations
steady   [  53% ] 003/050 VUs  2m38.8s/5m0s  1.00 iters/s

running (2m40.0s), 003/050 VUs, 157 complete and 0 interrupted iterations
steady   [  53% ] 003/050 VUs  2m39.8s/5m0s  1.00 iters/s

running (2m41.0s), 003/050 VUs, 158 complete and 0 interrupted iterations
steady   [  54% ] 003/050 VUs  2m40.8s/5m0s  1.00 iters/s

running (2m42.0s), 003/050 VUs, 159 complete and 0 interrupted iterations
steady   [  54% ] 003/050 VUs  2m41.8s/5m0s  1.00 iters/s

running (2m43.0s), 003/050 VUs, 160 complete and 0 interrupted iterations
steady   [  54% ] 003/050 VUs  2m42.8s/5m0s  1.00 iters/s

running (2m44.0s), 002/050 VUs, 162 complete and 0 interrupted iterations
steady   [  55% ] 002/050 VUs  2m43.8s/5m0s  1.00 iters/s

running (2m45.0s), 002/050 VUs, 163 complete and 0 interrupted iterations
steady   [  55% ] 002/050 VUs  2m44.8s/5m0s  1.00 iters/s

running (2m46.0s), 002/050 VUs, 164 complete and 0 interrupted iterations
steady   [  55% ] 002/050 VUs  2m45.8s/5m0s  1.00 iters/s

running (2m47.0s), 002/050 VUs, 165 complete and 0 interrupted iterations
steady   [  56% ] 002/050 VUs  2m46.8s/5m0s  1.00 iters/s

running (2m48.0s), 002/050 VUs, 166 complete and 0 interrupted iterations
steady   [  56% ] 002/050 VUs  2m47.8s/5m0s  1.00 iters/s

running (2m49.0s), 002/050 VUs, 167 complete and 0 interrupted iterations
steady   [  56% ] 002/050 VUs  2m48.8s/5m0s  1.00 iters/s

running (2m50.0s), 002/050 VUs, 168 complete and 0 interrupted iterations
steady   [  57% ] 002/050 VUs  2m49.8s/5m0s  1.00 iters/s

running (2m51.0s), 002/050 VUs, 169 complete and 0 interrupted iterations
steady   [  57% ] 002/050 VUs  2m50.8s/5m0s  1.00 iters/s

running (2m52.0s), 003/050 VUs, 169 complete and 0 interrupted iterations
steady   [  57% ] 003/050 VUs  2m51.8s/5m0s  1.00 iters/s

running (2m53.0s), 003/050 VUs, 170 complete and 0 interrupted iterations
steady   [  58% ] 003/050 VUs  2m52.8s/5m0s  1.00 iters/s

running (2m54.0s), 003/050 VUs, 171 complete and 0 interrupted iterations
steady   [  58% ] 003/050 VUs  2m53.8s/5m0s  1.00 iters/s

running (2m55.0s), 003/050 VUs, 172 complete and 0 interrupted iterations
steady   [  58% ] 003/050 VUs  2m54.8s/5m0s  1.00 iters/s

running (2m56.0s), 003/050 VUs, 173 complete and 0 interrupted iterations
steady   [  59% ] 003/050 VUs  2m55.8s/5m0s  1.00 iters/s

running (2m57.0s), 003/050 VUs, 174 complete and 0 interrupted iterations
steady   [  59% ] 003/050 VUs  2m56.8s/5m0s  1.00 iters/s

running (2m58.0s), 003/050 VUs, 175 complete and 0 interrupted iterations
steady   [  59% ] 003/050 VUs  2m57.8s/5m0s  1.00 iters/s

running (2m59.0s), 002/050 VUs, 177 complete and 0 interrupted iterations
steady   [  60% ] 002/050 VUs  2m58.8s/5m0s  1.00 iters/s

running (3m00.0s), 002/050 VUs, 178 complete and 0 interrupted iterations
steady   [  60% ] 002/050 VUs  2m59.8s/5m0s  1.00 iters/s

running (3m01.0s), 002/050 VUs, 179 complete and 0 interrupted iterations
steady   [  60% ] 002/050 VUs  3m00.8s/5m0s  1.00 iters/s

running (3m02.0s), 002/050 VUs, 180 complete and 0 interrupted iterations
steady   [  61% ] 002/050 VUs  3m01.8s/5m0s  1.00 iters/s

running (3m03.0s), 002/050 VUs, 181 complete and 0 interrupted iterations
steady   [  61% ] 002/050 VUs  3m02.8s/5m0s  1.00 iters/s

running (3m04.0s), 002/050 VUs, 182 complete and 0 interrupted iterations
steady   [  61% ] 002/050 VUs  3m03.8s/5m0s  1.00 iters/s

running (3m05.0s), 002/050 VUs, 183 complete and 0 interrupted iterations
steady   [  62% ] 002/050 VUs  3m04.8s/5m0s  1.00 iters/s

running (3m06.0s), 002/050 VUs, 184 complete and 0 interrupted iterations
steady   [  62% ] 002/050 VUs  3m05.8s/5m0s  1.00 iters/s

running (3m07.0s), 002/050 VUs, 185 complete and 0 interrupted iterations
steady   [  62% ] 002/050 VUs  3m06.8s/5m0s  1.00 iters/s

running (3m08.0s), 002/050 VUs, 186 complete and 0 interrupted iterations
steady   [  63% ] 002/050 VUs  3m07.8s/5m0s  1.00 iters/s

running (3m09.0s), 003/050 VUs, 186 complete and 0 interrupted iterations
steady   [  63% ] 003/050 VUs  3m08.8s/5m0s  1.00 iters/s

running (3m10.0s), 003/050 VUs, 187 complete and 0 interrupted iterations
steady   [  63% ] 003/050 VUs  3m09.8s/5m0s  1.00 iters/s

running (3m11.0s), 003/050 VUs, 188 complete and 0 interrupted iterations
steady   [  64% ] 003/050 VUs  3m10.8s/5m0s  1.00 iters/s

running (3m12.0s), 002/050 VUs, 190 complete and 0 interrupted iterations
steady   [  64% ] 002/050 VUs  3m11.8s/5m0s  1.00 iters/s

running (3m13.0s), 002/050 VUs, 191 complete and 0 interrupted iterations
steady   [  64% ] 002/050 VUs  3m12.8s/5m0s  1.00 iters/s

running (3m14.0s), 002/050 VUs, 192 complete and 0 interrupted iterations
steady   [  65% ] 002/050 VUs  3m13.8s/5m0s  1.00 iters/s

running (3m15.0s), 002/050 VUs, 193 complete and 0 interrupted iterations
steady   [  65% ] 002/050 VUs  3m14.8s/5m0s  1.00 iters/s

running (3m16.0s), 002/050 VUs, 194 complete and 0 interrupted iterations
steady   [  65% ] 002/050 VUs  3m15.8s/5m0s  1.00 iters/s

running (3m17.0s), 002/050 VUs, 195 complete and 0 interrupted iterations
steady   [  66% ] 002/050 VUs  3m16.8s/5m0s  1.00 iters/s

running (3m18.0s), 002/050 VUs, 196 complete and 0 interrupted iterations
steady   [  66% ] 002/050 VUs  3m17.8s/5m0s  1.00 iters/s

running (3m19.0s), 002/050 VUs, 197 complete and 0 interrupted iterations
steady   [  66% ] 002/050 VUs  3m18.8s/5m0s  1.00 iters/s

running (3m20.0s), 002/050 VUs, 198 complete and 0 interrupted iterations
steady   [  67% ] 002/050 VUs  3m19.8s/5m0s  1.00 iters/s

running (3m21.0s), 002/050 VUs, 199 complete and 0 interrupted iterations
steady   [  67% ] 002/050 VUs  3m20.8s/5m0s  1.00 iters/s

running (3m22.0s), 002/050 VUs, 200 complete and 0 interrupted iterations
steady   [  67% ] 002/050 VUs  3m21.8s/5m0s  1.00 iters/s

running (3m23.0s), 002/050 VUs, 201 complete and 0 interrupted iterations
steady   [  68% ] 002/050 VUs  3m22.8s/5m0s  1.00 iters/s

running (3m24.0s), 003/050 VUs, 201 complete and 0 interrupted iterations
steady   [  68% ] 003/050 VUs  3m23.8s/5m0s  1.00 iters/s

running (3m25.0s), 003/050 VUs, 202 complete and 0 interrupted iterations
steady   [  68% ] 003/050 VUs  3m24.8s/5m0s  1.00 iters/s

running (3m26.0s), 003/050 VUs, 203 complete and 0 interrupted iterations
steady   [  69% ] 003/050 VUs  3m25.8s/5m0s  1.00 iters/s

running (3m27.0s), 002/050 VUs, 205 complete and 0 interrupted iterations
steady   [  69% ] 002/050 VUs  3m26.8s/5m0s  1.00 iters/s

running (3m28.0s), 002/050 VUs, 206 complete and 0 interrupted iterations
steady   [  69% ] 002/050 VUs  3m27.8s/5m0s  1.00 iters/s

running (3m29.0s), 002/050 VUs, 207 complete and 0 interrupted iterations
steady   [  70% ] 002/050 VUs  3m28.8s/5m0s  1.00 iters/s

running (3m30.0s), 003/050 VUs, 207 complete and 0 interrupted iterations
steady   [  70% ] 003/050 VUs  3m29.8s/5m0s  1.00 iters/s

running (3m31.0s), 002/050 VUs, 209 complete and 0 interrupted iterations
steady   [  70% ] 002/050 VUs  3m30.8s/5m0s  1.00 iters/s

running (3m32.0s), 002/050 VUs, 210 complete and 0 interrupted iterations
steady   [  71% ] 002/050 VUs  3m31.8s/5m0s  1.00 iters/s

running (3m33.0s), 003/050 VUs, 210 complete and 0 interrupted iterations
steady   [  71% ] 003/050 VUs  3m32.8s/5m0s  1.00 iters/s

running (3m34.0s), 003/050 VUs, 211 complete and 0 interrupted iterations
steady   [  71% ] 003/050 VUs  3m33.8s/5m0s  1.00 iters/s

running (3m35.0s), 002/050 VUs, 213 complete and 0 interrupted iterations
steady   [  72% ] 002/050 VUs  3m34.8s/5m0s  1.00 iters/s

running (3m36.0s), 002/050 VUs, 214 complete and 0 interrupted iterations
steady   [  72% ] 002/050 VUs  3m35.8s/5m0s  1.00 iters/s

running (3m37.0s), 003/050 VUs, 214 complete and 0 interrupted iterations
steady   [  72% ] 003/050 VUs  3m36.8s/5m0s  1.00 iters/s

running (3m38.0s), 003/050 VUs, 215 complete and 0 interrupted iterations
steady   [  73% ] 003/050 VUs  3m37.8s/5m0s  1.00 iters/s

running (3m39.0s), 003/050 VUs, 216 complete and 0 interrupted iterations
steady   [  73% ] 003/050 VUs  3m38.8s/5m0s  1.00 iters/s

running (3m40.0s), 002/050 VUs, 218 complete and 0 interrupted iterations
steady   [  73% ] 002/050 VUs  3m39.8s/5m0s  1.00 iters/s

running (3m41.0s), 003/050 VUs, 218 complete and 0 interrupted iterations
steady   [  74% ] 003/050 VUs  3m40.8s/5m0s  1.00 iters/s

running (3m42.0s), 003/050 VUs, 219 complete and 0 interrupted iterations
steady   [  74% ] 003/050 VUs  3m41.8s/5m0s  1.00 iters/s

running (3m43.0s), 002/050 VUs, 221 complete and 0 interrupted iterations
steady   [  74% ] 002/050 VUs  3m42.8s/5m0s  1.00 iters/s

running (3m44.0s), 003/050 VUs, 221 complete and 0 interrupted iterations
steady   [  75% ] 003/050 VUs  3m43.8s/5m0s  1.00 iters/s

running (3m45.0s), 003/050 VUs, 222 complete and 0 interrupted iterations
steady   [  75% ] 003/050 VUs  3m44.8s/5m0s  1.00 iters/s

running (3m46.0s), 002/050 VUs, 224 complete and 0 interrupted iterations
steady   [  75% ] 002/050 VUs  3m45.8s/5m0s  1.00 iters/s

running (3m47.0s), 002/050 VUs, 225 complete and 0 interrupted iterations
steady   [  76% ] 002/050 VUs  3m46.8s/5m0s  1.00 iters/s

running (3m48.0s), 003/050 VUs, 225 complete and 0 interrupted iterations
steady   [  76% ] 003/050 VUs  3m47.8s/5m0s  1.00 iters/s

running (3m49.0s), 002/050 VUs, 227 complete and 0 interrupted iterations
steady   [  76% ] 002/050 VUs  3m48.8s/5m0s  1.00 iters/s

running (3m50.0s), 002/050 VUs, 228 complete and 0 interrupted iterations
steady   [  77% ] 002/050 VUs  3m49.8s/5m0s  1.00 iters/s

running (3m51.0s), 003/050 VUs, 228 complete and 0 interrupted iterations
steady   [  77% ] 003/050 VUs  3m50.8s/5m0s  1.00 iters/s

running (3m52.0s), 003/050 VUs, 229 complete and 0 interrupted iterations
steady   [  77% ] 003/050 VUs  3m51.8s/5m0s  1.00 iters/s

running (3m53.0s), 003/050 VUs, 230 complete and 0 interrupted iterations
steady   [  78% ] 003/050 VUs  3m52.8s/5m0s  1.00 iters/s

running (3m54.0s), 003/050 VUs, 231 complete and 0 interrupted iterations
steady   [  78% ] 003/050 VUs  3m53.8s/5m0s  1.00 iters/s

running (3m55.0s), 003/050 VUs, 232 complete and 0 interrupted iterations
steady   [  78% ] 003/050 VUs  3m54.8s/5m0s  1.00 iters/s

running (3m56.0s), 003/050 VUs, 233 complete and 0 interrupted iterations
steady   [  79% ] 003/050 VUs  3m55.8s/5m0s  1.00 iters/s

running (3m57.0s), 002/050 VUs, 235 complete and 0 interrupted iterations
steady   [  79% ] 002/050 VUs  3m56.8s/5m0s  1.00 iters/s

running (3m58.0s), 003/050 VUs, 235 complete and 0 interrupted iterations
steady   [  79% ] 003/050 VUs  3m57.8s/5m0s  1.00 iters/s

running (3m59.0s), 002/050 VUs, 237 complete and 0 interrupted iterations
steady   [  80% ] 002/050 VUs  3m58.8s/5m0s  1.00 iters/s

running (4m00.0s), 003/050 VUs, 237 complete and 0 interrupted iterations
steady   [  80% ] 003/050 VUs  3m59.8s/5m0s  1.00 iters/s

running (4m01.0s), 003/050 VUs, 238 complete and 0 interrupted iterations
steady   [  80% ] 003/050 VUs  4m00.8s/5m0s  1.00 iters/s

running (4m02.0s), 003/050 VUs, 239 complete and 0 interrupted iterations
steady   [  81% ] 003/050 VUs  4m01.8s/5m0s  1.00 iters/s

running (4m03.0s), 003/050 VUs, 240 complete and 0 interrupted iterations
steady   [  81% ] 003/050 VUs  4m02.8s/5m0s  1.00 iters/s

running (4m04.0s), 002/050 VUs, 242 complete and 0 interrupted iterations
steady   [  81% ] 002/050 VUs  4m03.8s/5m0s  1.00 iters/s

running (4m05.0s), 003/050 VUs, 242 complete and 0 interrupted iterations
steady   [  82% ] 003/050 VUs  4m04.8s/5m0s  1.00 iters/s

running (4m06.0s), 002/050 VUs, 244 complete and 0 interrupted iterations
steady   [  82% ] 002/050 VUs  4m05.8s/5m0s  1.00 iters/s

running (4m07.0s), 003/050 VUs, 244 complete and 0 interrupted iterations
steady   [  82% ] 003/050 VUs  4m06.8s/5m0s  1.00 iters/s

running (4m08.0s), 002/050 VUs, 246 complete and 0 interrupted iterations
steady   [  83% ] 002/050 VUs  4m07.8s/5m0s  1.00 iters/s

running (4m09.0s), 002/050 VUs, 247 complete and 0 interrupted iterations
steady   [  83% ] 002/050 VUs  4m08.8s/5m0s  1.00 iters/s

running (4m10.0s), 002/050 VUs, 248 complete and 0 interrupted iterations
steady   [  83% ] 002/050 VUs  4m09.8s/5m0s  1.00 iters/s

running (4m11.0s), 003/050 VUs, 248 complete and 0 interrupted iterations
steady   [  84% ] 003/050 VUs  4m10.8s/5m0s  1.00 iters/s

running (4m12.0s), 003/050 VUs, 249 complete and 0 interrupted iterations
steady   [  84% ] 003/050 VUs  4m11.8s/5m0s  1.00 iters/s

running (4m13.0s), 002/050 VUs, 251 complete and 0 interrupted iterations
steady   [  84% ] 002/050 VUs  4m12.8s/5m0s  1.00 iters/s

running (4m14.0s), 003/050 VUs, 251 complete and 0 interrupted iterations
steady   [  85% ] 003/050 VUs  4m13.8s/5m0s  1.00 iters/s

running (4m15.0s), 003/050 VUs, 252 complete and 0 interrupted iterations
steady   [  85% ] 003/050 VUs  4m14.8s/5m0s  1.00 iters/s

running (4m16.0s), 003/050 VUs, 253 complete and 0 interrupted iterations
steady   [  85% ] 003/050 VUs  4m15.8s/5m0s  1.00 iters/s

running (4m17.0s), 003/050 VUs, 254 complete and 0 interrupted iterations
steady   [  86% ] 003/050 VUs  4m16.8s/5m0s  1.00 iters/s

running (4m18.0s), 003/050 VUs, 255 complete and 0 interrupted iterations
steady   [  86% ] 003/050 VUs  4m17.8s/5m0s  1.00 iters/s

running (4m19.0s), 003/050 VUs, 256 complete and 0 interrupted iterations
steady   [  86% ] 003/050 VUs  4m18.8s/5m0s  1.00 iters/s

running (4m20.0s), 003/050 VUs, 257 complete and 0 interrupted iterations
steady   [  87% ] 003/050 VUs  4m19.8s/5m0s  1.00 iters/s

running (4m21.0s), 002/050 VUs, 259 complete and 0 interrupted iterations
steady   [  87% ] 002/050 VUs  4m20.8s/5m0s  1.00 iters/s

running (4m22.0s), 002/050 VUs, 260 complete and 0 interrupted iterations
steady   [  87% ] 002/050 VUs  4m21.8s/5m0s  1.00 iters/s

running (4m23.0s), 003/050 VUs, 260 complete and 0 interrupted iterations
steady   [  88% ] 003/050 VUs  4m22.8s/5m0s  1.00 iters/s

running (4m24.0s), 003/050 VUs, 261 complete and 0 interrupted iterations
steady   [  88% ] 003/050 VUs  4m23.8s/5m0s  1.00 iters/s

running (4m25.0s), 003/050 VUs, 262 complete and 0 interrupted iterations
steady   [  88% ] 003/050 VUs  4m24.8s/5m0s  1.00 iters/s

running (4m26.0s), 003/050 VUs, 263 complete and 0 interrupted iterations
steady   [  89% ] 003/050 VUs  4m25.8s/5m0s  1.00 iters/s

running (4m27.0s), 003/050 VUs, 264 complete and 0 interrupted iterations
steady   [  89% ] 003/050 VUs  4m26.8s/5m0s  1.00 iters/s

running (4m28.0s), 003/050 VUs, 265 complete and 0 interrupted iterations
steady   [  89% ] 003/050 VUs  4m27.8s/5m0s  1.00 iters/s

running (4m29.0s), 003/050 VUs, 266 complete and 0 interrupted iterations
steady   [  90% ] 003/050 VUs  4m28.8s/5m0s  1.00 iters/s

running (4m30.0s), 003/050 VUs, 267 complete and 0 interrupted iterations
steady   [  90% ] 003/050 VUs  4m29.8s/5m0s  1.00 iters/s

running (4m31.0s), 003/050 VUs, 268 complete and 0 interrupted iterations
steady   [  90% ] 003/050 VUs  4m30.8s/5m0s  1.00 iters/s

running (4m32.0s), 003/050 VUs, 269 complete and 0 interrupted iterations
steady   [  91% ] 003/050 VUs  4m31.8s/5m0s  1.00 iters/s

running (4m33.0s), 003/050 VUs, 270 complete and 0 interrupted iterations
steady   [  91% ] 003/050 VUs  4m32.8s/5m0s  1.00 iters/s

running (4m34.0s), 003/050 VUs, 271 complete and 0 interrupted iterations
steady   [  91% ] 003/050 VUs  4m33.8s/5m0s  1.00 iters/s

running (4m35.0s), 003/050 VUs, 272 complete and 0 interrupted iterations
steady   [  92% ] 003/050 VUs  4m34.8s/5m0s  1.00 iters/s

running (4m36.0s), 003/050 VUs, 273 complete and 0 interrupted iterations
steady   [  92% ] 003/050 VUs  4m35.8s/5m0s  1.00 iters/s

running (4m37.0s), 003/050 VUs, 274 complete and 0 interrupted iterations
steady   [  92% ] 003/050 VUs  4m36.8s/5m0s  1.00 iters/s

running (4m38.0s), 003/050 VUs, 275 complete and 0 interrupted iterations
steady   [  93% ] 003/050 VUs  4m37.8s/5m0s  1.00 iters/s

running (4m39.0s), 004/050 VUs, 275 complete and 0 interrupted iterations
steady   [  93% ] 004/050 VUs  4m38.8s/5m0s  1.00 iters/s

running (4m40.0s), 004/050 VUs, 276 complete and 0 interrupted iterations
steady   [  93% ] 004/050 VUs  4m39.8s/5m0s  1.00 iters/s

running (4m41.0s), 004/050 VUs, 277 complete and 0 interrupted iterations
steady   [  94% ] 004/050 VUs  4m40.8s/5m0s  1.00 iters/s

running (4m42.0s), 004/050 VUs, 278 complete and 0 interrupted iterations
steady   [  94% ] 004/050 VUs  4m41.8s/5m0s  1.00 iters/s

running (4m43.0s), 004/050 VUs, 279 complete and 0 interrupted iterations
steady   [  94% ] 004/050 VUs  4m42.8s/5m0s  1.00 iters/s

running (4m44.0s), 004/050 VUs, 280 complete and 0 interrupted iterations
steady   [  95% ] 004/050 VUs  4m43.8s/5m0s  1.00 iters/s

running (4m45.0s), 004/050 VUs, 281 complete and 0 interrupted iterations
steady   [  95% ] 004/050 VUs  4m44.8s/5m0s  1.00 iters/s

running (4m46.0s), 004/050 VUs, 282 complete and 0 interrupted iterations
steady   [  95% ] 004/050 VUs  4m45.8s/5m0s  1.00 iters/s

running (4m47.0s), 004/050 VUs, 283 complete and 0 interrupted iterations
steady   [  96% ] 004/050 VUs  4m46.8s/5m0s  1.00 iters/s

running (4m48.0s), 003/050 VUs, 285 complete and 0 interrupted iterations
steady   [  96% ] 003/050 VUs  4m47.8s/5m0s  1.00 iters/s

running (4m49.0s), 003/050 VUs, 286 complete and 0 interrupted iterations
steady   [  96% ] 003/050 VUs  4m48.8s/5m0s  1.00 iters/s

running (4m50.0s), 003/050 VUs, 287 complete and 0 interrupted iterations
steady   [  97% ] 003/050 VUs  4m49.8s/5m0s  1.00 iters/s

running (4m51.0s), 003/050 VUs, 288 complete and 0 interrupted iterations
steady   [  97% ] 003/050 VUs  4m50.8s/5m0s  1.00 iters/s

running (4m52.0s), 003/050 VUs, 289 complete and 0 interrupted iterations
steady   [  97% ] 003/050 VUs  4m51.8s/5m0s  1.00 iters/s

running (4m53.0s), 003/050 VUs, 290 complete and 0 interrupted iterations
steady   [  98% ] 003/050 VUs  4m52.8s/5m0s  1.00 iters/s

running (4m54.0s), 003/050 VUs, 291 complete and 0 interrupted iterations
steady   [  98% ] 003/050 VUs  4m53.8s/5m0s  1.00 iters/s

running (4m55.0s), 004/050 VUs, 291 complete and 0 interrupted iterations
steady   [  98% ] 004/050 VUs  4m54.8s/5m0s  1.00 iters/s

running (4m56.0s), 004/050 VUs, 292 complete and 0 interrupted iterations
steady   [  99% ] 004/050 VUs  4m55.8s/5m0s  1.00 iters/s

running (4m57.0s), 004/050 VUs, 293 complete and 0 interrupted iterations
steady   [  99% ] 004/050 VUs  4m56.8s/5m0s  1.00 iters/s

running (4m58.0s), 004/050 VUs, 294 complete and 0 interrupted iterations
steady   [  99% ] 004/050 VUs  4m57.8s/5m0s  1.00 iters/s

running (4m59.0s), 003/050 VUs, 296 complete and 0 interrupted iterations
steady   [ 100% ] 003/050 VUs  4m58.8s/5m0s  1.00 iters/s

running (5m00.0s), 003/050 VUs, 297 complete and 0 interrupted iterations
steady   [ 100% ] 003/050 VUs  4m59.8s/5m0s  1.00 iters/s

running (5m01.0s), 003/050 VUs, 298 complete and 0 interrupted iterations
steady ↓ [ 100% ] 004/050 VUs  5m0s  1.00 iters/s

running (5m02.0s), 001/050 VUs, 300 complete and 0 interrupted iterations
steady ↓ [ 100% ] 004/050 VUs  5m0s  1.00 iters/s

================ DSP benchmark summary ================
-- per-phase latency --
  catalog                    p50=73.8 ms  p95=86.0 ms  p99=95.6 ms  max=100.8 ms  n=301
  negotiation init (POST)    p50=7.3 ms  p95=8.7 ms  p99=20.7 ms  max=81.0 ms  n=300
  time-to-AGREED (async)     p50=1784.0 ms  p95=2292.0 ms  p99=2540.0 ms  max=2546.0 ms  n=299
  transfer init (POST)       p50=7.6 ms  p95=10.4 ms  p99=24.8 ms  max=96.9 ms  n=299
  time-to-EDR (async)        p50=768.0 ms  p95=1275.0 ms  p99=1277.0 ms  max=1527.0 ms  n=298
  data pull                  p50=5.8 ms  p95=7.4 ms  p99=9.1 ms  max=16.8 ms  n=298
-- end-to-end + throughput --
  e2e transaction            p50=2891.0 ms  p95=3510.2 ms  p99=3674.0 ms  max=3687.0 ms  n=298
  data throughput (MB/s)     p50=0.0  p95=0.0  p99=0.1  max=0.1  n=298
-- outcomes --
  transactions succeeded     count=298  rate=0.985/s
  transactions failed        count=3  rate=0.010/s
  failed rate                rate=1.00%  (pass=3 fail=298)
    of which TERMINATED      (no data)
    of which TIMED OUT       count=2  rate=0.007/s
    of which HTTP-FAILED     count=1  rate=0.003/s
  failure accounting       3/3 classified  (complete)
-- observer effect (poll load) --
  negotiation polls          count=2617  rate=8.651/s
  edr polls                  count=1390  rate=4.595/s
  polls per transaction     negotiation=8.7  edr=4.6  (timeout ceiling=120)
=======================================================
(full summary -> /home/rohitj/edc/benchmarking-dsp-native-basyx/k6-scripts/results/basyx/on/steady/2026-08-11T17-12-03Z/k6-summary.json; POLL_INTERVAL_MS=250; IDENTITY_MODE=on)

running (5m02.5s), 000/050 VUs, 301 complete and 0 interrupted iterations
steady ✓ [ 100% ] 000/050 VUs  5m0s  1.00 iters/s
Prometheus snapshot [1786468405..1786468723] svc=(dsp-native-basyx|consumer-controlplane) win=1m -> /home/rohitj/edc/benchmarking-dsp-native-basyx/k6-scripts/results/basyx/on/steady/2026-08-11T17-12-03Z
  jvm-heap.csv (128 rows)
  jvm-gc-rate.csv (128 rows)
  jvm-threads.csv (128 rows)
  http-throughput.csv (128 rows)
  http-p95.csv (128 rows)
  http-errors.csv (128 rows)
  http-errors-5xx.csv (51 rows)
  http-status.csv (255 rows)
  host-cpu-busy.csv (64 rows)
  host-mem-used.csv (64 rows)
  5xx: 5xx PRESENT (51 samples) — connector-side faults, see http-errors-5xx.csv
  logs -> /home/rohitj/edc/benchmarking-dsp-native-basyx/k6-scripts/results/basyx/on/steady/2026-08-11T17-12-03Z/logs (2 files)
    consumer-controlplane.log:16
    dsp-native-basyx.log:9
VALIDITY  ok=298  failed=3  failed_rate=0%  dropped_iterations=0
>>> done: /home/rohitj/edc/benchmarking-dsp-native-basyx/k6-scripts/results/basyx/on/steady/2026-08-11T17-12-03Z  (k6 exit 0)
===== repetition 2/5 =====
----- basyx / steady (rep 2) -----
>>> basyx / steady  ->  /home/rohitj/edc/benchmarking-dsp-native-basyx/k6-scripts/results/basyx/on/steady/2026-08-11T17-18-44Z
parity OK: lib/ + scenarios/ + orchestration/ + tools/ identical to /home/rohitj/edc/benchmarking-dsp-native-basyx/k6-scripts
Health: http://localhost:29010/management + prometheus  OK
Warmup 60s @ 1/s (discarded)
  (warmup non-zero exit ignored)
  draining 20s before the measured window opens
k6 -> Prometheus remote-write: http://localhost:9090/api/v1/write

         /\      Grafana   /‾‾/  
    /\  /  \     |\  __   /  /   
   /  \/    \    | |/ /  /   ‾‾\ 
  /          \   |   (  |  (‾)  |
 / __________ \  |_|\_\  \_____/ 


     execution: local
        script: /home/rohitj/edc/benchmarking-dsp-native-basyx/k6-scripts/scenarios/steady.js
        output: Prometheus remote write (http://localhost:9090/api/v1/write)

     scenarios: (100.00%) 1 scenario, 200 max VUs, 5m30s max duration (incl. graceful stop):
              * steady: 1.00 iterations/s for 5m0s (maxVUs: 50-200, gracefulStop: 30s)


running (0m01.0s), 001/050 VUs, 0 complete and 0 interrupted iterations
steady   [   0% ] 001/050 VUs  0m00.8s/5m0s  1.00 iters/s

running (0m02.0s), 002/050 VUs, 0 complete and 0 interrupted iterations
steady   [   1% ] 002/050 VUs  0m01.8s/5m0s  1.00 iters/s

running (0m03.0s), 003/050 VUs, 0 complete and 0 interrupted iterations
steady   [   1% ] 003/050 VUs  0m02.8s/5m0s  1.00 iters/s

running (0m04.0s), 003/050 VUs, 1 complete and 0 interrupted iterations
steady   [   1% ] 003/050 VUs  0m03.8s/5m0s  1.00 iters/s

running (0m05.0s), 003/050 VUs, 2 complete and 0 interrupted iterations
steady   [   2% ] 003/050 VUs  0m04.8s/5m0s  1.00 iters/s

running (0m06.0s), 003/050 VUs, 3 complete and 0 interrupted iterations
steady   [   2% ] 003/050 VUs  0m05.8s/5m0s  1.00 iters/s

running (0m07.0s), 003/050 VUs, 4 complete and 0 interrupted iterations
steady   [   2% ] 003/050 VUs  0m06.8s/5m0s  1.00 iters/s

running (0m08.0s), 003/050 VUs, 5 complete and 0 interrupted iterations
steady   [   3% ] 003/050 VUs  0m07.8s/5m0s  1.00 iters/s

running (0m09.0s), 003/050 VUs, 6 complete and 0 interrupted iterations
steady   [   3% ] 003/050 VUs  0m08.8s/5m0s  1.00 iters/s

running (0m10.0s), 002/050 VUs, 8 complete and 0 interrupted iterations
steady   [   3% ] 002/050 VUs  0m09.8s/5m0s  1.00 iters/s

running (0m11.0s), 002/050 VUs, 9 complete and 0 interrupted iterations
steady   [   4% ] 002/050 VUs  0m10.8s/5m0s  1.00 iters/s

running (0m12.0s), 002/050 VUs, 10 complete and 0 interrupted iterations
steady   [   4% ] 002/050 VUs  0m11.8s/5m0s  1.00 iters/s

running (0m13.0s), 002/050 VUs, 11 complete and 0 interrupted iterations
steady   [   4% ] 002/050 VUs  0m12.8s/5m0s  1.00 iters/s

running (0m14.0s), 002/050 VUs, 12 complete and 0 interrupted iterations
steady   [   5% ] 002/050 VUs  0m13.8s/5m0s  1.00 iters/s

running (0m15.0s), 002/050 VUs, 13 complete and 0 interrupted iterations
steady   [   5% ] 002/050 VUs  0m14.8s/5m0s  1.00 iters/s

running (0m16.0s), 002/050 VUs, 14 complete and 0 interrupted iterations
steady   [   5% ] 002/050 VUs  0m15.8s/5m0s  1.00 iters/s

running (0m17.0s), 002/050 VUs, 15 complete and 0 interrupted iterations
steady   [   6% ] 002/050 VUs  0m16.8s/5m0s  1.00 iters/s

running (0m18.0s), 002/050 VUs, 16 complete and 0 interrupted iterations
steady   [   6% ] 002/050 VUs  0m17.8s/5m0s  1.00 iters/s

running (0m19.0s), 002/050 VUs, 17 complete and 0 interrupted iterations
steady   [   6% ] 002/050 VUs  0m18.8s/5m0s  1.00 iters/s

running (0m20.0s), 003/050 VUs, 17 complete and 0 interrupted iterations
steady   [   7% ] 003/050 VUs  0m19.8s/5m0s  1.00 iters/s

running (0m21.0s), 003/050 VUs, 18 complete and 0 interrupted iterations
steady   [   7% ] 003/050 VUs  0m20.8s/5m0s  1.00 iters/s

running (0m22.0s), 003/050 VUs, 19 complete and 0 interrupted iterations
steady   [   7% ] 003/050 VUs  0m21.8s/5m0s  1.00 iters/s

running (0m23.0s), 003/050 VUs, 20 complete and 0 interrupted iterations
steady   [   8% ] 003/050 VUs  0m22.8s/5m0s  1.00 iters/s

running (0m24.0s), 002/050 VUs, 22 complete and 0 interrupted iterations
steady   [   8% ] 002/050 VUs  0m23.8s/5m0s  1.00 iters/s

running (0m25.0s), 002/050 VUs, 23 complete and 0 interrupted iterations
steady   [   8% ] 002/050 VUs  0m24.8s/5m0s  1.00 iters/s

running (0m26.0s), 002/050 VUs, 24 complete and 0 interrupted iterations
steady   [   9% ] 002/050 VUs  0m25.8s/5m0s  1.00 iters/s

running (0m27.0s), 002/050 VUs, 25 complete and 0 interrupted iterations
steady   [   9% ] 002/050 VUs  0m26.8s/5m0s  1.00 iters/s

running (0m28.0s), 002/050 VUs, 26 complete and 0 interrupted iterations
steady   [   9% ] 002/050 VUs  0m27.8s/5m0s  1.00 iters/s

running (0m29.0s), 002/050 VUs, 27 complete and 0 interrupted iterations
steady   [  10% ] 002/050 VUs  0m28.8s/5m0s  1.00 iters/s

running (0m30.0s), 002/050 VUs, 28 complete and 0 interrupted iterations
steady   [  10% ] 002/050 VUs  0m29.8s/5m0s  1.00 iters/s

running (0m31.0s), 002/050 VUs, 29 complete and 0 interrupted iterations
steady   [  10% ] 002/050 VUs  0m30.8s/5m0s  1.00 iters/s

running (0m32.0s), 002/050 VUs, 30 complete and 0 interrupted iterations
steady   [  11% ] 002/050 VUs  0m31.8s/5m0s  1.00 iters/s

running (0m33.0s), 002/050 VUs, 31 complete and 0 interrupted iterations
steady   [  11% ] 002/050 VUs  0m32.8s/5m0s  1.00 iters/s

running (0m34.0s), 002/050 VUs, 32 complete and 0 interrupted iterations
steady   [  11% ] 002/050 VUs  0m33.8s/5m0s  1.00 iters/s

running (0m35.0s), 003/050 VUs, 32 complete and 0 interrupted iterations
steady   [  12% ] 003/050 VUs  0m34.8s/5m0s  1.00 iters/s

running (0m36.0s), 003/050 VUs, 33 complete and 0 interrupted iterations
steady   [  12% ] 003/050 VUs  0m35.8s/5m0s  1.00 iters/s

running (0m37.0s), 003/050 VUs, 34 complete and 0 interrupted iterations
steady   [  12% ] 003/050 VUs  0m36.8s/5m0s  1.00 iters/s

running (0m38.0s), 003/050 VUs, 35 complete and 0 interrupted iterations
steady   [  13% ] 003/050 VUs  0m37.8s/5m0s  1.00 iters/s

running (0m39.0s), 002/050 VUs, 37 complete and 0 interrupted iterations
steady   [  13% ] 002/050 VUs  0m38.8s/5m0s  1.00 iters/s

running (0m40.0s), 002/050 VUs, 38 complete and 0 interrupted iterations
steady   [  13% ] 002/050 VUs  0m39.8s/5m0s  1.00 iters/s

running (0m41.0s), 002/050 VUs, 39 complete and 0 interrupted iterations
steady   [  14% ] 002/050 VUs  0m40.8s/5m0s  1.00 iters/s

running (0m42.0s), 002/050 VUs, 40 complete and 0 interrupted iterations
steady   [  14% ] 002/050 VUs  0m41.8s/5m0s  1.00 iters/s

running (0m43.0s), 002/050 VUs, 41 complete and 0 interrupted iterations
steady   [  14% ] 002/050 VUs  0m42.8s/5m0s  1.00 iters/s

running (0m44.0s), 002/050 VUs, 42 complete and 0 interrupted iterations
steady   [  15% ] 002/050 VUs  0m43.8s/5m0s  1.00 iters/s

running (0m45.0s), 002/050 VUs, 43 complete and 0 interrupted iterations
steady   [  15% ] 002/050 VUs  0m44.8s/5m0s  1.00 iters/s

running (0m46.0s), 002/050 VUs, 44 complete and 0 interrupted iterations
steady   [  15% ] 002/050 VUs  0m45.8s/5m0s  1.00 iters/s

running (0m47.0s), 002/050 VUs, 45 complete and 0 interrupted iterations
steady   [  16% ] 002/050 VUs  0m46.8s/5m0s  1.00 iters/s

running (0m48.0s), 002/050 VUs, 46 complete and 0 interrupted iterations
steady   [  16% ] 002/050 VUs  0m47.8s/5m0s  1.00 iters/s

running (0m49.0s), 002/050 VUs, 47 complete and 0 interrupted iterations
steady   [  16% ] 002/050 VUs  0m48.8s/5m0s  1.00 iters/s

running (0m50.0s), 002/050 VUs, 48 complete and 0 interrupted iterations
steady   [  17% ] 002/050 VUs  0m49.8s/5m0s  1.00 iters/s

running (0m51.0s), 002/050 VUs, 49 complete and 0 interrupted iterations
steady   [  17% ] 002/050 VUs  0m50.8s/5m0s  1.00 iters/s

running (0m52.0s), 003/050 VUs, 49 complete and 0 interrupted iterations
steady   [  17% ] 003/050 VUs  0m51.8s/5m0s  1.00 iters/s

running (0m53.0s), 002/050 VUs, 51 complete and 0 interrupted iterations
steady   [  18% ] 002/050 VUs  0m52.8s/5m0s  1.00 iters/s

running (0m54.0s), 002/050 VUs, 52 complete and 0 interrupted iterations
steady   [  18% ] 002/050 VUs  0m53.8s/5m0s  1.00 iters/s

running (0m55.0s), 002/050 VUs, 53 complete and 0 interrupted iterations
steady   [  18% ] 002/050 VUs  0m54.8s/5m0s  1.00 iters/s

running (0m56.0s), 002/050 VUs, 54 complete and 0 interrupted iterations
steady   [  19% ] 002/050 VUs  0m55.8s/5m0s  1.00 iters/s

running (0m57.0s), 002/050 VUs, 55 complete and 0 interrupted iterations
steady   [  19% ] 002/050 VUs  0m56.8s/5m0s  1.00 iters/s

running (0m58.0s), 002/050 VUs, 56 complete and 0 interrupted iterations
steady   [  19% ] 002/050 VUs  0m57.8s/5m0s  1.00 iters/s

running (0m59.0s), 002/050 VUs, 57 complete and 0 interrupted iterations
steady   [  20% ] 002/050 VUs  0m58.8s/5m0s  1.00 iters/s

running (1m00.0s), 002/050 VUs, 58 complete and 0 interrupted iterations
steady   [  20% ] 002/050 VUs  0m59.8s/5m0s  1.00 iters/s

running (1m01.0s), 003/050 VUs, 58 complete and 0 interrupted iterations
steady   [  20% ] 003/050 VUs  1m00.8s/5m0s  1.00 iters/s

running (1m02.0s), 002/050 VUs, 60 complete and 0 interrupted iterations
steady   [  21% ] 002/050 VUs  1m01.8s/5m0s  1.00 iters/s

running (1m03.0s), 002/050 VUs, 61 complete and 0 interrupted iterations
steady   [  21% ] 002/050 VUs  1m02.8s/5m0s  1.00 iters/s

running (1m04.0s), 003/050 VUs, 61 complete and 0 interrupted iterations
steady   [  21% ] 003/050 VUs  1m03.8s/5m0s  1.00 iters/s

running (1m05.0s), 003/050 VUs, 62 complete and 0 interrupted iterations
steady   [  22% ] 003/050 VUs  1m04.8s/5m0s  1.00 iters/s

running (1m06.0s), 003/050 VUs, 63 complete and 0 interrupted iterations
steady   [  22% ] 003/050 VUs  1m05.8s/5m0s  1.00 iters/s

running (1m07.0s), 003/050 VUs, 64 complete and 0 interrupted iterations
steady   [  22% ] 003/050 VUs  1m06.8s/5m0s  1.00 iters/s

running (1m08.0s), 003/050 VUs, 65 complete and 0 interrupted iterations
steady   [  23% ] 003/050 VUs  1m07.8s/5m0s  1.00 iters/s

running (1m09.0s), 004/050 VUs, 65 complete and 0 interrupted iterations
steady   [  23% ] 004/050 VUs  1m08.8s/5m0s  1.00 iters/s

running (1m10.0s), 004/050 VUs, 66 complete and 0 interrupted iterations
steady   [  23% ] 004/050 VUs  1m09.8s/5m0s  1.00 iters/s

running (1m11.0s), 004/050 VUs, 67 complete and 0 interrupted iterations
steady   [  24% ] 004/050 VUs  1m10.8s/5m0s  1.00 iters/s

running (1m12.0s), 004/050 VUs, 68 complete and 0 interrupted iterations
steady   [  24% ] 004/050 VUs  1m11.8s/5m0s  1.00 iters/s

running (1m13.0s), 004/050 VUs, 69 complete and 0 interrupted iterations
steady   [  24% ] 004/050 VUs  1m12.8s/5m0s  1.00 iters/s

running (1m14.0s), 004/050 VUs, 70 complete and 0 interrupted iterations
steady   [  25% ] 004/050 VUs  1m13.8s/5m0s  1.00 iters/s

running (1m15.0s), 004/050 VUs, 71 complete and 0 interrupted iterations
steady   [  25% ] 004/050 VUs  1m14.8s/5m0s  1.00 iters/s

running (1m16.0s), 004/050 VUs, 72 complete and 0 interrupted iterations
steady   [  25% ] 004/050 VUs  1m15.8s/5m0s  1.00 iters/s

running (1m17.0s), 004/050 VUs, 73 complete and 0 interrupted iterations
steady   [  26% ] 004/050 VUs  1m16.8s/5m0s  1.00 iters/s

running (1m18.0s), 004/050 VUs, 74 complete and 0 interrupted iterations
steady   [  26% ] 004/050 VUs  1m17.8s/5m0s  1.00 iters/s

running (1m19.0s), 004/050 VUs, 75 complete and 0 interrupted iterations
steady   [  26% ] 004/050 VUs  1m18.8s/5m0s  1.00 iters/s

running (1m20.0s), 004/050 VUs, 76 complete and 0 interrupted iterations
steady   [  27% ] 004/050 VUs  1m19.8s/5m0s  1.00 iters/s

running (1m21.0s), 003/050 VUs, 78 complete and 0 interrupted iterations
steady   [  27% ] 003/050 VUs  1m20.8s/5m0s  1.00 iters/s

running (1m22.0s), 004/050 VUs, 78 complete and 0 interrupted iterations
steady   [  27% ] 004/050 VUs  1m21.8s/5m0s  1.00 iters/s

running (1m23.0s), 004/050 VUs, 79 complete and 0 interrupted iterations
steady   [  28% ] 004/050 VUs  1m22.8s/5m0s  1.00 iters/s

running (1m24.0s), 005/050 VUs, 79 complete and 0 interrupted iterations
steady   [  28% ] 005/050 VUs  1m23.8s/5m0s  1.00 iters/s

running (1m25.0s), 005/050 VUs, 80 complete and 0 interrupted iterations
steady   [  28% ] 005/050 VUs  1m24.8s/5m0s  1.00 iters/s

running (1m26.0s), 005/050 VUs, 81 complete and 0 interrupted iterations
steady   [  29% ] 005/050 VUs  1m25.8s/5m0s  1.00 iters/s

running (1m27.0s), 005/050 VUs, 82 complete and 0 interrupted iterations
steady   [  29% ] 005/050 VUs  1m26.8s/5m0s  1.00 iters/s

running (1m28.0s), 005/050 VUs, 83 complete and 0 interrupted iterations
steady   [  29% ] 005/050 VUs  1m27.8s/5m0s  1.00 iters/s

running (1m29.0s), 005/050 VUs, 84 complete and 0 interrupted iterations
steady   [  30% ] 005/050 VUs  1m28.8s/5m0s  1.00 iters/s

running (1m30.0s), 005/050 VUs, 85 complete and 0 interrupted iterations
steady   [  30% ] 005/050 VUs  1m29.8s/5m0s  1.00 iters/s

running (1m31.0s), 005/050 VUs, 86 complete and 0 interrupted iterations
steady   [  30% ] 005/050 VUs  1m30.8s/5m0s  1.00 iters/s

running (1m32.0s), 005/050 VUs, 87 complete and 0 interrupted iterations
steady   [  31% ] 005/050 VUs  1m31.8s/5m0s  1.00 iters/s

running (1m33.0s), 004/050 VUs, 89 complete and 0 interrupted iterations
steady   [  31% ] 004/050 VUs  1m32.8s/5m0s  1.00 iters/s

running (1m34.0s), 004/050 VUs, 90 complete and 0 interrupted iterations
steady   [  31% ] 004/050 VUs  1m33.8s/5m0s  1.00 iters/s

running (1m35.0s), 003/050 VUs, 92 complete and 0 interrupted iterations
steady   [  32% ] 003/050 VUs  1m34.8s/5m0s  1.00 iters/s

running (1m36.0s), 004/050 VUs, 92 complete and 0 interrupted iterations
steady   [  32% ] 004/050 VUs  1m35.8s/5m0s  1.00 iters/s

running (1m37.0s), 004/050 VUs, 93 complete and 0 interrupted iterations
steady   [  32% ] 004/050 VUs  1m36.8s/5m0s  1.00 iters/s

running (1m38.0s), 004/050 VUs, 94 complete and 0 interrupted iterations
steady   [  33% ] 004/050 VUs  1m37.8s/5m0s  1.00 iters/s

running (1m39.0s), 004/050 VUs, 95 complete and 0 interrupted iterations
steady   [  33% ] 004/050 VUs  1m38.8s/5m0s  1.00 iters/s

running (1m40.0s), 005/050 VUs, 95 complete and 0 interrupted iterations
steady   [  33% ] 005/050 VUs  1m39.8s/5m0s  1.00 iters/s

running (1m41.0s), 004/050 VUs, 97 complete and 0 interrupted iterations
steady   [  34% ] 004/050 VUs  1m40.8s/5m0s  1.00 iters/s

running (1m42.0s), 004/050 VUs, 98 complete and 0 interrupted iterations
steady   [  34% ] 004/050 VUs  1m41.8s/5m0s  1.00 iters/s

running (1m43.0s), 005/050 VUs, 98 complete and 0 interrupted iterations
steady   [  34% ] 005/050 VUs  1m42.8s/5m0s  1.00 iters/s

running (1m44.0s), 005/050 VUs, 99 complete and 0 interrupted iterations
steady   [  35% ] 005/050 VUs  1m43.8s/5m0s  1.00 iters/s

running (1m45.0s), 004/050 VUs, 101 complete and 0 interrupted iterations
steady   [  35% ] 004/050 VUs  1m44.8s/5m0s  1.00 iters/s

running (1m46.0s), 004/050 VUs, 102 complete and 0 interrupted iterations
steady   [  35% ] 004/050 VUs  1m45.8s/5m0s  1.00 iters/s

running (1m47.0s), 005/050 VUs, 102 complete and 0 interrupted iterations
steady   [  36% ] 005/050 VUs  1m46.8s/5m0s  1.00 iters/s

running (1m48.0s), 005/050 VUs, 103 complete and 0 interrupted iterations
steady   [  36% ] 005/050 VUs  1m47.8s/5m0s  1.00 iters/s

running (1m49.0s), 004/050 VUs, 105 complete and 0 interrupted iterations
steady   [  36% ] 004/050 VUs  1m48.8s/5m0s  1.00 iters/s

running (1m50.0s), 005/050 VUs, 105 complete and 0 interrupted iterations
steady   [  37% ] 005/050 VUs  1m49.8s/5m0s  1.00 iters/s

running (1m51.0s), 004/050 VUs, 107 complete and 0 interrupted iterations
steady   [  37% ] 004/050 VUs  1m50.8s/5m0s  1.00 iters/s

running (1m52.0s), 003/050 VUs, 109 complete and 0 interrupted iterations
steady   [  37% ] 003/050 VUs  1m51.8s/5m0s  1.00 iters/s

running (1m53.0s), 003/050 VUs, 110 complete and 0 interrupted iterations
steady   [  38% ] 003/050 VUs  1m52.8s/5m0s  1.00 iters/s

running (1m54.0s), 004/050 VUs, 110 complete and 0 interrupted iterations
steady   [  38% ] 004/050 VUs  1m53.8s/5m0s  1.00 iters/s

running (1m55.0s), 004/050 VUs, 111 complete and 0 interrupted iterations
steady   [  38% ] 004/050 VUs  1m54.8s/5m0s  1.00 iters/s

running (1m56.0s), 003/050 VUs, 113 complete and 0 interrupted iterations
steady   [  39% ] 003/050 VUs  1m55.8s/5m0s  1.00 iters/s

running (1m57.0s), 004/050 VUs, 113 complete and 0 interrupted iterations
steady   [  39% ] 004/050 VUs  1m56.8s/5m0s  1.00 iters/s

running (1m58.0s), 004/050 VUs, 114 complete and 0 interrupted iterations
steady   [  39% ] 004/050 VUs  1m57.8s/5m0s  1.00 iters/s

running (1m59.0s), 004/050 VUs, 115 complete and 0 interrupted iterations
steady   [  40% ] 004/050 VUs  1m58.8s/5m0s  1.00 iters/s

running (2m00.0s), 003/050 VUs, 117 complete and 0 interrupted iterations
steady   [  40% ] 003/050 VUs  1m59.8s/5m0s  1.00 iters/s

running (2m01.0s), 003/050 VUs, 118 complete and 0 interrupted iterations
steady   [  40% ] 003/050 VUs  2m00.8s/5m0s  1.00 iters/s

running (2m02.0s), 003/050 VUs, 119 complete and 0 interrupted iterations
steady   [  41% ] 003/050 VUs  2m01.8s/5m0s  1.00 iters/s

running (2m03.0s), 004/050 VUs, 119 complete and 0 interrupted iterations
steady   [  41% ] 004/050 VUs  2m02.8s/5m0s  1.00 iters/s

running (2m04.0s), 003/050 VUs, 121 complete and 0 interrupted iterations
steady   [  41% ] 003/050 VUs  2m03.8s/5m0s  1.00 iters/s

running (2m05.0s), 003/050 VUs, 122 complete and 0 interrupted iterations
steady   [  42% ] 003/050 VUs  2m04.8s/5m0s  1.00 iters/s

running (2m06.0s), 003/050 VUs, 123 complete and 0 interrupted iterations
steady   [  42% ] 003/050 VUs  2m05.8s/5m0s  1.00 iters/s

running (2m07.0s), 004/050 VUs, 123 complete and 0 interrupted iterations
steady   [  42% ] 004/050 VUs  2m06.8s/5m0s  1.00 iters/s

running (2m08.0s), 004/050 VUs, 124 complete and 0 interrupted iterations
steady   [  43% ] 004/050 VUs  2m07.8s/5m0s  1.00 iters/s

running (2m09.0s), 002/050 VUs, 127 complete and 0 interrupted iterations
steady   [  43% ] 002/050 VUs  2m08.8s/5m0s  1.00 iters/s

running (2m10.0s), 002/050 VUs, 128 complete and 0 interrupted iterations
steady   [  43% ] 002/050 VUs  2m09.8s/5m0s  1.00 iters/s

running (2m11.0s), 003/050 VUs, 128 complete and 0 interrupted iterations
steady   [  44% ] 003/050 VUs  2m10.8s/5m0s  1.00 iters/s

running (2m12.0s), 002/050 VUs, 130 complete and 0 interrupted iterations
steady   [  44% ] 002/050 VUs  2m11.8s/5m0s  1.00 iters/s

running (2m13.0s), 002/050 VUs, 131 complete and 0 interrupted iterations
steady   [  44% ] 002/050 VUs  2m12.8s/5m0s  1.00 iters/s

running (2m14.0s), 002/050 VUs, 132 complete and 0 interrupted iterations
steady   [  45% ] 002/050 VUs  2m13.8s/5m0s  1.00 iters/s

running (2m15.0s), 002/050 VUs, 133 complete and 0 interrupted iterations
steady   [  45% ] 002/050 VUs  2m14.8s/5m0s  1.00 iters/s

running (2m16.0s), 003/050 VUs, 133 complete and 0 interrupted iterations
steady   [  45% ] 003/050 VUs  2m15.8s/5m0s  1.00 iters/s

running (2m17.0s), 003/050 VUs, 134 complete and 0 interrupted iterations
steady   [  46% ] 003/050 VUs  2m16.8s/5m0s  1.00 iters/s

running (2m18.0s), 002/050 VUs, 136 complete and 0 interrupted iterations
steady   [  46% ] 002/050 VUs  2m17.8s/5m0s  1.00 iters/s

running (2m19.0s), 002/050 VUs, 137 complete and 0 interrupted iterations
steady   [  46% ] 002/050 VUs  2m18.8s/5m0s  1.00 iters/s

running (2m20.0s), 002/050 VUs, 138 complete and 0 interrupted iterations
steady   [  47% ] 002/050 VUs  2m19.8s/5m0s  1.00 iters/s

running (2m21.0s), 002/050 VUs, 139 complete and 0 interrupted iterations
steady   [  47% ] 002/050 VUs  2m20.8s/5m0s  1.00 iters/s

running (2m22.0s), 002/050 VUs, 140 complete and 0 interrupted iterations
steady   [  47% ] 002/050 VUs  2m21.8s/5m0s  1.00 iters/s

running (2m23.0s), 002/050 VUs, 141 complete and 0 interrupted iterations
steady   [  48% ] 002/050 VUs  2m22.8s/5m0s  1.00 iters/s

running (2m24.0s), 002/050 VUs, 142 complete and 0 interrupted iterations
steady   [  48% ] 002/050 VUs  2m23.8s/5m0s  1.00 iters/s

running (2m25.0s), 002/050 VUs, 143 complete and 0 interrupted iterations
steady   [  48% ] 002/050 VUs  2m24.8s/5m0s  1.00 iters/s

running (2m26.0s), 002/050 VUs, 144 complete and 0 interrupted iterations
steady   [  49% ] 002/050 VUs  2m25.8s/5m0s  1.00 iters/s

running (2m27.0s), 002/050 VUs, 145 complete and 0 interrupted iterations
steady   [  49% ] 002/050 VUs  2m26.8s/5m0s  1.00 iters/s

running (2m28.0s), 002/050 VUs, 146 complete and 0 interrupted iterations
steady   [  49% ] 002/050 VUs  2m27.8s/5m0s  1.00 iters/s

running (2m29.0s), 003/050 VUs, 146 complete and 0 interrupted iterations
steady   [  50% ] 003/050 VUs  2m28.8s/5m0s  1.00 iters/s

running (2m30.0s), 003/050 VUs, 147 complete and 0 interrupted iterations
steady   [  50% ] 003/050 VUs  2m29.8s/5m0s  1.00 iters/s

running (2m31.0s), 003/050 VUs, 148 complete and 0 interrupted iterations
steady   [  50% ] 003/050 VUs  2m30.8s/5m0s  1.00 iters/s

running (2m32.0s), 002/050 VUs, 150 complete and 0 interrupted iterations
steady   [  51% ] 002/050 VUs  2m31.8s/5m0s  1.00 iters/s

running (2m33.0s), 002/050 VUs, 151 complete and 0 interrupted iterations
steady   [  51% ] 002/050 VUs  2m32.8s/5m0s  1.00 iters/s

running (2m34.0s), 002/050 VUs, 152 complete and 0 interrupted iterations
steady   [  51% ] 002/050 VUs  2m33.8s/5m0s  1.00 iters/s

running (2m35.0s), 002/050 VUs, 153 complete and 0 interrupted iterations
steady   [  52% ] 002/050 VUs  2m34.8s/5m0s  1.00 iters/s

running (2m36.0s), 002/050 VUs, 154 complete and 0 interrupted iterations
steady   [  52% ] 002/050 VUs  2m35.8s/5m0s  1.00 iters/s

running (2m37.0s), 002/050 VUs, 155 complete and 0 interrupted iterations
steady   [  52% ] 002/050 VUs  2m36.8s/5m0s  1.00 iters/s

running (2m38.0s), 002/050 VUs, 156 complete and 0 interrupted iterations
steady   [  53% ] 002/050 VUs  2m37.8s/5m0s  1.00 iters/s

running (2m39.0s), 002/050 VUs, 157 complete and 0 interrupted iterations
steady   [  53% ] 002/050 VUs  2m38.8s/5m0s  1.00 iters/s

running (2m40.0s), 002/050 VUs, 158 complete and 0 interrupted iterations
steady   [  53% ] 002/050 VUs  2m39.8s/5m0s  1.00 iters/s

running (2m41.0s), 002/050 VUs, 159 complete and 0 interrupted iterations
steady   [  54% ] 002/050 VUs  2m40.8s/5m0s  1.00 iters/s

running (2m42.0s), 002/050 VUs, 160 complete and 0 interrupted iterations
steady   [  54% ] 002/050 VUs  2m41.8s/5m0s  1.00 iters/s

running (2m43.0s), 003/050 VUs, 160 complete and 0 interrupted iterations
steady   [  54% ] 003/050 VUs  2m42.8s/5m0s  1.00 iters/s

running (2m44.0s), 003/050 VUs, 161 complete and 0 interrupted iterations
steady   [  55% ] 003/050 VUs  2m43.8s/5m0s  1.00 iters/s

running (2m45.0s), 003/050 VUs, 162 complete and 0 interrupted iterations
steady   [  55% ] 003/050 VUs  2m44.8s/5m0s  1.00 iters/s

running (2m46.0s), 003/050 VUs, 163 complete and 0 interrupted iterations
steady   [  55% ] 003/050 VUs  2m45.8s/5m0s  1.00 iters/s

running (2m47.0s), 002/050 VUs, 165 complete and 0 interrupted iterations
steady   [  56% ] 002/050 VUs  2m46.8s/5m0s  1.00 iters/s

running (2m48.0s), 002/050 VUs, 166 complete and 0 interrupted iterations
steady   [  56% ] 002/050 VUs  2m47.8s/5m0s  1.00 iters/s

running (2m49.0s), 002/050 VUs, 167 complete and 0 interrupted iterations
steady   [  56% ] 002/050 VUs  2m48.8s/5m0s  1.00 iters/s

running (2m50.0s), 002/050 VUs, 168 complete and 0 interrupted iterations
steady   [  57% ] 002/050 VUs  2m49.8s/5m0s  1.00 iters/s

running (2m51.0s), 002/050 VUs, 169 complete and 0 interrupted iterations
steady   [  57% ] 002/050 VUs  2m50.8s/5m0s  1.00 iters/s

running (2m52.0s), 003/050 VUs, 169 complete and 0 interrupted iterations
steady   [  57% ] 003/050 VUs  2m51.8s/5m0s  1.00 iters/s

running (2m53.0s), 003/050 VUs, 170 complete and 0 interrupted iterations
steady   [  58% ] 003/050 VUs  2m52.8s/5m0s  1.00 iters/s

running (2m54.0s), 003/050 VUs, 171 complete and 0 interrupted iterations
steady   [  58% ] 003/050 VUs  2m53.8s/5m0s  1.00 iters/s

running (2m55.0s), 004/050 VUs, 171 complete and 0 interrupted iterations
steady   [  58% ] 004/050 VUs  2m54.8s/5m0s  1.00 iters/s

running (2m56.0s), 004/050 VUs, 172 complete and 0 interrupted iterations
steady   [  59% ] 004/050 VUs  2m55.8s/5m0s  1.00 iters/s

running (2m57.0s), 005/050 VUs, 172 complete and 0 interrupted iterations
steady   [  59% ] 005/050 VUs  2m56.8s/5m0s  1.00 iters/s

running (2m58.0s), 004/050 VUs, 174 complete and 0 interrupted iterations
steady   [  59% ] 004/050 VUs  2m57.8s/5m0s  1.00 iters/s

running (2m59.0s), 005/050 VUs, 174 complete and 0 interrupted iterations
steady   [  60% ] 005/050 VUs  2m58.8s/5m0s  1.00 iters/s

running (3m00.0s), 005/050 VUs, 175 complete and 0 interrupted iterations
steady   [  60% ] 005/050 VUs  2m59.8s/5m0s  1.00 iters/s

running (3m01.0s), 005/050 VUs, 176 complete and 0 interrupted iterations
steady   [  60% ] 005/050 VUs  3m00.8s/5m0s  1.00 iters/s

running (3m02.0s), 005/050 VUs, 177 complete and 0 interrupted iterations
steady   [  61% ] 005/050 VUs  3m01.8s/5m0s  1.00 iters/s

running (3m03.0s), 006/050 VUs, 177 complete and 0 interrupted iterations
steady   [  61% ] 006/050 VUs  3m02.8s/5m0s  1.00 iters/s

running (3m04.0s), 006/050 VUs, 178 complete and 0 interrupted iterations
steady   [  61% ] 006/050 VUs  3m03.8s/5m0s  1.00 iters/s

running (3m05.0s), 005/050 VUs, 180 complete and 0 interrupted iterations
steady   [  62% ] 005/050 VUs  3m04.8s/5m0s  1.00 iters/s

running (3m06.0s), 006/050 VUs, 180 complete and 0 interrupted iterations
steady   [  62% ] 006/050 VUs  3m05.8s/5m0s  1.00 iters/s

running (3m07.0s), 006/050 VUs, 181 complete and 0 interrupted iterations
steady   [  62% ] 006/050 VUs  3m06.8s/5m0s  1.00 iters/s

running (3m08.0s), 005/050 VUs, 183 complete and 0 interrupted iterations
steady   [  63% ] 005/050 VUs  3m07.8s/5m0s  1.00 iters/s

running (3m09.0s), 005/050 VUs, 184 complete and 0 interrupted iterations
steady   [  63% ] 005/050 VUs  3m08.8s/5m0s  1.00 iters/s

running (3m10.0s), 006/050 VUs, 184 complete and 0 interrupted iterations
steady   [  63% ] 006/050 VUs  3m09.8s/5m0s  1.00 iters/s

running (3m11.0s), 006/050 VUs, 185 complete and 0 interrupted iterations
steady   [  64% ] 006/050 VUs  3m10.8s/5m0s  1.00 iters/s

running (3m12.0s), 006/050 VUs, 186 complete and 0 interrupted iterations
steady   [  64% ] 006/050 VUs  3m11.8s/5m0s  1.00 iters/s

running (3m13.0s), 006/050 VUs, 187 complete and 0 interrupted iterations
steady   [  64% ] 006/050 VUs  3m12.8s/5m0s  1.00 iters/s

running (3m14.0s), 006/050 VUs, 188 complete and 0 interrupted iterations
steady   [  65% ] 006/050 VUs  3m13.8s/5m0s  1.00 iters/s

running (3m15.0s), 007/050 VUs, 188 complete and 0 interrupted iterations
steady   [  65% ] 007/050 VUs  3m14.8s/5m0s  1.00 iters/s

running (3m16.0s), 007/050 VUs, 189 complete and 0 interrupted iterations
steady   [  65% ] 007/050 VUs  3m15.8s/5m0s  1.00 iters/s

running (3m17.0s), 008/050 VUs, 189 complete and 0 interrupted iterations
steady   [  66% ] 008/050 VUs  3m16.8s/5m0s  1.00 iters/s

running (3m18.0s), 008/050 VUs, 190 complete and 0 interrupted iterations
steady   [  66% ] 008/050 VUs  3m17.8s/5m0s  1.00 iters/s

running (3m19.0s), 008/050 VUs, 191 complete and 0 interrupted iterations
steady   [  66% ] 008/050 VUs  3m18.8s/5m0s  1.00 iters/s

running (3m20.0s), 008/050 VUs, 192 complete and 0 interrupted iterations
steady   [  67% ] 008/050 VUs  3m19.8s/5m0s  1.00 iters/s

running (3m21.0s), 007/050 VUs, 194 complete and 0 interrupted iterations
steady   [  67% ] 007/050 VUs  3m20.8s/5m0s  1.00 iters/s

running (3m22.0s), 007/050 VUs, 195 complete and 0 interrupted iterations
steady   [  67% ] 007/050 VUs  3m21.8s/5m0s  1.00 iters/s

running (3m23.0s), 007/050 VUs, 196 complete and 0 interrupted iterations
steady   [  68% ] 007/050 VUs  3m22.8s/5m0s  1.00 iters/s

running (3m24.0s), 006/050 VUs, 198 complete and 0 interrupted iterations
steady   [  68% ] 006/050 VUs  3m23.8s/5m0s  1.00 iters/s

running (3m25.0s), 005/050 VUs, 200 complete and 0 interrupted iterations
steady   [  68% ] 005/050 VUs  3m24.8s/5m0s  1.00 iters/s

running (3m26.0s), 005/050 VUs, 201 complete and 0 interrupted iterations
steady   [  69% ] 005/050 VUs  3m25.8s/5m0s  1.00 iters/s

running (3m27.0s), 006/050 VUs, 201 complete and 0 interrupted iterations
steady   [  69% ] 006/050 VUs  3m26.8s/5m0s  1.00 iters/s

running (3m28.0s), 005/050 VUs, 203 complete and 0 interrupted iterations
steady   [  69% ] 005/050 VUs  3m27.8s/5m0s  1.00 iters/s

running (3m29.0s), 005/050 VUs, 204 complete and 0 interrupted iterations
steady   [  70% ] 005/050 VUs  3m28.8s/5m0s  1.00 iters/s

running (3m30.0s), 005/050 VUs, 205 complete and 0 interrupted iterations
steady   [  70% ] 005/050 VUs  3m29.8s/5m0s  1.00 iters/s

running (3m31.0s), 004/050 VUs, 207 complete and 0 interrupted iterations
steady   [  70% ] 004/050 VUs  3m30.8s/5m0s  1.00 iters/s

running (3m32.0s), 003/050 VUs, 209 complete and 0 interrupted iterations
steady   [  71% ] 003/050 VUs  3m31.8s/5m0s  1.00 iters/s

running (3m33.0s), 004/050 VUs, 209 complete and 0 interrupted iterations
steady   [  71% ] 004/050 VUs  3m32.8s/5m0s  1.00 iters/s

running (3m34.0s), 004/050 VUs, 210 complete and 0 interrupted iterations
steady   [  71% ] 004/050 VUs  3m33.8s/5m0s  1.00 iters/s

running (3m35.0s), 005/050 VUs, 210 complete and 0 interrupted iterations
steady   [  72% ] 005/050 VUs  3m34.8s/5m0s  1.00 iters/s

running (3m36.0s), 005/050 VUs, 211 complete and 0 interrupted iterations
steady   [  72% ] 005/050 VUs  3m35.8s/5m0s  1.00 iters/s

running (3m37.0s), 005/050 VUs, 212 complete and 0 interrupted iterations
steady   [  72% ] 005/050 VUs  3m36.8s/5m0s  1.00 iters/s

running (3m38.0s), 005/050 VUs, 213 complete and 0 interrupted iterations
steady   [  73% ] 005/050 VUs  3m37.8s/5m0s  1.00 iters/s

running (3m39.0s), 005/050 VUs, 214 complete and 0 interrupted iterations
steady   [  73% ] 005/050 VUs  3m38.8s/5m0s  1.00 iters/s

running (3m40.0s), 004/050 VUs, 216 complete and 0 interrupted iterations
steady   [  73% ] 004/050 VUs  3m39.8s/5m0s  1.00 iters/s

running (3m41.0s), 004/050 VUs, 217 complete and 0 interrupted iterations
steady   [  74% ] 004/050 VUs  3m40.8s/5m0s  1.00 iters/s

running (3m42.0s), 004/050 VUs, 218 complete and 0 interrupted iterations
steady   [  74% ] 004/050 VUs  3m41.8s/5m0s  1.00 iters/s

running (3m43.0s), 003/050 VUs, 220 complete and 0 interrupted iterations
steady   [  74% ] 003/050 VUs  3m42.8s/5m0s  1.00 iters/s

running (3m44.0s), 002/050 VUs, 222 complete and 0 interrupted iterations
steady   [  75% ] 002/050 VUs  3m43.8s/5m0s  1.00 iters/s

running (3m45.0s), 002/050 VUs, 223 complete and 0 interrupted iterations
steady   [  75% ] 002/050 VUs  3m44.8s/5m0s  1.00 iters/s

running (3m46.0s), 002/050 VUs, 224 complete and 0 interrupted iterations
steady   [  75% ] 002/050 VUs  3m45.8s/5m0s  1.00 iters/s

running (3m47.0s), 002/050 VUs, 225 complete and 0 interrupted iterations
steady   [  76% ] 002/050 VUs  3m46.8s/5m0s  1.00 iters/s

running (3m48.0s), 003/050 VUs, 225 complete and 0 interrupted iterations
steady   [  76% ] 003/050 VUs  3m47.8s/5m0s  1.00 iters/s

running (3m49.0s), 003/050 VUs, 226 complete and 0 interrupted iterations
steady   [  76% ] 003/050 VUs  3m48.8s/5m0s  1.00 iters/s

running (3m50.0s), 003/050 VUs, 227 complete and 0 interrupted iterations
steady   [  77% ] 003/050 VUs  3m49.8s/5m0s  1.00 iters/s

running (3m51.0s), 003/050 VUs, 228 complete and 0 interrupted iterations
steady   [  77% ] 003/050 VUs  3m50.8s/5m0s  1.00 iters/s

running (3m52.0s), 003/050 VUs, 229 complete and 0 interrupted iterations
steady   [  77% ] 003/050 VUs  3m51.8s/5m0s  1.00 iters/s

running (3m53.0s), 003/050 VUs, 230 complete and 0 interrupted iterations
steady   [  78% ] 003/050 VUs  3m52.8s/5m0s  1.00 iters/s

running (3m54.0s), 003/050 VUs, 231 complete and 0 interrupted iterations
steady   [  78% ] 003/050 VUs  3m53.8s/5m0s  1.00 iters/s

running (3m55.0s), 003/050 VUs, 232 complete and 0 interrupted iterations
steady   [  78% ] 003/050 VUs  3m54.8s/5m0s  1.00 iters/s

running (3m56.0s), 003/050 VUs, 233 complete and 0 interrupted iterations
steady   [  79% ] 003/050 VUs  3m55.8s/5m0s  1.00 iters/s

running (3m57.0s), 003/050 VUs, 234 complete and 0 interrupted iterations
steady   [  79% ] 003/050 VUs  3m56.8s/5m0s  1.00 iters/s

running (3m58.0s), 002/050 VUs, 236 complete and 0 interrupted iterations
steady   [  79% ] 002/050 VUs  3m57.8s/5m0s  1.00 iters/s

running (3m59.0s), 002/050 VUs, 237 complete and 0 interrupted iterations
steady   [  80% ] 002/050 VUs  3m58.8s/5m0s  1.00 iters/s

running (4m00.0s), 002/050 VUs, 238 complete and 0 interrupted iterations
steady   [  80% ] 002/050 VUs  3m59.8s/5m0s  1.00 iters/s

running (4m01.0s), 002/050 VUs, 239 complete and 0 interrupted iterations
steady   [  80% ] 002/050 VUs  4m00.8s/5m0s  1.00 iters/s

running (4m02.0s), 002/050 VUs, 240 complete and 0 interrupted iterations
steady   [  81% ] 002/050 VUs  4m01.8s/5m0s  1.00 iters/s

running (4m03.0s), 003/050 VUs, 240 complete and 0 interrupted iterations
steady   [  81% ] 003/050 VUs  4m02.8s/5m0s  1.00 iters/s

running (4m04.0s), 003/050 VUs, 241 complete and 0 interrupted iterations
steady   [  81% ] 003/050 VUs  4m03.8s/5m0s  1.00 iters/s

running (4m05.0s), 003/050 VUs, 242 complete and 0 interrupted iterations
steady   [  82% ] 003/050 VUs  4m04.8s/5m0s  1.00 iters/s

running (4m06.0s), 003/050 VUs, 243 complete and 0 interrupted iterations
steady   [  82% ] 003/050 VUs  4m05.8s/5m0s  1.00 iters/s

running (4m07.0s), 003/050 VUs, 244 complete and 0 interrupted iterations
steady   [  82% ] 003/050 VUs  4m06.8s/5m0s  1.00 iters/s

running (4m08.0s), 003/050 VUs, 245 complete and 0 interrupted iterations
steady   [  83% ] 003/050 VUs  4m07.8s/5m0s  1.00 iters/s

running (4m09.0s), 003/050 VUs, 246 complete and 0 interrupted iterations
steady   [  83% ] 003/050 VUs  4m08.8s/5m0s  1.00 iters/s

running (4m10.0s), 003/050 VUs, 247 complete and 0 interrupted iterations
steady   [  83% ] 003/050 VUs  4m09.8s/5m0s  1.00 iters/s

running (4m11.0s), 003/050 VUs, 248 complete and 0 interrupted iterations
steady   [  84% ] 003/050 VUs  4m10.8s/5m0s  1.00 iters/s

running (4m12.0s), 002/050 VUs, 250 complete and 0 interrupted iterations
steady   [  84% ] 002/050 VUs  4m11.8s/5m0s  1.00 iters/s

running (4m13.0s), 002/050 VUs, 251 complete and 0 interrupted iterations
steady   [  84% ] 002/050 VUs  4m12.8s/5m0s  1.00 iters/s

running (4m14.0s), 002/050 VUs, 252 complete and 0 interrupted iterations
steady   [  85% ] 002/050 VUs  4m13.8s/5m0s  1.00 iters/s

running (4m15.0s), 002/050 VUs, 253 complete and 0 interrupted iterations
steady   [  85% ] 002/050 VUs  4m14.8s/5m0s  1.00 iters/s

running (4m16.0s), 003/050 VUs, 253 complete and 0 interrupted iterations
steady   [  85% ] 003/050 VUs  4m15.8s/5m0s  1.00 iters/s

running (4m17.0s), 003/050 VUs, 254 complete and 0 interrupted iterations
steady   [  86% ] 003/050 VUs  4m16.8s/5m0s  1.00 iters/s

running (4m18.0s), 003/050 VUs, 255 complete and 0 interrupted iterations
steady   [  86% ] 003/050 VUs  4m17.8s/5m0s  1.00 iters/s

running (4m19.0s), 003/050 VUs, 256 complete and 0 interrupted iterations
steady   [  86% ] 003/050 VUs  4m18.8s/5m0s  1.00 iters/s

running (4m20.0s), 003/050 VUs, 257 complete and 0 interrupted iterations
steady   [  87% ] 003/050 VUs  4m19.8s/5m0s  1.00 iters/s

running (4m21.0s), 004/050 VUs, 257 complete and 0 interrupted iterations
steady   [  87% ] 004/050 VUs  4m20.8s/5m0s  1.00 iters/s

running (4m22.0s), 005/050 VUs, 257 complete and 0 interrupted iterations
steady   [  87% ] 005/050 VUs  4m21.8s/5m0s  1.00 iters/s

running (4m23.0s), 005/050 VUs, 258 complete and 0 interrupted iterations
steady   [  88% ] 005/050 VUs  4m22.8s/5m0s  1.00 iters/s

running (4m24.0s), 005/050 VUs, 259 complete and 0 interrupted iterations
steady   [  88% ] 005/050 VUs  4m23.8s/5m0s  1.00 iters/s

running (4m25.0s), 005/050 VUs, 260 complete and 0 interrupted iterations
steady   [  88% ] 005/050 VUs  4m24.8s/5m0s  1.00 iters/s

running (4m26.0s), 004/050 VUs, 262 complete and 0 interrupted iterations
steady   [  89% ] 004/050 VUs  4m25.8s/5m0s  1.00 iters/s

running (4m27.0s), 004/050 VUs, 263 complete and 0 interrupted iterations
steady   [  89% ] 004/050 VUs  4m26.8s/5m0s  1.00 iters/s

running (4m28.0s), 005/050 VUs, 263 complete and 0 interrupted iterations
steady   [  89% ] 005/050 VUs  4m27.8s/5m0s  1.00 iters/s

running (4m29.0s), 005/050 VUs, 264 complete and 0 interrupted iterations
steady   [  90% ] 005/050 VUs  4m28.8s/5m0s  1.00 iters/s

running (4m30.0s), 005/050 VUs, 265 complete and 0 interrupted iterations
steady   [  90% ] 005/050 VUs  4m29.8s/5m0s  1.00 iters/s

running (4m31.0s), 005/050 VUs, 266 complete and 0 interrupted iterations
steady   [  90% ] 005/050 VUs  4m30.8s/5m0s  1.00 iters/s

running (4m32.0s), 005/050 VUs, 267 complete and 0 interrupted iterations
steady   [  91% ] 005/050 VUs  4m31.8s/5m0s  1.00 iters/s

running (4m33.0s), 006/050 VUs, 267 complete and 0 interrupted iterations
steady   [  91% ] 006/050 VUs  4m32.8s/5m0s  1.00 iters/s

running (4m34.0s), 006/050 VUs, 268 complete and 0 interrupted iterations
steady   [  91% ] 006/050 VUs  4m33.8s/5m0s  1.00 iters/s

running (4m35.0s), 006/050 VUs, 269 complete and 0 interrupted iterations
steady   [  92% ] 006/050 VUs  4m34.8s/5m0s  1.00 iters/s

running (4m36.0s), 007/050 VUs, 269 complete and 0 interrupted iterations
steady   [  92% ] 007/050 VUs  4m35.8s/5m0s  1.00 iters/s

running (4m37.0s), 007/050 VUs, 270 complete and 0 interrupted iterations
steady   [  92% ] 007/050 VUs  4m36.8s/5m0s  1.00 iters/s

running (4m38.0s), 007/050 VUs, 271 complete and 0 interrupted iterations
steady   [  93% ] 007/050 VUs  4m37.8s/5m0s  1.00 iters/s

running (4m39.0s), 007/050 VUs, 272 complete and 0 interrupted iterations
steady   [  93% ] 007/050 VUs  4m38.8s/5m0s  1.00 iters/s

running (4m40.0s), 007/050 VUs, 273 complete and 0 interrupted iterations
steady   [  93% ] 007/050 VUs  4m39.8s/5m0s  1.00 iters/s

running (4m41.0s), 007/050 VUs, 274 complete and 0 interrupted iterations
steady   [  94% ] 007/050 VUs  4m40.8s/5m0s  1.00 iters/s

running (4m42.0s), 007/050 VUs, 275 complete and 0 interrupted iterations
steady   [  94% ] 007/050 VUs  4m41.8s/5m0s  1.00 iters/s

running (4m43.0s), 007/050 VUs, 276 complete and 0 interrupted iterations
steady   [  94% ] 007/050 VUs  4m42.8s/5m0s  1.00 iters/s

running (4m44.0s), 008/050 VUs, 276 complete and 0 interrupted iterations
steady   [  95% ] 008/050 VUs  4m43.8s/5m0s  1.00 iters/s

running (4m45.0s), 008/050 VUs, 277 complete and 0 interrupted iterations
steady   [  95% ] 008/050 VUs  4m44.8s/5m0s  1.00 iters/s

running (4m46.0s), 008/050 VUs, 278 complete and 0 interrupted iterations
steady   [  95% ] 008/050 VUs  4m45.8s/5m0s  1.00 iters/s

running (4m47.0s), 008/050 VUs, 279 complete and 0 interrupted iterations
steady   [  96% ] 008/050 VUs  4m46.8s/5m0s  1.00 iters/s

running (4m48.0s), 008/050 VUs, 280 complete and 0 interrupted iterations
steady   [  96% ] 008/050 VUs  4m47.8s/5m0s  1.00 iters/s

running (4m49.0s), 007/050 VUs, 282 complete and 0 interrupted iterations
steady   [  96% ] 007/050 VUs  4m48.8s/5m0s  1.00 iters/s

running (4m50.0s), 006/050 VUs, 284 complete and 0 interrupted iterations
steady   [  97% ] 006/050 VUs  4m49.8s/5m0s  1.00 iters/s

running (4m51.0s), 006/050 VUs, 285 complete and 0 interrupted iterations
steady   [  97% ] 006/050 VUs  4m50.8s/5m0s  1.00 iters/s

running (4m52.0s), 006/050 VUs, 286 complete and 0 interrupted iterations
steady   [  97% ] 006/050 VUs  4m51.8s/5m0s  1.00 iters/s

running (4m53.0s), 005/050 VUs, 288 complete and 0 interrupted iterations
steady   [  98% ] 005/050 VUs  4m52.8s/5m0s  1.00 iters/s

running (4m54.0s), 005/050 VUs, 289 complete and 0 interrupted iterations
steady   [  98% ] 005/050 VUs  4m53.8s/5m0s  1.00 iters/s

running (4m55.0s), 005/050 VUs, 290 complete and 0 interrupted iterations
steady   [  98% ] 005/050 VUs  4m54.8s/5m0s  1.00 iters/s

running (4m56.0s), 006/050 VUs, 290 complete and 0 interrupted iterations
steady   [  99% ] 006/050 VUs  4m55.8s/5m0s  1.00 iters/s

running (4m57.0s), 006/050 VUs, 291 complete and 0 interrupted iterations
steady   [  99% ] 006/050 VUs  4m56.8s/5m0s  1.00 iters/s

running (4m58.0s), 006/050 VUs, 292 complete and 0 interrupted iterations
steady   [  99% ] 006/050 VUs  4m57.8s/5m0s  1.00 iters/s

running (4m59.0s), 006/050 VUs, 293 complete and 0 interrupted iterations
steady   [ 100% ] 006/050 VUs  4m58.8s/5m0s  1.00 iters/s

running (5m00.0s), 005/050 VUs, 295 complete and 0 interrupted iterations
steady   [ 100% ] 005/050 VUs  4m59.8s/5m0s  1.00 iters/s

running (5m01.0s), 005/050 VUs, 296 complete and 0 interrupted iterations
steady ↓ [ 100% ] 006/050 VUs  5m0s  1.00 iters/s

running (5m02.0s), 004/050 VUs, 297 complete and 0 interrupted iterations
steady ↓ [ 100% ] 006/050 VUs  5m0s  1.00 iters/s

running (5m03.0s), 002/050 VUs, 299 complete and 0 interrupted iterations
steady ↓ [ 100% ] 006/050 VUs  5m0s  1.00 iters/s

running (5m04.0s), 001/050 VUs, 300 complete and 0 interrupted iterations
steady ↓ [ 100% ] 006/050 VUs  5m0s  1.00 iters/s

running (5m05.0s), 001/050 VUs, 300 complete and 0 interrupted iterations
steady ↓ [ 100% ] 006/050 VUs  5m0s  1.00 iters/s

running (5m06.0s), 001/050 VUs, 300 complete and 0 interrupted iterations
steady ↓ [ 100% ] 006/050 VUs  5m0s  1.00 iters/s

running (5m07.0s), 001/050 VUs, 300 complete and 0 interrupted iterations
steady ↓ [ 100% ] 006/050 VUs  5m0s  1.00 iters/s

================ DSP benchmark summary ================
-- per-phase latency --
  catalog                    p50=67.9 ms  p95=76.7 ms  p99=81.9 ms  max=83.2 ms  n=301
  negotiation init (POST)    p50=7.0 ms  p95=9.2 ms  p99=83.9 ms  max=208.6 ms  n=301
  time-to-AGREED (async)     p50=1781.0 ms  p95=2288.0 ms  p99=2300.0 ms  max=2540.0 ms  n=290
  transfer init (POST)       p50=7.4 ms  p95=11.2 ms  p99=46.8 ms  max=93.2 ms  n=290
  time-to-EDR (async)        p50=1017.0 ms  p95=1273.0 ms  p99=1275.1 ms  max=1777.0 ms  n=288
  data pull                  p50=5.6 ms  p95=6.3 ms  p99=7.0 ms  max=15.5 ms  n=288
-- end-to-end + throughput --
  e2e transaction            p50=2884.5 ms  p95=3425.9 ms  p99=3661.0 ms  max=3726.0 ms  n=288
  data throughput (MB/s)     p50=0.0  p95=0.1  p99=0.1  max=0.1  n=288
-- outcomes --
  transactions succeeded     count=288  rate=0.937/s
  transactions failed        count=13  rate=0.042/s
  failed rate                rate=4.32%  (pass=13 fail=288)
    of which TERMINATED      (no data)
    of which TIMED OUT       count=13  rate=0.042/s
    of which HTTP-FAILED     (no data)
  failure accounting       13/13 classified  (complete)
-- observer effect (poll load) --
  negotiation polls          count=3730  rate=12.134/s
  edr polls                  count=1485  rate=4.831/s
  polls per transaction     negotiation=12.4  edr=4.9  (timeout ceiling=120)
=======================================================
(full summary -> /home/rohitj/edc/benchmarking-dsp-native-basyx/k6-scripts/results/basyx/on/steady/2026-08-11T17-18-44Z/k6-summary.json; POLL_INTERVAL_MS=250; IDENTITY_MODE=on)

running (5m07.4s), 000/050 VUs, 301 complete and 0 interrupted iterations
steady ✓ [ 100% ] 000/050 VUs  5m0s  1.00 iters/s
time="2026-08-11T17:25:15Z" level=error msg="thresholds on metrics 'dsp_transaction_failed_rate' have been crossed"
Prometheus snapshot [1786468807..1786469130] svc=(dsp-native-basyx|consumer-controlplane) win=1m -> /home/rohitj/edc/benchmarking-dsp-native-basyx/k6-scripts/results/basyx/on/steady/2026-08-11T17-18-44Z
  jvm-heap.csv (130 rows)
  jvm-gc-rate.csv (130 rows)
  jvm-threads.csv (130 rows)
  http-throughput.csv (130 rows)
  http-p95.csv (130 rows)
  http-errors.csv (130 rows)
  http-errors-5xx.csv (65 rows)
  http-status.csv (325 rows)
  host-cpu-busy.csv (65 rows)
  host-mem-used.csv (65 rows)
  5xx: 5xx PRESENT (65 samples) — connector-side faults, see http-errors-5xx.csv
  logs -> /home/rohitj/edc/benchmarking-dsp-native-basyx/k6-scripts/results/basyx/on/steady/2026-08-11T17-18-44Z/logs (2 files)
    consumer-controlplane.log:104
    dsp-native-basyx.log:50
VALIDITY  ok=288  failed=13  failed_rate=4%  dropped_iterations=0
>>> done: /home/rohitj/edc/benchmarking-dsp-native-basyx/k6-scripts/results/basyx/on/steady/2026-08-11T17-18-44Z  (k6 exit 99)
  (steady rep 2 exited non-zero)
===== repetition 3/5 =====
----- basyx / steady (rep 3) -----
>>> basyx / steady  ->  /home/rohitj/edc/benchmarking-dsp-native-basyx/k6-scripts/results/basyx/on/steady/2026-08-11T17-25-30Z
parity OK: lib/ + scenarios/ + orchestration/ + tools/ identical to /home/rohitj/edc/benchmarking-dsp-native-basyx/k6-scripts
Health: http://localhost:29010/management + prometheus  OK
Warmup 60s @ 1/s (discarded)
  (warmup non-zero exit ignored)
  draining 20s before the measured window opens
k6 -> Prometheus remote-write: http://localhost:9090/api/v1/write

         /\      Grafana   /‾‾/  
    /\  /  \     |\  __   /  /   
   /  \/    \    | |/ /  /   ‾‾\ 
  /          \   |   (  |  (‾)  |
 / __________ \  |_|\_\  \_____/ 


     execution: local
        script: /home/rohitj/edc/benchmarking-dsp-native-basyx/k6-scripts/scenarios/steady.js
        output: Prometheus remote write (http://localhost:9090/api/v1/write)

     scenarios: (100.00%) 1 scenario, 200 max VUs, 5m30s max duration (incl. graceful stop):
              * steady: 1.00 iterations/s for 5m0s (maxVUs: 50-200, gracefulStop: 30s)


running (0m01.0s), 001/050 VUs, 0 complete and 0 interrupted iterations
steady   [   0% ] 001/050 VUs  0m00.9s/5m0s  1.00 iters/s

running (0m02.0s), 002/050 VUs, 0 complete and 0 interrupted iterations
steady   [   1% ] 002/050 VUs  0m01.9s/5m0s  1.00 iters/s

running (0m03.0s), 002/050 VUs, 1 complete and 0 interrupted iterations
steady   [   1% ] 002/050 VUs  0m02.9s/5m0s  1.00 iters/s

running (0m04.0s), 002/050 VUs, 2 complete and 0 interrupted iterations
steady   [   1% ] 002/050 VUs  0m03.9s/5m0s  1.00 iters/s

running (0m05.0s), 002/050 VUs, 3 complete and 0 interrupted iterations
steady   [   2% ] 002/050 VUs  0m04.9s/5m0s  1.00 iters/s

running (0m06.0s), 002/050 VUs, 4 complete and 0 interrupted iterations
steady   [   2% ] 002/050 VUs  0m05.9s/5m0s  1.00 iters/s

running (0m07.0s), 002/050 VUs, 5 complete and 0 interrupted iterations
steady   [   2% ] 002/050 VUs  0m06.9s/5m0s  1.00 iters/s

running (0m08.0s), 002/050 VUs, 6 complete and 0 interrupted iterations
steady   [   3% ] 002/050 VUs  0m07.9s/5m0s  1.00 iters/s

running (0m09.0s), 002/050 VUs, 7 complete and 0 interrupted iterations
steady   [   3% ] 002/050 VUs  0m08.9s/5m0s  1.00 iters/s

running (0m10.0s), 002/050 VUs, 8 complete and 0 interrupted iterations
steady   [   3% ] 002/050 VUs  0m09.9s/5m0s  1.00 iters/s

running (0m11.0s), 003/050 VUs, 8 complete and 0 interrupted iterations
steady   [   4% ] 003/050 VUs  0m10.9s/5m0s  1.00 iters/s

running (0m12.0s), 003/050 VUs, 9 complete and 0 interrupted iterations
steady   [   4% ] 003/050 VUs  0m11.9s/5m0s  1.00 iters/s

running (0m13.0s), 004/050 VUs, 9 complete and 0 interrupted iterations
steady   [   4% ] 004/050 VUs  0m12.9s/5m0s  1.00 iters/s

running (0m14.0s), 003/050 VUs, 11 complete and 0 interrupted iterations
steady   [   5% ] 003/050 VUs  0m13.9s/5m0s  1.00 iters/s

running (0m15.0s), 003/050 VUs, 12 complete and 0 interrupted iterations
steady   [   5% ] 003/050 VUs  0m14.9s/5m0s  1.00 iters/s

running (0m16.0s), 003/050 VUs, 13 complete and 0 interrupted iterations
steady   [   5% ] 003/050 VUs  0m15.9s/5m0s  1.00 iters/s

running (0m17.0s), 003/050 VUs, 14 complete and 0 interrupted iterations
steady   [   6% ] 003/050 VUs  0m16.9s/5m0s  1.00 iters/s

running (0m18.0s), 004/050 VUs, 14 complete and 0 interrupted iterations
steady   [   6% ] 004/050 VUs  0m17.9s/5m0s  1.00 iters/s

running (0m19.0s), 003/050 VUs, 16 complete and 0 interrupted iterations
steady   [   6% ] 003/050 VUs  0m18.9s/5m0s  1.00 iters/s

running (0m20.0s), 003/050 VUs, 17 complete and 0 interrupted iterations
steady   [   7% ] 003/050 VUs  0m19.9s/5m0s  1.00 iters/s

running (0m21.0s), 003/050 VUs, 18 complete and 0 interrupted iterations
steady   [   7% ] 003/050 VUs  0m20.9s/5m0s  1.00 iters/s

running (0m22.0s), 004/050 VUs, 18 complete and 0 interrupted iterations
steady   [   7% ] 004/050 VUs  0m21.9s/5m0s  1.00 iters/s

running (0m23.0s), 003/050 VUs, 20 complete and 0 interrupted iterations
steady   [   8% ] 003/050 VUs  0m22.9s/5m0s  1.00 iters/s

running (0m24.0s), 003/050 VUs, 21 complete and 0 interrupted iterations
steady   [   8% ] 003/050 VUs  0m23.9s/5m0s  1.00 iters/s

running (0m25.0s), 004/050 VUs, 21 complete and 0 interrupted iterations
steady   [   8% ] 004/050 VUs  0m24.9s/5m0s  1.00 iters/s

running (0m26.0s), 003/050 VUs, 23 complete and 0 interrupted iterations
steady   [   9% ] 003/050 VUs  0m25.9s/5m0s  1.00 iters/s

running (0m27.0s), 004/050 VUs, 23 complete and 0 interrupted iterations
steady   [   9% ] 004/050 VUs  0m26.9s/5m0s  1.00 iters/s

running (0m28.0s), 003/050 VUs, 25 complete and 0 interrupted iterations
steady   [   9% ] 003/050 VUs  0m27.9s/5m0s  1.00 iters/s

running (0m29.0s), 004/050 VUs, 25 complete and 0 interrupted iterations
steady   [  10% ] 004/050 VUs  0m28.9s/5m0s  1.00 iters/s

running (0m30.0s), 003/050 VUs, 27 complete and 0 interrupted iterations
steady   [  10% ] 003/050 VUs  0m29.9s/5m0s  1.00 iters/s

running (0m31.0s), 003/050 VUs, 28 complete and 0 interrupted iterations
steady   [  10% ] 003/050 VUs  0m30.9s/5m0s  1.00 iters/s

running (0m32.0s), 004/050 VUs, 28 complete and 0 interrupted iterations
steady   [  11% ] 004/050 VUs  0m31.9s/5m0s  1.00 iters/s

running (0m33.0s), 004/050 VUs, 29 complete and 0 interrupted iterations
steady   [  11% ] 004/050 VUs  0m32.9s/5m0s  1.00 iters/s

running (0m34.0s), 003/050 VUs, 31 complete and 0 interrupted iterations
steady   [  11% ] 003/050 VUs  0m33.9s/5m0s  1.00 iters/s

running (0m35.0s), 003/050 VUs, 32 complete and 0 interrupted iterations
steady   [  12% ] 003/050 VUs  0m34.9s/5m0s  1.00 iters/s

running (0m36.0s), 004/050 VUs, 32 complete and 0 interrupted iterations
steady   [  12% ] 004/050 VUs  0m35.9s/5m0s  1.00 iters/s

running (0m37.0s), 003/050 VUs, 34 complete and 0 interrupted iterations
steady   [  12% ] 003/050 VUs  0m36.9s/5m0s  1.00 iters/s

running (0m38.0s), 003/050 VUs, 35 complete and 0 interrupted iterations
steady   [  13% ] 003/050 VUs  0m37.9s/5m0s  1.00 iters/s

running (0m39.0s), 004/050 VUs, 35 complete and 0 interrupted iterations
steady   [  13% ] 004/050 VUs  0m38.9s/5m0s  1.00 iters/s

running (0m40.0s), 004/050 VUs, 36 complete and 0 interrupted iterations
steady   [  13% ] 004/050 VUs  0m39.9s/5m0s  1.00 iters/s

running (0m41.0s), 001/050 VUs, 40 complete and 0 interrupted iterations
steady   [  14% ] 001/050 VUs  0m40.9s/5m0s  1.00 iters/s

running (0m42.0s), 002/050 VUs, 40 complete and 0 interrupted iterations
steady   [  14% ] 002/050 VUs  0m41.9s/5m0s  1.00 iters/s

running (0m43.0s), 003/050 VUs, 40 complete and 0 interrupted iterations
steady   [  14% ] 003/050 VUs  0m42.9s/5m0s  1.00 iters/s

running (0m44.0s), 002/050 VUs, 42 complete and 0 interrupted iterations
steady   [  15% ] 002/050 VUs  0m43.9s/5m0s  1.00 iters/s

running (0m45.0s), 002/050 VUs, 43 complete and 0 interrupted iterations
steady   [  15% ] 002/050 VUs  0m44.9s/5m0s  1.00 iters/s

running (0m46.0s), 003/050 VUs, 43 complete and 0 interrupted iterations
steady   [  15% ] 003/050 VUs  0m45.9s/5m0s  1.00 iters/s

running (0m47.0s), 003/050 VUs, 44 complete and 0 interrupted iterations
steady   [  16% ] 003/050 VUs  0m46.9s/5m0s  1.00 iters/s

running (0m48.0s), 002/050 VUs, 46 complete and 0 interrupted iterations
steady   [  16% ] 002/050 VUs  0m47.9s/5m0s  1.00 iters/s

running (0m49.0s), 002/050 VUs, 47 complete and 0 interrupted iterations
steady   [  16% ] 002/050 VUs  0m48.9s/5m0s  1.00 iters/s

running (0m50.0s), 003/050 VUs, 47 complete and 0 interrupted iterations
steady   [  17% ] 003/050 VUs  0m49.9s/5m0s  1.00 iters/s

running (0m51.0s), 003/050 VUs, 48 complete and 0 interrupted iterations
steady   [  17% ] 003/050 VUs  0m50.9s/5m0s  1.00 iters/s

running (0m52.0s), 002/050 VUs, 50 complete and 0 interrupted iterations
steady   [  17% ] 002/050 VUs  0m51.9s/5m0s  1.00 iters/s

running (0m53.0s), 003/050 VUs, 50 complete and 0 interrupted iterations
steady   [  18% ] 003/050 VUs  0m52.9s/5m0s  1.00 iters/s

running (0m54.0s), 003/050 VUs, 51 complete and 0 interrupted iterations
steady   [  18% ] 003/050 VUs  0m53.9s/5m0s  1.00 iters/s

running (0m55.0s), 002/050 VUs, 53 complete and 0 interrupted iterations
steady   [  18% ] 002/050 VUs  0m54.9s/5m0s  1.00 iters/s

running (0m56.0s), 003/050 VUs, 53 complete and 0 interrupted iterations
steady   [  19% ] 003/050 VUs  0m55.9s/5m0s  1.00 iters/s

running (0m57.0s), 004/050 VUs, 53 complete and 0 interrupted iterations
steady   [  19% ] 004/050 VUs  0m56.9s/5m0s  1.00 iters/s

running (0m58.0s), 004/050 VUs, 54 complete and 0 interrupted iterations
steady   [  19% ] 004/050 VUs  0m57.9s/5m0s  1.00 iters/s

running (0m59.0s), 003/050 VUs, 56 complete and 0 interrupted iterations
steady   [  20% ] 003/050 VUs  0m58.9s/5m0s  1.00 iters/s

running (1m00.0s), 003/050 VUs, 57 complete and 0 interrupted iterations
steady   [  20% ] 003/050 VUs  0m59.9s/5m0s  1.00 iters/s

running (1m01.0s), 004/050 VUs, 57 complete and 0 interrupted iterations
steady   [  20% ] 004/050 VUs  1m00.9s/5m0s  1.00 iters/s

running (1m02.0s), 004/050 VUs, 58 complete and 0 interrupted iterations
steady   [  21% ] 004/050 VUs  1m01.9s/5m0s  1.00 iters/s

running (1m03.0s), 005/050 VUs, 58 complete and 0 interrupted iterations
steady   [  21% ] 005/050 VUs  1m02.9s/5m0s  1.00 iters/s

running (1m04.0s), 006/050 VUs, 58 complete and 0 interrupted iterations
steady   [  21% ] 006/050 VUs  1m03.9s/5m0s  1.00 iters/s

running (1m05.0s), 006/050 VUs, 59 complete and 0 interrupted iterations
steady   [  22% ] 006/050 VUs  1m04.9s/5m0s  1.00 iters/s

running (1m06.0s), 007/050 VUs, 59 complete and 0 interrupted iterations
steady   [  22% ] 007/050 VUs  1m05.9s/5m0s  1.00 iters/s

running (1m07.0s), 007/050 VUs, 60 complete and 0 interrupted iterations
steady   [  22% ] 007/050 VUs  1m06.9s/5m0s  1.00 iters/s

running (1m08.0s), 008/050 VUs, 60 complete and 0 interrupted iterations
steady   [  23% ] 008/050 VUs  1m07.9s/5m0s  1.00 iters/s

running (1m09.0s), 008/050 VUs, 61 complete and 0 interrupted iterations
steady   [  23% ] 008/050 VUs  1m08.9s/5m0s  1.00 iters/s

running (1m10.0s), 007/050 VUs, 63 complete and 0 interrupted iterations
steady   [  23% ] 007/050 VUs  1m09.9s/5m0s  1.00 iters/s

running (1m11.0s), 008/050 VUs, 63 complete and 0 interrupted iterations
steady   [  24% ] 008/050 VUs  1m10.9s/5m0s  1.00 iters/s

running (1m12.0s), 008/050 VUs, 64 complete and 0 interrupted iterations
steady   [  24% ] 008/050 VUs  1m11.9s/5m0s  1.00 iters/s

running (1m13.0s), 007/050 VUs, 66 complete and 0 interrupted iterations
steady   [  24% ] 007/050 VUs  1m12.9s/5m0s  1.00 iters/s

running (1m14.0s), 007/050 VUs, 67 complete and 0 interrupted iterations
steady   [  25% ] 007/050 VUs  1m13.9s/5m0s  1.00 iters/s

running (1m15.0s), 008/050 VUs, 67 complete and 0 interrupted iterations
steady   [  25% ] 008/050 VUs  1m14.9s/5m0s  1.00 iters/s

running (1m16.0s), 008/050 VUs, 68 complete and 0 interrupted iterations
steady   [  25% ] 008/050 VUs  1m15.9s/5m0s  1.00 iters/s

running (1m17.0s), 008/050 VUs, 69 complete and 0 interrupted iterations
steady   [  26% ] 008/050 VUs  1m16.9s/5m0s  1.00 iters/s

running (1m18.0s), 009/050 VUs, 69 complete and 0 interrupted iterations
steady   [  26% ] 009/050 VUs  1m17.9s/5m0s  1.00 iters/s

running (1m19.0s), 008/050 VUs, 71 complete and 0 interrupted iterations
steady   [  26% ] 008/050 VUs  1m18.9s/5m0s  1.00 iters/s

running (1m20.0s), 008/050 VUs, 72 complete and 0 interrupted iterations
steady   [  27% ] 008/050 VUs  1m19.9s/5m0s  1.00 iters/s

running (1m21.0s), 008/050 VUs, 73 complete and 0 interrupted iterations
steady   [  27% ] 008/050 VUs  1m20.9s/5m0s  1.00 iters/s

running (1m22.0s), 008/050 VUs, 74 complete and 0 interrupted iterations
steady   [  27% ] 008/050 VUs  1m21.9s/5m0s  1.00 iters/s

running (1m23.0s), 009/050 VUs, 74 complete and 0 interrupted iterations
steady   [  28% ] 009/050 VUs  1m22.9s/5m0s  1.00 iters/s

running (1m24.0s), 008/050 VUs, 76 complete and 0 interrupted iterations
steady   [  28% ] 008/050 VUs  1m23.9s/5m0s  1.00 iters/s

running (1m25.0s), 007/050 VUs, 78 complete and 0 interrupted iterations
steady   [  28% ] 007/050 VUs  1m24.9s/5m0s  1.00 iters/s

running (1m26.0s), 007/050 VUs, 79 complete and 0 interrupted iterations
steady   [  29% ] 007/050 VUs  1m25.9s/5m0s  1.00 iters/s

running (1m27.0s), 007/050 VUs, 80 complete and 0 interrupted iterations
steady   [  29% ] 007/050 VUs  1m26.9s/5m0s  1.00 iters/s

running (1m28.0s), 007/050 VUs, 81 complete and 0 interrupted iterations
steady   [  29% ] 007/050 VUs  1m27.9s/5m0s  1.00 iters/s

running (1m29.0s), 007/050 VUs, 82 complete and 0 interrupted iterations
steady   [  30% ] 007/050 VUs  1m28.9s/5m0s  1.00 iters/s

running (1m30.0s), 007/050 VUs, 83 complete and 0 interrupted iterations
steady   [  30% ] 007/050 VUs  1m29.9s/5m0s  1.00 iters/s

running (1m31.0s), 007/050 VUs, 84 complete and 0 interrupted iterations
steady   [  30% ] 007/050 VUs  1m30.9s/5m0s  1.00 iters/s

running (1m32.0s), 007/050 VUs, 85 complete and 0 interrupted iterations
steady   [  31% ] 007/050 VUs  1m31.9s/5m0s  1.00 iters/s

running (1m33.0s), 005/050 VUs, 88 complete and 0 interrupted iterations
steady   [  31% ] 005/050 VUs  1m32.9s/5m0s  1.00 iters/s

running (1m34.0s), 005/050 VUs, 89 complete and 0 interrupted iterations
steady   [  31% ] 005/050 VUs  1m33.9s/5m0s  1.00 iters/s

running (1m35.0s), 005/050 VUs, 90 complete and 0 interrupted iterations
steady   [  32% ] 005/050 VUs  1m34.9s/5m0s  1.00 iters/s

running (1m36.0s), 004/050 VUs, 92 complete and 0 interrupted iterations
steady   [  32% ] 004/050 VUs  1m35.9s/5m0s  1.00 iters/s

running (1m37.0s), 003/050 VUs, 94 complete and 0 interrupted iterations
steady   [  32% ] 003/050 VUs  1m36.9s/5m0s  1.00 iters/s

running (1m38.0s), 004/050 VUs, 94 complete and 0 interrupted iterations
steady   [  33% ] 004/050 VUs  1m37.9s/5m0s  1.00 iters/s

running (1m39.0s), 005/050 VUs, 94 complete and 0 interrupted iterations
steady   [  33% ] 005/050 VUs  1m38.9s/5m0s  1.00 iters/s

running (1m40.0s), 004/050 VUs, 96 complete and 0 interrupted iterations
steady   [  33% ] 004/050 VUs  1m39.9s/5m0s  1.00 iters/s

running (1m41.0s), 004/050 VUs, 97 complete and 0 interrupted iterations
steady   [  34% ] 004/050 VUs  1m40.9s/5m0s  1.00 iters/s

running (1m42.0s), 005/050 VUs, 97 complete and 0 interrupted iterations
steady   [  34% ] 005/050 VUs  1m41.9s/5m0s  1.00 iters/s

running (1m43.0s), 005/050 VUs, 98 complete and 0 interrupted iterations
steady   [  34% ] 005/050 VUs  1m42.9s/5m0s  1.00 iters/s

running (1m44.0s), 005/050 VUs, 99 complete and 0 interrupted iterations
steady   [  35% ] 005/050 VUs  1m43.9s/5m0s  1.00 iters/s

running (1m45.0s), 004/050 VUs, 101 complete and 0 interrupted iterations
steady   [  35% ] 004/050 VUs  1m44.9s/5m0s  1.00 iters/s

running (1m46.0s), 004/050 VUs, 102 complete and 0 interrupted iterations
steady   [  35% ] 004/050 VUs  1m45.9s/5m0s  1.00 iters/s

running (1m47.0s), 004/050 VUs, 103 complete and 0 interrupted iterations
steady   [  36% ] 004/050 VUs  1m46.9s/5m0s  1.00 iters/s

running (1m48.0s), 004/050 VUs, 104 complete and 0 interrupted iterations
steady   [  36% ] 004/050 VUs  1m47.9s/5m0s  1.00 iters/s

running (1m49.0s), 004/050 VUs, 105 complete and 0 interrupted iterations
steady   [  36% ] 004/050 VUs  1m48.9s/5m0s  1.00 iters/s

running (1m50.0s), 004/050 VUs, 106 complete and 0 interrupted iterations
steady   [  37% ] 004/050 VUs  1m49.9s/5m0s  1.00 iters/s

running (1m51.0s), 004/050 VUs, 107 complete and 0 interrupted iterations
steady   [  37% ] 004/050 VUs  1m50.9s/5m0s  1.00 iters/s

running (1m52.0s), 004/050 VUs, 108 complete and 0 interrupted iterations
steady   [  37% ] 004/050 VUs  1m51.9s/5m0s  1.00 iters/s

running (1m53.0s), 005/050 VUs, 108 complete and 0 interrupted iterations
steady   [  38% ] 005/050 VUs  1m52.9s/5m0s  1.00 iters/s

running (1m54.0s), 005/050 VUs, 109 complete and 0 interrupted iterations
steady   [  38% ] 005/050 VUs  1m53.9s/5m0s  1.00 iters/s

running (1m55.0s), 005/050 VUs, 110 complete and 0 interrupted iterations
steady   [  38% ] 005/050 VUs  1m54.9s/5m0s  1.00 iters/s

running (1m56.0s), 005/050 VUs, 111 complete and 0 interrupted iterations
steady   [  39% ] 005/050 VUs  1m55.9s/5m0s  1.00 iters/s

running (1m57.0s), 005/050 VUs, 112 complete and 0 interrupted iterations
steady   [  39% ] 005/050 VUs  1m56.9s/5m0s  1.00 iters/s

running (1m58.0s), 005/050 VUs, 113 complete and 0 interrupted iterations
steady   [  39% ] 005/050 VUs  1m57.9s/5m0s  1.00 iters/s

running (1m59.0s), 005/050 VUs, 114 complete and 0 interrupted iterations
steady   [  40% ] 005/050 VUs  1m58.9s/5m0s  1.00 iters/s

running (2m00.0s), 005/050 VUs, 115 complete and 0 interrupted iterations
steady   [  40% ] 005/050 VUs  1m59.9s/5m0s  1.00 iters/s

running (2m01.0s), 005/050 VUs, 116 complete and 0 interrupted iterations
steady   [  40% ] 005/050 VUs  2m00.9s/5m0s  1.00 iters/s

running (2m02.0s), 005/050 VUs, 117 complete and 0 interrupted iterations
steady   [  41% ] 005/050 VUs  2m01.9s/5m0s  1.00 iters/s

running (2m03.0s), 005/050 VUs, 118 complete and 0 interrupted iterations
steady   [  41% ] 005/050 VUs  2m02.9s/5m0s  1.00 iters/s

running (2m04.0s), 004/050 VUs, 120 complete and 0 interrupted iterations
steady   [  41% ] 004/050 VUs  2m03.9s/5m0s  1.00 iters/s

running (2m05.0s), 003/050 VUs, 122 complete and 0 interrupted iterations
steady   [  42% ] 003/050 VUs  2m04.9s/5m0s  1.00 iters/s

running (2m06.0s), 004/050 VUs, 122 complete and 0 interrupted iterations
steady   [  42% ] 004/050 VUs  2m05.9s/5m0s  1.00 iters/s

running (2m07.0s), 004/050 VUs, 123 complete and 0 interrupted iterations
steady   [  42% ] 004/050 VUs  2m06.9s/5m0s  1.00 iters/s

running (2m08.0s), 003/050 VUs, 125 complete and 0 interrupted iterations
steady   [  43% ] 003/050 VUs  2m07.9s/5m0s  1.00 iters/s

running (2m09.0s), 004/050 VUs, 125 complete and 0 interrupted iterations
steady   [  43% ] 004/050 VUs  2m08.9s/5m0s  1.00 iters/s

running (2m10.0s), 004/050 VUs, 126 complete and 0 interrupted iterations
steady   [  43% ] 004/050 VUs  2m09.9s/5m0s  1.00 iters/s

running (2m11.0s), 004/050 VUs, 127 complete and 0 interrupted iterations
steady   [  44% ] 004/050 VUs  2m10.9s/5m0s  1.00 iters/s

running (2m12.0s), 004/050 VUs, 128 complete and 0 interrupted iterations
steady   [  44% ] 004/050 VUs  2m11.9s/5m0s  1.00 iters/s

running (2m13.0s), 004/050 VUs, 129 complete and 0 interrupted iterations
steady   [  44% ] 004/050 VUs  2m12.9s/5m0s  1.00 iters/s

running (2m14.0s), 004/050 VUs, 130 complete and 0 interrupted iterations
steady   [  45% ] 004/050 VUs  2m13.9s/5m0s  1.00 iters/s

running (2m15.0s), 003/050 VUs, 132 complete and 0 interrupted iterations
steady   [  45% ] 003/050 VUs  2m14.9s/5m0s  1.00 iters/s

running (2m16.0s), 004/050 VUs, 132 complete and 0 interrupted iterations
steady   [  45% ] 004/050 VUs  2m15.9s/5m0s  1.00 iters/s

running (2m17.0s), 004/050 VUs, 133 complete and 0 interrupted iterations
steady   [  46% ] 004/050 VUs  2m16.9s/5m0s  1.00 iters/s

running (2m18.0s), 005/050 VUs, 133 complete and 0 interrupted iterations
steady   [  46% ] 005/050 VUs  2m17.9s/5m0s  1.00 iters/s

running (2m19.0s), 003/050 VUs, 136 complete and 0 interrupted iterations
steady   [  46% ] 003/050 VUs  2m18.9s/5m0s  1.00 iters/s

running (2m20.0s), 004/050 VUs, 136 complete and 0 interrupted iterations
steady   [  47% ] 004/050 VUs  2m19.9s/5m0s  1.00 iters/s

running (2m21.0s), 003/050 VUs, 138 complete and 0 interrupted iterations
steady   [  47% ] 003/050 VUs  2m20.9s/5m0s  1.00 iters/s

running (2m22.0s), 003/050 VUs, 139 complete and 0 interrupted iterations
steady   [  47% ] 003/050 VUs  2m21.9s/5m0s  1.00 iters/s

running (2m23.0s), 004/050 VUs, 139 complete and 0 interrupted iterations
steady   [  48% ] 004/050 VUs  2m22.9s/5m0s  1.00 iters/s

running (2m24.0s), 004/050 VUs, 140 complete and 0 interrupted iterations
steady   [  48% ] 004/050 VUs  2m23.9s/5m0s  1.00 iters/s

running (2m25.0s), 003/050 VUs, 142 complete and 0 interrupted iterations
steady   [  48% ] 003/050 VUs  2m24.9s/5m0s  1.00 iters/s

running (2m26.0s), 004/050 VUs, 142 complete and 0 interrupted iterations
steady   [  49% ] 004/050 VUs  2m25.9s/5m0s  1.00 iters/s

running (2m27.0s), 004/050 VUs, 143 complete and 0 interrupted iterations
steady   [  49% ] 004/050 VUs  2m26.9s/5m0s  1.00 iters/s

running (2m28.0s), 004/050 VUs, 144 complete and 0 interrupted iterations
steady   [  49% ] 004/050 VUs  2m27.9s/5m0s  1.00 iters/s

running (2m29.0s), 003/050 VUs, 146 complete and 0 interrupted iterations
steady   [  50% ] 003/050 VUs  2m28.9s/5m0s  1.00 iters/s

running (2m30.0s), 004/050 VUs, 146 complete and 0 interrupted iterations
steady   [  50% ] 004/050 VUs  2m29.9s/5m0s  1.00 iters/s

running (2m31.0s), 004/050 VUs, 147 complete and 0 interrupted iterations
steady   [  50% ] 004/050 VUs  2m30.9s/5m0s  1.00 iters/s

running (2m32.0s), 003/050 VUs, 149 complete and 0 interrupted iterations
steady   [  51% ] 003/050 VUs  2m31.9s/5m0s  1.00 iters/s

running (2m33.0s), 004/050 VUs, 149 complete and 0 interrupted iterations
steady   [  51% ] 004/050 VUs  2m32.9s/5m0s  1.00 iters/s

running (2m34.0s), 004/050 VUs, 150 complete and 0 interrupted iterations
steady   [  51% ] 004/050 VUs  2m33.9s/5m0s  1.00 iters/s

running (2m35.0s), 003/050 VUs, 152 complete and 0 interrupted iterations
steady   [  52% ] 003/050 VUs  2m34.9s/5m0s  1.00 iters/s

running (2m36.0s), 003/050 VUs, 153 complete and 0 interrupted iterations
steady   [  52% ] 003/050 VUs  2m35.9s/5m0s  1.00 iters/s

running (2m37.0s), 004/050 VUs, 153 complete and 0 interrupted iterations
steady   [  52% ] 004/050 VUs  2m36.9s/5m0s  1.00 iters/s

running (2m38.0s), 004/050 VUs, 154 complete and 0 interrupted iterations
steady   [  53% ] 004/050 VUs  2m37.9s/5m0s  1.00 iters/s

running (2m39.0s), 003/050 VUs, 156 complete and 0 interrupted iterations
steady   [  53% ] 003/050 VUs  2m38.9s/5m0s  1.00 iters/s

running (2m40.0s), 003/050 VUs, 157 complete and 0 interrupted iterations
steady   [  53% ] 003/050 VUs  2m39.9s/5m0s  1.00 iters/s

running (2m41.0s), 004/050 VUs, 157 complete and 0 interrupted iterations
steady   [  54% ] 004/050 VUs  2m40.9s/5m0s  1.00 iters/s

running (2m42.0s), 003/050 VUs, 159 complete and 0 interrupted iterations
steady   [  54% ] 003/050 VUs  2m41.9s/5m0s  1.00 iters/s

running (2m43.0s), 003/050 VUs, 160 complete and 0 interrupted iterations
steady   [  54% ] 003/050 VUs  2m42.9s/5m0s  1.00 iters/s

running (2m44.0s), 003/050 VUs, 161 complete and 0 interrupted iterations
steady   [  55% ] 003/050 VUs  2m43.9s/5m0s  1.00 iters/s

running (2m45.0s), 004/050 VUs, 161 complete and 0 interrupted iterations
steady   [  55% ] 004/050 VUs  2m44.9s/5m0s  1.00 iters/s

running (2m46.0s), 003/050 VUs, 163 complete and 0 interrupted iterations
steady   [  55% ] 003/050 VUs  2m45.9s/5m0s  1.00 iters/s

running (2m47.0s), 003/050 VUs, 164 complete and 0 interrupted iterations
steady   [  56% ] 003/050 VUs  2m46.9s/5m0s  1.00 iters/s

running (2m48.0s), 004/050 VUs, 164 complete and 0 interrupted iterations
steady   [  56% ] 004/050 VUs  2m47.9s/5m0s  1.00 iters/s

running (2m49.0s), 003/050 VUs, 166 complete and 0 interrupted iterations
steady   [  56% ] 003/050 VUs  2m48.9s/5m0s  1.00 iters/s

running (2m50.0s), 002/050 VUs, 168 complete and 0 interrupted iterations
steady   [  57% ] 002/050 VUs  2m49.9s/5m0s  1.00 iters/s

running (2m51.0s), 002/050 VUs, 169 complete and 0 interrupted iterations
steady   [  57% ] 002/050 VUs  2m50.9s/5m0s  1.00 iters/s

running (2m52.0s), 003/050 VUs, 169 complete and 0 interrupted iterations
steady   [  57% ] 003/050 VUs  2m51.9s/5m0s  1.00 iters/s

running (2m53.0s), 003/050 VUs, 170 complete and 0 interrupted iterations
steady   [  58% ] 003/050 VUs  2m52.9s/5m0s  1.00 iters/s

running (2m54.0s), 002/050 VUs, 172 complete and 0 interrupted iterations
steady   [  58% ] 002/050 VUs  2m53.9s/5m0s  1.00 iters/s

running (2m55.0s), 003/050 VUs, 172 complete and 0 interrupted iterations
steady   [  58% ] 003/050 VUs  2m54.9s/5m0s  1.00 iters/s

running (2m56.0s), 003/050 VUs, 173 complete and 0 interrupted iterations
steady   [  59% ] 003/050 VUs  2m55.9s/5m0s  1.00 iters/s

running (2m57.0s), 002/050 VUs, 175 complete and 0 interrupted iterations
steady   [  59% ] 002/050 VUs  2m56.9s/5m0s  1.00 iters/s

running (2m58.0s), 002/050 VUs, 176 complete and 0 interrupted iterations
steady   [  59% ] 002/050 VUs  2m57.9s/5m0s  1.00 iters/s

running (2m59.0s), 003/050 VUs, 176 complete and 0 interrupted iterations
steady   [  60% ] 003/050 VUs  2m58.9s/5m0s  1.00 iters/s

running (3m00.0s), 003/050 VUs, 177 complete and 0 interrupted iterations
steady   [  60% ] 003/050 VUs  2m59.9s/5m0s  1.00 iters/s

running (3m01.0s), 001/050 VUs, 180 complete and 0 interrupted iterations
steady   [  60% ] 001/050 VUs  3m00.9s/5m0s  1.00 iters/s

running (3m02.0s), 002/050 VUs, 180 complete and 0 interrupted iterations
steady   [  61% ] 002/050 VUs  3m01.9s/5m0s  1.00 iters/s

running (3m03.0s), 003/050 VUs, 180 complete and 0 interrupted iterations
steady   [  61% ] 003/050 VUs  3m02.9s/5m0s  1.00 iters/s

running (3m04.0s), 003/050 VUs, 181 complete and 0 interrupted iterations
steady   [  61% ] 003/050 VUs  3m03.9s/5m0s  1.00 iters/s

running (3m05.0s), 002/050 VUs, 183 complete and 0 interrupted iterations
steady   [  62% ] 002/050 VUs  3m04.9s/5m0s  1.00 iters/s

running (3m06.0s), 003/050 VUs, 183 complete and 0 interrupted iterations
steady   [  62% ] 003/050 VUs  3m05.9s/5m0s  1.00 iters/s

running (3m07.0s), 003/050 VUs, 184 complete and 0 interrupted iterations
steady   [  62% ] 003/050 VUs  3m06.9s/5m0s  1.00 iters/s

running (3m08.0s), 003/050 VUs, 185 complete and 0 interrupted iterations
steady   [  63% ] 003/050 VUs  3m07.9s/5m0s  1.00 iters/s

running (3m09.0s), 002/050 VUs, 187 complete and 0 interrupted iterations
steady   [  63% ] 002/050 VUs  3m08.9s/5m0s  1.00 iters/s

running (3m10.0s), 003/050 VUs, 187 complete and 0 interrupted iterations
steady   [  63% ] 003/050 VUs  3m09.9s/5m0s  1.00 iters/s

running (3m11.0s), 003/050 VUs, 188 complete and 0 interrupted iterations
steady   [  64% ] 003/050 VUs  3m10.9s/5m0s  1.00 iters/s

running (3m12.0s), 002/050 VUs, 190 complete and 0 interrupted iterations
steady   [  64% ] 002/050 VUs  3m11.9s/5m0s  1.00 iters/s

running (3m13.0s), 003/050 VUs, 190 complete and 0 interrupted iterations
steady   [  64% ] 003/050 VUs  3m12.9s/5m0s  1.00 iters/s

running (3m14.0s), 003/050 VUs, 191 complete and 0 interrupted iterations
steady   [  65% ] 003/050 VUs  3m13.9s/5m0s  1.00 iters/s

running (3m15.0s), 002/050 VUs, 193 complete and 0 interrupted iterations
steady   [  65% ] 002/050 VUs  3m14.9s/5m0s  1.00 iters/s

running (3m16.0s), 002/050 VUs, 194 complete and 0 interrupted iterations
steady   [  65% ] 002/050 VUs  3m15.9s/5m0s  1.00 iters/s

running (3m17.0s), 003/050 VUs, 194 complete and 0 interrupted iterations
steady   [  66% ] 003/050 VUs  3m16.9s/5m0s  1.00 iters/s

running (3m18.0s), 002/050 VUs, 196 complete and 0 interrupted iterations
steady   [  66% ] 002/050 VUs  3m17.9s/5m0s  1.00 iters/s

running (3m19.0s), 002/050 VUs, 197 complete and 0 interrupted iterations
steady   [  66% ] 002/050 VUs  3m18.9s/5m0s  1.00 iters/s

running (3m20.0s), 003/050 VUs, 197 complete and 0 interrupted iterations
steady   [  67% ] 003/050 VUs  3m19.9s/5m0s  1.00 iters/s

running (3m21.0s), 002/050 VUs, 199 complete and 0 interrupted iterations
steady   [  67% ] 002/050 VUs  3m20.9s/5m0s  1.00 iters/s

running (3m22.0s), 002/050 VUs, 200 complete and 0 interrupted iterations
steady   [  67% ] 002/050 VUs  3m21.9s/5m0s  1.00 iters/s

running (3m23.0s), 002/050 VUs, 201 complete and 0 interrupted iterations
steady   [  68% ] 002/050 VUs  3m22.9s/5m0s  1.00 iters/s

running (3m24.0s), 003/050 VUs, 201 complete and 0 interrupted iterations
steady   [  68% ] 003/050 VUs  3m23.9s/5m0s  1.00 iters/s

running (3m25.0s), 002/050 VUs, 203 complete and 0 interrupted iterations
steady   [  68% ] 002/050 VUs  3m24.9s/5m0s  1.00 iters/s

running (3m26.0s), 002/050 VUs, 204 complete and 0 interrupted iterations
steady   [  69% ] 002/050 VUs  3m25.9s/5m0s  1.00 iters/s

running (3m27.0s), 002/050 VUs, 205 complete and 0 interrupted iterations
steady   [  69% ] 002/050 VUs  3m26.9s/5m0s  1.00 iters/s

running (3m28.0s), 003/050 VUs, 205 complete and 0 interrupted iterations
steady   [  69% ] 003/050 VUs  3m27.9s/5m0s  1.00 iters/s

running (3m29.0s), 002/050 VUs, 207 complete and 0 interrupted iterations
steady   [  70% ] 002/050 VUs  3m28.9s/5m0s  1.00 iters/s

running (3m30.0s), 003/050 VUs, 207 complete and 0 interrupted iterations
steady   [  70% ] 003/050 VUs  3m29.9s/5m0s  1.00 iters/s

running (3m31.0s), 004/050 VUs, 207 complete and 0 interrupted iterations
steady   [  70% ] 004/050 VUs  3m30.9s/5m0s  1.00 iters/s

running (3m32.0s), 004/050 VUs, 208 complete and 0 interrupted iterations
steady   [  71% ] 004/050 VUs  3m31.9s/5m0s  1.00 iters/s

running (3m33.0s), 004/050 VUs, 209 complete and 0 interrupted iterations
steady   [  71% ] 004/050 VUs  3m32.9s/5m0s  1.00 iters/s

running (3m34.0s), 004/050 VUs, 210 complete and 0 interrupted iterations
steady   [  71% ] 004/050 VUs  3m33.9s/5m0s  1.00 iters/s

running (3m35.0s), 005/050 VUs, 210 complete and 0 interrupted iterations
steady   [  72% ] 005/050 VUs  3m34.9s/5m0s  1.00 iters/s

running (3m36.0s), 004/050 VUs, 212 complete and 0 interrupted iterations
steady   [  72% ] 004/050 VUs  3m35.9s/5m0s  1.00 iters/s

running (3m37.0s), 004/050 VUs, 213 complete and 0 interrupted iterations
steady   [  72% ] 004/050 VUs  3m36.9s/5m0s  1.00 iters/s

running (3m38.0s), 004/050 VUs, 214 complete and 0 interrupted iterations
steady   [  73% ] 004/050 VUs  3m37.9s/5m0s  1.00 iters/s

running (3m39.0s), 004/050 VUs, 215 complete and 0 interrupted iterations
steady   [  73% ] 004/050 VUs  3m38.9s/5m0s  1.00 iters/s

running (3m40.0s), 004/050 VUs, 216 complete and 0 interrupted iterations
steady   [  73% ] 004/050 VUs  3m39.9s/5m0s  1.00 iters/s

running (3m41.0s), 004/050 VUs, 217 complete and 0 interrupted iterations
steady   [  74% ] 004/050 VUs  3m40.9s/5m0s  1.00 iters/s

running (3m42.0s), 005/050 VUs, 217 complete and 0 interrupted iterations
steady   [  74% ] 005/050 VUs  3m41.9s/5m0s  1.00 iters/s

running (3m43.0s), 004/050 VUs, 219 complete and 0 interrupted iterations
steady   [  74% ] 004/050 VUs  3m42.9s/5m0s  1.00 iters/s

running (3m44.0s), 005/050 VUs, 219 complete and 0 interrupted iterations
steady   [  75% ] 005/050 VUs  3m43.9s/5m0s  1.00 iters/s

running (3m45.0s), 005/050 VUs, 220 complete and 0 interrupted iterations
steady   [  75% ] 005/050 VUs  3m44.9s/5m0s  1.00 iters/s

running (3m46.0s), 004/050 VUs, 222 complete and 0 interrupted iterations
steady   [  75% ] 004/050 VUs  3m45.9s/5m0s  1.00 iters/s

running (3m47.0s), 004/050 VUs, 223 complete and 0 interrupted iterations
steady   [  76% ] 004/050 VUs  3m46.9s/5m0s  1.00 iters/s

running (3m48.0s), 004/050 VUs, 224 complete and 0 interrupted iterations
steady   [  76% ] 004/050 VUs  3m47.9s/5m0s  1.00 iters/s

running (3m49.0s), 005/050 VUs, 224 complete and 0 interrupted iterations
steady   [  76% ] 005/050 VUs  3m48.9s/5m0s  1.00 iters/s

running (3m50.0s), 004/050 VUs, 226 complete and 0 interrupted iterations
steady   [  77% ] 004/050 VUs  3m49.9s/5m0s  1.00 iters/s

running (3m51.0s), 004/050 VUs, 227 complete and 0 interrupted iterations
steady   [  77% ] 004/050 VUs  3m50.9s/5m0s  1.00 iters/s

running (3m52.0s), 005/050 VUs, 227 complete and 0 interrupted iterations
steady   [  77% ] 005/050 VUs  3m51.9s/5m0s  1.00 iters/s

running (3m53.0s), 005/050 VUs, 228 complete and 0 interrupted iterations
steady   [  78% ] 005/050 VUs  3m52.9s/5m0s  1.00 iters/s

running (3m54.0s), 005/050 VUs, 229 complete and 0 interrupted iterations
steady   [  78% ] 005/050 VUs  3m53.9s/5m0s  1.00 iters/s

running (3m55.0s), 005/050 VUs, 230 complete and 0 interrupted iterations
steady   [  78% ] 005/050 VUs  3m54.9s/5m0s  1.00 iters/s

running (3m56.0s), 003/050 VUs, 233 complete and 0 interrupted iterations
steady   [  79% ] 003/050 VUs  3m55.9s/5m0s  1.00 iters/s

running (3m57.0s), 004/050 VUs, 233 complete and 0 interrupted iterations
steady   [  79% ] 004/050 VUs  3m56.9s/5m0s  1.00 iters/s

running (3m58.0s), 005/050 VUs, 233 complete and 0 interrupted iterations
steady   [  79% ] 005/050 VUs  3m57.9s/5m0s  1.00 iters/s

running (3m59.0s), 004/050 VUs, 235 complete and 0 interrupted iterations
steady   [  80% ] 004/050 VUs  3m58.9s/5m0s  1.00 iters/s

running (4m00.0s), 003/050 VUs, 237 complete and 0 interrupted iterations
steady   [  80% ] 003/050 VUs  3m59.9s/5m0s  1.00 iters/s

running (4m01.0s), 002/050 VUs, 239 complete and 0 interrupted iterations
steady   [  80% ] 002/050 VUs  4m00.9s/5m0s  1.00 iters/s

running (4m02.0s), 003/050 VUs, 239 complete and 0 interrupted iterations
steady   [  81% ] 003/050 VUs  4m01.9s/5m0s  1.00 iters/s

running (4m03.0s), 003/050 VUs, 240 complete and 0 interrupted iterations
steady   [  81% ] 003/050 VUs  4m02.9s/5m0s  1.00 iters/s

running (4m04.0s), 002/050 VUs, 242 complete and 0 interrupted iterations
steady   [  81% ] 002/050 VUs  4m03.9s/5m0s  1.00 iters/s

running (4m05.0s), 002/050 VUs, 243 complete and 0 interrupted iterations
steady   [  82% ] 002/050 VUs  4m04.9s/5m0s  1.00 iters/s

running (4m06.0s), 003/050 VUs, 243 complete and 0 interrupted iterations
steady   [  82% ] 003/050 VUs  4m05.9s/5m0s  1.00 iters/s

running (4m07.0s), 003/050 VUs, 244 complete and 0 interrupted iterations
steady   [  82% ] 003/050 VUs  4m06.9s/5m0s  1.00 iters/s

running (4m08.0s), 002/050 VUs, 246 complete and 0 interrupted iterations
steady   [  83% ] 002/050 VUs  4m07.9s/5m0s  1.00 iters/s

running (4m09.0s), 002/050 VUs, 247 complete and 0 interrupted iterations
steady   [  83% ] 002/050 VUs  4m08.9s/5m0s  1.00 iters/s

running (4m10.0s), 003/050 VUs, 247 complete and 0 interrupted iterations
steady   [  83% ] 003/050 VUs  4m09.9s/5m0s  1.00 iters/s

running (4m11.0s), 002/050 VUs, 249 complete and 0 interrupted iterations
steady   [  84% ] 002/050 VUs  4m10.9s/5m0s  1.00 iters/s

running (4m12.0s), 002/050 VUs, 250 complete and 0 interrupted iterations
steady   [  84% ] 002/050 VUs  4m11.9s/5m0s  1.00 iters/s

running (4m13.0s), 003/050 VUs, 250 complete and 0 interrupted iterations
steady   [  84% ] 003/050 VUs  4m12.9s/5m0s  1.00 iters/s

running (4m14.0s), 003/050 VUs, 251 complete and 0 interrupted iterations
steady   [  85% ] 003/050 VUs  4m13.9s/5m0s  1.00 iters/s

running (4m15.0s), 002/050 VUs, 253 complete and 0 interrupted iterations
steady   [  85% ] 002/050 VUs  4m14.9s/5m0s  1.00 iters/s

running (4m16.0s), 002/050 VUs, 254 complete and 0 interrupted iterations
steady   [  85% ] 002/050 VUs  4m15.9s/5m0s  1.00 iters/s

running (4m17.0s), 003/050 VUs, 254 complete and 0 interrupted iterations
steady   [  86% ] 003/050 VUs  4m16.9s/5m0s  1.00 iters/s

running (4m18.0s), 003/050 VUs, 255 complete and 0 interrupted iterations
steady   [  86% ] 003/050 VUs  4m17.9s/5m0s  1.00 iters/s

running (4m19.0s), 002/050 VUs, 257 complete and 0 interrupted iterations
steady   [  86% ] 002/050 VUs  4m18.9s/5m0s  1.00 iters/s

running (4m20.0s), 003/050 VUs, 257 complete and 0 interrupted iterations
steady   [  87% ] 003/050 VUs  4m19.9s/5m0s  1.00 iters/s

running (4m21.0s), 003/050 VUs, 258 complete and 0 interrupted iterations
steady   [  87% ] 003/050 VUs  4m20.9s/5m0s  1.00 iters/s

running (4m22.0s), 002/050 VUs, 260 complete and 0 interrupted iterations
steady   [  87% ] 002/050 VUs  4m21.9s/5m0s  1.00 iters/s

running (4m23.0s), 002/050 VUs, 261 complete and 0 interrupted iterations
steady   [  88% ] 002/050 VUs  4m22.9s/5m0s  1.00 iters/s

running (4m24.0s), 003/050 VUs, 261 complete and 0 interrupted iterations
steady   [  88% ] 003/050 VUs  4m23.9s/5m0s  1.00 iters/s

running (4m25.0s), 003/050 VUs, 262 complete and 0 interrupted iterations
steady   [  88% ] 003/050 VUs  4m24.9s/5m0s  1.00 iters/s

running (4m26.0s), 003/050 VUs, 263 complete and 0 interrupted iterations
steady   [  89% ] 003/050 VUs  4m25.9s/5m0s  1.00 iters/s

running (4m27.0s), 002/050 VUs, 265 complete and 0 interrupted iterations
steady   [  89% ] 002/050 VUs  4m26.9s/5m0s  1.00 iters/s

running (4m28.0s), 003/050 VUs, 265 complete and 0 interrupted iterations
steady   [  89% ] 003/050 VUs  4m27.9s/5m0s  1.00 iters/s

running (4m29.0s), 002/050 VUs, 267 complete and 0 interrupted iterations
steady   [  90% ] 002/050 VUs  4m28.9s/5m0s  1.00 iters/s

running (4m30.0s), 002/050 VUs, 268 complete and 0 interrupted iterations
steady   [  90% ] 002/050 VUs  4m29.9s/5m0s  1.00 iters/s

running (4m31.0s), 003/050 VUs, 268 complete and 0 interrupted iterations
steady   [  90% ] 003/050 VUs  4m30.9s/5m0s  1.00 iters/s

running (4m32.0s), 003/050 VUs, 269 complete and 0 interrupted iterations
steady   [  91% ] 003/050 VUs  4m31.9s/5m0s  1.00 iters/s

running (4m33.0s), 002/050 VUs, 271 complete and 0 interrupted iterations
steady   [  91% ] 002/050 VUs  4m32.9s/5m0s  1.00 iters/s

running (4m34.0s), 003/050 VUs, 271 complete and 0 interrupted iterations
steady   [  91% ] 003/050 VUs  4m33.9s/5m0s  1.00 iters/s

running (4m35.0s), 003/050 VUs, 272 complete and 0 interrupted iterations
steady   [  92% ] 003/050 VUs  4m34.9s/5m0s  1.00 iters/s

running (4m36.0s), 002/050 VUs, 274 complete and 0 interrupted iterations
steady   [  92% ] 002/050 VUs  4m35.9s/5m0s  1.00 iters/s

running (4m37.0s), 002/050 VUs, 275 complete and 0 interrupted iterations
steady   [  92% ] 002/050 VUs  4m36.9s/5m0s  1.00 iters/s

running (4m38.0s), 003/050 VUs, 275 complete and 0 interrupted iterations
steady   [  93% ] 003/050 VUs  4m37.9s/5m0s  1.00 iters/s

running (4m39.0s), 003/050 VUs, 276 complete and 0 interrupted iterations
steady   [  93% ] 003/050 VUs  4m38.9s/5m0s  1.00 iters/s

running (4m40.0s), 001/050 VUs, 279 complete and 0 interrupted iterations
steady   [  93% ] 001/050 VUs  4m39.9s/5m0s  1.00 iters/s

running (4m41.0s), 002/050 VUs, 279 complete and 0 interrupted iterations
steady   [  94% ] 002/050 VUs  4m40.9s/5m0s  1.00 iters/s

running (4m42.0s), 003/050 VUs, 279 complete and 0 interrupted iterations
steady   [  94% ] 003/050 VUs  4m41.9s/5m0s  1.00 iters/s

running (4m43.0s), 003/050 VUs, 280 complete and 0 interrupted iterations
steady   [  94% ] 003/050 VUs  4m42.9s/5m0s  1.00 iters/s

running (4m44.0s), 003/050 VUs, 281 complete and 0 interrupted iterations
steady   [  95% ] 003/050 VUs  4m43.9s/5m0s  1.00 iters/s

running (4m45.0s), 003/050 VUs, 282 complete and 0 interrupted iterations
steady   [  95% ] 003/050 VUs  4m44.9s/5m0s  1.00 iters/s

running (4m46.0s), 003/050 VUs, 283 complete and 0 interrupted iterations
steady   [  95% ] 003/050 VUs  4m45.9s/5m0s  1.00 iters/s

running (4m47.0s), 002/050 VUs, 285 complete and 0 interrupted iterations
steady   [  96% ] 002/050 VUs  4m46.9s/5m0s  1.00 iters/s

running (4m48.0s), 003/050 VUs, 285 complete and 0 interrupted iterations
steady   [  96% ] 003/050 VUs  4m47.9s/5m0s  1.00 iters/s

running (4m49.0s), 003/050 VUs, 286 complete and 0 interrupted iterations
steady   [  96% ] 003/050 VUs  4m48.9s/5m0s  1.00 iters/s

running (4m50.0s), 002/050 VUs, 288 complete and 0 interrupted iterations
steady   [  97% ] 002/050 VUs  4m49.9s/5m0s  1.00 iters/s

running (4m51.0s), 003/050 VUs, 288 complete and 0 interrupted iterations
steady   [  97% ] 003/050 VUs  4m50.9s/5m0s  1.00 iters/s

running (4m52.0s), 003/050 VUs, 289 complete and 0 interrupted iterations
steady   [  97% ] 003/050 VUs  4m51.9s/5m0s  1.00 iters/s

running (4m53.0s), 002/050 VUs, 291 complete and 0 interrupted iterations
steady   [  98% ] 002/050 VUs  4m52.9s/5m0s  1.00 iters/s

running (4m54.0s), 002/050 VUs, 292 complete and 0 interrupted iterations
steady   [  98% ] 002/050 VUs  4m53.9s/5m0s  1.00 iters/s

running (4m55.0s), 002/050 VUs, 293 complete and 0 interrupted iterations
steady   [  98% ] 002/050 VUs  4m54.9s/5m0s  1.00 iters/s

running (4m56.0s), 003/050 VUs, 293 complete and 0 interrupted iterations
steady   [  99% ] 003/050 VUs  4m55.9s/5m0s  1.00 iters/s

running (4m57.0s), 003/050 VUs, 294 complete and 0 interrupted iterations
steady   [  99% ] 003/050 VUs  4m56.9s/5m0s  1.00 iters/s

running (4m58.0s), 003/050 VUs, 295 complete and 0 interrupted iterations
steady   [  99% ] 003/050 VUs  4m57.9s/5m0s  1.00 iters/s

running (4m59.0s), 003/050 VUs, 296 complete and 0 interrupted iterations
steady   [ 100% ] 003/050 VUs  4m58.9s/5m0s  1.00 iters/s

running (5m00.0s), 003/050 VUs, 297 complete and 0 interrupted iterations
steady   [ 100% ] 003/050 VUs  4m59.9s/5m0s  1.00 iters/s

running (5m01.0s), 002/050 VUs, 298 complete and 0 interrupted iterations
steady ↓ [ 100% ] 003/050 VUs  5m0s  1.00 iters/s

running (5m02.0s), 001/050 VUs, 299 complete and 0 interrupted iterations
steady ↓ [ 100% ] 003/050 VUs  5m0s  1.00 iters/s

================ DSP benchmark summary ================
-- per-phase latency --
  catalog                    p50=66.8 ms  p95=76.1 ms  p99=80.3 ms  max=83.7 ms  n=300
  negotiation init (POST)    p50=6.8 ms  p95=8.4 ms  p99=39.7 ms  max=77.8 ms  n=300
  time-to-AGREED (async)     p50=1780.0 ms  p95=2287.0 ms  p99=2291.5 ms  max=2540.0 ms  n=298
  transfer init (POST)       p50=7.5 ms  p95=9.6 ms  p99=20.4 ms  max=56.1 ms  n=298
  time-to-EDR (async)        p50=1018.0 ms  p95=1273.0 ms  p99=1274.0 ms  max=1278.0 ms  n=287
  data pull                  p50=6.0 ms  p95=6.7 ms  p99=7.4 ms  max=8.9 ms  n=287
-- end-to-end + throughput --
  e2e transaction            p50=2880.0 ms  p95=3648.7 ms  p99=3668.6 ms  max=3912.0 ms  n=287
  data throughput (MB/s)     p50=0.0  p95=0.0  p99=0.1  max=0.1  n=287
-- outcomes --
  transactions succeeded     count=287  rate=0.949/s
  transactions failed        count=13  rate=0.043/s
  failed rate                rate=4.33%  (pass=13 fail=287)
    of which TERMINATED      count=1  rate=0.003/s
    of which TIMED OUT       count=12  rate=0.040/s
    of which HTTP-FAILED     (no data)
  failure accounting       13/13 classified  (complete)
-- observer effect (poll load) --
  negotiation polls          count=2597  rate=8.585/s
  edr polls                  count=2510  rate=8.297/s
  polls per transaction     negotiation=8.7  edr=8.4  (timeout ceiling=120)
=======================================================
(full summary -> /home/rohitj/edc/benchmarking-dsp-native-basyx/k6-scripts/results/basyx/on/steady/2026-08-11T17-25-30Z/k6-summary.json; POLL_INTERVAL_MS=250; IDENTITY_MODE=on)

running (5m02.5s), 000/050 VUs, 300 complete and 0 interrupted iterations
steady ✓ [ 100% ] 000/050 VUs  5m0s  1.00 iters/s
time="2026-08-11T17:31:55Z" level=error msg="thresholds on metrics 'dsp_transaction_failed_rate' have been crossed"
Prometheus snapshot [1786469213..1786469530] svc=(dsp-native-basyx|consumer-controlplane) win=1m -> /home/rohitj/edc/benchmarking-dsp-native-basyx/k6-scripts/results/basyx/on/steady/2026-08-11T17-25-30Z
  jvm-heap.csv (128 rows)
  jvm-gc-rate.csv (128 rows)
  jvm-threads.csv (128 rows)
  http-throughput.csv (128 rows)
  http-p95.csv (128 rows)
  http-errors.csv (128 rows)
  http-errors-5xx.csv (64 rows)
  http-status.csv (420 rows)
  host-cpu-busy.csv (64 rows)
  host-mem-used.csv (64 rows)
  5xx: 5xx PRESENT (64 samples) — connector-side faults, see http-errors-5xx.csv
  logs -> /home/rohitj/edc/benchmarking-dsp-native-basyx/k6-scripts/results/basyx/on/steady/2026-08-11T17-25-30Z/logs (2 files)
    consumer-controlplane.log:98
    dsp-native-basyx.log:30
VALIDITY  ok=287  failed=13  failed_rate=4%  dropped_iterations=0
>>> done: /home/rohitj/edc/benchmarking-dsp-native-basyx/k6-scripts/results/basyx/on/steady/2026-08-11T17-25-30Z  (k6 exit 99)
  (steady rep 3 exited non-zero)
===== repetition 4/5 =====
----- basyx / steady (rep 4) -----
>>> basyx / steady  ->  /home/rohitj/edc/benchmarking-dsp-native-basyx/k6-scripts/results/basyx/on/steady/2026-08-11T17-32-11Z
parity OK: lib/ + scenarios/ + orchestration/ + tools/ identical to /home/rohitj/edc/benchmarking-dsp-native-basyx/k6-scripts
Health: http://localhost:29010/management + prometheus  OK
Warmup 60s @ 1/s (discarded)
  (warmup non-zero exit ignored)
  draining 20s before the measured window opens
k6 -> Prometheus remote-write: http://localhost:9090/api/v1/write

         /\      Grafana   /‾‾/  
    /\  /  \     |\  __   /  /   
   /  \/    \    | |/ /  /   ‾‾\ 
  /          \   |   (  |  (‾)  |
 / __________ \  |_|\_\  \_____/ 


     execution: local
        script: /home/rohitj/edc/benchmarking-dsp-native-basyx/k6-scripts/scenarios/steady.js
        output: Prometheus remote write (http://localhost:9090/api/v1/write)

     scenarios: (100.00%) 1 scenario, 200 max VUs, 5m30s max duration (incl. graceful stop):
              * steady: 1.00 iterations/s for 5m0s (maxVUs: 50-200, gracefulStop: 30s)


running (0m01.0s), 001/050 VUs, 0 complete and 0 interrupted iterations
steady   [   0% ] 001/050 VUs  0m00.9s/5m0s  1.00 iters/s

running (0m02.0s), 002/050 VUs, 0 complete and 0 interrupted iterations
steady   [   1% ] 002/050 VUs  0m01.9s/5m0s  1.00 iters/s

running (0m03.0s), 002/050 VUs, 1 complete and 0 interrupted iterations
steady   [   1% ] 002/050 VUs  0m02.9s/5m0s  1.00 iters/s

running (0m04.0s), 003/050 VUs, 1 complete and 0 interrupted iterations
steady   [   1% ] 003/050 VUs  0m03.9s/5m0s  1.00 iters/s

running (0m05.0s), 003/050 VUs, 2 complete and 0 interrupted iterations
steady   [   2% ] 003/050 VUs  0m04.9s/5m0s  1.00 iters/s

running (0m06.0s), 002/050 VUs, 4 complete and 0 interrupted iterations
steady   [   2% ] 002/050 VUs  0m05.9s/5m0s  1.00 iters/s

running (0m07.0s), 002/050 VUs, 5 complete and 0 interrupted iterations
steady   [   2% ] 002/050 VUs  0m06.9s/5m0s  1.00 iters/s

running (0m08.0s), 003/050 VUs, 5 complete and 0 interrupted iterations
steady   [   3% ] 003/050 VUs  0m07.9s/5m0s  1.00 iters/s

running (0m09.0s), 003/050 VUs, 6 complete and 0 interrupted iterations
steady   [   3% ] 003/050 VUs  0m08.9s/5m0s  1.00 iters/s

running (0m10.0s), 002/050 VUs, 8 complete and 0 interrupted iterations
steady   [   3% ] 002/050 VUs  0m09.9s/5m0s  1.00 iters/s

running (0m11.0s), 003/050 VUs, 8 complete and 0 interrupted iterations
steady   [   4% ] 003/050 VUs  0m10.9s/5m0s  1.00 iters/s

running (0m12.0s), 003/050 VUs, 9 complete and 0 interrupted iterations
steady   [   4% ] 003/050 VUs  0m11.9s/5m0s  1.00 iters/s

running (0m13.0s), 002/050 VUs, 11 complete and 0 interrupted iterations
steady   [   4% ] 002/050 VUs  0m12.9s/5m0s  1.00 iters/s

running (0m14.0s), 002/050 VUs, 12 complete and 0 interrupted iterations
steady   [   5% ] 002/050 VUs  0m13.9s/5m0s  1.00 iters/s

running (0m15.0s), 003/050 VUs, 12 complete and 0 interrupted iterations
steady   [   5% ] 003/050 VUs  0m14.9s/5m0s  1.00 iters/s

running (0m16.0s), 003/050 VUs, 13 complete and 0 interrupted iterations
steady   [   5% ] 003/050 VUs  0m15.9s/5m0s  1.00 iters/s

running (0m17.0s), 003/050 VUs, 14 complete and 0 interrupted iterations
steady   [   6% ] 003/050 VUs  0m16.9s/5m0s  1.00 iters/s

running (0m18.0s), 003/050 VUs, 15 complete and 0 interrupted iterations
steady   [   6% ] 003/050 VUs  0m17.9s/5m0s  1.00 iters/s

running (0m19.0s), 003/050 VUs, 16 complete and 0 interrupted iterations
steady   [   6% ] 003/050 VUs  0m18.9s/5m0s  1.00 iters/s

running (0m20.0s), 003/050 VUs, 17 complete and 0 interrupted iterations
steady   [   7% ] 003/050 VUs  0m19.9s/5m0s  1.00 iters/s

running (0m21.0s), 003/050 VUs, 18 complete and 0 interrupted iterations
steady   [   7% ] 003/050 VUs  0m20.9s/5m0s  1.00 iters/s

running (0m22.0s), 003/050 VUs, 19 complete and 0 interrupted iterations
steady   [   7% ] 003/050 VUs  0m21.9s/5m0s  1.00 iters/s

running (0m23.0s), 003/050 VUs, 20 complete and 0 interrupted iterations
steady   [   8% ] 003/050 VUs  0m22.9s/5m0s  1.00 iters/s

running (0m24.0s), 003/050 VUs, 21 complete and 0 interrupted iterations
steady   [   8% ] 003/050 VUs  0m23.9s/5m0s  1.00 iters/s

running (0m25.0s), 003/050 VUs, 22 complete and 0 interrupted iterations
steady   [   8% ] 003/050 VUs  0m24.9s/5m0s  1.00 iters/s

running (0m26.0s), 003/050 VUs, 23 complete and 0 interrupted iterations
steady   [   9% ] 003/050 VUs  0m25.9s/5m0s  1.00 iters/s

running (0m27.0s), 002/050 VUs, 25 complete and 0 interrupted iterations
steady   [   9% ] 002/050 VUs  0m26.9s/5m0s  1.00 iters/s

running (0m28.0s), 002/050 VUs, 26 complete and 0 interrupted iterations
steady   [   9% ] 002/050 VUs  0m27.9s/5m0s  1.00 iters/s

running (0m29.0s), 003/050 VUs, 26 complete and 0 interrupted iterations
steady   [  10% ] 003/050 VUs  0m28.9s/5m0s  1.00 iters/s

running (0m30.0s), 003/050 VUs, 27 complete and 0 interrupted iterations
steady   [  10% ] 003/050 VUs  0m29.9s/5m0s  1.00 iters/s

running (0m31.0s), 003/050 VUs, 28 complete and 0 interrupted iterations
steady   [  10% ] 003/050 VUs  0m30.9s/5m0s  1.00 iters/s

running (0m32.0s), 003/050 VUs, 29 complete and 0 interrupted iterations
steady   [  11% ] 003/050 VUs  0m31.9s/5m0s  1.00 iters/s

running (0m33.0s), 003/050 VUs, 30 complete and 0 interrupted iterations
steady   [  11% ] 003/050 VUs  0m32.9s/5m0s  1.00 iters/s

running (0m34.0s), 003/050 VUs, 31 complete and 0 interrupted iterations
steady   [  11% ] 003/050 VUs  0m33.9s/5m0s  1.00 iters/s

running (0m35.0s), 003/050 VUs, 32 complete and 0 interrupted iterations
steady   [  12% ] 003/050 VUs  0m34.9s/5m0s  1.00 iters/s

running (0m36.0s), 003/050 VUs, 33 complete and 0 interrupted iterations
steady   [  12% ] 003/050 VUs  0m35.9s/5m0s  1.00 iters/s

running (0m37.0s), 003/050 VUs, 34 complete and 0 interrupted iterations
steady   [  12% ] 003/050 VUs  0m36.9s/5m0s  1.00 iters/s

running (0m38.0s), 003/050 VUs, 35 complete and 0 interrupted iterations
steady   [  13% ] 003/050 VUs  0m37.9s/5m0s  1.00 iters/s

running (0m39.0s), 003/050 VUs, 36 complete and 0 interrupted iterations
steady   [  13% ] 003/050 VUs  0m38.9s/5m0s  1.00 iters/s

running (0m40.0s), 003/050 VUs, 37 complete and 0 interrupted iterations
steady   [  13% ] 003/050 VUs  0m39.9s/5m0s  1.00 iters/s

running (0m41.0s), 002/050 VUs, 39 complete and 0 interrupted iterations
steady   [  14% ] 002/050 VUs  0m40.9s/5m0s  1.00 iters/s

running (0m42.0s), 002/050 VUs, 40 complete and 0 interrupted iterations
steady   [  14% ] 002/050 VUs  0m41.9s/5m0s  1.00 iters/s

running (0m43.0s), 003/050 VUs, 40 complete and 0 interrupted iterations
steady   [  14% ] 003/050 VUs  0m42.9s/5m0s  1.00 iters/s

running (0m44.0s), 003/050 VUs, 41 complete and 0 interrupted iterations
steady   [  15% ] 003/050 VUs  0m43.9s/5m0s  1.00 iters/s

running (0m45.0s), 003/050 VUs, 42 complete and 0 interrupted iterations
steady   [  15% ] 003/050 VUs  0m44.9s/5m0s  1.00 iters/s

running (0m46.0s), 003/050 VUs, 43 complete and 0 interrupted iterations
steady   [  15% ] 003/050 VUs  0m45.9s/5m0s  1.00 iters/s

running (0m47.0s), 003/050 VUs, 44 complete and 0 interrupted iterations
steady   [  16% ] 003/050 VUs  0m46.9s/5m0s  1.00 iters/s

running (0m48.0s), 003/050 VUs, 45 complete and 0 interrupted iterations
steady   [  16% ] 003/050 VUs  0m47.9s/5m0s  1.00 iters/s

running (0m49.0s), 003/050 VUs, 46 complete and 0 interrupted iterations
steady   [  16% ] 003/050 VUs  0m48.9s/5m0s  1.00 iters/s

running (0m50.0s), 003/050 VUs, 47 complete and 0 interrupted iterations
steady   [  17% ] 003/050 VUs  0m49.9s/5m0s  1.00 iters/s

running (0m51.0s), 003/050 VUs, 48 complete and 0 interrupted iterations
steady   [  17% ] 003/050 VUs  0m50.9s/5m0s  1.00 iters/s

running (0m52.0s), 002/050 VUs, 50 complete and 0 interrupted iterations
steady   [  17% ] 002/050 VUs  0m51.9s/5m0s  1.00 iters/s

running (0m53.0s), 003/050 VUs, 50 complete and 0 interrupted iterations
steady   [  18% ] 003/050 VUs  0m52.9s/5m0s  1.00 iters/s

running (0m54.0s), 003/050 VUs, 51 complete and 0 interrupted iterations
steady   [  18% ] 003/050 VUs  0m53.9s/5m0s  1.00 iters/s

running (0m55.0s), 004/050 VUs, 51 complete and 0 interrupted iterations
steady   [  18% ] 004/050 VUs  0m54.9s/5m0s  1.00 iters/s

running (0m56.0s), 003/050 VUs, 53 complete and 0 interrupted iterations
steady   [  19% ] 003/050 VUs  0m55.9s/5m0s  1.00 iters/s

running (0m57.0s), 003/050 VUs, 54 complete and 0 interrupted iterations
steady   [  19% ] 003/050 VUs  0m56.9s/5m0s  1.00 iters/s

running (0m58.0s), 003/050 VUs, 55 complete and 0 interrupted iterations
steady   [  19% ] 003/050 VUs  0m57.9s/5m0s  1.00 iters/s

running (0m59.0s), 003/050 VUs, 56 complete and 0 interrupted iterations
steady   [  20% ] 003/050 VUs  0m58.9s/5m0s  1.00 iters/s

running (1m00.0s), 003/050 VUs, 57 complete and 0 interrupted iterations
steady   [  20% ] 003/050 VUs  0m59.9s/5m0s  1.00 iters/s

running (1m01.0s), 003/050 VUs, 58 complete and 0 interrupted iterations
steady   [  20% ] 003/050 VUs  1m00.9s/5m0s  1.00 iters/s

running (1m02.0s), 003/050 VUs, 59 complete and 0 interrupted iterations
steady   [  21% ] 003/050 VUs  1m01.9s/5m0s  1.00 iters/s

running (1m03.0s), 003/050 VUs, 60 complete and 0 interrupted iterations
steady   [  21% ] 003/050 VUs  1m02.9s/5m0s  1.00 iters/s

running (1m04.0s), 003/050 VUs, 61 complete and 0 interrupted iterations
steady   [  21% ] 003/050 VUs  1m03.9s/5m0s  1.00 iters/s

running (1m05.0s), 004/050 VUs, 61 complete and 0 interrupted iterations
steady   [  22% ] 004/050 VUs  1m04.9s/5m0s  1.00 iters/s

running (1m06.0s), 004/050 VUs, 62 complete and 0 interrupted iterations
steady   [  22% ] 004/050 VUs  1m05.9s/5m0s  1.00 iters/s

running (1m07.0s), 004/050 VUs, 63 complete and 0 interrupted iterations
steady   [  22% ] 004/050 VUs  1m06.9s/5m0s  1.00 iters/s

running (1m08.0s), 004/050 VUs, 64 complete and 0 interrupted iterations
steady   [  23% ] 004/050 VUs  1m07.9s/5m0s  1.00 iters/s

running (1m09.0s), 004/050 VUs, 65 complete and 0 interrupted iterations
steady   [  23% ] 004/050 VUs  1m08.9s/5m0s  1.00 iters/s

running (1m10.0s), 004/050 VUs, 66 complete and 0 interrupted iterations
steady   [  23% ] 004/050 VUs  1m09.9s/5m0s  1.00 iters/s

running (1m11.0s), 003/050 VUs, 68 complete and 0 interrupted iterations
steady   [  24% ] 003/050 VUs  1m10.9s/5m0s  1.00 iters/s

running (1m12.0s), 003/050 VUs, 69 complete and 0 interrupted iterations
steady   [  24% ] 003/050 VUs  1m11.9s/5m0s  1.00 iters/s

running (1m13.0s), 003/050 VUs, 70 complete and 0 interrupted iterations
steady   [  24% ] 003/050 VUs  1m12.9s/5m0s  1.00 iters/s

running (1m14.0s), 003/050 VUs, 71 complete and 0 interrupted iterations
steady   [  25% ] 003/050 VUs  1m13.9s/5m0s  1.00 iters/s

running (1m15.0s), 003/050 VUs, 72 complete and 0 interrupted iterations
steady   [  25% ] 003/050 VUs  1m14.9s/5m0s  1.00 iters/s

running (1m16.0s), 003/050 VUs, 73 complete and 0 interrupted iterations
steady   [  25% ] 003/050 VUs  1m15.9s/5m0s  1.00 iters/s

running (1m17.0s), 003/050 VUs, 74 complete and 0 interrupted iterations
steady   [  26% ] 003/050 VUs  1m16.9s/5m0s  1.00 iters/s

running (1m18.0s), 003/050 VUs, 75 complete and 0 interrupted iterations
steady   [  26% ] 003/050 VUs  1m17.9s/5m0s  1.00 iters/s

running (1m19.0s), 004/050 VUs, 75 complete and 0 interrupted iterations
steady   [  26% ] 004/050 VUs  1m18.9s/5m0s  1.00 iters/s

running (1m20.0s), 004/050 VUs, 76 complete and 0 interrupted iterations
steady   [  27% ] 004/050 VUs  1m19.9s/5m0s  1.00 iters/s

running (1m21.0s), 004/050 VUs, 77 complete and 0 interrupted iterations
steady   [  27% ] 004/050 VUs  1m20.9s/5m0s  1.00 iters/s

running (1m22.0s), 004/050 VUs, 78 complete and 0 interrupted iterations
steady   [  27% ] 004/050 VUs  1m21.9s/5m0s  1.00 iters/s

running (1m23.0s), 004/050 VUs, 79 complete and 0 interrupted iterations
steady   [  28% ] 004/050 VUs  1m22.9s/5m0s  1.00 iters/s

running (1m24.0s), 003/050 VUs, 81 complete and 0 interrupted iterations
steady   [  28% ] 003/050 VUs  1m23.9s/5m0s  1.00 iters/s

running (1m25.0s), 003/050 VUs, 82 complete and 0 interrupted iterations
steady   [  28% ] 003/050 VUs  1m24.9s/5m0s  1.00 iters/s

running (1m26.0s), 002/050 VUs, 84 complete and 0 interrupted iterations
steady   [  29% ] 002/050 VUs  1m25.9s/5m0s  1.00 iters/s

running (1m27.0s), 002/050 VUs, 85 complete and 0 interrupted iterations
steady   [  29% ] 002/050 VUs  1m26.9s/5m0s  1.00 iters/s

running (1m28.0s), 002/050 VUs, 86 complete and 0 interrupted iterations
steady   [  29% ] 002/050 VUs  1m27.9s/5m0s  1.00 iters/s

running (1m29.0s), 002/050 VUs, 87 complete and 0 interrupted iterations
steady   [  30% ] 002/050 VUs  1m28.9s/5m0s  1.00 iters/s

running (1m30.0s), 002/050 VUs, 88 complete and 0 interrupted iterations
steady   [  30% ] 002/050 VUs  1m29.9s/5m0s  1.00 iters/s

running (1m31.0s), 002/050 VUs, 89 complete and 0 interrupted iterations
steady   [  30% ] 002/050 VUs  1m30.9s/5m0s  1.00 iters/s

running (1m32.0s), 002/050 VUs, 90 complete and 0 interrupted iterations
steady   [  31% ] 002/050 VUs  1m31.9s/5m0s  1.00 iters/s

running (1m33.0s), 003/050 VUs, 90 complete and 0 interrupted iterations
steady   [  31% ] 003/050 VUs  1m32.9s/5m0s  1.00 iters/s

running (1m34.0s), 003/050 VUs, 91 complete and 0 interrupted iterations
steady   [  31% ] 003/050 VUs  1m33.9s/5m0s  1.00 iters/s

running (1m35.0s), 003/050 VUs, 92 complete and 0 interrupted iterations
steady   [  32% ] 003/050 VUs  1m34.9s/5m0s  1.00 iters/s

running (1m36.0s), 003/050 VUs, 93 complete and 0 interrupted iterations
steady   [  32% ] 003/050 VUs  1m35.9s/5m0s  1.00 iters/s

running (1m37.0s), 003/050 VUs, 94 complete and 0 interrupted iterations
steady   [  32% ] 003/050 VUs  1m36.9s/5m0s  1.00 iters/s

running (1m38.0s), 003/050 VUs, 95 complete and 0 interrupted iterations
steady   [  33% ] 003/050 VUs  1m37.9s/5m0s  1.00 iters/s

running (1m39.0s), 003/050 VUs, 96 complete and 0 interrupted iterations
steady   [  33% ] 003/050 VUs  1m38.9s/5m0s  1.00 iters/s

running (1m40.0s), 002/050 VUs, 98 complete and 0 interrupted iterations
steady   [  33% ] 002/050 VUs  1m39.9s/5m0s  1.00 iters/s

running (1m41.0s), 002/050 VUs, 99 complete and 0 interrupted iterations
steady   [  34% ] 002/050 VUs  1m40.9s/5m0s  1.00 iters/s

running (1m42.0s), 002/050 VUs, 100 complete and 0 interrupted iterations
steady   [  34% ] 002/050 VUs  1m41.9s/5m0s  1.00 iters/s

running (1m43.0s), 002/050 VUs, 101 complete and 0 interrupted iterations
steady   [  34% ] 002/050 VUs  1m42.9s/5m0s  1.00 iters/s

running (1m44.0s), 002/050 VUs, 102 complete and 0 interrupted iterations
steady   [  35% ] 002/050 VUs  1m43.9s/5m0s  1.00 iters/s

running (1m45.0s), 002/050 VUs, 103 complete and 0 interrupted iterations
steady   [  35% ] 002/050 VUs  1m44.9s/5m0s  1.00 iters/s

running (1m46.0s), 002/050 VUs, 104 complete and 0 interrupted iterations
steady   [  35% ] 002/050 VUs  1m45.9s/5m0s  1.00 iters/s

running (1m47.0s), 002/050 VUs, 105 complete and 0 interrupted iterations
steady   [  36% ] 002/050 VUs  1m46.9s/5m0s  1.00 iters/s

running (1m48.0s), 003/050 VUs, 105 complete and 0 interrupted iterations
steady   [  36% ] 003/050 VUs  1m47.9s/5m0s  1.00 iters/s

running (1m49.0s), 003/050 VUs, 106 complete and 0 interrupted iterations
steady   [  36% ] 003/050 VUs  1m48.9s/5m0s  1.00 iters/s

running (1m50.0s), 003/050 VUs, 107 complete and 0 interrupted iterations
steady   [  37% ] 003/050 VUs  1m49.9s/5m0s  1.00 iters/s

running (1m51.0s), 003/050 VUs, 108 complete and 0 interrupted iterations
steady   [  37% ] 003/050 VUs  1m50.9s/5m0s  1.00 iters/s

running (1m52.0s), 003/050 VUs, 109 complete and 0 interrupted iterations
steady   [  37% ] 003/050 VUs  1m51.9s/5m0s  1.00 iters/s

running (1m53.0s), 002/050 VUs, 111 complete and 0 interrupted iterations
steady   [  38% ] 002/050 VUs  1m52.9s/5m0s  1.00 iters/s

running (1m54.0s), 002/050 VUs, 112 complete and 0 interrupted iterations
steady   [  38% ] 002/050 VUs  1m53.9s/5m0s  1.00 iters/s

running (1m55.0s), 002/050 VUs, 113 complete and 0 interrupted iterations
steady   [  38% ] 002/050 VUs  1m54.9s/5m0s  1.00 iters/s

running (1m56.0s), 002/050 VUs, 114 complete and 0 interrupted iterations
steady   [  39% ] 002/050 VUs  1m55.9s/5m0s  1.00 iters/s

running (1m57.0s), 002/050 VUs, 115 complete and 0 interrupted iterations
steady   [  39% ] 002/050 VUs  1m56.9s/5m0s  1.00 iters/s

running (1m58.0s), 002/050 VUs, 116 complete and 0 interrupted iterations
steady   [  39% ] 002/050 VUs  1m57.9s/5m0s  1.00 iters/s

running (1m59.0s), 002/050 VUs, 117 complete and 0 interrupted iterations
steady   [  40% ] 002/050 VUs  1m58.9s/5m0s  1.00 iters/s

running (2m00.0s), 002/050 VUs, 118 complete and 0 interrupted iterations
steady   [  40% ] 002/050 VUs  1m59.9s/5m0s  1.00 iters/s

running (2m01.0s), 002/050 VUs, 119 complete and 0 interrupted iterations
steady   [  40% ] 002/050 VUs  2m00.9s/5m0s  1.00 iters/s

running (2m02.0s), 003/050 VUs, 119 complete and 0 interrupted iterations
steady   [  41% ] 003/050 VUs  2m01.9s/5m0s  1.00 iters/s

running (2m03.0s), 003/050 VUs, 120 complete and 0 interrupted iterations
steady   [  41% ] 003/050 VUs  2m02.9s/5m0s  1.00 iters/s

running (2m04.0s), 003/050 VUs, 121 complete and 0 interrupted iterations
steady   [  41% ] 003/050 VUs  2m03.9s/5m0s  1.00 iters/s

running (2m05.0s), 003/050 VUs, 122 complete and 0 interrupted iterations
steady   [  42% ] 003/050 VUs  2m04.9s/5m0s  1.00 iters/s

running (2m06.0s), 003/050 VUs, 123 complete and 0 interrupted iterations
steady   [  42% ] 003/050 VUs  2m05.9s/5m0s  1.00 iters/s

running (2m07.0s), 003/050 VUs, 124 complete and 0 interrupted iterations
steady   [  42% ] 003/050 VUs  2m06.9s/5m0s  1.00 iters/s

running (2m08.0s), 002/050 VUs, 126 complete and 0 interrupted iterations
steady   [  43% ] 002/050 VUs  2m07.9s/5m0s  1.00 iters/s

running (2m09.0s), 002/050 VUs, 127 complete and 0 interrupted iterations
steady   [  43% ] 002/050 VUs  2m08.9s/5m0s  1.00 iters/s

running (2m10.0s), 002/050 VUs, 128 complete and 0 interrupted iterations
steady   [  43% ] 002/050 VUs  2m09.9s/5m0s  1.00 iters/s

running (2m11.0s), 002/050 VUs, 129 complete and 0 interrupted iterations
steady   [  44% ] 002/050 VUs  2m10.9s/5m0s  1.00 iters/s

running (2m12.0s), 002/050 VUs, 130 complete and 0 interrupted iterations
steady   [  44% ] 002/050 VUs  2m11.9s/5m0s  1.00 iters/s

running (2m13.0s), 002/050 VUs, 131 complete and 0 interrupted iterations
steady   [  44% ] 002/050 VUs  2m12.9s/5m0s  1.00 iters/s

running (2m14.0s), 002/050 VUs, 132 complete and 0 interrupted iterations
steady   [  45% ] 002/050 VUs  2m13.9s/5m0s  1.00 iters/s

running (2m15.0s), 002/050 VUs, 133 complete and 0 interrupted iterations
steady   [  45% ] 002/050 VUs  2m14.9s/5m0s  1.00 iters/s

running (2m16.0s), 003/050 VUs, 133 complete and 0 interrupted iterations
steady   [  45% ] 003/050 VUs  2m15.9s/5m0s  1.00 iters/s

running (2m17.0s), 003/050 VUs, 134 complete and 0 interrupted iterations
steady   [  46% ] 003/050 VUs  2m16.9s/5m0s  1.00 iters/s

running (2m18.0s), 003/050 VUs, 135 complete and 0 interrupted iterations
steady   [  46% ] 003/050 VUs  2m17.9s/5m0s  1.00 iters/s

running (2m19.0s), 003/050 VUs, 136 complete and 0 interrupted iterations
steady   [  46% ] 003/050 VUs  2m18.9s/5m0s  1.00 iters/s

running (2m20.0s), 003/050 VUs, 137 complete and 0 interrupted iterations
steady   [  47% ] 003/050 VUs  2m19.9s/5m0s  1.00 iters/s

running (2m21.0s), 003/050 VUs, 138 complete and 0 interrupted iterations
steady   [  47% ] 003/050 VUs  2m20.9s/5m0s  1.00 iters/s

running (2m22.0s), 002/050 VUs, 140 complete and 0 interrupted iterations
steady   [  47% ] 002/050 VUs  2m21.9s/5m0s  1.00 iters/s

running (2m23.0s), 002/050 VUs, 141 complete and 0 interrupted iterations
steady   [  48% ] 002/050 VUs  2m22.9s/5m0s  1.00 iters/s

running (2m24.0s), 002/050 VUs, 142 complete and 0 interrupted iterations
steady   [  48% ] 002/050 VUs  2m23.9s/5m0s  1.00 iters/s

running (2m25.0s), 002/050 VUs, 143 complete and 0 interrupted iterations
steady   [  48% ] 002/050 VUs  2m24.9s/5m0s  1.00 iters/s

running (2m26.0s), 002/050 VUs, 144 complete and 0 interrupted iterations
steady   [  49% ] 002/050 VUs  2m25.9s/5m0s  1.00 iters/s

running (2m27.0s), 002/050 VUs, 145 complete and 0 interrupted iterations
steady   [  49% ] 002/050 VUs  2m26.9s/5m0s  1.00 iters/s

running (2m28.0s), 002/050 VUs, 146 complete and 0 interrupted iterations
steady   [  49% ] 002/050 VUs  2m27.9s/5m0s  1.00 iters/s

running (2m29.0s), 002/050 VUs, 147 complete and 0 interrupted iterations
steady   [  50% ] 002/050 VUs  2m28.9s/5m0s  1.00 iters/s

running (2m30.0s), 003/050 VUs, 147 complete and 0 interrupted iterations
steady   [  50% ] 003/050 VUs  2m29.9s/5m0s  1.00 iters/s

running (2m31.0s), 003/050 VUs, 148 complete and 0 interrupted iterations
steady   [  50% ] 003/050 VUs  2m30.9s/5m0s  1.00 iters/s

running (2m32.0s), 003/050 VUs, 149 complete and 0 interrupted iterations
steady   [  51% ] 003/050 VUs  2m31.9s/5m0s  1.00 iters/s

running (2m33.0s), 003/050 VUs, 150 complete and 0 interrupted iterations
steady   [  51% ] 003/050 VUs  2m32.9s/5m0s  1.00 iters/s

running (2m34.0s), 003/050 VUs, 151 complete and 0 interrupted iterations
steady   [  51% ] 003/050 VUs  2m33.9s/5m0s  1.00 iters/s

running (2m35.0s), 003/050 VUs, 152 complete and 0 interrupted iterations
steady   [  52% ] 003/050 VUs  2m34.9s/5m0s  1.00 iters/s

running (2m36.0s), 002/050 VUs, 154 complete and 0 interrupted iterations
steady   [  52% ] 002/050 VUs  2m35.9s/5m0s  1.00 iters/s

running (2m37.0s), 002/050 VUs, 155 complete and 0 interrupted iterations
steady   [  52% ] 002/050 VUs  2m36.9s/5m0s  1.00 iters/s

running (2m38.0s), 002/050 VUs, 156 complete and 0 interrupted iterations
steady   [  53% ] 002/050 VUs  2m37.9s/5m0s  1.00 iters/s

running (2m39.0s), 002/050 VUs, 157 complete and 0 interrupted iterations
steady   [  53% ] 002/050 VUs  2m38.9s/5m0s  1.00 iters/s

running (2m40.0s), 002/050 VUs, 158 complete and 0 interrupted iterations
steady   [  53% ] 002/050 VUs  2m39.9s/5m0s  1.00 iters/s

running (2m41.0s), 002/050 VUs, 159 complete and 0 interrupted iterations
steady   [  54% ] 002/050 VUs  2m40.9s/5m0s  1.00 iters/s

running (2m42.0s), 002/050 VUs, 160 complete and 0 interrupted iterations
steady   [  54% ] 002/050 VUs  2m41.9s/5m0s  1.00 iters/s

running (2m43.0s), 002/050 VUs, 161 complete and 0 interrupted iterations
steady   [  54% ] 002/050 VUs  2m42.9s/5m0s  1.00 iters/s

running (2m44.0s), 002/050 VUs, 162 complete and 0 interrupted iterations
steady   [  55% ] 002/050 VUs  2m43.9s/5m0s  1.00 iters/s

running (2m45.0s), 003/050 VUs, 162 complete and 0 interrupted iterations
steady   [  55% ] 003/050 VUs  2m44.9s/5m0s  1.00 iters/s

running (2m46.0s), 003/050 VUs, 163 complete and 0 interrupted iterations
steady   [  55% ] 003/050 VUs  2m45.9s/5m0s  1.00 iters/s

running (2m47.0s), 003/050 VUs, 164 complete and 0 interrupted iterations
steady   [  56% ] 003/050 VUs  2m46.9s/5m0s  1.00 iters/s

running (2m48.0s), 003/050 VUs, 165 complete and 0 interrupted iterations
steady   [  56% ] 003/050 VUs  2m47.9s/5m0s  1.00 iters/s

running (2m49.0s), 002/050 VUs, 167 complete and 0 interrupted iterations
steady   [  56% ] 002/050 VUs  2m48.9s/5m0s  1.00 iters/s

running (2m50.0s), 002/050 VUs, 168 complete and 0 interrupted iterations
steady   [  57% ] 002/050 VUs  2m49.9s/5m0s  1.00 iters/s

running (2m51.0s), 002/050 VUs, 169 complete and 0 interrupted iterations
steady   [  57% ] 002/050 VUs  2m50.9s/5m0s  1.00 iters/s

running (2m52.0s), 002/050 VUs, 170 complete and 0 interrupted iterations
steady   [  57% ] 002/050 VUs  2m51.9s/5m0s  1.00 iters/s

running (2m53.0s), 002/050 VUs, 171 complete and 0 interrupted iterations
steady   [  58% ] 002/050 VUs  2m52.9s/5m0s  1.00 iters/s

running (2m54.0s), 002/050 VUs, 172 complete and 0 interrupted iterations
steady   [  58% ] 002/050 VUs  2m53.9s/5m0s  1.00 iters/s

running (2m55.0s), 002/050 VUs, 173 complete and 0 interrupted iterations
steady   [  58% ] 002/050 VUs  2m54.9s/5m0s  1.00 iters/s

running (2m56.0s), 002/050 VUs, 174 complete and 0 interrupted iterations
steady   [  59% ] 002/050 VUs  2m55.9s/5m0s  1.00 iters/s

running (2m57.0s), 002/050 VUs, 175 complete and 0 interrupted iterations
steady   [  59% ] 002/050 VUs  2m56.9s/5m0s  1.00 iters/s

running (2m58.0s), 002/050 VUs, 176 complete and 0 interrupted iterations
steady   [  59% ] 002/050 VUs  2m57.9s/5m0s  1.00 iters/s

running (2m59.0s), 003/050 VUs, 176 complete and 0 interrupted iterations
steady   [  60% ] 003/050 VUs  2m58.9s/5m0s  1.00 iters/s

running (3m00.0s), 003/050 VUs, 177 complete and 0 interrupted iterations
steady   [  60% ] 003/050 VUs  2m59.9s/5m0s  1.00 iters/s

running (3m01.0s), 003/050 VUs, 178 complete and 0 interrupted iterations
steady   [  60% ] 003/050 VUs  3m00.9s/5m0s  1.00 iters/s

running (3m02.0s), 003/050 VUs, 179 complete and 0 interrupted iterations
steady   [  61% ] 003/050 VUs  3m01.9s/5m0s  1.00 iters/s

running (3m03.0s), 003/050 VUs, 180 complete and 0 interrupted iterations
steady   [  61% ] 003/050 VUs  3m02.9s/5m0s  1.00 iters/s

running (3m04.0s), 002/050 VUs, 182 complete and 0 interrupted iterations
steady   [  61% ] 002/050 VUs  3m03.9s/5m0s  1.00 iters/s

running (3m05.0s), 002/050 VUs, 183 complete and 0 interrupted iterations
steady   [  62% ] 002/050 VUs  3m04.9s/5m0s  1.00 iters/s

running (3m06.0s), 002/050 VUs, 184 complete and 0 interrupted iterations
steady   [  62% ] 002/050 VUs  3m05.9s/5m0s  1.00 iters/s

running (3m07.0s), 002/050 VUs, 185 complete and 0 interrupted iterations
steady   [  62% ] 002/050 VUs  3m06.9s/5m0s  1.00 iters/s

running (3m08.0s), 002/050 VUs, 186 complete and 0 interrupted iterations
steady   [  63% ] 002/050 VUs  3m07.9s/5m0s  1.00 iters/s

running (3m09.0s), 002/050 VUs, 187 complete and 0 interrupted iterations
steady   [  63% ] 002/050 VUs  3m08.9s/5m0s  1.00 iters/s

running (3m10.0s), 002/050 VUs, 188 complete and 0 interrupted iterations
steady   [  63% ] 002/050 VUs  3m09.9s/5m0s  1.00 iters/s

running (3m11.0s), 002/050 VUs, 189 complete and 0 interrupted iterations
steady   [  64% ] 002/050 VUs  3m10.9s/5m0s  1.00 iters/s

running (3m12.0s), 002/050 VUs, 190 complete and 0 interrupted iterations
steady   [  64% ] 002/050 VUs  3m11.9s/5m0s  1.00 iters/s

running (3m13.0s), 002/050 VUs, 191 complete and 0 interrupted iterations
steady   [  64% ] 002/050 VUs  3m12.9s/5m0s  1.00 iters/s

running (3m14.0s), 003/050 VUs, 191 complete and 0 interrupted iterations
steady   [  65% ] 003/050 VUs  3m13.9s/5m0s  1.00 iters/s

running (3m15.0s), 003/050 VUs, 192 complete and 0 interrupted iterations
steady   [  65% ] 003/050 VUs  3m14.9s/5m0s  1.00 iters/s

running (3m16.0s), 003/050 VUs, 193 complete and 0 interrupted iterations
steady   [  65% ] 003/050 VUs  3m15.9s/5m0s  1.00 iters/s

running (3m17.0s), 003/050 VUs, 194 complete and 0 interrupted iterations
steady   [  66% ] 003/050 VUs  3m16.9s/5m0s  1.00 iters/s

running (3m18.0s), 002/050 VUs, 196 complete and 0 interrupted iterations
steady   [  66% ] 002/050 VUs  3m17.9s/5m0s  1.00 iters/s

running (3m19.0s), 002/050 VUs, 197 complete and 0 interrupted iterations
steady   [  66% ] 002/050 VUs  3m18.9s/5m0s  1.00 iters/s

running (3m20.0s), 002/050 VUs, 198 complete and 0 interrupted iterations
steady   [  67% ] 002/050 VUs  3m19.9s/5m0s  1.00 iters/s

running (3m21.0s), 002/050 VUs, 199 complete and 0 interrupted iterations
steady   [  67% ] 002/050 VUs  3m20.9s/5m0s  1.00 iters/s

running (3m22.0s), 002/050 VUs, 200 complete and 0 interrupted iterations
steady   [  67% ] 002/050 VUs  3m21.9s/5m0s  1.00 iters/s

running (3m23.0s), 002/050 VUs, 201 complete and 0 interrupted iterations
steady   [  68% ] 002/050 VUs  3m22.9s/5m0s  1.00 iters/s

running (3m24.0s), 002/050 VUs, 202 complete and 0 interrupted iterations
steady   [  68% ] 002/050 VUs  3m23.9s/5m0s  1.00 iters/s

running (3m25.0s), 002/050 VUs, 203 complete and 0 interrupted iterations
steady   [  68% ] 002/050 VUs  3m24.9s/5m0s  1.00 iters/s

running (3m26.0s), 002/050 VUs, 204 complete and 0 interrupted iterations
steady   [  69% ] 002/050 VUs  3m25.9s/5m0s  1.00 iters/s

running (3m27.0s), 002/050 VUs, 205 complete and 0 interrupted iterations
steady   [  69% ] 002/050 VUs  3m26.9s/5m0s  1.00 iters/s

running (3m28.0s), 002/050 VUs, 206 complete and 0 interrupted iterations
steady   [  69% ] 002/050 VUs  3m27.9s/5m0s  1.00 iters/s

running (3m29.0s), 003/050 VUs, 206 complete and 0 interrupted iterations
steady   [  70% ] 003/050 VUs  3m28.9s/5m0s  1.00 iters/s

running (3m30.0s), 003/050 VUs, 207 complete and 0 interrupted iterations
steady   [  70% ] 003/050 VUs  3m29.9s/5m0s  1.00 iters/s

running (3m31.0s), 003/050 VUs, 208 complete and 0 interrupted iterations
steady   [  70% ] 003/050 VUs  3m30.9s/5m0s  1.00 iters/s

running (3m32.0s), 002/050 VUs, 210 complete and 0 interrupted iterations
steady   [  71% ] 002/050 VUs  3m31.9s/5m0s  1.00 iters/s

running (3m33.0s), 002/050 VUs, 211 complete and 0 interrupted iterations
steady   [  71% ] 002/050 VUs  3m32.9s/5m0s  1.00 iters/s

running (3m34.0s), 002/050 VUs, 212 complete and 0 interrupted iterations
steady   [  71% ] 002/050 VUs  3m33.9s/5m0s  1.00 iters/s

running (3m35.0s), 002/050 VUs, 213 complete and 0 interrupted iterations
steady   [  72% ] 002/050 VUs  3m34.9s/5m0s  1.00 iters/s

running (3m36.0s), 002/050 VUs, 214 complete and 0 interrupted iterations
steady   [  72% ] 002/050 VUs  3m35.9s/5m0s  1.00 iters/s

running (3m37.0s), 002/050 VUs, 215 complete and 0 interrupted iterations
steady   [  72% ] 002/050 VUs  3m36.9s/5m0s  1.00 iters/s

running (3m38.0s), 002/050 VUs, 216 complete and 0 interrupted iterations
steady   [  73% ] 002/050 VUs  3m37.9s/5m0s  1.00 iters/s

running (3m39.0s), 002/050 VUs, 217 complete and 0 interrupted iterations
steady   [  73% ] 002/050 VUs  3m38.9s/5m0s  1.00 iters/s

running (3m40.0s), 002/050 VUs, 218 complete and 0 interrupted iterations
steady   [  73% ] 002/050 VUs  3m39.9s/5m0s  1.00 iters/s

running (3m41.0s), 002/050 VUs, 219 complete and 0 interrupted iterations
steady   [  74% ] 002/050 VUs  3m40.9s/5m0s  1.00 iters/s

running (3m42.0s), 003/050 VUs, 219 complete and 0 interrupted iterations
steady   [  74% ] 003/050 VUs  3m41.9s/5m0s  1.00 iters/s

running (3m43.0s), 003/050 VUs, 220 complete and 0 interrupted iterations
steady   [  74% ] 003/050 VUs  3m42.9s/5m0s  1.00 iters/s

running (3m44.0s), 003/050 VUs, 221 complete and 0 interrupted iterations
steady   [  75% ] 003/050 VUs  3m43.9s/5m0s  1.00 iters/s

running (3m45.0s), 003/050 VUs, 222 complete and 0 interrupted iterations
steady   [  75% ] 003/050 VUs  3m44.9s/5m0s  1.00 iters/s

running (3m46.0s), 002/050 VUs, 224 complete and 0 interrupted iterations
steady   [  75% ] 002/050 VUs  3m45.9s/5m0s  1.00 iters/s

running (3m47.0s), 002/050 VUs, 225 complete and 0 interrupted iterations
steady   [  76% ] 002/050 VUs  3m46.9s/5m0s  1.00 iters/s

running (3m48.0s), 002/050 VUs, 226 complete and 0 interrupted iterations
steady   [  76% ] 002/050 VUs  3m47.9s/5m0s  1.00 iters/s

running (3m49.0s), 002/050 VUs, 227 complete and 0 interrupted iterations
steady   [  76% ] 002/050 VUs  3m48.9s/5m0s  1.00 iters/s

running (3m50.0s), 002/050 VUs, 228 complete and 0 interrupted iterations
steady   [  77% ] 002/050 VUs  3m49.9s/5m0s  1.00 iters/s

running (3m51.0s), 002/050 VUs, 229 complete and 0 interrupted iterations
steady   [  77% ] 002/050 VUs  3m50.9s/5m0s  1.00 iters/s

running (3m52.0s), 002/050 VUs, 230 complete and 0 interrupted iterations
steady   [  77% ] 002/050 VUs  3m51.9s/5m0s  1.00 iters/s

running (3m53.0s), 002/050 VUs, 231 complete and 0 interrupted iterations
steady   [  78% ] 002/050 VUs  3m52.9s/5m0s  1.00 iters/s

running (3m54.0s), 002/050 VUs, 232 complete and 0 interrupted iterations
steady   [  78% ] 002/050 VUs  3m53.9s/5m0s  1.00 iters/s

running (3m55.0s), 002/050 VUs, 233 complete and 0 interrupted iterations
steady   [  78% ] 002/050 VUs  3m54.9s/5m0s  1.00 iters/s

running (3m56.0s), 003/050 VUs, 233 complete and 0 interrupted iterations
steady   [  79% ] 003/050 VUs  3m55.9s/5m0s  1.00 iters/s

running (3m57.0s), 003/050 VUs, 234 complete and 0 interrupted iterations
steady   [  79% ] 003/050 VUs  3m56.9s/5m0s  1.00 iters/s

running (3m58.0s), 003/050 VUs, 235 complete and 0 interrupted iterations
steady   [  79% ] 003/050 VUs  3m57.9s/5m0s  1.00 iters/s

running (3m59.0s), 003/050 VUs, 236 complete and 0 interrupted iterations
steady   [  80% ] 003/050 VUs  3m58.9s/5m0s  1.00 iters/s

running (4m00.0s), 003/050 VUs, 237 complete and 0 interrupted iterations
steady   [  80% ] 003/050 VUs  3m59.9s/5m0s  1.00 iters/s

running (4m01.0s), 002/050 VUs, 239 complete and 0 interrupted iterations
steady   [  80% ] 002/050 VUs  4m00.9s/5m0s  1.00 iters/s

running (4m02.0s), 002/050 VUs, 240 complete and 0 interrupted iterations
steady   [  81% ] 002/050 VUs  4m01.9s/5m0s  1.00 iters/s

running (4m03.0s), 002/050 VUs, 241 complete and 0 interrupted iterations
steady   [  81% ] 002/050 VUs  4m02.9s/5m0s  1.00 iters/s

running (4m04.0s), 001/050 VUs, 243 complete and 0 interrupted iterations
steady   [  81% ] 001/050 VUs  4m03.9s/5m0s  1.00 iters/s

running (4m05.0s), 002/050 VUs, 243 complete and 0 interrupted iterations
steady   [  82% ] 002/050 VUs  4m04.9s/5m0s  1.00 iters/s

running (4m06.0s), 002/050 VUs, 244 complete and 0 interrupted iterations
steady   [  82% ] 002/050 VUs  4m05.9s/5m0s  1.00 iters/s

running (4m07.0s), 002/050 VUs, 245 complete and 0 interrupted iterations
steady   [  82% ] 002/050 VUs  4m06.9s/5m0s  1.00 iters/s

running (4m08.0s), 002/050 VUs, 246 complete and 0 interrupted iterations
steady   [  83% ] 002/050 VUs  4m07.9s/5m0s  1.00 iters/s

running (4m09.0s), 002/050 VUs, 247 complete and 0 interrupted iterations
steady   [  83% ] 002/050 VUs  4m08.9s/5m0s  1.00 iters/s

running (4m10.0s), 002/050 VUs, 248 complete and 0 interrupted iterations
steady   [  83% ] 002/050 VUs  4m09.9s/5m0s  1.00 iters/s

running (4m11.0s), 003/050 VUs, 248 complete and 0 interrupted iterations
steady   [  84% ] 003/050 VUs  4m10.9s/5m0s  1.00 iters/s

running (4m12.0s), 003/050 VUs, 249 complete and 0 interrupted iterations
steady   [  84% ] 003/050 VUs  4m11.9s/5m0s  1.00 iters/s

running (4m13.0s), 002/050 VUs, 251 complete and 0 interrupted iterations
steady   [  84% ] 002/050 VUs  4m12.9s/5m0s  1.00 iters/s

running (4m14.0s), 002/050 VUs, 252 complete and 0 interrupted iterations
steady   [  85% ] 002/050 VUs  4m13.9s/5m0s  1.00 iters/s

running (4m15.0s), 002/050 VUs, 253 complete and 0 interrupted iterations
steady   [  85% ] 002/050 VUs  4m14.9s/5m0s  1.00 iters/s

running (4m16.0s), 002/050 VUs, 254 complete and 0 interrupted iterations
steady   [  85% ] 002/050 VUs  4m15.9s/5m0s  1.00 iters/s

running (4m17.0s), 002/050 VUs, 255 complete and 0 interrupted iterations
steady   [  86% ] 002/050 VUs  4m16.9s/5m0s  1.00 iters/s

running (4m18.0s), 002/050 VUs, 256 complete and 0 interrupted iterations
steady   [  86% ] 002/050 VUs  4m17.9s/5m0s  1.00 iters/s

running (4m19.0s), 002/050 VUs, 257 complete and 0 interrupted iterations
steady   [  86% ] 002/050 VUs  4m18.9s/5m0s  1.00 iters/s

running (4m20.0s), 002/050 VUs, 258 complete and 0 interrupted iterations
steady   [  87% ] 002/050 VUs  4m19.9s/5m0s  1.00 iters/s

running (4m21.0s), 002/050 VUs, 259 complete and 0 interrupted iterations
steady   [  87% ] 002/050 VUs  4m20.9s/5m0s  1.00 iters/s

running (4m22.0s), 002/050 VUs, 260 complete and 0 interrupted iterations
steady   [  87% ] 002/050 VUs  4m21.9s/5m0s  1.00 iters/s

running (4m23.0s), 002/050 VUs, 261 complete and 0 interrupted iterations
steady   [  88% ] 002/050 VUs  4m22.9s/5m0s  1.00 iters/s

running (4m24.0s), 002/050 VUs, 262 complete and 0 interrupted iterations
steady   [  88% ] 002/050 VUs  4m23.9s/5m0s  1.00 iters/s

running (4m25.0s), 002/050 VUs, 263 complete and 0 interrupted iterations
steady   [  88% ] 002/050 VUs  4m24.9s/5m0s  1.00 iters/s

running (4m26.0s), 003/050 VUs, 263 complete and 0 interrupted iterations
steady   [  89% ] 003/050 VUs  4m25.9s/5m0s  1.00 iters/s

running (4m27.0s), 003/050 VUs, 264 complete and 0 interrupted iterations
steady   [  89% ] 003/050 VUs  4m26.9s/5m0s  1.00 iters/s

running (4m28.0s), 002/050 VUs, 266 complete and 0 interrupted iterations
steady   [  89% ] 002/050 VUs  4m27.9s/5m0s  1.00 iters/s

running (4m29.0s), 002/050 VUs, 267 complete and 0 interrupted iterations
steady   [  90% ] 002/050 VUs  4m28.9s/5m0s  1.00 iters/s

running (4m30.0s), 002/050 VUs, 268 complete and 0 interrupted iterations
steady   [  90% ] 002/050 VUs  4m29.9s/5m0s  1.00 iters/s

running (4m31.0s), 002/050 VUs, 269 complete and 0 interrupted iterations
steady   [  90% ] 002/050 VUs  4m30.9s/5m0s  1.00 iters/s

running (4m32.0s), 002/050 VUs, 270 complete and 0 interrupted iterations
steady   [  91% ] 002/050 VUs  4m31.9s/5m0s  1.00 iters/s

running (4m33.0s), 002/050 VUs, 271 complete and 0 interrupted iterations
steady   [  91% ] 002/050 VUs  4m32.9s/5m0s  1.00 iters/s

running (4m34.0s), 002/050 VUs, 272 complete and 0 interrupted iterations
steady   [  91% ] 002/050 VUs  4m33.9s/5m0s  1.00 iters/s

running (4m35.0s), 002/050 VUs, 273 complete and 0 interrupted iterations
steady   [  92% ] 002/050 VUs  4m34.9s/5m0s  1.00 iters/s

running (4m36.0s), 002/050 VUs, 274 complete and 0 interrupted iterations
steady   [  92% ] 002/050 VUs  4m35.9s/5m0s  1.00 iters/s

running (4m37.0s), 002/050 VUs, 275 complete and 0 interrupted iterations
steady   [  92% ] 002/050 VUs  4m36.9s/5m0s  1.00 iters/s

running (4m38.0s), 002/050 VUs, 276 complete and 0 interrupted iterations
steady   [  93% ] 002/050 VUs  4m37.9s/5m0s  1.00 iters/s

running (4m39.0s), 002/050 VUs, 277 complete and 0 interrupted iterations
steady   [  93% ] 002/050 VUs  4m38.9s/5m0s  1.00 iters/s

running (4m40.0s), 003/050 VUs, 277 complete and 0 interrupted iterations
steady   [  93% ] 003/050 VUs  4m39.9s/5m0s  1.00 iters/s

running (4m41.0s), 003/050 VUs, 278 complete and 0 interrupted iterations
steady   [  94% ] 003/050 VUs  4m40.9s/5m0s  1.00 iters/s

running (4m42.0s), 003/050 VUs, 279 complete and 0 interrupted iterations
steady   [  94% ] 003/050 VUs  4m41.9s/5m0s  1.00 iters/s

running (4m43.0s), 002/050 VUs, 281 complete and 0 interrupted iterations
steady   [  94% ] 002/050 VUs  4m42.9s/5m0s  1.00 iters/s

running (4m44.0s), 002/050 VUs, 282 complete and 0 interrupted iterations
steady   [  95% ] 002/050 VUs  4m43.9s/5m0s  1.00 iters/s

running (4m45.0s), 002/050 VUs, 283 complete and 0 interrupted iterations
steady   [  95% ] 002/050 VUs  4m44.9s/5m0s  1.00 iters/s

running (4m46.0s), 002/050 VUs, 284 complete and 0 interrupted iterations
steady   [  95% ] 002/050 VUs  4m45.9s/5m0s  1.00 iters/s

running (4m47.0s), 002/050 VUs, 285 complete and 0 interrupted iterations
steady   [  96% ] 002/050 VUs  4m46.9s/5m0s  1.00 iters/s

running (4m48.0s), 002/050 VUs, 286 complete and 0 interrupted iterations
steady   [  96% ] 002/050 VUs  4m47.9s/5m0s  1.00 iters/s

running (4m49.0s), 002/050 VUs, 287 complete and 0 interrupted iterations
steady   [  96% ] 002/050 VUs  4m48.9s/5m0s  1.00 iters/s

running (4m50.0s), 002/050 VUs, 288 complete and 0 interrupted iterations
steady   [  97% ] 002/050 VUs  4m49.9s/5m0s  1.00 iters/s

running (4m51.0s), 002/050 VUs, 289 complete and 0 interrupted iterations
steady   [  97% ] 002/050 VUs  4m50.9s/5m0s  1.00 iters/s

running (4m52.0s), 002/050 VUs, 290 complete and 0 interrupted iterations
steady   [  97% ] 002/050 VUs  4m51.9s/5m0s  1.00 iters/s

running (4m53.0s), 003/050 VUs, 290 complete and 0 interrupted iterations
steady   [  98% ] 003/050 VUs  4m52.9s/5m0s  1.00 iters/s

running (4m54.0s), 003/050 VUs, 291 complete and 0 interrupted iterations
steady   [  98% ] 003/050 VUs  4m53.9s/5m0s  1.00 iters/s

running (4m55.0s), 003/050 VUs, 292 complete and 0 interrupted iterations
steady   [  98% ] 003/050 VUs  4m54.9s/5m0s  1.00 iters/s

running (4m56.0s), 003/050 VUs, 293 complete and 0 interrupted iterations
steady   [  99% ] 003/050 VUs  4m55.9s/5m0s  1.00 iters/s

running (4m57.0s), 002/050 VUs, 295 complete and 0 interrupted iterations
steady   [  99% ] 002/050 VUs  4m56.9s/5m0s  1.00 iters/s

running (4m58.0s), 002/050 VUs, 296 complete and 0 interrupted iterations
steady   [  99% ] 002/050 VUs  4m57.9s/5m0s  1.00 iters/s

running (4m59.0s), 002/050 VUs, 297 complete and 0 interrupted iterations
steady   [ 100% ] 002/050 VUs  4m58.9s/5m0s  1.00 iters/s

running (5m00.0s), 002/050 VUs, 298 complete and 0 interrupted iterations
steady   [ 100% ] 002/050 VUs  4m59.9s/5m0s  1.00 iters/s

running (5m01.0s), 001/050 VUs, 299 complete and 0 interrupted iterations
steady ↓ [ 100% ] 002/050 VUs  5m0s  1.00 iters/s

================ DSP benchmark summary ================
-- per-phase latency --
  catalog                    p50=66.1 ms  p95=74.4 ms  p99=80.0 ms  max=81.2 ms  n=300
  negotiation init (POST)    p50=6.7 ms  p95=7.9 ms  p99=31.9 ms  max=103.0 ms  n=300
  time-to-AGREED (async)     p50=1780.0 ms  p95=2287.0 ms  p99=2288.0 ms  max=2542.0 ms  n=300
  transfer init (POST)       p50=7.5 ms  p95=10.1 ms  p99=27.8 ms  max=42.1 ms  n=300
  time-to-EDR (async)        p50=765.0 ms  p95=1272.0 ms  p99=1273.0 ms  max=1275.0 ms  n=299
  data pull                  p50=6.4 ms  p95=7.0 ms  p99=7.4 ms  max=8.1 ms  n=299
-- end-to-end + throughput --
  e2e transaction            p50=2634.0 ms  p95=3389.5 ms  p99=3650.1 ms  max=3666.0 ms  n=299
  data throughput (MB/s)     p50=0.0  p95=0.0  p99=0.1  max=0.1  n=299
-- outcomes --
  transactions succeeded     count=299  rate=0.991/s
  transactions failed        count=1  rate=0.003/s
  failed rate                rate=0.33%  (pass=1 fail=299)
    of which TERMINATED      (no data)
    of which TIMED OUT       count=1  rate=0.003/s
    of which HTTP-FAILED     (no data)
  failure accounting       1/1 classified  (complete)
-- observer effect (poll load) --
  negotiation polls          count=2489  rate=8.248/s
  edr polls                  count=1255  rate=4.159/s
  polls per transaction     negotiation=8.3  edr=4.2  (timeout ceiling=120)
=======================================================
(full summary -> /home/rohitj/edc/benchmarking-dsp-native-basyx/k6-scripts/results/basyx/on/steady/2026-08-11T17-32-11Z/k6-summary.json; POLL_INTERVAL_MS=250; IDENTITY_MODE=on)

running (5m01.8s), 000/050 VUs, 300 complete and 0 interrupted iterations
steady ✓ [ 100% ] 000/050 VUs  5m0s  1.00 iters/s
Prometheus snapshot [1786469634..1786469951] svc=(dsp-native-basyx|consumer-controlplane) win=1m -> /home/rohitj/edc/benchmarking-dsp-native-basyx/k6-scripts/results/basyx/on/steady/2026-08-11T17-32-11Z
  jvm-heap.csv (128 rows)
  jvm-gc-rate.csv (128 rows)
  jvm-threads.csv (128 rows)
  http-throughput.csv (128 rows)
  http-p95.csv (128 rows)
  http-errors.csv (128 rows)
  http-errors-5xx.csv (64 rows)
  http-status.csv (512 rows)
  host-cpu-busy.csv (64 rows)
  host-mem-used.csv (64 rows)
  5xx: 5xx PRESENT (64 samples) — connector-side faults, see http-errors-5xx.csv
  logs -> /home/rohitj/edc/benchmarking-dsp-native-basyx/k6-scripts/results/basyx/on/steady/2026-08-11T17-32-11Z/logs (2 files)
    consumer-controlplane.log:8
    dsp-native-basyx.log:2
VALIDITY  ok=299  failed=1  failed_rate=0%  dropped_iterations=0
>>> done: /home/rohitj/edc/benchmarking-dsp-native-basyx/k6-scripts/results/basyx/on/steady/2026-08-11T17-32-11Z  (k6 exit 0)
===== repetition 5/5 =====
----- basyx / steady (rep 5) -----
>>> basyx / steady  ->  /home/rohitj/edc/benchmarking-dsp-native-basyx/k6-scripts/results/basyx/on/steady/2026-08-11T17-39-11Z
parity OK: lib/ + scenarios/ + orchestration/ + tools/ identical to /home/rohitj/edc/benchmarking-dsp-native-basyx/k6-scripts
Health: http://localhost:29010/management + prometheus  OK
Warmup 60s @ 1/s (discarded)
  draining 20s before the measured window opens
k6 -> Prometheus remote-write: http://localhost:9090/api/v1/write

         /\      Grafana   /‾‾/  
    /\  /  \     |\  __   /  /   
   /  \/    \    | |/ /  /   ‾‾\ 
  /          \   |   (  |  (‾)  |
 / __________ \  |_|\_\  \_____/ 


     execution: local
        script: /home/rohitj/edc/benchmarking-dsp-native-basyx/k6-scripts/scenarios/steady.js
        output: Prometheus remote write (http://localhost:9090/api/v1/write)

     scenarios: (100.00%) 1 scenario, 200 max VUs, 5m30s max duration (incl. graceful stop):
              * steady: 1.00 iterations/s for 5m0s (maxVUs: 50-200, gracefulStop: 30s)


running (0m01.0s), 001/050 VUs, 0 complete and 0 interrupted iterations
steady   [   0% ] 001/050 VUs  0m00.9s/5m0s  1.00 iters/s

running (0m02.0s), 002/050 VUs, 0 complete and 0 interrupted iterations
steady   [   1% ] 002/050 VUs  0m01.9s/5m0s  1.00 iters/s

running (0m03.0s), 002/050 VUs, 1 complete and 0 interrupted iterations
steady   [   1% ] 002/050 VUs  0m02.9s/5m0s  1.00 iters/s

running (0m04.0s), 002/050 VUs, 2 complete and 0 interrupted iterations
steady   [   1% ] 002/050 VUs  0m03.9s/5m0s  1.00 iters/s

running (0m05.0s), 002/050 VUs, 3 complete and 0 interrupted iterations
steady   [   2% ] 002/050 VUs  0m04.9s/5m0s  1.00 iters/s

running (0m06.0s), 002/050 VUs, 4 complete and 0 interrupted iterations
steady   [   2% ] 002/050 VUs  0m05.9s/5m0s  1.00 iters/s

running (0m07.0s), 002/050 VUs, 5 complete and 0 interrupted iterations
steady   [   2% ] 002/050 VUs  0m06.9s/5m0s  1.00 iters/s

running (0m08.0s), 002/050 VUs, 6 complete and 0 interrupted iterations
steady   [   3% ] 002/050 VUs  0m07.9s/5m0s  1.00 iters/s

running (0m09.0s), 002/050 VUs, 7 complete and 0 interrupted iterations
steady   [   3% ] 002/050 VUs  0m08.9s/5m0s  1.00 iters/s

running (0m10.0s), 002/050 VUs, 8 complete and 0 interrupted iterations
steady   [   3% ] 002/050 VUs  0m09.9s/5m0s  1.00 iters/s

running (0m11.0s), 003/050 VUs, 8 complete and 0 interrupted iterations
steady   [   4% ] 003/050 VUs  0m10.9s/5m0s  1.00 iters/s

running (0m12.0s), 003/050 VUs, 9 complete and 0 interrupted iterations
steady   [   4% ] 003/050 VUs  0m11.9s/5m0s  1.00 iters/s

running (0m13.0s), 003/050 VUs, 10 complete and 0 interrupted iterations
steady   [   4% ] 003/050 VUs  0m12.9s/5m0s  1.00 iters/s

running (0m14.0s), 003/050 VUs, 11 complete and 0 interrupted iterations
steady   [   5% ] 003/050 VUs  0m13.9s/5m0s  1.00 iters/s

running (0m15.0s), 003/050 VUs, 12 complete and 0 interrupted iterations
steady   [   5% ] 003/050 VUs  0m14.9s/5m0s  1.00 iters/s

running (0m16.0s), 002/050 VUs, 14 complete and 0 interrupted iterations
steady   [   5% ] 002/050 VUs  0m15.9s/5m0s  1.00 iters/s

running (0m17.0s), 002/050 VUs, 15 complete and 0 interrupted iterations
steady   [   6% ] 002/050 VUs  0m16.9s/5m0s  1.00 iters/s

running (0m18.0s), 002/050 VUs, 16 complete and 0 interrupted iterations
steady   [   6% ] 002/050 VUs  0m17.9s/5m0s  1.00 iters/s

running (0m19.0s), 002/050 VUs, 17 complete and 0 interrupted iterations
steady   [   6% ] 002/050 VUs  0m18.9s/5m0s  1.00 iters/s

running (0m20.0s), 002/050 VUs, 18 complete and 0 interrupted iterations
steady   [   7% ] 002/050 VUs  0m19.9s/5m0s  1.00 iters/s

running (0m21.0s), 002/050 VUs, 19 complete and 0 interrupted iterations
steady   [   7% ] 002/050 VUs  0m20.9s/5m0s  1.00 iters/s

running (0m22.0s), 002/050 VUs, 20 complete and 0 interrupted iterations
steady   [   7% ] 002/050 VUs  0m21.9s/5m0s  1.00 iters/s

running (0m23.0s), 003/050 VUs, 20 complete and 0 interrupted iterations
steady   [   8% ] 003/050 VUs  0m22.9s/5m0s  1.00 iters/s

running (0m24.0s), 003/050 VUs, 21 complete and 0 interrupted iterations
steady   [   8% ] 003/050 VUs  0m23.9s/5m0s  1.00 iters/s

running (0m25.0s), 003/050 VUs, 22 complete and 0 interrupted iterations
steady   [   8% ] 003/050 VUs  0m24.9s/5m0s  1.00 iters/s

running (0m26.0s), 003/050 VUs, 23 complete and 0 interrupted iterations
steady   [   9% ] 003/050 VUs  0m25.9s/5m0s  1.00 iters/s

running (0m27.0s), 003/050 VUs, 24 complete and 0 interrupted iterations
steady   [   9% ] 003/050 VUs  0m26.9s/5m0s  1.00 iters/s

running (0m28.0s), 003/050 VUs, 25 complete and 0 interrupted iterations
steady   [   9% ] 003/050 VUs  0m27.9s/5m0s  1.00 iters/s

running (0m29.0s), 003/050 VUs, 26 complete and 0 interrupted iterations
steady   [  10% ] 003/050 VUs  0m28.9s/5m0s  1.00 iters/s

running (0m30.0s), 003/050 VUs, 27 complete and 0 interrupted iterations
steady   [  10% ] 003/050 VUs  0m29.9s/5m0s  1.00 iters/s

running (0m31.0s), 002/050 VUs, 29 complete and 0 interrupted iterations
steady   [  10% ] 002/050 VUs  0m30.9s/5m0s  1.00 iters/s

running (0m32.0s), 002/050 VUs, 30 complete and 0 interrupted iterations
steady   [  11% ] 002/050 VUs  0m31.9s/5m0s  1.00 iters/s

running (0m33.0s), 002/050 VUs, 31 complete and 0 interrupted iterations
steady   [  11% ] 002/050 VUs  0m32.9s/5m0s  1.00 iters/s

running (0m34.0s), 002/050 VUs, 32 complete and 0 interrupted iterations
steady   [  11% ] 002/050 VUs  0m33.9s/5m0s  1.00 iters/s

running (0m35.0s), 002/050 VUs, 33 complete and 0 interrupted iterations
steady   [  12% ] 002/050 VUs  0m34.9s/5m0s  1.00 iters/s

running (0m36.0s), 002/050 VUs, 34 complete and 0 interrupted iterations
steady   [  12% ] 002/050 VUs  0m35.9s/5m0s  1.00 iters/s

running (0m37.0s), 003/050 VUs, 34 complete and 0 interrupted iterations
steady   [  12% ] 003/050 VUs  0m36.9s/5m0s  1.00 iters/s

running (0m38.0s), 003/050 VUs, 35 complete and 0 interrupted iterations
steady   [  13% ] 003/050 VUs  0m37.9s/5m0s  1.00 iters/s

running (0m39.0s), 003/050 VUs, 36 complete and 0 interrupted iterations
steady   [  13% ] 003/050 VUs  0m38.9s/5m0s  1.00 iters/s

running (0m40.0s), 003/050 VUs, 37 complete and 0 interrupted iterations
steady   [  13% ] 003/050 VUs  0m39.9s/5m0s  1.00 iters/s

running (0m41.0s), 003/050 VUs, 38 complete and 0 interrupted iterations
steady   [  14% ] 003/050 VUs  0m40.9s/5m0s  1.00 iters/s

running (0m42.0s), 003/050 VUs, 39 complete and 0 interrupted iterations
steady   [  14% ] 003/050 VUs  0m41.9s/5m0s  1.00 iters/s

running (0m43.0s), 003/050 VUs, 40 complete and 0 interrupted iterations
steady   [  14% ] 003/050 VUs  0m42.9s/5m0s  1.00 iters/s

running (0m44.0s), 003/050 VUs, 41 complete and 0 interrupted iterations
steady   [  15% ] 003/050 VUs  0m43.9s/5m0s  1.00 iters/s

running (0m45.0s), 003/050 VUs, 42 complete and 0 interrupted iterations
steady   [  15% ] 003/050 VUs  0m44.9s/5m0s  1.00 iters/s

running (0m46.0s), 002/050 VUs, 44 complete and 0 interrupted iterations
steady   [  15% ] 002/050 VUs  0m45.9s/5m0s  1.00 iters/s

running (0m47.0s), 002/050 VUs, 45 complete and 0 interrupted iterations
steady   [  16% ] 002/050 VUs  0m46.9s/5m0s  1.00 iters/s

running (0m48.0s), 002/050 VUs, 46 complete and 0 interrupted iterations
steady   [  16% ] 002/050 VUs  0m47.9s/5m0s  1.00 iters/s

running (0m49.0s), 002/050 VUs, 47 complete and 0 interrupted iterations
steady   [  16% ] 002/050 VUs  0m48.9s/5m0s  1.00 iters/s

running (0m50.0s), 002/050 VUs, 48 complete and 0 interrupted iterations
steady   [  17% ] 002/050 VUs  0m49.9s/5m0s  1.00 iters/s

running (0m51.0s), 002/050 VUs, 49 complete and 0 interrupted iterations
steady   [  17% ] 002/050 VUs  0m50.9s/5m0s  1.00 iters/s

running (0m52.0s), 003/050 VUs, 49 complete and 0 interrupted iterations
steady   [  17% ] 003/050 VUs  0m51.9s/5m0s  1.00 iters/s

running (0m53.0s), 003/050 VUs, 50 complete and 0 interrupted iterations
steady   [  18% ] 003/050 VUs  0m52.9s/5m0s  1.00 iters/s

running (0m54.0s), 003/050 VUs, 51 complete and 0 interrupted iterations
steady   [  18% ] 003/050 VUs  0m53.9s/5m0s  1.00 iters/s

running (0m55.0s), 003/050 VUs, 52 complete and 0 interrupted iterations
steady   [  18% ] 003/050 VUs  0m54.9s/5m0s  1.00 iters/s

running (0m56.0s), 003/050 VUs, 53 complete and 0 interrupted iterations
steady   [  19% ] 003/050 VUs  0m55.9s/5m0s  1.00 iters/s

running (0m57.0s), 003/050 VUs, 54 complete and 0 interrupted iterations
steady   [  19% ] 003/050 VUs  0m56.9s/5m0s  1.00 iters/s

running (0m58.0s), 003/050 VUs, 55 complete and 0 interrupted iterations
steady   [  19% ] 003/050 VUs  0m57.9s/5m0s  1.00 iters/s

running (0m59.0s), 003/050 VUs, 56 complete and 0 interrupted iterations
steady   [  20% ] 003/050 VUs  0m58.9s/5m0s  1.00 iters/s

running (1m00.0s), 003/050 VUs, 57 complete and 0 interrupted iterations
steady   [  20% ] 003/050 VUs  0m59.9s/5m0s  1.00 iters/s

running (1m01.0s), 002/050 VUs, 59 complete and 0 interrupted iterations
steady   [  20% ] 002/050 VUs  1m00.9s/5m0s  1.00 iters/s

running (1m02.0s), 002/050 VUs, 60 complete and 0 interrupted iterations
steady   [  21% ] 002/050 VUs  1m01.9s/5m0s  1.00 iters/s

running (1m03.0s), 002/050 VUs, 61 complete and 0 interrupted iterations
steady   [  21% ] 002/050 VUs  1m02.9s/5m0s  1.00 iters/s

running (1m04.0s), 002/050 VUs, 62 complete and 0 interrupted iterations
steady   [  21% ] 002/050 VUs  1m03.9s/5m0s  1.00 iters/s

running (1m05.0s), 002/050 VUs, 63 complete and 0 interrupted iterations
steady   [  22% ] 002/050 VUs  1m04.9s/5m0s  1.00 iters/s

running (1m06.0s), 003/050 VUs, 63 complete and 0 interrupted iterations
steady   [  22% ] 003/050 VUs  1m05.9s/5m0s  1.00 iters/s

running (1m07.0s), 003/050 VUs, 64 complete and 0 interrupted iterations
steady   [  22% ] 003/050 VUs  1m06.9s/5m0s  1.00 iters/s

running (1m08.0s), 003/050 VUs, 65 complete and 0 interrupted iterations
steady   [  23% ] 003/050 VUs  1m07.9s/5m0s  1.00 iters/s

running (1m09.0s), 003/050 VUs, 66 complete and 0 interrupted iterations
steady   [  23% ] 003/050 VUs  1m08.9s/5m0s  1.00 iters/s

running (1m10.0s), 003/050 VUs, 67 complete and 0 interrupted iterations
steady   [  23% ] 003/050 VUs  1m09.9s/5m0s  1.00 iters/s

running (1m11.0s), 003/050 VUs, 68 complete and 0 interrupted iterations
steady   [  24% ] 003/050 VUs  1m10.9s/5m0s  1.00 iters/s

running (1m12.0s), 003/050 VUs, 69 complete and 0 interrupted iterations
steady   [  24% ] 003/050 VUs  1m11.9s/5m0s  1.00 iters/s

running (1m13.0s), 003/050 VUs, 70 complete and 0 interrupted iterations
steady   [  24% ] 003/050 VUs  1m12.9s/5m0s  1.00 iters/s

running (1m14.0s), 003/050 VUs, 71 complete and 0 interrupted iterations
steady   [  25% ] 003/050 VUs  1m13.9s/5m0s  1.00 iters/s

running (1m15.0s), 002/050 VUs, 73 complete and 0 interrupted iterations
steady   [  25% ] 002/050 VUs  1m14.9s/5m0s  1.00 iters/s

running (1m16.0s), 002/050 VUs, 74 complete and 0 interrupted iterations
steady   [  25% ] 002/050 VUs  1m15.9s/5m0s  1.00 iters/s

running (1m17.0s), 002/050 VUs, 75 complete and 0 interrupted iterations
steady   [  26% ] 002/050 VUs  1m16.9s/5m0s  1.00 iters/s

running (1m18.0s), 002/050 VUs, 76 complete and 0 interrupted iterations
steady   [  26% ] 002/050 VUs  1m17.9s/5m0s  1.00 iters/s

running (1m19.0s), 002/050 VUs, 77 complete and 0 interrupted iterations
steady   [  26% ] 002/050 VUs  1m18.9s/5m0s  1.00 iters/s

running (1m20.0s), 003/050 VUs, 77 complete and 0 interrupted iterations
steady   [  27% ] 003/050 VUs  1m19.9s/5m0s  1.00 iters/s

running (1m21.0s), 003/050 VUs, 78 complete and 0 interrupted iterations
steady   [  27% ] 003/050 VUs  1m20.9s/5m0s  1.00 iters/s

running (1m22.0s), 003/050 VUs, 79 complete and 0 interrupted iterations
steady   [  27% ] 003/050 VUs  1m21.9s/5m0s  1.00 iters/s

running (1m23.0s), 003/050 VUs, 80 complete and 0 interrupted iterations
steady   [  28% ] 003/050 VUs  1m22.9s/5m0s  1.00 iters/s

running (1m24.0s), 003/050 VUs, 81 complete and 0 interrupted iterations
steady   [  28% ] 003/050 VUs  1m23.9s/5m0s  1.00 iters/s

running (1m25.0s), 003/050 VUs, 82 complete and 0 interrupted iterations
steady   [  28% ] 003/050 VUs  1m24.9s/5m0s  1.00 iters/s

running (1m26.0s), 003/050 VUs, 83 complete and 0 interrupted iterations
steady   [  29% ] 003/050 VUs  1m25.9s/5m0s  1.00 iters/s

running (1m27.0s), 003/050 VUs, 84 complete and 0 interrupted iterations
steady   [  29% ] 003/050 VUs  1m26.9s/5m0s  1.00 iters/s

running (1m28.0s), 003/050 VUs, 85 complete and 0 interrupted iterations
steady   [  29% ] 003/050 VUs  1m27.9s/5m0s  1.00 iters/s

running (1m29.0s), 003/050 VUs, 86 complete and 0 interrupted iterations
steady   [  30% ] 003/050 VUs  1m28.9s/5m0s  1.00 iters/s

running (1m30.0s), 002/050 VUs, 88 complete and 0 interrupted iterations
steady   [  30% ] 002/050 VUs  1m29.9s/5m0s  1.00 iters/s

running (1m31.0s), 002/050 VUs, 89 complete and 0 interrupted iterations
steady   [  30% ] 002/050 VUs  1m30.9s/5m0s  1.00 iters/s

running (1m32.0s), 002/050 VUs, 90 complete and 0 interrupted iterations
steady   [  31% ] 002/050 VUs  1m31.9s/5m0s  1.00 iters/s

running (1m33.0s), 002/050 VUs, 91 complete and 0 interrupted iterations
steady   [  31% ] 002/050 VUs  1m32.9s/5m0s  1.00 iters/s

running (1m34.0s), 003/050 VUs, 91 complete and 0 interrupted iterations
steady   [  31% ] 003/050 VUs  1m33.9s/5m0s  1.00 iters/s

running (1m35.0s), 003/050 VUs, 92 complete and 0 interrupted iterations
steady   [  32% ] 003/050 VUs  1m34.9s/5m0s  1.00 iters/s

running (1m36.0s), 003/050 VUs, 93 complete and 0 interrupted iterations
steady   [  32% ] 003/050 VUs  1m35.9s/5m0s  1.00 iters/s

running (1m37.0s), 003/050 VUs, 94 complete and 0 interrupted iterations
steady   [  32% ] 003/050 VUs  1m36.9s/5m0s  1.00 iters/s

running (1m38.0s), 003/050 VUs, 95 complete and 0 interrupted iterations
steady   [  33% ] 003/050 VUs  1m37.9s/5m0s  1.00 iters/s

running (1m39.0s), 003/050 VUs, 96 complete and 0 interrupted iterations
steady   [  33% ] 003/050 VUs  1m38.9s/5m0s  1.00 iters/s

running (1m40.0s), 003/050 VUs, 97 complete and 0 interrupted iterations
steady   [  33% ] 003/050 VUs  1m39.9s/5m0s  1.00 iters/s

running (1m41.0s), 003/050 VUs, 98 complete and 0 interrupted iterations
steady   [  34% ] 003/050 VUs  1m40.9s/5m0s  1.00 iters/s

running (1m42.0s), 003/050 VUs, 99 complete and 0 interrupted iterations
steady   [  34% ] 003/050 VUs  1m41.9s/5m0s  1.00 iters/s

running (1m43.0s), 003/050 VUs, 100 complete and 0 interrupted iterations
steady   [  34% ] 003/050 VUs  1m42.9s/5m0s  1.00 iters/s

running (1m44.0s), 003/050 VUs, 101 complete and 0 interrupted iterations
steady   [  35% ] 003/050 VUs  1m43.9s/5m0s  1.00 iters/s

running (1m45.0s), 003/050 VUs, 102 complete and 0 interrupted iterations
steady   [  35% ] 003/050 VUs  1m44.9s/5m0s  1.00 iters/s

running (1m46.0s), 003/050 VUs, 103 complete and 0 interrupted iterations
steady   [  35% ] 003/050 VUs  1m45.9s/5m0s  1.00 iters/s

running (1m47.0s), 003/050 VUs, 104 complete and 0 interrupted iterations
steady   [  36% ] 003/050 VUs  1m46.9s/5m0s  1.00 iters/s

running (1m48.0s), 004/050 VUs, 104 complete and 0 interrupted iterations
steady   [  36% ] 004/050 VUs  1m47.9s/5m0s  1.00 iters/s

running (1m49.0s), 004/050 VUs, 105 complete and 0 interrupted iterations
steady   [  36% ] 004/050 VUs  1m48.9s/5m0s  1.00 iters/s

running (1m50.0s), 004/050 VUs, 106 complete and 0 interrupted iterations
steady   [  37% ] 004/050 VUs  1m49.9s/5m0s  1.00 iters/s

running (1m51.0s), 004/050 VUs, 107 complete and 0 interrupted iterations
steady   [  37% ] 004/050 VUs  1m50.9s/5m0s  1.00 iters/s

running (1m52.0s), 004/050 VUs, 108 complete and 0 interrupted iterations
steady   [  37% ] 004/050 VUs  1m51.9s/5m0s  1.00 iters/s

running (1m53.0s), 004/050 VUs, 109 complete and 0 interrupted iterations
steady   [  38% ] 004/050 VUs  1m52.9s/5m0s  1.00 iters/s

running (1m54.0s), 004/050 VUs, 110 complete and 0 interrupted iterations
steady   [  38% ] 004/050 VUs  1m53.9s/5m0s  1.00 iters/s

running (1m55.0s), 004/050 VUs, 111 complete and 0 interrupted iterations
steady   [  38% ] 004/050 VUs  1m54.9s/5m0s  1.00 iters/s

running (1m56.0s), 004/050 VUs, 112 complete and 0 interrupted iterations
steady   [  39% ] 004/050 VUs  1m55.9s/5m0s  1.00 iters/s

running (1m57.0s), 003/050 VUs, 114 complete and 0 interrupted iterations
steady   [  39% ] 003/050 VUs  1m56.9s/5m0s  1.00 iters/s

running (1m58.0s), 004/050 VUs, 114 complete and 0 interrupted iterations
steady   [  39% ] 004/050 VUs  1m57.9s/5m0s  1.00 iters/s

running (1m59.0s), 005/050 VUs, 114 complete and 0 interrupted iterations
steady   [  40% ] 005/050 VUs  1m58.9s/5m0s  1.00 iters/s

running (2m00.0s), 005/050 VUs, 115 complete and 0 interrupted iterations
steady   [  40% ] 005/050 VUs  1m59.9s/5m0s  1.00 iters/s

running (2m01.0s), 004/050 VUs, 117 complete and 0 interrupted iterations
steady   [  40% ] 004/050 VUs  2m00.9s/5m0s  1.00 iters/s

running (2m02.0s), 005/050 VUs, 117 complete and 0 interrupted iterations
steady   [  41% ] 005/050 VUs  2m01.9s/5m0s  1.00 iters/s

running (2m03.0s), 005/050 VUs, 118 complete and 0 interrupted iterations
steady   [  41% ] 005/050 VUs  2m02.9s/5m0s  1.00 iters/s

running (2m04.0s), 004/050 VUs, 120 complete and 0 interrupted iterations
steady   [  41% ] 004/050 VUs  2m03.9s/5m0s  1.00 iters/s

running (2m05.0s), 005/050 VUs, 120 complete and 0 interrupted iterations
steady   [  42% ] 005/050 VUs  2m04.9s/5m0s  1.00 iters/s

running (2m06.0s), 005/050 VUs, 121 complete and 0 interrupted iterations
steady   [  42% ] 005/050 VUs  2m05.9s/5m0s  1.00 iters/s

running (2m07.0s), 005/050 VUs, 122 complete and 0 interrupted iterations
steady   [  42% ] 005/050 VUs  2m06.9s/5m0s  1.00 iters/s

running (2m08.0s), 004/050 VUs, 124 complete and 0 interrupted iterations
steady   [  43% ] 004/050 VUs  2m07.9s/5m0s  1.00 iters/s

running (2m09.0s), 005/050 VUs, 124 complete and 0 interrupted iterations
steady   [  43% ] 005/050 VUs  2m08.9s/5m0s  1.00 iters/s

running (2m10.0s), 005/050 VUs, 125 complete and 0 interrupted iterations
steady   [  43% ] 005/050 VUs  2m09.9s/5m0s  1.00 iters/s

running (2m11.0s), 003/050 VUs, 128 complete and 0 interrupted iterations
steady   [  44% ] 003/050 VUs  2m10.9s/5m0s  1.00 iters/s

running (2m12.0s), 003/050 VUs, 129 complete and 0 interrupted iterations
steady   [  44% ] 003/050 VUs  2m11.9s/5m0s  1.00 iters/s

running (2m13.0s), 004/050 VUs, 129 complete and 0 interrupted iterations
steady   [  44% ] 004/050 VUs  2m12.9s/5m0s  1.00 iters/s

running (2m14.0s), 004/050 VUs, 130 complete and 0 interrupted iterations
steady   [  45% ] 004/050 VUs  2m13.9s/5m0s  1.00 iters/s

running (2m15.0s), 003/050 VUs, 132 complete and 0 interrupted iterations
steady   [  45% ] 003/050 VUs  2m14.9s/5m0s  1.00 iters/s

running (2m16.0s), 004/050 VUs, 132 complete and 0 interrupted iterations
steady   [  45% ] 004/050 VUs  2m15.9s/5m0s  1.00 iters/s

running (2m17.0s), 004/050 VUs, 133 complete and 0 interrupted iterations
steady   [  46% ] 004/050 VUs  2m16.9s/5m0s  1.00 iters/s

running (2m18.0s), 004/050 VUs, 134 complete and 0 interrupted iterations
steady   [  46% ] 004/050 VUs  2m17.9s/5m0s  1.00 iters/s

running (2m19.0s), 003/050 VUs, 136 complete and 0 interrupted iterations
steady   [  46% ] 003/050 VUs  2m18.9s/5m0s  1.00 iters/s

running (2m20.0s), 004/050 VUs, 136 complete and 0 interrupted iterations
steady   [  47% ] 004/050 VUs  2m19.9s/5m0s  1.00 iters/s

running (2m21.0s), 004/050 VUs, 137 complete and 0 interrupted iterations
steady   [  47% ] 004/050 VUs  2m20.9s/5m0s  1.00 iters/s

running (2m22.0s), 004/050 VUs, 138 complete and 0 interrupted iterations
steady   [  47% ] 004/050 VUs  2m21.9s/5m0s  1.00 iters/s

running (2m23.0s), 004/050 VUs, 139 complete and 0 interrupted iterations
steady   [  48% ] 004/050 VUs  2m22.9s/5m0s  1.00 iters/s

running (2m24.0s), 004/050 VUs, 140 complete and 0 interrupted iterations
steady   [  48% ] 004/050 VUs  2m23.9s/5m0s  1.00 iters/s

running (2m25.0s), 005/050 VUs, 140 complete and 0 interrupted iterations
steady   [  48% ] 005/050 VUs  2m24.9s/5m0s  1.00 iters/s

running (2m26.0s), 003/050 VUs, 143 complete and 0 interrupted iterations
steady   [  49% ] 003/050 VUs  2m25.9s/5m0s  1.00 iters/s

running (2m27.0s), 004/050 VUs, 143 complete and 0 interrupted iterations
steady   [  49% ] 004/050 VUs  2m26.9s/5m0s  1.00 iters/s

running (2m28.0s), 004/050 VUs, 144 complete and 0 interrupted iterations
steady   [  49% ] 004/050 VUs  2m27.9s/5m0s  1.00 iters/s

running (2m29.0s), 004/050 VUs, 145 complete and 0 interrupted iterations
steady   [  50% ] 004/050 VUs  2m28.9s/5m0s  1.00 iters/s

running (2m30.0s), 004/050 VUs, 146 complete and 0 interrupted iterations
steady   [  50% ] 004/050 VUs  2m29.9s/5m0s  1.00 iters/s

running (2m31.0s), 004/050 VUs, 147 complete and 0 interrupted iterations
steady   [  50% ] 004/050 VUs  2m30.9s/5m0s  1.00 iters/s

running (2m32.0s), 004/050 VUs, 148 complete and 0 interrupted iterations
steady   [  51% ] 004/050 VUs  2m31.9s/5m0s  1.00 iters/s

running (2m33.0s), 003/050 VUs, 150 complete and 0 interrupted iterations
steady   [  51% ] 003/050 VUs  2m32.9s/5m0s  1.00 iters/s

running (2m34.0s), 004/050 VUs, 150 complete and 0 interrupted iterations
steady   [  51% ] 004/050 VUs  2m33.9s/5m0s  1.00 iters/s

running (2m35.0s), 004/050 VUs, 151 complete and 0 interrupted iterations
steady   [  52% ] 004/050 VUs  2m34.9s/5m0s  1.00 iters/s

running (2m36.0s), 004/050 VUs, 152 complete and 0 interrupted iterations
steady   [  52% ] 004/050 VUs  2m35.9s/5m0s  1.00 iters/s

running (2m37.0s), 004/050 VUs, 153 complete and 0 interrupted iterations
steady   [  52% ] 004/050 VUs  2m36.9s/5m0s  1.00 iters/s

running (2m38.0s), 004/050 VUs, 154 complete and 0 interrupted iterations
steady   [  53% ] 004/050 VUs  2m37.9s/5m0s  1.00 iters/s

running (2m39.0s), 002/050 VUs, 157 complete and 0 interrupted iterations
steady   [  53% ] 002/050 VUs  2m38.9s/5m0s  1.00 iters/s

running (2m40.0s), 003/050 VUs, 157 complete and 0 interrupted iterations
steady   [  53% ] 003/050 VUs  2m39.9s/5m0s  1.00 iters/s

running (2m41.0s), 004/050 VUs, 157 complete and 0 interrupted iterations
steady   [  54% ] 004/050 VUs  2m40.9s/5m0s  1.00 iters/s

running (2m42.0s), 004/050 VUs, 158 complete and 0 interrupted iterations
steady   [  54% ] 004/050 VUs  2m41.9s/5m0s  1.00 iters/s

running (2m43.0s), 003/050 VUs, 160 complete and 0 interrupted iterations
steady   [  54% ] 003/050 VUs  2m42.9s/5m0s  1.00 iters/s

running (2m44.0s), 003/050 VUs, 161 complete and 0 interrupted iterations
steady   [  55% ] 003/050 VUs  2m43.9s/5m0s  1.00 iters/s

running (2m45.0s), 004/050 VUs, 161 complete and 0 interrupted iterations
steady   [  55% ] 004/050 VUs  2m44.9s/5m0s  1.00 iters/s

running (2m46.0s), 004/050 VUs, 162 complete and 0 interrupted iterations
steady   [  55% ] 004/050 VUs  2m45.9s/5m0s  1.00 iters/s

running (2m47.0s), 004/050 VUs, 163 complete and 0 interrupted iterations
steady   [  56% ] 004/050 VUs  2m46.9s/5m0s  1.00 iters/s

running (2m48.0s), 005/050 VUs, 163 complete and 0 interrupted iterations
steady   [  56% ] 005/050 VUs  2m47.9s/5m0s  1.00 iters/s

running (2m49.0s), 004/050 VUs, 165 complete and 0 interrupted iterations
steady   [  56% ] 004/050 VUs  2m48.9s/5m0s  1.00 iters/s

running (2m50.0s), 004/050 VUs, 166 complete and 0 interrupted iterations
steady   [  57% ] 004/050 VUs  2m49.9s/5m0s  1.00 iters/s

running (2m51.0s), 004/050 VUs, 167 complete and 0 interrupted iterations
steady   [  57% ] 004/050 VUs  2m50.9s/5m0s  1.00 iters/s

running (2m52.0s), 004/050 VUs, 168 complete and 0 interrupted iterations
steady   [  57% ] 004/050 VUs  2m51.9s/5m0s  1.00 iters/s

running (2m53.0s), 004/050 VUs, 169 complete and 0 interrupted iterations
steady   [  58% ] 004/050 VUs  2m52.9s/5m0s  1.00 iters/s

running (2m54.0s), 004/050 VUs, 170 complete and 0 interrupted iterations
steady   [  58% ] 004/050 VUs  2m53.9s/5m0s  1.00 iters/s

running (2m55.0s), 004/050 VUs, 171 complete and 0 interrupted iterations
steady   [  58% ] 004/050 VUs  2m54.9s/5m0s  1.00 iters/s

running (2m56.0s), 003/050 VUs, 173 complete and 0 interrupted iterations
steady   [  59% ] 003/050 VUs  2m55.9s/5m0s  1.00 iters/s

running (2m57.0s), 003/050 VUs, 174 complete and 0 interrupted iterations
steady   [  59% ] 003/050 VUs  2m56.9s/5m0s  1.00 iters/s

running (2m58.0s), 004/050 VUs, 174 complete and 0 interrupted iterations
steady   [  59% ] 004/050 VUs  2m57.9s/5m0s  1.00 iters/s

running (2m59.0s), 005/050 VUs, 174 complete and 0 interrupted iterations
steady   [  60% ] 005/050 VUs  2m58.9s/5m0s  1.00 iters/s

running (3m00.0s), 005/050 VUs, 175 complete and 0 interrupted iterations
steady   [  60% ] 005/050 VUs  2m59.9s/5m0s  1.00 iters/s

running (3m01.0s), 006/050 VUs, 175 complete and 0 interrupted iterations
steady   [  60% ] 006/050 VUs  3m00.9s/5m0s  1.00 iters/s

running (3m02.0s), 007/050 VUs, 175 complete and 0 interrupted iterations
steady   [  61% ] 007/050 VUs  3m01.9s/5m0s  1.00 iters/s

running (3m03.0s), 008/050 VUs, 175 complete and 0 interrupted iterations
steady   [  61% ] 008/050 VUs  3m02.9s/5m0s  1.00 iters/s

running (3m04.0s), 008/050 VUs, 176 complete and 0 interrupted iterations
steady   [  61% ] 008/050 VUs  3m03.9s/5m0s  1.00 iters/s

running (3m05.0s), 008/050 VUs, 177 complete and 0 interrupted iterations
steady   [  62% ] 008/050 VUs  3m04.9s/5m0s  1.00 iters/s

running (3m06.0s), 007/050 VUs, 179 complete and 0 interrupted iterations
steady   [  62% ] 007/050 VUs  3m05.9s/5m0s  1.00 iters/s

running (3m07.0s), 007/050 VUs, 180 complete and 0 interrupted iterations
steady   [  62% ] 007/050 VUs  3m06.9s/5m0s  1.00 iters/s

running (3m08.0s), 007/050 VUs, 181 complete and 0 interrupted iterations
steady   [  63% ] 007/050 VUs  3m07.9s/5m0s  1.00 iters/s

running (3m09.0s), 007/050 VUs, 182 complete and 0 interrupted iterations
steady   [  63% ] 007/050 VUs  3m08.9s/5m0s  1.00 iters/s

running (3m10.0s), 007/050 VUs, 183 complete and 0 interrupted iterations
steady   [  63% ] 007/050 VUs  3m09.9s/5m0s  1.00 iters/s

running (3m11.0s), 006/050 VUs, 185 complete and 0 interrupted iterations
steady   [  64% ] 006/050 VUs  3m10.9s/5m0s  1.00 iters/s

running (3m12.0s), 006/050 VUs, 186 complete and 0 interrupted iterations
steady   [  64% ] 006/050 VUs  3m11.9s/5m0s  1.00 iters/s

running (3m13.0s), 007/050 VUs, 186 complete and 0 interrupted iterations
steady   [  64% ] 007/050 VUs  3m12.9s/5m0s  1.00 iters/s

running (3m14.0s), 007/050 VUs, 187 complete and 0 interrupted iterations
steady   [  65% ] 007/050 VUs  3m13.9s/5m0s  1.00 iters/s

running (3m15.0s), 006/050 VUs, 189 complete and 0 interrupted iterations
steady   [  65% ] 006/050 VUs  3m14.9s/5m0s  1.00 iters/s

running (3m16.0s), 006/050 VUs, 190 complete and 0 interrupted iterations
steady   [  65% ] 006/050 VUs  3m15.9s/5m0s  1.00 iters/s

running (3m17.0s), 006/050 VUs, 191 complete and 0 interrupted iterations
steady   [  66% ] 006/050 VUs  3m16.9s/5m0s  1.00 iters/s

running (3m18.0s), 006/050 VUs, 192 complete and 0 interrupted iterations
steady   [  66% ] 006/050 VUs  3m17.9s/5m0s  1.00 iters/s

running (3m19.0s), 006/050 VUs, 193 complete and 0 interrupted iterations
steady   [  66% ] 006/050 VUs  3m18.9s/5m0s  1.00 iters/s

running (3m20.0s), 006/050 VUs, 194 complete and 0 interrupted iterations
steady   [  67% ] 006/050 VUs  3m19.9s/5m0s  1.00 iters/s

running (3m21.0s), 006/050 VUs, 195 complete and 0 interrupted iterations
steady   [  67% ] 006/050 VUs  3m20.9s/5m0s  1.00 iters/s

running (3m22.0s), 006/050 VUs, 196 complete and 0 interrupted iterations
steady   [  67% ] 006/050 VUs  3m21.9s/5m0s  1.00 iters/s

running (3m23.0s), 007/050 VUs, 196 complete and 0 interrupted iterations
steady   [  68% ] 007/050 VUs  3m22.9s/5m0s  1.00 iters/s

running (3m24.0s), 007/050 VUs, 197 complete and 0 interrupted iterations
steady   [  68% ] 007/050 VUs  3m23.9s/5m0s  1.00 iters/s

running (3m25.0s), 007/050 VUs, 198 complete and 0 interrupted iterations
steady   [  68% ] 007/050 VUs  3m24.9s/5m0s  1.00 iters/s

running (3m26.0s), 005/050 VUs, 201 complete and 0 interrupted iterations
steady   [  69% ] 005/050 VUs  3m25.9s/5m0s  1.00 iters/s

running (3m27.0s), 004/050 VUs, 203 complete and 0 interrupted iterations
steady   [  69% ] 004/050 VUs  3m26.9s/5m0s  1.00 iters/s

running (3m28.0s), 004/050 VUs, 204 complete and 0 interrupted iterations
steady   [  69% ] 004/050 VUs  3m27.9s/5m0s  1.00 iters/s

running (3m29.0s), 005/050 VUs, 204 complete and 0 interrupted iterations
steady   [  70% ] 005/050 VUs  3m28.9s/5m0s  1.00 iters/s

running (3m30.0s), 004/050 VUs, 206 complete and 0 interrupted iterations
steady   [  70% ] 004/050 VUs  3m29.9s/5m0s  1.00 iters/s

running (3m31.0s), 004/050 VUs, 207 complete and 0 interrupted iterations
steady   [  70% ] 004/050 VUs  3m30.9s/5m0s  1.00 iters/s

running (3m32.0s), 004/050 VUs, 208 complete and 0 interrupted iterations
steady   [  71% ] 004/050 VUs  3m31.9s/5m0s  1.00 iters/s

running (3m33.0s), 004/050 VUs, 209 complete and 0 interrupted iterations
steady   [  71% ] 004/050 VUs  3m32.9s/5m0s  1.00 iters/s

running (3m34.0s), 005/050 VUs, 209 complete and 0 interrupted iterations
steady   [  71% ] 005/050 VUs  3m33.9s/5m0s  1.00 iters/s

running (3m35.0s), 004/050 VUs, 211 complete and 0 interrupted iterations
steady   [  72% ] 004/050 VUs  3m34.9s/5m0s  1.00 iters/s

running (3m36.0s), 004/050 VUs, 212 complete and 0 interrupted iterations
steady   [  72% ] 004/050 VUs  3m35.9s/5m0s  1.00 iters/s

running (3m37.0s), 004/050 VUs, 213 complete and 0 interrupted iterations
steady   [  72% ] 004/050 VUs  3m36.9s/5m0s  1.00 iters/s

running (3m38.0s), 004/050 VUs, 214 complete and 0 interrupted iterations
steady   [  73% ] 004/050 VUs  3m37.9s/5m0s  1.00 iters/s

running (3m39.0s), 004/050 VUs, 215 complete and 0 interrupted iterations
steady   [  73% ] 004/050 VUs  3m38.9s/5m0s  1.00 iters/s

running (3m40.0s), 004/050 VUs, 216 complete and 0 interrupted iterations
steady   [  73% ] 004/050 VUs  3m39.9s/5m0s  1.00 iters/s

running (3m41.0s), 004/050 VUs, 217 complete and 0 interrupted iterations
steady   [  74% ] 004/050 VUs  3m40.9s/5m0s  1.00 iters/s

running (3m42.0s), 004/050 VUs, 218 complete and 0 interrupted iterations
steady   [  74% ] 004/050 VUs  3m41.9s/5m0s  1.00 iters/s

running (3m43.0s), 004/050 VUs, 219 complete and 0 interrupted iterations
steady   [  74% ] 004/050 VUs  3m42.9s/5m0s  1.00 iters/s

running (3m44.0s), 004/050 VUs, 220 complete and 0 interrupted iterations
steady   [  75% ] 004/050 VUs  3m43.9s/5m0s  1.00 iters/s

running (3m45.0s), 004/050 VUs, 221 complete and 0 interrupted iterations
steady   [  75% ] 004/050 VUs  3m44.9s/5m0s  1.00 iters/s

running (3m46.0s), 003/050 VUs, 223 complete and 0 interrupted iterations
steady   [  75% ] 003/050 VUs  3m45.9s/5m0s  1.00 iters/s

running (3m47.0s), 003/050 VUs, 224 complete and 0 interrupted iterations
steady   [  76% ] 003/050 VUs  3m46.9s/5m0s  1.00 iters/s

running (3m48.0s), 004/050 VUs, 224 complete and 0 interrupted iterations
steady   [  76% ] 004/050 VUs  3m47.9s/5m0s  1.00 iters/s

running (3m49.0s), 004/050 VUs, 225 complete and 0 interrupted iterations
steady   [  76% ] 004/050 VUs  3m48.9s/5m0s  1.00 iters/s

running (3m50.0s), 004/050 VUs, 226 complete and 0 interrupted iterations
steady   [  77% ] 004/050 VUs  3m49.9s/5m0s  1.00 iters/s

running (3m51.0s), 004/050 VUs, 227 complete and 0 interrupted iterations
steady   [  77% ] 004/050 VUs  3m50.9s/5m0s  1.00 iters/s

running (3m52.0s), 002/050 VUs, 230 complete and 0 interrupted iterations
steady   [  77% ] 002/050 VUs  3m51.9s/5m0s  1.00 iters/s

running (3m53.0s), 003/050 VUs, 230 complete and 0 interrupted iterations
steady   [  78% ] 003/050 VUs  3m52.9s/5m0s  1.00 iters/s

running (3m54.0s), 003/050 VUs, 231 complete and 0 interrupted iterations
steady   [  78% ] 003/050 VUs  3m53.9s/5m0s  1.00 iters/s

running (3m55.0s), 003/050 VUs, 232 complete and 0 interrupted iterations
steady   [  78% ] 003/050 VUs  3m54.9s/5m0s  1.00 iters/s

running (3m56.0s), 002/050 VUs, 234 complete and 0 interrupted iterations
steady   [  79% ] 002/050 VUs  3m55.9s/5m0s  1.00 iters/s

running (3m57.0s), 003/050 VUs, 234 complete and 0 interrupted iterations
steady   [  79% ] 003/050 VUs  3m56.9s/5m0s  1.00 iters/s

running (3m58.0s), 003/050 VUs, 235 complete and 0 interrupted iterations
steady   [  79% ] 003/050 VUs  3m57.9s/5m0s  1.00 iters/s

running (3m59.0s), 002/050 VUs, 237 complete and 0 interrupted iterations
steady   [  80% ] 002/050 VUs  3m58.9s/5m0s  1.00 iters/s

running (4m00.0s), 002/050 VUs, 238 complete and 0 interrupted iterations
steady   [  80% ] 002/050 VUs  3m59.9s/5m0s  1.00 iters/s

running (4m01.0s), 003/050 VUs, 238 complete and 0 interrupted iterations
steady   [  80% ] 003/050 VUs  4m00.9s/5m0s  1.00 iters/s

running (4m02.0s), 002/050 VUs, 240 complete and 0 interrupted iterations
steady   [  81% ] 002/050 VUs  4m01.9s/5m0s  1.00 iters/s

running (4m03.0s), 003/050 VUs, 240 complete and 0 interrupted iterations
steady   [  81% ] 003/050 VUs  4m02.9s/5m0s  1.00 iters/s

running (4m04.0s), 003/050 VUs, 241 complete and 0 interrupted iterations
steady   [  81% ] 003/050 VUs  4m03.9s/5m0s  1.00 iters/s

running (4m05.0s), 003/050 VUs, 242 complete and 0 interrupted iterations
steady   [  82% ] 003/050 VUs  4m04.9s/5m0s  1.00 iters/s

running (4m06.0s), 003/050 VUs, 243 complete and 0 interrupted iterations
steady   [  82% ] 003/050 VUs  4m05.9s/5m0s  1.00 iters/s

running (4m07.0s), 003/050 VUs, 244 complete and 0 interrupted iterations
steady   [  82% ] 003/050 VUs  4m06.9s/5m0s  1.00 iters/s

running (4m08.0s), 003/050 VUs, 245 complete and 0 interrupted iterations
steady   [  83% ] 003/050 VUs  4m07.9s/5m0s  1.00 iters/s

running (4m09.0s), 003/050 VUs, 246 complete and 0 interrupted iterations
steady   [  83% ] 003/050 VUs  4m08.9s/5m0s  1.00 iters/s

running (4m10.0s), 004/050 VUs, 246 complete and 0 interrupted iterations
steady   [  83% ] 004/050 VUs  4m09.9s/5m0s  1.00 iters/s

running (4m11.0s), 004/050 VUs, 247 complete and 0 interrupted iterations
steady   [  84% ] 004/050 VUs  4m10.9s/5m0s  1.00 iters/s

running (4m12.0s), 004/050 VUs, 248 complete and 0 interrupted iterations
steady   [  84% ] 004/050 VUs  4m11.9s/5m0s  1.00 iters/s

running (4m13.0s), 005/050 VUs, 248 complete and 0 interrupted iterations
steady   [  84% ] 005/050 VUs  4m12.9s/5m0s  1.00 iters/s

running (4m14.0s), 005/050 VUs, 249 complete and 0 interrupted iterations
steady   [  85% ] 005/050 VUs  4m13.9s/5m0s  1.00 iters/s

running (4m15.0s), 005/050 VUs, 250 complete and 0 interrupted iterations
steady   [  85% ] 005/050 VUs  4m14.9s/5m0s  1.00 iters/s

running (4m16.0s), 005/050 VUs, 251 complete and 0 interrupted iterations
steady   [  85% ] 005/050 VUs  4m15.9s/5m0s  1.00 iters/s

running (4m17.0s), 005/050 VUs, 252 complete and 0 interrupted iterations
steady   [  86% ] 005/050 VUs  4m16.9s/5m0s  1.00 iters/s

running (4m18.0s), 005/050 VUs, 253 complete and 0 interrupted iterations
steady   [  86% ] 005/050 VUs  4m17.9s/5m0s  1.00 iters/s

running (4m19.0s), 005/050 VUs, 254 complete and 0 interrupted iterations
steady   [  86% ] 005/050 VUs  4m18.9s/5m0s  1.00 iters/s

running (4m20.0s), 005/050 VUs, 255 complete and 0 interrupted iterations
steady   [  87% ] 005/050 VUs  4m19.9s/5m0s  1.00 iters/s

running (4m21.0s), 005/050 VUs, 256 complete and 0 interrupted iterations
steady   [  87% ] 005/050 VUs  4m20.9s/5m0s  1.00 iters/s

running (4m22.0s), 005/050 VUs, 257 complete and 0 interrupted iterations
steady   [  87% ] 005/050 VUs  4m21.9s/5m0s  1.00 iters/s

running (4m23.0s), 005/050 VUs, 258 complete and 0 interrupted iterations
steady   [  88% ] 005/050 VUs  4m22.9s/5m0s  1.00 iters/s

running (4m24.0s), 005/050 VUs, 259 complete and 0 interrupted iterations
steady   [  88% ] 005/050 VUs  4m23.9s/5m0s  1.00 iters/s

running (4m25.0s), 004/050 VUs, 261 complete and 0 interrupted iterations
steady   [  88% ] 004/050 VUs  4m24.9s/5m0s  1.00 iters/s

running (4m26.0s), 004/050 VUs, 262 complete and 0 interrupted iterations
steady   [  89% ] 004/050 VUs  4m25.9s/5m0s  1.00 iters/s

running (4m27.0s), 005/050 VUs, 262 complete and 0 interrupted iterations
steady   [  89% ] 005/050 VUs  4m26.9s/5m0s  1.00 iters/s

running (4m28.0s), 005/050 VUs, 263 complete and 0 interrupted iterations
steady   [  89% ] 005/050 VUs  4m27.9s/5m0s  1.00 iters/s

running (4m29.0s), 004/050 VUs, 265 complete and 0 interrupted iterations
steady   [  90% ] 004/050 VUs  4m28.9s/5m0s  1.00 iters/s

running (4m30.0s), 005/050 VUs, 265 complete and 0 interrupted iterations
steady   [  90% ] 005/050 VUs  4m29.9s/5m0s  1.00 iters/s

running (4m31.0s), 005/050 VUs, 266 complete and 0 interrupted iterations
steady   [  90% ] 005/050 VUs  4m30.9s/5m0s  1.00 iters/s

running (4m32.0s), 005/050 VUs, 267 complete and 0 interrupted iterations
steady   [  91% ] 005/050 VUs  4m31.9s/5m0s  1.00 iters/s

running (4m33.0s), 004/050 VUs, 269 complete and 0 interrupted iterations
steady   [  91% ] 004/050 VUs  4m32.9s/5m0s  1.00 iters/s

running (4m34.0s), 005/050 VUs, 269 complete and 0 interrupted iterations
steady   [  91% ] 005/050 VUs  4m33.9s/5m0s  1.00 iters/s

running (4m35.0s), 005/050 VUs, 270 complete and 0 interrupted iterations
steady   [  92% ] 005/050 VUs  4m34.9s/5m0s  1.00 iters/s

running (4m36.0s), 005/050 VUs, 271 complete and 0 interrupted iterations
steady   [  92% ] 005/050 VUs  4m35.9s/5m0s  1.00 iters/s

running (4m37.0s), 005/050 VUs, 272 complete and 0 interrupted iterations
steady   [  92% ] 005/050 VUs  4m36.9s/5m0s  1.00 iters/s

running (4m38.0s), 004/050 VUs, 274 complete and 0 interrupted iterations
steady   [  93% ] 004/050 VUs  4m37.9s/5m0s  1.00 iters/s

running (4m39.0s), 003/050 VUs, 276 complete and 0 interrupted iterations
steady   [  93% ] 003/050 VUs  4m38.9s/5m0s  1.00 iters/s

running (4m40.0s), 002/050 VUs, 278 complete and 0 interrupted iterations
steady   [  93% ] 002/050 VUs  4m39.9s/5m0s  1.00 iters/s

running (4m41.0s), 002/050 VUs, 279 complete and 0 interrupted iterations
steady   [  94% ] 002/050 VUs  4m40.9s/5m0s  1.00 iters/s

running (4m42.0s), 003/050 VUs, 279 complete and 0 interrupted iterations
steady   [  94% ] 003/050 VUs  4m41.9s/5m0s  1.00 iters/s

running (4m43.0s), 003/050 VUs, 280 complete and 0 interrupted iterations
steady   [  94% ] 003/050 VUs  4m42.9s/5m0s  1.00 iters/s

running (4m44.0s), 002/050 VUs, 282 complete and 0 interrupted iterations
steady   [  95% ] 002/050 VUs  4m43.9s/5m0s  1.00 iters/s

running (4m45.0s), 003/050 VUs, 282 complete and 0 interrupted iterations
steady   [  95% ] 003/050 VUs  4m44.9s/5m0s  1.00 iters/s

running (4m46.0s), 003/050 VUs, 283 complete and 0 interrupted iterations
steady   [  95% ] 003/050 VUs  4m45.9s/5m0s  1.00 iters/s

running (4m47.0s), 003/050 VUs, 284 complete and 0 interrupted iterations
steady   [  96% ] 003/050 VUs  4m46.9s/5m0s  1.00 iters/s

running (4m48.0s), 003/050 VUs, 285 complete and 0 interrupted iterations
steady   [  96% ] 003/050 VUs  4m47.9s/5m0s  1.00 iters/s

running (4m49.0s), 003/050 VUs, 286 complete and 0 interrupted iterations
steady   [  96% ] 003/050 VUs  4m48.9s/5m0s  1.00 iters/s

running (4m50.0s), 003/050 VUs, 287 complete and 0 interrupted iterations
steady   [  97% ] 003/050 VUs  4m49.9s/5m0s  1.00 iters/s

running (4m51.0s), 002/050 VUs, 289 complete and 0 interrupted iterations
steady   [  97% ] 002/050 VUs  4m50.9s/5m0s  1.00 iters/s

running (4m52.0s), 003/050 VUs, 289 complete and 0 interrupted iterations
steady   [  97% ] 003/050 VUs  4m51.9s/5m0s  1.00 iters/s

running (4m53.0s), 003/050 VUs, 290 complete and 0 interrupted iterations
steady   [  98% ] 003/050 VUs  4m52.9s/5m0s  1.00 iters/s

running (4m54.0s), 003/050 VUs, 291 complete and 0 interrupted iterations
steady   [  98% ] 003/050 VUs  4m53.9s/5m0s  1.00 iters/s

running (4m55.0s), 002/050 VUs, 293 complete and 0 interrupted iterations
steady   [  98% ] 002/050 VUs  4m54.9s/5m0s  1.00 iters/s

running (4m56.0s), 003/050 VUs, 293 complete and 0 interrupted iterations
steady   [  99% ] 003/050 VUs  4m55.9s/5m0s  1.00 iters/s

running (4m57.0s), 003/050 VUs, 294 complete and 0 interrupted iterations
steady   [  99% ] 003/050 VUs  4m56.9s/5m0s  1.00 iters/s

running (4m58.0s), 003/050 VUs, 295 complete and 0 interrupted iterations
steady   [  99% ] 003/050 VUs  4m57.9s/5m0s  1.00 iters/s

running (4m59.0s), 003/050 VUs, 296 complete and 0 interrupted iterations
steady   [ 100% ] 003/050 VUs  4m58.9s/5m0s  1.00 iters/s

running (5m00.0s), 003/050 VUs, 297 complete and 0 interrupted iterations
steady   [ 100% ] 003/050 VUs  4m59.9s/5m0s  1.00 iters/s

running (5m01.0s), 003/050 VUs, 298 complete and 0 interrupted iterations
steady ↓ [ 100% ] 004/050 VUs  5m0s  1.00 iters/s

running (5m02.0s), 002/050 VUs, 299 complete and 0 interrupted iterations
steady ↓ [ 100% ] 004/050 VUs  5m0s  1.00 iters/s

running (5m03.0s), 001/050 VUs, 300 complete and 0 interrupted iterations
steady ↓ [ 100% ] 004/050 VUs  5m0s  1.00 iters/s

================ DSP benchmark summary ================
-- per-phase latency --
  catalog                    p50=65.7 ms  p95=75.0 ms  p99=80.5 ms  max=85.7 ms  n=301
  negotiation init (POST)    p50=6.8 ms  p95=8.9 ms  p99=128.4 ms  max=687.5 ms  n=301
  time-to-AGREED (async)     p50=1781.0 ms  p95=2287.3 ms  p99=2540.8 ms  max=2792.0 ms  n=296
  transfer init (POST)       p50=7.8 ms  p95=11.3 ms  p99=69.9 ms  max=109.2 ms  n=296
  time-to-EDR (async)        p50=1019.0 ms  p95=1273.0 ms  p99=1275.1 ms  max=1779.0 ms  n=291
  data pull                  p50=6.8 ms  p95=7.3 ms  p99=8.3 ms  max=15.2 ms  n=291
-- end-to-end + throughput --
  e2e transaction            p50=2898.0 ms  p95=3653.5 ms  p99=3879.3 ms  max=4222.0 ms  n=291
  data throughput (MB/s)     p50=0.0  p95=0.0  p99=0.1  max=0.1  n=291
-- outcomes --
  transactions succeeded     count=291  rate=0.959/s
  transactions failed        count=10  rate=0.033/s
  failed rate                rate=3.32%  (pass=10 fail=291)
    of which TERMINATED      (no data)
    of which TIMED OUT       count=10  rate=0.033/s
    of which HTTP-FAILED     (no data)
  failure accounting       10/10 classified  (complete)
-- observer effect (poll load) --
  negotiation polls          count=3070  rate=10.115/s
  edr polls                  count=2022  rate=6.662/s
  polls per transaction     negotiation=10.2  edr=6.7  (timeout ceiling=120)
=======================================================
(full summary -> /home/rohitj/edc/benchmarking-dsp-native-basyx/k6-scripts/results/basyx/on/steady/2026-08-11T17-39-11Z/k6-summary.json; POLL_INTERVAL_MS=250; IDENTITY_MODE=on)

running (5m03.5s), 000/050 VUs, 301 complete and 0 interrupted iterations
steady ✓ [ 100% ] 000/050 VUs  5m0s  1.00 iters/s
time="2026-08-11T17:45:37Z" level=error msg="thresholds on metrics 'dsp_transaction_failed_rate' have been crossed"
Prometheus snapshot [1786470034..1786470352] svc=(dsp-native-basyx|consumer-controlplane) win=1m -> /home/rohitj/edc/benchmarking-dsp-native-basyx/k6-scripts/results/basyx/on/steady/2026-08-11T17-39-11Z
  jvm-heap.csv (128 rows)
  jvm-gc-rate.csv (128 rows)
  jvm-threads.csv (128 rows)
  http-throughput.csv (128 rows)
  http-p95.csv (128 rows)
  http-errors.csv (128 rows)
  http-errors-5xx.csv (64 rows)
  http-status.csv (512 rows)
  host-cpu-busy.csv (64 rows)
  host-mem-used.csv (64 rows)
  5xx: 5xx PRESENT (64 samples) — connector-side faults, see http-errors-5xx.csv
  logs -> /home/rohitj/edc/benchmarking-dsp-native-basyx/k6-scripts/results/basyx/on/steady/2026-08-11T17-39-11Z/logs (2 files)
    consumer-controlplane.log:80
    dsp-native-basyx.log:26
VALIDITY  ok=291  failed=10  failed_rate=3%  dropped_iterations=0
>>> done: /home/rohitj/edc/benchmarking-dsp-native-basyx/k6-scripts/results/basyx/on/steady/2026-08-11T17-39-11Z  (k6 exit 99)
  (steady rep 5 exited non-zero)
Matrix done. Index: /home/rohitj/edc/benchmarking-dsp-native-basyx/k6-scripts/results/basyx/matrix-2026-08-11T17-12-03Z.log
TIP: aggregate the per-run k6-summary.json across reps into median+IQR before plotting.
17:45:53 |     done (exit 0)
17:45:53 |   … settling 120s before the next scenario
17:47:53 | --> poll-sensitivity @ 250ms
>>> basyx / poll-sensitivity  ->  /home/rohitj/edc/benchmarking-dsp-native-basyx/k6-scripts/results/basyx/on/poll-sensitivity/2026-08-11T17-47-53Z
parity OK: lib/ + scenarios/ + orchestration/ + tools/ identical to /home/rohitj/edc/benchmarking-dsp-native-basyx/k6-scripts
Health: http://localhost:29010/management + prometheus  OK
Warmup 60s @ 1/s (discarded)
  (warmup non-zero exit ignored)
  draining 20s before the measured window opens
k6 -> Prometheus remote-write: http://localhost:9090/api/v1/write

         /\      Grafana   /‾‾/  
    /\  /  \     |\  __   /  /   
   /  \/    \    | |/ /  /   ‾‾\ 
  /          \   |   (  |  (‾)  |
 / __________ \  |_|\_\  \_____/ 


     execution: local
        script: /home/rohitj/edc/benchmarking-dsp-native-basyx/k6-scripts/scenarios/poll-sensitivity.js
        output: Prometheus remote write (http://localhost:9090/api/v1/write)

     scenarios: (100.00%) 1 scenario, 200 max VUs, 5m30s max duration (incl. graceful stop):
              * pollSensitivity: 1.00 iterations/s for 5m0s (maxVUs: 50-200, gracefulStop: 30s)


running (0m01.0s), 001/050 VUs, 0 complete and 0 interrupted iterations
pollSensitivity   [   0% ] 001/050 VUs  0m00.9s/5m0s  1.00 iters/s

running (0m02.0s), 002/050 VUs, 0 complete and 0 interrupted iterations
pollSensitivity   [   1% ] 002/050 VUs  0m01.9s/5m0s  1.00 iters/s

running (0m03.0s), 003/050 VUs, 0 complete and 0 interrupted iterations
pollSensitivity   [   1% ] 003/050 VUs  0m02.9s/5m0s  1.00 iters/s

running (0m04.0s), 003/050 VUs, 1 complete and 0 interrupted iterations
pollSensitivity   [   1% ] 003/050 VUs  0m03.9s/5m0s  1.00 iters/s

running (0m05.0s), 003/050 VUs, 2 complete and 0 interrupted iterations
pollSensitivity   [   2% ] 003/050 VUs  0m04.9s/5m0s  1.00 iters/s

running (0m06.0s), 003/050 VUs, 3 complete and 0 interrupted iterations
pollSensitivity   [   2% ] 003/050 VUs  0m05.9s/5m0s  1.00 iters/s

running (0m07.0s), 003/050 VUs, 4 complete and 0 interrupted iterations
pollSensitivity   [   2% ] 003/050 VUs  0m06.9s/5m0s  1.00 iters/s

running (0m08.0s), 003/050 VUs, 5 complete and 0 interrupted iterations
pollSensitivity   [   3% ] 003/050 VUs  0m07.9s/5m0s  1.00 iters/s

running (0m09.0s), 003/050 VUs, 6 complete and 0 interrupted iterations
pollSensitivity   [   3% ] 003/050 VUs  0m08.9s/5m0s  1.00 iters/s

running (0m10.0s), 001/050 VUs, 9 complete and 0 interrupted iterations
pollSensitivity   [   3% ] 001/050 VUs  0m09.9s/5m0s  1.00 iters/s

running (0m11.0s), 002/050 VUs, 9 complete and 0 interrupted iterations
pollSensitivity   [   4% ] 002/050 VUs  0m10.9s/5m0s  1.00 iters/s

running (0m12.0s), 002/050 VUs, 10 complete and 0 interrupted iterations
pollSensitivity   [   4% ] 002/050 VUs  0m11.9s/5m0s  1.00 iters/s

running (0m13.0s), 002/050 VUs, 11 complete and 0 interrupted iterations
pollSensitivity   [   4% ] 002/050 VUs  0m12.9s/5m0s  1.00 iters/s

running (0m14.0s), 002/050 VUs, 12 complete and 0 interrupted iterations
pollSensitivity   [   5% ] 002/050 VUs  0m13.9s/5m0s  1.00 iters/s

running (0m15.0s), 003/050 VUs, 12 complete and 0 interrupted iterations
pollSensitivity   [   5% ] 003/050 VUs  0m14.9s/5m0s  1.00 iters/s

running (0m16.0s), 003/050 VUs, 13 complete and 0 interrupted iterations
pollSensitivity   [   5% ] 003/050 VUs  0m15.9s/5m0s  1.00 iters/s

running (0m17.0s), 003/050 VUs, 14 complete and 0 interrupted iterations
pollSensitivity   [   6% ] 003/050 VUs  0m16.9s/5m0s  1.00 iters/s

running (0m18.0s), 003/050 VUs, 15 complete and 0 interrupted iterations
pollSensitivity   [   6% ] 003/050 VUs  0m17.9s/5m0s  1.00 iters/s

running (0m19.0s), 003/050 VUs, 16 complete and 0 interrupted iterations
pollSensitivity   [   6% ] 003/050 VUs  0m18.9s/5m0s  1.00 iters/s

running (0m20.0s), 003/050 VUs, 17 complete and 0 interrupted iterations
pollSensitivity   [   7% ] 003/050 VUs  0m19.9s/5m0s  1.00 iters/s

running (0m21.0s), 002/050 VUs, 19 complete and 0 interrupted iterations
pollSensitivity   [   7% ] 002/050 VUs  0m20.9s/5m0s  1.00 iters/s

running (0m22.0s), 002/050 VUs, 20 complete and 0 interrupted iterations
pollSensitivity   [   7% ] 002/050 VUs  0m21.9s/5m0s  1.00 iters/s

running (0m23.0s), 002/050 VUs, 21 complete and 0 interrupted iterations
pollSensitivity   [   8% ] 002/050 VUs  0m22.9s/5m0s  1.00 iters/s

running (0m24.0s), 002/050 VUs, 22 complete and 0 interrupted iterations
pollSensitivity   [   8% ] 002/050 VUs  0m23.9s/5m0s  1.00 iters/s

running (0m25.0s), 003/050 VUs, 22 complete and 0 interrupted iterations
pollSensitivity   [   8% ] 003/050 VUs  0m24.9s/5m0s  1.00 iters/s

running (0m26.0s), 003/050 VUs, 23 complete and 0 interrupted iterations
pollSensitivity   [   9% ] 003/050 VUs  0m25.9s/5m0s  1.00 iters/s

running (0m27.0s), 003/050 VUs, 24 complete and 0 interrupted iterations
pollSensitivity   [   9% ] 003/050 VUs  0m26.9s/5m0s  1.00 iters/s

running (0m28.0s), 003/050 VUs, 25 complete and 0 interrupted iterations
pollSensitivity   [   9% ] 003/050 VUs  0m27.9s/5m0s  1.00 iters/s

running (0m29.0s), 003/050 VUs, 26 complete and 0 interrupted iterations
pollSensitivity   [  10% ] 003/050 VUs  0m28.9s/5m0s  1.00 iters/s

running (0m30.0s), 003/050 VUs, 27 complete and 0 interrupted iterations
pollSensitivity   [  10% ] 003/050 VUs  0m29.9s/5m0s  1.00 iters/s

running (0m31.0s), 003/050 VUs, 28 complete and 0 interrupted iterations
pollSensitivity   [  10% ] 003/050 VUs  0m30.9s/5m0s  1.00 iters/s

running (0m32.0s), 003/050 VUs, 29 complete and 0 interrupted iterations
pollSensitivity   [  11% ] 003/050 VUs  0m31.9s/5m0s  1.00 iters/s

running (0m33.0s), 003/050 VUs, 30 complete and 0 interrupted iterations
pollSensitivity   [  11% ] 003/050 VUs  0m32.9s/5m0s  1.00 iters/s

running (0m34.0s), 003/050 VUs, 31 complete and 0 interrupted iterations
pollSensitivity   [  11% ] 003/050 VUs  0m33.9s/5m0s  1.00 iters/s

running (0m35.0s), 003/050 VUs, 32 complete and 0 interrupted iterations
pollSensitivity   [  12% ] 003/050 VUs  0m34.9s/5m0s  1.00 iters/s

running (0m36.0s), 002/050 VUs, 34 complete and 0 interrupted iterations
pollSensitivity   [  12% ] 002/050 VUs  0m35.9s/5m0s  1.00 iters/s

running (0m37.0s), 002/050 VUs, 35 complete and 0 interrupted iterations
pollSensitivity   [  12% ] 002/050 VUs  0m36.9s/5m0s  1.00 iters/s

running (0m38.0s), 003/050 VUs, 35 complete and 0 interrupted iterations
pollSensitivity   [  13% ] 003/050 VUs  0m37.9s/5m0s  1.00 iters/s

running (0m39.0s), 003/050 VUs, 36 complete and 0 interrupted iterations
pollSensitivity   [  13% ] 003/050 VUs  0m38.9s/5m0s  1.00 iters/s

running (0m40.0s), 003/050 VUs, 37 complete and 0 interrupted iterations
pollSensitivity   [  13% ] 003/050 VUs  0m39.9s/5m0s  1.00 iters/s

running (0m41.0s), 003/050 VUs, 38 complete and 0 interrupted iterations
pollSensitivity   [  14% ] 003/050 VUs  0m40.9s/5m0s  1.00 iters/s

running (0m42.0s), 003/050 VUs, 39 complete and 0 interrupted iterations
pollSensitivity   [  14% ] 003/050 VUs  0m41.9s/5m0s  1.00 iters/s

running (0m43.0s), 003/050 VUs, 40 complete and 0 interrupted iterations
pollSensitivity   [  14% ] 003/050 VUs  0m42.9s/5m0s  1.00 iters/s

running (0m44.0s), 003/050 VUs, 41 complete and 0 interrupted iterations
pollSensitivity   [  15% ] 003/050 VUs  0m43.9s/5m0s  1.00 iters/s

running (0m45.0s), 003/050 VUs, 42 complete and 0 interrupted iterations
pollSensitivity   [  15% ] 003/050 VUs  0m44.9s/5m0s  1.00 iters/s

running (0m46.0s), 004/050 VUs, 42 complete and 0 interrupted iterations
pollSensitivity   [  15% ] 004/050 VUs  0m45.9s/5m0s  1.00 iters/s

running (0m47.0s), 005/050 VUs, 42 complete and 0 interrupted iterations
pollSensitivity   [  16% ] 005/050 VUs  0m46.9s/5m0s  1.00 iters/s

running (0m48.0s), 005/050 VUs, 43 complete and 0 interrupted iterations
pollSensitivity   [  16% ] 005/050 VUs  0m47.9s/5m0s  1.00 iters/s

running (0m49.0s), 004/050 VUs, 45 complete and 0 interrupted iterations
pollSensitivity   [  16% ] 004/050 VUs  0m48.9s/5m0s  1.00 iters/s

running (0m50.0s), 004/050 VUs, 46 complete and 0 interrupted iterations
pollSensitivity   [  17% ] 004/050 VUs  0m49.9s/5m0s  1.00 iters/s

running (0m51.0s), 004/050 VUs, 47 complete and 0 interrupted iterations
pollSensitivity   [  17% ] 004/050 VUs  0m50.9s/5m0s  1.00 iters/s

running (0m52.0s), 005/050 VUs, 47 complete and 0 interrupted iterations
pollSensitivity   [  17% ] 005/050 VUs  0m51.9s/5m0s  1.00 iters/s

running (0m53.0s), 005/050 VUs, 48 complete and 0 interrupted iterations
pollSensitivity   [  18% ] 005/050 VUs  0m52.9s/5m0s  1.00 iters/s

running (0m54.0s), 005/050 VUs, 49 complete and 0 interrupted iterations
pollSensitivity   [  18% ] 005/050 VUs  0m53.9s/5m0s  1.00 iters/s

running (0m55.0s), 005/050 VUs, 50 complete and 0 interrupted iterations
pollSensitivity   [  18% ] 005/050 VUs  0m54.9s/5m0s  1.00 iters/s

running (0m56.0s), 005/050 VUs, 51 complete and 0 interrupted iterations
pollSensitivity   [  19% ] 005/050 VUs  0m55.9s/5m0s  1.00 iters/s

running (0m57.0s), 006/050 VUs, 51 complete and 0 interrupted iterations
pollSensitivity   [  19% ] 006/050 VUs  0m56.9s/5m0s  1.00 iters/s

running (0m58.0s), 005/050 VUs, 53 complete and 0 interrupted iterations
pollSensitivity   [  19% ] 005/050 VUs  0m57.9s/5m0s  1.00 iters/s

running (0m59.0s), 005/050 VUs, 54 complete and 0 interrupted iterations
pollSensitivity   [  20% ] 005/050 VUs  0m58.9s/5m0s  1.00 iters/s

running (1m00.0s), 005/050 VUs, 55 complete and 0 interrupted iterations
pollSensitivity   [  20% ] 005/050 VUs  0m59.9s/5m0s  1.00 iters/s

running (1m01.0s), 005/050 VUs, 56 complete and 0 interrupted iterations
pollSensitivity   [  20% ] 005/050 VUs  1m00.9s/5m0s  1.00 iters/s

running (1m02.0s), 005/050 VUs, 57 complete and 0 interrupted iterations
pollSensitivity   [  21% ] 005/050 VUs  1m01.9s/5m0s  1.00 iters/s

running (1m03.0s), 004/050 VUs, 59 complete and 0 interrupted iterations
pollSensitivity   [  21% ] 004/050 VUs  1m02.9s/5m0s  1.00 iters/s

running (1m04.0s), 004/050 VUs, 60 complete and 0 interrupted iterations
pollSensitivity   [  21% ] 004/050 VUs  1m03.9s/5m0s  1.00 iters/s

running (1m05.0s), 005/050 VUs, 60 complete and 0 interrupted iterations
pollSensitivity   [  22% ] 005/050 VUs  1m04.9s/5m0s  1.00 iters/s

running (1m06.0s), 005/050 VUs, 61 complete and 0 interrupted iterations
pollSensitivity   [  22% ] 005/050 VUs  1m05.9s/5m0s  1.00 iters/s

running (1m07.0s), 004/050 VUs, 63 complete and 0 interrupted iterations
pollSensitivity   [  22% ] 004/050 VUs  1m06.9s/5m0s  1.00 iters/s

running (1m08.0s), 005/050 VUs, 63 complete and 0 interrupted iterations
pollSensitivity   [  23% ] 005/050 VUs  1m07.9s/5m0s  1.00 iters/s

running (1m09.0s), 005/050 VUs, 64 complete and 0 interrupted iterations
pollSensitivity   [  23% ] 005/050 VUs  1m08.9s/5m0s  1.00 iters/s

running (1m10.0s), 005/050 VUs, 65 complete and 0 interrupted iterations
pollSensitivity   [  23% ] 005/050 VUs  1m09.9s/5m0s  1.00 iters/s

running (1m11.0s), 005/050 VUs, 66 complete and 0 interrupted iterations
pollSensitivity   [  24% ] 005/050 VUs  1m10.9s/5m0s  1.00 iters/s

running (1m12.0s), 005/050 VUs, 67 complete and 0 interrupted iterations
pollSensitivity   [  24% ] 005/050 VUs  1m11.9s/5m0s  1.00 iters/s

running (1m13.0s), 005/050 VUs, 68 complete and 0 interrupted iterations
pollSensitivity   [  24% ] 005/050 VUs  1m12.9s/5m0s  1.00 iters/s

running (1m14.0s), 005/050 VUs, 69 complete and 0 interrupted iterations
pollSensitivity   [  25% ] 005/050 VUs  1m13.9s/5m0s  1.00 iters/s

running (1m15.0s), 004/050 VUs, 71 complete and 0 interrupted iterations
pollSensitivity   [  25% ] 004/050 VUs  1m14.9s/5m0s  1.00 iters/s

running (1m16.0s), 004/050 VUs, 72 complete and 0 interrupted iterations
pollSensitivity   [  25% ] 004/050 VUs  1m15.9s/5m0s  1.00 iters/s

running (1m17.0s), 003/050 VUs, 74 complete and 0 interrupted iterations
pollSensitivity   [  26% ] 003/050 VUs  1m16.9s/5m0s  1.00 iters/s

running (1m18.0s), 003/050 VUs, 75 complete and 0 interrupted iterations
pollSensitivity   [  26% ] 003/050 VUs  1m17.9s/5m0s  1.00 iters/s

running (1m19.0s), 004/050 VUs, 75 complete and 0 interrupted iterations
pollSensitivity   [  26% ] 004/050 VUs  1m18.9s/5m0s  1.00 iters/s

running (1m20.0s), 004/050 VUs, 76 complete and 0 interrupted iterations
pollSensitivity   [  27% ] 004/050 VUs  1m19.9s/5m0s  1.00 iters/s

running (1m21.0s), 004/050 VUs, 77 complete and 0 interrupted iterations
pollSensitivity   [  27% ] 004/050 VUs  1m20.9s/5m0s  1.00 iters/s

running (1m22.0s), 004/050 VUs, 78 complete and 0 interrupted iterations
pollSensitivity   [  27% ] 004/050 VUs  1m21.9s/5m0s  1.00 iters/s

running (1m23.0s), 004/050 VUs, 79 complete and 0 interrupted iterations
pollSensitivity   [  28% ] 004/050 VUs  1m22.9s/5m0s  1.00 iters/s

running (1m24.0s), 004/050 VUs, 80 complete and 0 interrupted iterations
pollSensitivity   [  28% ] 004/050 VUs  1m23.9s/5m0s  1.00 iters/s

running (1m25.0s), 004/050 VUs, 81 complete and 0 interrupted iterations
pollSensitivity   [  28% ] 004/050 VUs  1m24.9s/5m0s  1.00 iters/s

running (1m26.0s), 004/050 VUs, 82 complete and 0 interrupted iterations
pollSensitivity   [  29% ] 004/050 VUs  1m25.9s/5m0s  1.00 iters/s

running (1m27.0s), 004/050 VUs, 83 complete and 0 interrupted iterations
pollSensitivity   [  29% ] 004/050 VUs  1m26.9s/5m0s  1.00 iters/s

running (1m28.0s), 004/050 VUs, 84 complete and 0 interrupted iterations
pollSensitivity   [  29% ] 004/050 VUs  1m27.9s/5m0s  1.00 iters/s

running (1m29.0s), 004/050 VUs, 85 complete and 0 interrupted iterations
pollSensitivity   [  30% ] 004/050 VUs  1m28.9s/5m0s  1.00 iters/s

running (1m30.0s), 004/050 VUs, 86 complete and 0 interrupted iterations
pollSensitivity   [  30% ] 004/050 VUs  1m29.9s/5m0s  1.00 iters/s

running (1m31.0s), 003/050 VUs, 88 complete and 0 interrupted iterations
pollSensitivity   [  30% ] 003/050 VUs  1m30.9s/5m0s  1.00 iters/s

running (1m32.0s), 003/050 VUs, 89 complete and 0 interrupted iterations
pollSensitivity   [  31% ] 003/050 VUs  1m31.9s/5m0s  1.00 iters/s

running (1m33.0s), 004/050 VUs, 89 complete and 0 interrupted iterations
pollSensitivity   [  31% ] 004/050 VUs  1m32.9s/5m0s  1.00 iters/s

running (1m34.0s), 004/050 VUs, 90 complete and 0 interrupted iterations
pollSensitivity   [  31% ] 004/050 VUs  1m33.9s/5m0s  1.00 iters/s

running (1m35.0s), 004/050 VUs, 91 complete and 0 interrupted iterations
pollSensitivity   [  32% ] 004/050 VUs  1m34.9s/5m0s  1.00 iters/s

running (1m36.0s), 004/050 VUs, 92 complete and 0 interrupted iterations
pollSensitivity   [  32% ] 004/050 VUs  1m35.9s/5m0s  1.00 iters/s

running (1m37.0s), 004/050 VUs, 93 complete and 0 interrupted iterations
pollSensitivity   [  32% ] 004/050 VUs  1m36.9s/5m0s  1.00 iters/s

running (1m38.0s), 003/050 VUs, 95 complete and 0 interrupted iterations
pollSensitivity   [  33% ] 003/050 VUs  1m37.9s/5m0s  1.00 iters/s

running (1m39.0s), 004/050 VUs, 95 complete and 0 interrupted iterations
pollSensitivity   [  33% ] 004/050 VUs  1m38.9s/5m0s  1.00 iters/s

running (1m40.0s), 004/050 VUs, 96 complete and 0 interrupted iterations
pollSensitivity   [  33% ] 004/050 VUs  1m39.9s/5m0s  1.00 iters/s

running (1m41.0s), 004/050 VUs, 97 complete and 0 interrupted iterations
pollSensitivity   [  34% ] 004/050 VUs  1m40.9s/5m0s  1.00 iters/s

running (1m42.0s), 003/050 VUs, 99 complete and 0 interrupted iterations
pollSensitivity   [  34% ] 003/050 VUs  1m41.9s/5m0s  1.00 iters/s

running (1m43.0s), 003/050 VUs, 100 complete and 0 interrupted iterations
pollSensitivity   [  34% ] 003/050 VUs  1m42.9s/5m0s  1.00 iters/s

running (1m44.0s), 003/050 VUs, 101 complete and 0 interrupted iterations
pollSensitivity   [  35% ] 003/050 VUs  1m43.9s/5m0s  1.00 iters/s

running (1m45.0s), 002/050 VUs, 103 complete and 0 interrupted iterations
pollSensitivity   [  35% ] 002/050 VUs  1m44.9s/5m0s  1.00 iters/s

running (1m46.0s), 003/050 VUs, 103 complete and 0 interrupted iterations
pollSensitivity   [  35% ] 003/050 VUs  1m45.9s/5m0s  1.00 iters/s

running (1m47.0s), 004/050 VUs, 103 complete and 0 interrupted iterations
pollSensitivity   [  36% ] 004/050 VUs  1m46.9s/5m0s  1.00 iters/s

running (1m48.0s), 004/050 VUs, 104 complete and 0 interrupted iterations
pollSensitivity   [  36% ] 004/050 VUs  1m47.9s/5m0s  1.00 iters/s

running (1m49.0s), 004/050 VUs, 105 complete and 0 interrupted iterations
pollSensitivity   [  36% ] 004/050 VUs  1m48.9s/5m0s  1.00 iters/s

running (1m50.0s), 003/050 VUs, 107 complete and 0 interrupted iterations
pollSensitivity   [  37% ] 003/050 VUs  1m49.9s/5m0s  1.00 iters/s

running (1m51.0s), 004/050 VUs, 107 complete and 0 interrupted iterations
pollSensitivity   [  37% ] 004/050 VUs  1m50.9s/5m0s  1.00 iters/s

running (1m52.0s), 004/050 VUs, 108 complete and 0 interrupted iterations
pollSensitivity   [  37% ] 004/050 VUs  1m51.9s/5m0s  1.00 iters/s

running (1m53.0s), 003/050 VUs, 110 complete and 0 interrupted iterations
pollSensitivity   [  38% ] 003/050 VUs  1m52.9s/5m0s  1.00 iters/s

running (1m54.0s), 004/050 VUs, 110 complete and 0 interrupted iterations
pollSensitivity   [  38% ] 004/050 VUs  1m53.9s/5m0s  1.00 iters/s

running (1m55.0s), 004/050 VUs, 111 complete and 0 interrupted iterations
pollSensitivity   [  38% ] 004/050 VUs  1m54.9s/5m0s  1.00 iters/s

running (1m56.0s), 003/050 VUs, 113 complete and 0 interrupted iterations
pollSensitivity   [  39% ] 003/050 VUs  1m55.9s/5m0s  1.00 iters/s

running (1m57.0s), 003/050 VUs, 114 complete and 0 interrupted iterations
pollSensitivity   [  39% ] 003/050 VUs  1m56.9s/5m0s  1.00 iters/s

running (1m58.0s), 004/050 VUs, 114 complete and 0 interrupted iterations
pollSensitivity   [  39% ] 004/050 VUs  1m57.9s/5m0s  1.00 iters/s

running (1m59.0s), 003/050 VUs, 116 complete and 0 interrupted iterations
pollSensitivity   [  40% ] 003/050 VUs  1m58.9s/5m0s  1.00 iters/s

running (2m00.0s), 003/050 VUs, 117 complete and 0 interrupted iterations
pollSensitivity   [  40% ] 003/050 VUs  1m59.9s/5m0s  1.00 iters/s

running (2m01.0s), 004/050 VUs, 117 complete and 0 interrupted iterations
pollSensitivity   [  40% ] 004/050 VUs  2m00.9s/5m0s  1.00 iters/s

running (2m02.0s), 004/050 VUs, 118 complete and 0 interrupted iterations
pollSensitivity   [  41% ] 004/050 VUs  2m01.9s/5m0s  1.00 iters/s

running (2m03.0s), 003/050 VUs, 120 complete and 0 interrupted iterations
pollSensitivity   [  41% ] 003/050 VUs  2m02.9s/5m0s  1.00 iters/s

running (2m04.0s), 003/050 VUs, 121 complete and 0 interrupted iterations
pollSensitivity   [  41% ] 003/050 VUs  2m03.9s/5m0s  1.00 iters/s

running (2m05.0s), 004/050 VUs, 121 complete and 0 interrupted iterations
pollSensitivity   [  42% ] 004/050 VUs  2m04.9s/5m0s  1.00 iters/s

running (2m06.0s), 004/050 VUs, 122 complete and 0 interrupted iterations
pollSensitivity   [  42% ] 004/050 VUs  2m05.9s/5m0s  1.00 iters/s

running (2m07.0s), 003/050 VUs, 124 complete and 0 interrupted iterations
pollSensitivity   [  42% ] 003/050 VUs  2m06.9s/5m0s  1.00 iters/s

running (2m08.0s), 003/050 VUs, 125 complete and 0 interrupted iterations
pollSensitivity   [  43% ] 003/050 VUs  2m07.9s/5m0s  1.00 iters/s

running (2m09.0s), 004/050 VUs, 125 complete and 0 interrupted iterations
pollSensitivity   [  43% ] 004/050 VUs  2m08.9s/5m0s  1.00 iters/s

running (2m10.0s), 003/050 VUs, 127 complete and 0 interrupted iterations
pollSensitivity   [  43% ] 003/050 VUs  2m09.9s/5m0s  1.00 iters/s

running (2m11.0s), 003/050 VUs, 128 complete and 0 interrupted iterations
pollSensitivity   [  44% ] 003/050 VUs  2m10.9s/5m0s  1.00 iters/s

running (2m12.0s), 004/050 VUs, 128 complete and 0 interrupted iterations
pollSensitivity   [  44% ] 004/050 VUs  2m11.9s/5m0s  1.00 iters/s

running (2m13.0s), 003/050 VUs, 130 complete and 0 interrupted iterations
pollSensitivity   [  44% ] 003/050 VUs  2m12.9s/5m0s  1.00 iters/s

running (2m14.0s), 003/050 VUs, 131 complete and 0 interrupted iterations
pollSensitivity   [  45% ] 003/050 VUs  2m13.9s/5m0s  1.00 iters/s

running (2m15.0s), 002/050 VUs, 133 complete and 0 interrupted iterations
pollSensitivity   [  45% ] 002/050 VUs  2m14.9s/5m0s  1.00 iters/s

running (2m16.0s), 003/050 VUs, 133 complete and 0 interrupted iterations
pollSensitivity   [  45% ] 003/050 VUs  2m15.9s/5m0s  1.00 iters/s

running (2m17.0s), 002/050 VUs, 135 complete and 0 interrupted iterations
pollSensitivity   [  46% ] 002/050 VUs  2m16.9s/5m0s  1.00 iters/s

running (2m18.0s), 002/050 VUs, 136 complete and 0 interrupted iterations
pollSensitivity   [  46% ] 002/050 VUs  2m17.9s/5m0s  1.00 iters/s

running (2m19.0s), 002/050 VUs, 137 complete and 0 interrupted iterations
pollSensitivity   [  46% ] 002/050 VUs  2m18.9s/5m0s  1.00 iters/s

running (2m20.0s), 002/050 VUs, 138 complete and 0 interrupted iterations
pollSensitivity   [  47% ] 002/050 VUs  2m19.9s/5m0s  1.00 iters/s

running (2m21.0s), 002/050 VUs, 139 complete and 0 interrupted iterations
pollSensitivity   [  47% ] 002/050 VUs  2m20.9s/5m0s  1.00 iters/s

running (2m22.0s), 002/050 VUs, 140 complete and 0 interrupted iterations
pollSensitivity   [  47% ] 002/050 VUs  2m21.9s/5m0s  1.00 iters/s

running (2m23.0s), 003/050 VUs, 140 complete and 0 interrupted iterations
pollSensitivity   [  48% ] 003/050 VUs  2m22.9s/5m0s  1.00 iters/s

running (2m24.0s), 002/050 VUs, 142 complete and 0 interrupted iterations
pollSensitivity   [  48% ] 002/050 VUs  2m23.9s/5m0s  1.00 iters/s

running (2m25.0s), 002/050 VUs, 143 complete and 0 interrupted iterations
pollSensitivity   [  48% ] 002/050 VUs  2m24.9s/5m0s  1.00 iters/s

running (2m26.0s), 002/050 VUs, 144 complete and 0 interrupted iterations
pollSensitivity   [  49% ] 002/050 VUs  2m25.9s/5m0s  1.00 iters/s

running (2m27.0s), 002/050 VUs, 145 complete and 0 interrupted iterations
pollSensitivity   [  49% ] 002/050 VUs  2m26.9s/5m0s  1.00 iters/s

running (2m28.0s), 002/050 VUs, 146 complete and 0 interrupted iterations
pollSensitivity   [  49% ] 002/050 VUs  2m27.9s/5m0s  1.00 iters/s

running (2m29.0s), 003/050 VUs, 146 complete and 0 interrupted iterations
pollSensitivity   [  50% ] 003/050 VUs  2m28.9s/5m0s  1.00 iters/s

running (2m30.0s), 003/050 VUs, 147 complete and 0 interrupted iterations
pollSensitivity   [  50% ] 003/050 VUs  2m29.9s/5m0s  1.00 iters/s

running (2m31.0s), 002/050 VUs, 149 complete and 0 interrupted iterations
pollSensitivity   [  50% ] 002/050 VUs  2m30.9s/5m0s  1.00 iters/s

running (2m32.0s), 002/050 VUs, 150 complete and 0 interrupted iterations
pollSensitivity   [  51% ] 002/050 VUs  2m31.9s/5m0s  1.00 iters/s

running (2m33.0s), 002/050 VUs, 151 complete and 0 interrupted iterations
pollSensitivity   [  51% ] 002/050 VUs  2m32.9s/5m0s  1.00 iters/s

running (2m34.0s), 002/050 VUs, 152 complete and 0 interrupted iterations
pollSensitivity   [  51% ] 002/050 VUs  2m33.9s/5m0s  1.00 iters/s

running (2m35.0s), 002/050 VUs, 153 complete and 0 interrupted iterations
pollSensitivity   [  52% ] 002/050 VUs  2m34.9s/5m0s  1.00 iters/s

running (2m36.0s), 002/050 VUs, 154 complete and 0 interrupted iterations
pollSensitivity   [  52% ] 002/050 VUs  2m35.9s/5m0s  1.00 iters/s

running (2m37.0s), 002/050 VUs, 155 complete and 0 interrupted iterations
pollSensitivity   [  52% ] 002/050 VUs  2m36.9s/5m0s  1.00 iters/s

running (2m38.0s), 002/050 VUs, 156 complete and 0 interrupted iterations
pollSensitivity   [  53% ] 002/050 VUs  2m37.9s/5m0s  1.00 iters/s

running (2m39.0s), 002/050 VUs, 157 complete and 0 interrupted iterations
pollSensitivity   [  53% ] 002/050 VUs  2m38.9s/5m0s  1.00 iters/s

running (2m40.0s), 002/050 VUs, 158 complete and 0 interrupted iterations
pollSensitivity   [  53% ] 002/050 VUs  2m39.9s/5m0s  1.00 iters/s

running (2m41.0s), 002/050 VUs, 159 complete and 0 interrupted iterations
pollSensitivity   [  54% ] 002/050 VUs  2m40.9s/5m0s  1.00 iters/s

running (2m42.0s), 002/050 VUs, 160 complete and 0 interrupted iterations
pollSensitivity   [  54% ] 002/050 VUs  2m41.9s/5m0s  1.00 iters/s

running (2m43.0s), 003/050 VUs, 160 complete and 0 interrupted iterations
pollSensitivity   [  54% ] 003/050 VUs  2m42.9s/5m0s  1.00 iters/s

running (2m44.0s), 002/050 VUs, 162 complete and 0 interrupted iterations
pollSensitivity   [  55% ] 002/050 VUs  2m43.9s/5m0s  1.00 iters/s

running (2m45.0s), 002/050 VUs, 163 complete and 0 interrupted iterations
pollSensitivity   [  55% ] 002/050 VUs  2m44.9s/5m0s  1.00 iters/s

running (2m46.0s), 002/050 VUs, 164 complete and 0 interrupted iterations
pollSensitivity   [  55% ] 002/050 VUs  2m45.9s/5m0s  1.00 iters/s

running (2m47.0s), 002/050 VUs, 165 complete and 0 interrupted iterations
pollSensitivity   [  56% ] 002/050 VUs  2m46.9s/5m0s  1.00 iters/s

running (2m48.0s), 003/050 VUs, 165 complete and 0 interrupted iterations
pollSensitivity   [  56% ] 003/050 VUs  2m47.9s/5m0s  1.00 iters/s

running (2m49.0s), 003/050 VUs, 166 complete and 0 interrupted iterations
pollSensitivity   [  56% ] 003/050 VUs  2m48.9s/5m0s  1.00 iters/s

running (2m50.0s), 003/050 VUs, 167 complete and 0 interrupted iterations
pollSensitivity   [  57% ] 003/050 VUs  2m49.9s/5m0s  1.00 iters/s

running (2m51.0s), 003/050 VUs, 168 complete and 0 interrupted iterations
pollSensitivity   [  57% ] 003/050 VUs  2m50.9s/5m0s  1.00 iters/s

running (2m52.0s), 003/050 VUs, 169 complete and 0 interrupted iterations
pollSensitivity   [  57% ] 003/050 VUs  2m51.9s/5m0s  1.00 iters/s

running (2m53.0s), 003/050 VUs, 170 complete and 0 interrupted iterations
pollSensitivity   [  58% ] 003/050 VUs  2m52.9s/5m0s  1.00 iters/s

running (2m54.0s), 003/050 VUs, 171 complete and 0 interrupted iterations
pollSensitivity   [  58% ] 003/050 VUs  2m53.9s/5m0s  1.00 iters/s

running (2m55.0s), 003/050 VUs, 172 complete and 0 interrupted iterations
pollSensitivity   [  58% ] 003/050 VUs  2m54.9s/5m0s  1.00 iters/s

running (2m56.0s), 004/050 VUs, 172 complete and 0 interrupted iterations
pollSensitivity   [  59% ] 004/050 VUs  2m55.9s/5m0s  1.00 iters/s

running (2m57.0s), 002/050 VUs, 175 complete and 0 interrupted iterations
pollSensitivity   [  59% ] 002/050 VUs  2m56.9s/5m0s  1.00 iters/s

running (2m58.0s), 003/050 VUs, 175 complete and 0 interrupted iterations
pollSensitivity   [  59% ] 003/050 VUs  2m57.9s/5m0s  1.00 iters/s

running (2m59.0s), 003/050 VUs, 176 complete and 0 interrupted iterations
pollSensitivity   [  60% ] 003/050 VUs  2m58.9s/5m0s  1.00 iters/s

running (3m00.0s), 003/050 VUs, 177 complete and 0 interrupted iterations
pollSensitivity   [  60% ] 003/050 VUs  2m59.9s/5m0s  1.00 iters/s

running (3m01.0s), 003/050 VUs, 178 complete and 0 interrupted iterations
pollSensitivity   [  60% ] 003/050 VUs  3m00.9s/5m0s  1.00 iters/s

running (3m02.0s), 003/050 VUs, 179 complete and 0 interrupted iterations
pollSensitivity   [  61% ] 003/050 VUs  3m01.9s/5m0s  1.00 iters/s

running (3m03.0s), 003/050 VUs, 180 complete and 0 interrupted iterations
pollSensitivity   [  61% ] 003/050 VUs  3m02.9s/5m0s  1.00 iters/s

running (3m04.0s), 003/050 VUs, 181 complete and 0 interrupted iterations
pollSensitivity   [  61% ] 003/050 VUs  3m03.9s/5m0s  1.00 iters/s

running (3m05.0s), 003/050 VUs, 182 complete and 0 interrupted iterations
pollSensitivity   [  62% ] 003/050 VUs  3m04.9s/5m0s  1.00 iters/s

running (3m06.0s), 003/050 VUs, 183 complete and 0 interrupted iterations
pollSensitivity   [  62% ] 003/050 VUs  3m05.9s/5m0s  1.00 iters/s

running (3m07.0s), 003/050 VUs, 184 complete and 0 interrupted iterations
pollSensitivity   [  62% ] 003/050 VUs  3m06.9s/5m0s  1.00 iters/s

running (3m08.0s), 003/050 VUs, 185 complete and 0 interrupted iterations
pollSensitivity   [  63% ] 003/050 VUs  3m07.9s/5m0s  1.00 iters/s

running (3m09.0s), 004/050 VUs, 185 complete and 0 interrupted iterations
pollSensitivity   [  63% ] 004/050 VUs  3m08.9s/5m0s  1.00 iters/s

running (3m10.0s), 004/050 VUs, 186 complete and 0 interrupted iterations
pollSensitivity   [  63% ] 004/050 VUs  3m09.9s/5m0s  1.00 iters/s

running (3m11.0s), 004/050 VUs, 187 complete and 0 interrupted iterations
pollSensitivity   [  64% ] 004/050 VUs  3m10.9s/5m0s  1.00 iters/s

running (3m12.0s), 003/050 VUs, 189 complete and 0 interrupted iterations
pollSensitivity   [  64% ] 003/050 VUs  3m11.9s/5m0s  1.00 iters/s

running (3m13.0s), 003/050 VUs, 190 complete and 0 interrupted iterations
pollSensitivity   [  64% ] 003/050 VUs  3m12.9s/5m0s  1.00 iters/s

running (3m14.0s), 003/050 VUs, 191 complete and 0 interrupted iterations
pollSensitivity   [  65% ] 003/050 VUs  3m13.9s/5m0s  1.00 iters/s

running (3m15.0s), 003/050 VUs, 192 complete and 0 interrupted iterations
pollSensitivity   [  65% ] 003/050 VUs  3m14.9s/5m0s  1.00 iters/s

running (3m16.0s), 003/050 VUs, 193 complete and 0 interrupted iterations
pollSensitivity   [  65% ] 003/050 VUs  3m15.9s/5m0s  1.00 iters/s

running (3m17.0s), 003/050 VUs, 194 complete and 0 interrupted iterations
pollSensitivity   [  66% ] 003/050 VUs  3m16.9s/5m0s  1.00 iters/s

running (3m18.0s), 002/050 VUs, 196 complete and 0 interrupted iterations
pollSensitivity   [  66% ] 002/050 VUs  3m17.9s/5m0s  1.00 iters/s

running (3m19.0s), 002/050 VUs, 197 complete and 0 interrupted iterations
pollSensitivity   [  66% ] 002/050 VUs  3m18.9s/5m0s  1.00 iters/s

running (3m20.0s), 002/050 VUs, 198 complete and 0 interrupted iterations
pollSensitivity   [  67% ] 002/050 VUs  3m19.9s/5m0s  1.00 iters/s

running (3m21.0s), 002/050 VUs, 199 complete and 0 interrupted iterations
pollSensitivity   [  67% ] 002/050 VUs  3m20.9s/5m0s  1.00 iters/s

running (3m22.0s), 002/050 VUs, 200 complete and 0 interrupted iterations
pollSensitivity   [  67% ] 002/050 VUs  3m21.9s/5m0s  1.00 iters/s

running (3m23.0s), 002/050 VUs, 201 complete and 0 interrupted iterations
pollSensitivity   [  68% ] 002/050 VUs  3m22.9s/5m0s  1.00 iters/s

running (3m24.0s), 003/050 VUs, 201 complete and 0 interrupted iterations
pollSensitivity   [  68% ] 003/050 VUs  3m23.9s/5m0s  1.00 iters/s

running (3m25.0s), 002/050 VUs, 203 complete and 0 interrupted iterations
pollSensitivity   [  68% ] 002/050 VUs  3m24.9s/5m0s  1.00 iters/s

running (3m26.0s), 003/050 VUs, 203 complete and 0 interrupted iterations
pollSensitivity   [  69% ] 003/050 VUs  3m25.9s/5m0s  1.00 iters/s

running (3m27.0s), 002/050 VUs, 205 complete and 0 interrupted iterations
pollSensitivity   [  69% ] 002/050 VUs  3m26.9s/5m0s  1.00 iters/s

running (3m28.0s), 002/050 VUs, 206 complete and 0 interrupted iterations
pollSensitivity   [  69% ] 002/050 VUs  3m27.9s/5m0s  1.00 iters/s

running (3m29.0s), 002/050 VUs, 207 complete and 0 interrupted iterations
pollSensitivity   [  70% ] 002/050 VUs  3m28.9s/5m0s  1.00 iters/s

running (3m30.0s), 002/050 VUs, 208 complete and 0 interrupted iterations
pollSensitivity   [  70% ] 002/050 VUs  3m29.9s/5m0s  1.00 iters/s

running (3m31.0s), 002/050 VUs, 209 complete and 0 interrupted iterations
pollSensitivity   [  70% ] 002/050 VUs  3m30.9s/5m0s  1.00 iters/s

running (3m32.0s), 002/050 VUs, 210 complete and 0 interrupted iterations
pollSensitivity   [  71% ] 002/050 VUs  3m31.9s/5m0s  1.00 iters/s

running (3m33.0s), 002/050 VUs, 211 complete and 0 interrupted iterations
pollSensitivity   [  71% ] 002/050 VUs  3m32.9s/5m0s  1.00 iters/s

running (3m34.0s), 002/050 VUs, 212 complete and 0 interrupted iterations
pollSensitivity   [  71% ] 002/050 VUs  3m33.9s/5m0s  1.00 iters/s

running (3m35.0s), 002/050 VUs, 213 complete and 0 interrupted iterations
pollSensitivity   [  72% ] 002/050 VUs  3m34.9s/5m0s  1.00 iters/s

running (3m36.0s), 002/050 VUs, 214 complete and 0 interrupted iterations
pollSensitivity   [  72% ] 002/050 VUs  3m35.9s/5m0s  1.00 iters/s

running (3m37.0s), 002/050 VUs, 215 complete and 0 interrupted iterations
pollSensitivity   [  72% ] 002/050 VUs  3m36.9s/5m0s  1.00 iters/s

running (3m38.0s), 002/050 VUs, 216 complete and 0 interrupted iterations
pollSensitivity   [  73% ] 002/050 VUs  3m37.9s/5m0s  1.00 iters/s

running (3m39.0s), 003/050 VUs, 216 complete and 0 interrupted iterations
pollSensitivity   [  73% ] 003/050 VUs  3m38.9s/5m0s  1.00 iters/s

running (3m40.0s), 002/050 VUs, 218 complete and 0 interrupted iterations
pollSensitivity   [  73% ] 002/050 VUs  3m39.9s/5m0s  1.00 iters/s

running (3m41.0s), 002/050 VUs, 219 complete and 0 interrupted iterations
pollSensitivity   [  74% ] 002/050 VUs  3m40.9s/5m0s  1.00 iters/s

running (3m42.0s), 002/050 VUs, 220 complete and 0 interrupted iterations
pollSensitivity   [  74% ] 002/050 VUs  3m41.9s/5m0s  1.00 iters/s

running (3m43.0s), 002/050 VUs, 221 complete and 0 interrupted iterations
pollSensitivity   [  74% ] 002/050 VUs  3m42.9s/5m0s  1.00 iters/s

running (3m44.0s), 002/050 VUs, 222 complete and 0 interrupted iterations
pollSensitivity   [  75% ] 002/050 VUs  3m43.9s/5m0s  1.00 iters/s

running (3m45.0s), 002/050 VUs, 223 complete and 0 interrupted iterations
pollSensitivity   [  75% ] 002/050 VUs  3m44.9s/5m0s  1.00 iters/s

running (3m46.0s), 002/050 VUs, 224 complete and 0 interrupted iterations
pollSensitivity   [  75% ] 002/050 VUs  3m45.9s/5m0s  1.00 iters/s

running (3m47.0s), 002/050 VUs, 225 complete and 0 interrupted iterations
pollSensitivity   [  76% ] 002/050 VUs  3m46.9s/5m0s  1.00 iters/s

running (3m48.0s), 002/050 VUs, 226 complete and 0 interrupted iterations
pollSensitivity   [  76% ] 002/050 VUs  3m47.9s/5m0s  1.00 iters/s

running (3m49.0s), 003/050 VUs, 226 complete and 0 interrupted iterations
pollSensitivity   [  76% ] 003/050 VUs  3m48.9s/5m0s  1.00 iters/s

running (3m50.0s), 003/050 VUs, 227 complete and 0 interrupted iterations
pollSensitivity   [  77% ] 003/050 VUs  3m49.9s/5m0s  1.00 iters/s

running (3m51.0s), 003/050 VUs, 228 complete and 0 interrupted iterations
pollSensitivity   [  77% ] 003/050 VUs  3m50.9s/5m0s  1.00 iters/s

running (3m52.0s), 003/050 VUs, 229 complete and 0 interrupted iterations
pollSensitivity   [  77% ] 003/050 VUs  3m51.9s/5m0s  1.00 iters/s

running (3m53.0s), 003/050 VUs, 230 complete and 0 interrupted iterations
pollSensitivity   [  78% ] 003/050 VUs  3m52.9s/5m0s  1.00 iters/s

running (3m54.0s), 002/050 VUs, 232 complete and 0 interrupted iterations
pollSensitivity   [  78% ] 002/050 VUs  3m53.9s/5m0s  1.00 iters/s

running (3m55.0s), 002/050 VUs, 233 complete and 0 interrupted iterations
pollSensitivity   [  78% ] 002/050 VUs  3m54.9s/5m0s  1.00 iters/s

running (3m56.0s), 002/050 VUs, 234 complete and 0 interrupted iterations
pollSensitivity   [  79% ] 002/050 VUs  3m55.9s/5m0s  1.00 iters/s

running (3m57.0s), 002/050 VUs, 235 complete and 0 interrupted iterations
pollSensitivity   [  79% ] 002/050 VUs  3m56.9s/5m0s  1.00 iters/s

running (3m58.0s), 002/050 VUs, 236 complete and 0 interrupted iterations
pollSensitivity   [  79% ] 002/050 VUs  3m57.9s/5m0s  1.00 iters/s

running (3m59.0s), 002/050 VUs, 237 complete and 0 interrupted iterations
pollSensitivity   [  80% ] 002/050 VUs  3m58.9s/5m0s  1.00 iters/s

running (4m00.0s), 002/050 VUs, 238 complete and 0 interrupted iterations
pollSensitivity   [  80% ] 002/050 VUs  3m59.9s/5m0s  1.00 iters/s

running (4m01.0s), 003/050 VUs, 238 complete and 0 interrupted iterations
pollSensitivity   [  80% ] 003/050 VUs  4m00.9s/5m0s  1.00 iters/s

running (4m02.0s), 003/050 VUs, 239 complete and 0 interrupted iterations
pollSensitivity   [  81% ] 003/050 VUs  4m01.9s/5m0s  1.00 iters/s

running (4m03.0s), 003/050 VUs, 240 complete and 0 interrupted iterations
pollSensitivity   [  81% ] 003/050 VUs  4m02.9s/5m0s  1.00 iters/s

running (4m04.0s), 003/050 VUs, 241 complete and 0 interrupted iterations
pollSensitivity   [  81% ] 003/050 VUs  4m03.9s/5m0s  1.00 iters/s

running (4m05.0s), 003/050 VUs, 242 complete and 0 interrupted iterations
pollSensitivity   [  82% ] 003/050 VUs  4m04.9s/5m0s  1.00 iters/s

running (4m06.0s), 003/050 VUs, 243 complete and 0 interrupted iterations
pollSensitivity   [  82% ] 003/050 VUs  4m05.9s/5m0s  1.00 iters/s

running (4m07.0s), 002/050 VUs, 245 complete and 0 interrupted iterations
pollSensitivity   [  82% ] 002/050 VUs  4m06.9s/5m0s  1.00 iters/s

running (4m08.0s), 002/050 VUs, 246 complete and 0 interrupted iterations
pollSensitivity   [  83% ] 002/050 VUs  4m07.9s/5m0s  1.00 iters/s

running (4m09.0s), 002/050 VUs, 247 complete and 0 interrupted iterations
pollSensitivity   [  83% ] 002/050 VUs  4m08.9s/5m0s  1.00 iters/s

running (4m10.0s), 002/050 VUs, 248 complete and 0 interrupted iterations
pollSensitivity   [  83% ] 002/050 VUs  4m09.9s/5m0s  1.00 iters/s

running (4m11.0s), 002/050 VUs, 249 complete and 0 interrupted iterations
pollSensitivity   [  84% ] 002/050 VUs  4m10.9s/5m0s  1.00 iters/s

running (4m12.0s), 002/050 VUs, 250 complete and 0 interrupted iterations
pollSensitivity   [  84% ] 002/050 VUs  4m11.9s/5m0s  1.00 iters/s

running (4m13.0s), 002/050 VUs, 251 complete and 0 interrupted iterations
pollSensitivity   [  84% ] 002/050 VUs  4m12.9s/5m0s  1.00 iters/s

running (4m14.0s), 002/050 VUs, 252 complete and 0 interrupted iterations
pollSensitivity   [  85% ] 002/050 VUs  4m13.9s/5m0s  1.00 iters/s

running (4m15.0s), 002/050 VUs, 253 complete and 0 interrupted iterations
pollSensitivity   [  85% ] 002/050 VUs  4m14.9s/5m0s  1.00 iters/s

running (4m16.0s), 003/050 VUs, 253 complete and 0 interrupted iterations
pollSensitivity   [  85% ] 003/050 VUs  4m15.9s/5m0s  1.00 iters/s

running (4m17.0s), 003/050 VUs, 254 complete and 0 interrupted iterations
pollSensitivity   [  86% ] 003/050 VUs  4m16.9s/5m0s  1.00 iters/s

running (4m18.0s), 003/050 VUs, 255 complete and 0 interrupted iterations
pollSensitivity   [  86% ] 003/050 VUs  4m17.9s/5m0s  1.00 iters/s

running (4m19.0s), 003/050 VUs, 256 complete and 0 interrupted iterations
pollSensitivity   [  86% ] 003/050 VUs  4m18.9s/5m0s  1.00 iters/s

running (4m20.0s), 003/050 VUs, 257 complete and 0 interrupted iterations
pollSensitivity   [  87% ] 003/050 VUs  4m19.9s/5m0s  1.00 iters/s

running (4m21.0s), 002/050 VUs, 259 complete and 0 interrupted iterations
pollSensitivity   [  87% ] 002/050 VUs  4m20.9s/5m0s  1.00 iters/s

running (4m22.0s), 002/050 VUs, 260 complete and 0 interrupted iterations
pollSensitivity   [  87% ] 002/050 VUs  4m21.9s/5m0s  1.00 iters/s

running (4m23.0s), 002/050 VUs, 261 complete and 0 interrupted iterations
pollSensitivity   [  88% ] 002/050 VUs  4m22.9s/5m0s  1.00 iters/s

running (4m24.0s), 002/050 VUs, 262 complete and 0 interrupted iterations
pollSensitivity   [  88% ] 002/050 VUs  4m23.9s/5m0s  1.00 iters/s

running (4m25.0s), 002/050 VUs, 263 complete and 0 interrupted iterations
pollSensitivity   [  88% ] 002/050 VUs  4m24.9s/5m0s  1.00 iters/s

running (4m26.0s), 002/050 VUs, 264 complete and 0 interrupted iterations
pollSensitivity   [  89% ] 002/050 VUs  4m25.9s/5m0s  1.00 iters/s

running (4m27.0s), 002/050 VUs, 265 complete and 0 interrupted iterations
pollSensitivity   [  89% ] 002/050 VUs  4m26.9s/5m0s  1.00 iters/s

running (4m28.0s), 002/050 VUs, 266 complete and 0 interrupted iterations
pollSensitivity   [  89% ] 002/050 VUs  4m27.9s/5m0s  1.00 iters/s

running (4m29.0s), 002/050 VUs, 267 complete and 0 interrupted iterations
pollSensitivity   [  90% ] 002/050 VUs  4m28.9s/5m0s  1.00 iters/s

running (4m30.0s), 003/050 VUs, 267 complete and 0 interrupted iterations
pollSensitivity   [  90% ] 003/050 VUs  4m29.9s/5m0s  1.00 iters/s

running (4m31.0s), 003/050 VUs, 268 complete and 0 interrupted iterations
pollSensitivity   [  90% ] 003/050 VUs  4m30.9s/5m0s  1.00 iters/s

running (4m32.0s), 003/050 VUs, 269 complete and 0 interrupted iterations
pollSensitivity   [  91% ] 003/050 VUs  4m31.9s/5m0s  1.00 iters/s

running (4m33.0s), 003/050 VUs, 270 complete and 0 interrupted iterations
pollSensitivity   [  91% ] 003/050 VUs  4m32.9s/5m0s  1.00 iters/s

running (4m34.0s), 003/050 VUs, 271 complete and 0 interrupted iterations
pollSensitivity   [  91% ] 003/050 VUs  4m33.9s/5m0s  1.00 iters/s

running (4m35.0s), 003/050 VUs, 272 complete and 0 interrupted iterations
pollSensitivity   [  92% ] 003/050 VUs  4m34.9s/5m0s  1.00 iters/s

running (4m36.0s), 002/050 VUs, 274 complete and 0 interrupted iterations
pollSensitivity   [  92% ] 002/050 VUs  4m35.9s/5m0s  1.00 iters/s

running (4m37.0s), 002/050 VUs, 275 complete and 0 interrupted iterations
pollSensitivity   [  92% ] 002/050 VUs  4m36.9s/5m0s  1.00 iters/s

running (4m38.0s), 002/050 VUs, 276 complete and 0 interrupted iterations
pollSensitivity   [  93% ] 002/050 VUs  4m37.9s/5m0s  1.00 iters/s

running (4m39.0s), 002/050 VUs, 277 complete and 0 interrupted iterations
pollSensitivity   [  93% ] 002/050 VUs  4m38.9s/5m0s  1.00 iters/s

running (4m40.0s), 002/050 VUs, 278 complete and 0 interrupted iterations
pollSensitivity   [  93% ] 002/050 VUs  4m39.9s/5m0s  1.00 iters/s

running (4m41.0s), 002/050 VUs, 279 complete and 0 interrupted iterations
pollSensitivity   [  94% ] 002/050 VUs  4m40.9s/5m0s  1.00 iters/s

running (4m42.0s), 002/050 VUs, 280 complete and 0 interrupted iterations
pollSensitivity   [  94% ] 002/050 VUs  4m41.9s/5m0s  1.00 iters/s

running (4m43.0s), 003/050 VUs, 280 complete and 0 interrupted iterations
pollSensitivity   [  94% ] 003/050 VUs  4m42.9s/5m0s  1.00 iters/s

running (4m44.0s), 003/050 VUs, 281 complete and 0 interrupted iterations
pollSensitivity   [  95% ] 003/050 VUs  4m43.9s/5m0s  1.00 iters/s

running (4m45.0s), 003/050 VUs, 282 complete and 0 interrupted iterations
pollSensitivity   [  95% ] 003/050 VUs  4m44.9s/5m0s  1.00 iters/s

running (4m46.0s), 003/050 VUs, 283 complete and 0 interrupted iterations
pollSensitivity   [  95% ] 003/050 VUs  4m45.9s/5m0s  1.00 iters/s

running (4m47.0s), 003/050 VUs, 284 complete and 0 interrupted iterations
pollSensitivity   [  96% ] 003/050 VUs  4m46.9s/5m0s  1.00 iters/s

running (4m48.0s), 003/050 VUs, 285 complete and 0 interrupted iterations
pollSensitivity   [  96% ] 003/050 VUs  4m47.9s/5m0s  1.00 iters/s

running (4m49.0s), 003/050 VUs, 286 complete and 0 interrupted iterations
pollSensitivity   [  96% ] 003/050 VUs  4m48.9s/5m0s  1.00 iters/s

running (4m50.0s), 002/050 VUs, 288 complete and 0 interrupted iterations
pollSensitivity   [  97% ] 002/050 VUs  4m49.9s/5m0s  1.00 iters/s

running (4m51.0s), 002/050 VUs, 289 complete and 0 interrupted iterations
pollSensitivity   [  97% ] 002/050 VUs  4m50.9s/5m0s  1.00 iters/s

running (4m52.0s), 002/050 VUs, 290 complete and 0 interrupted iterations
pollSensitivity   [  97% ] 002/050 VUs  4m51.9s/5m0s  1.00 iters/s

running (4m53.0s), 002/050 VUs, 291 complete and 0 interrupted iterations
pollSensitivity   [  98% ] 002/050 VUs  4m52.9s/5m0s  1.00 iters/s

running (4m54.0s), 002/050 VUs, 292 complete and 0 interrupted iterations
pollSensitivity   [  98% ] 002/050 VUs  4m53.9s/5m0s  1.00 iters/s

running (4m55.0s), 002/050 VUs, 293 complete and 0 interrupted iterations
pollSensitivity   [  98% ] 002/050 VUs  4m54.9s/5m0s  1.00 iters/s

running (4m56.0s), 002/050 VUs, 294 complete and 0 interrupted iterations
pollSensitivity   [  99% ] 002/050 VUs  4m55.9s/5m0s  1.00 iters/s

running (4m57.0s), 002/050 VUs, 295 complete and 0 interrupted iterations
pollSensitivity   [  99% ] 002/050 VUs  4m56.9s/5m0s  1.00 iters/s

running (4m58.0s), 003/050 VUs, 295 complete and 0 interrupted iterations
pollSensitivity   [  99% ] 003/050 VUs  4m57.9s/5m0s  1.00 iters/s

running (4m59.0s), 003/050 VUs, 296 complete and 0 interrupted iterations
pollSensitivity   [ 100% ] 003/050 VUs  4m58.9s/5m0s  1.00 iters/s

running (5m00.0s), 003/050 VUs, 297 complete and 0 interrupted iterations
pollSensitivity   [ 100% ] 003/050 VUs  4m59.9s/5m0s  1.00 iters/s

running (5m01.0s), 003/050 VUs, 298 complete and 0 interrupted iterations
pollSensitivity ↓ [ 100% ] 003/050 VUs  5m0s  1.00 iters/s

running (5m02.0s), 002/050 VUs, 299 complete and 0 interrupted iterations
pollSensitivity ↓ [ 100% ] 003/050 VUs  5m0s  1.00 iters/s

running (5m03.0s), 001/050 VUs, 300 complete and 0 interrupted iterations
pollSensitivity ↓ [ 100% ] 003/050 VUs  5m0s  1.00 iters/s

================ DSP benchmark summary ================
-- per-phase latency --
  catalog                    p50=65.3 ms  p95=74.3 ms  p99=78.5 ms  max=81.1 ms  n=301
  negotiation init (POST)    p50=6.8 ms  p95=10.3 ms  p99=64.9 ms  max=180.0 ms  n=301
  time-to-AGREED (async)     p50=1781.0 ms  p95=2287.0 ms  p99=2338.2 ms  max=3046.0 ms  n=299
  transfer init (POST)       p50=7.9 ms  p95=9.6 ms  p99=21.1 ms  max=74.3 ms  n=299
  time-to-EDR (async)        p50=765.5 ms  p95=1272.0 ms  p99=1274.0 ms  max=1279.0 ms  n=296
  data pull                  p50=6.9 ms  p95=7.7 ms  p99=8.8 ms  max=9.0 ms  n=296
-- end-to-end + throughput --
  e2e transaction            p50=2642.5 ms  p95=3445.8 ms  p99=3655.0 ms  max=4152.0 ms  n=296
  data throughput (MB/s)     p50=0.0  p95=0.0  p99=0.0  max=0.1  n=296
-- outcomes --
  transactions succeeded     count=296  rate=0.976/s
  transactions failed        count=5  rate=0.016/s
  failed rate                rate=1.66%  (pass=5 fail=296)
    of which TERMINATED      (no data)
    of which TIMED OUT       count=5  rate=0.016/s
    of which HTTP-FAILED     (no data)
  failure accounting       5/5 classified  (complete)
-- observer effect (poll load) --
  negotiation polls          count=2724  rate=8.982/s
  edr polls                  count=1563  rate=5.154/s
  polls per transaction     negotiation=9.0  edr=5.2  (timeout ceiling=120)
=======================================================
(full summary -> /home/rohitj/edc/benchmarking-dsp-native-basyx/k6-scripts/results/basyx/on/poll-sensitivity/2026-08-11T17-47-53Z/k6-summary.json; POLL_INTERVAL_MS=250; IDENTITY_MODE=on)

running (5m03.3s), 000/050 VUs, 301 complete and 0 interrupted iterations
pollSensitivity ✓ [ 100% ] 000/050 VUs  5m0s  1.00 iters/s
Prometheus snapshot [1786470556..1786470875] svc=(dsp-native-basyx|consumer-controlplane) win=1m -> /home/rohitj/edc/benchmarking-dsp-native-basyx/k6-scripts/results/basyx/on/poll-sensitivity/2026-08-11T17-47-53Z
  jvm-heap.csv (128 rows)
  jvm-gc-rate.csv (128 rows)
  jvm-threads.csv (128 rows)
  http-throughput.csv (128 rows)
  http-p95.csv (128 rows)
  http-errors.csv (128 rows)
  http-errors-5xx.csv (64 rows)
  http-status.csv (512 rows)
  host-cpu-busy.csv (64 rows)
  host-mem-used.csv (64 rows)
  5xx: 5xx PRESENT (64 samples) — connector-side faults, see http-errors-5xx.csv
  logs -> /home/rohitj/edc/benchmarking-dsp-native-basyx/k6-scripts/results/basyx/on/poll-sensitivity/2026-08-11T17-47-53Z/logs (2 files)
    consumer-controlplane.log:40
    dsp-native-basyx.log:17
VALIDITY  ok=296  failed=5  failed_rate=1%  dropped_iterations=0
>>> done: /home/rohitj/edc/benchmarking-dsp-native-basyx/k6-scripts/results/basyx/on/poll-sensitivity/2026-08-11T17-47-53Z  (k6 exit 0)
17:54:35 |     done (exit 0)
17:54:35 | --> poll-sensitivity @ 1000ms
>>> basyx / poll-sensitivity  ->  /home/rohitj/edc/benchmarking-dsp-native-basyx/k6-scripts/results/basyx/on/poll-sensitivity/2026-08-11T17-54-35Z
parity OK: lib/ + scenarios/ + orchestration/ + tools/ identical to /home/rohitj/edc/benchmarking-dsp-native-basyx/k6-scripts
Health: http://localhost:29010/management + prometheus  OK
Warmup 60s @ 1/s (discarded)
  (warmup non-zero exit ignored)
  draining 20s before the measured window opens
k6 -> Prometheus remote-write: http://localhost:9090/api/v1/write

         /\      Grafana   /‾‾/  
    /\  /  \     |\  __   /  /   
   /  \/    \    | |/ /  /   ‾‾\ 
  /          \   |   (  |  (‾)  |
 / __________ \  |_|\_\  \_____/ 


     execution: local
        script: /home/rohitj/edc/benchmarking-dsp-native-basyx/k6-scripts/scenarios/poll-sensitivity.js
        output: Prometheus remote write (http://localhost:9090/api/v1/write)

     scenarios: (100.00%) 1 scenario, 200 max VUs, 5m30s max duration (incl. graceful stop):
              * pollSensitivity: 1.00 iterations/s for 5m0s (maxVUs: 50-200, gracefulStop: 30s)


running (0m01.0s), 001/050 VUs, 0 complete and 0 interrupted iterations
pollSensitivity   [   0% ] 001/050 VUs  0m00.9s/5m0s  1.00 iters/s

running (0m02.0s), 002/050 VUs, 0 complete and 0 interrupted iterations
pollSensitivity   [   1% ] 002/050 VUs  0m01.9s/5m0s  1.00 iters/s

running (0m03.0s), 003/050 VUs, 0 complete and 0 interrupted iterations
pollSensitivity   [   1% ] 003/050 VUs  0m02.9s/5m0s  1.00 iters/s

running (0m04.0s), 003/050 VUs, 1 complete and 0 interrupted iterations
pollSensitivity   [   1% ] 003/050 VUs  0m03.9s/5m0s  1.00 iters/s

running (0m05.0s), 004/050 VUs, 1 complete and 0 interrupted iterations
pollSensitivity   [   2% ] 004/050 VUs  0m04.9s/5m0s  1.00 iters/s

running (0m06.0s), 004/050 VUs, 2 complete and 0 interrupted iterations
pollSensitivity   [   2% ] 004/050 VUs  0m05.9s/5m0s  1.00 iters/s

running (0m07.0s), 004/050 VUs, 3 complete and 0 interrupted iterations
pollSensitivity   [   2% ] 004/050 VUs  0m06.9s/5m0s  1.00 iters/s

running (0m08.0s), 005/050 VUs, 3 complete and 0 interrupted iterations
pollSensitivity   [   3% ] 005/050 VUs  0m07.9s/5m0s  1.00 iters/s

running (0m09.0s), 004/050 VUs, 5 complete and 0 interrupted iterations
pollSensitivity   [   3% ] 004/050 VUs  0m08.9s/5m0s  1.00 iters/s

running (0m10.0s), 003/050 VUs, 7 complete and 0 interrupted iterations
pollSensitivity   [   3% ] 003/050 VUs  0m09.9s/5m0s  1.00 iters/s

running (0m11.0s), 003/050 VUs, 8 complete and 0 interrupted iterations
pollSensitivity   [   4% ] 003/050 VUs  0m10.9s/5m0s  1.00 iters/s

running (0m12.0s), 003/050 VUs, 9 complete and 0 interrupted iterations
pollSensitivity   [   4% ] 003/050 VUs  0m11.9s/5m0s  1.00 iters/s

running (0m13.0s), 003/050 VUs, 10 complete and 0 interrupted iterations
pollSensitivity   [   4% ] 003/050 VUs  0m12.9s/5m0s  1.00 iters/s

running (0m14.0s), 003/050 VUs, 11 complete and 0 interrupted iterations
pollSensitivity   [   5% ] 003/050 VUs  0m13.9s/5m0s  1.00 iters/s

running (0m15.0s), 003/050 VUs, 12 complete and 0 interrupted iterations
pollSensitivity   [   5% ] 003/050 VUs  0m14.9s/5m0s  1.00 iters/s

running (0m16.0s), 003/050 VUs, 13 complete and 0 interrupted iterations
pollSensitivity   [   5% ] 003/050 VUs  0m15.9s/5m0s  1.00 iters/s

running (0m17.0s), 003/050 VUs, 14 complete and 0 interrupted iterations
pollSensitivity   [   6% ] 003/050 VUs  0m16.9s/5m0s  1.00 iters/s

running (0m18.0s), 003/050 VUs, 15 complete and 0 interrupted iterations
pollSensitivity   [   6% ] 003/050 VUs  0m17.9s/5m0s  1.00 iters/s

running (0m19.0s), 003/050 VUs, 16 complete and 0 interrupted iterations
pollSensitivity   [   6% ] 003/050 VUs  0m18.9s/5m0s  1.00 iters/s

running (0m20.0s), 004/050 VUs, 16 complete and 0 interrupted iterations
pollSensitivity   [   7% ] 004/050 VUs  0m19.9s/5m0s  1.00 iters/s

running (0m21.0s), 004/050 VUs, 17 complete and 0 interrupted iterations
pollSensitivity   [   7% ] 004/050 VUs  0m20.9s/5m0s  1.00 iters/s

running (0m22.0s), 004/050 VUs, 18 complete and 0 interrupted iterations
pollSensitivity   [   7% ] 004/050 VUs  0m21.9s/5m0s  1.00 iters/s

running (0m23.0s), 005/050 VUs, 18 complete and 0 interrupted iterations
pollSensitivity   [   8% ] 005/050 VUs  0m22.9s/5m0s  1.00 iters/s

running (0m24.0s), 005/050 VUs, 19 complete and 0 interrupted iterations
pollSensitivity   [   8% ] 005/050 VUs  0m23.9s/5m0s  1.00 iters/s

running (0m25.0s), 003/050 VUs, 22 complete and 0 interrupted iterations
pollSensitivity   [   8% ] 003/050 VUs  0m24.9s/5m0s  1.00 iters/s

running (0m26.0s), 003/050 VUs, 23 complete and 0 interrupted iterations
pollSensitivity   [   9% ] 003/050 VUs  0m25.9s/5m0s  1.00 iters/s

running (0m27.0s), 003/050 VUs, 24 complete and 0 interrupted iterations
pollSensitivity   [   9% ] 003/050 VUs  0m26.9s/5m0s  1.00 iters/s

running (0m28.0s), 003/050 VUs, 25 complete and 0 interrupted iterations
pollSensitivity   [   9% ] 003/050 VUs  0m27.9s/5m0s  1.00 iters/s

running (0m29.0s), 003/050 VUs, 26 complete and 0 interrupted iterations
pollSensitivity   [  10% ] 003/050 VUs  0m28.9s/5m0s  1.00 iters/s

running (0m30.0s), 003/050 VUs, 27 complete and 0 interrupted iterations
pollSensitivity   [  10% ] 003/050 VUs  0m29.9s/5m0s  1.00 iters/s

running (0m31.0s), 003/050 VUs, 28 complete and 0 interrupted iterations
pollSensitivity   [  10% ] 003/050 VUs  0m30.9s/5m0s  1.00 iters/s

running (0m32.0s), 003/050 VUs, 29 complete and 0 interrupted iterations
pollSensitivity   [  11% ] 003/050 VUs  0m31.9s/5m0s  1.00 iters/s

running (0m33.0s), 003/050 VUs, 30 complete and 0 interrupted iterations
pollSensitivity   [  11% ] 003/050 VUs  0m32.9s/5m0s  1.00 iters/s

running (0m34.0s), 003/050 VUs, 31 complete and 0 interrupted iterations
pollSensitivity   [  11% ] 003/050 VUs  0m33.9s/5m0s  1.00 iters/s

running (0m35.0s), 004/050 VUs, 31 complete and 0 interrupted iterations
pollSensitivity   [  12% ] 004/050 VUs  0m34.9s/5m0s  1.00 iters/s

running (0m36.0s), 005/050 VUs, 31 complete and 0 interrupted iterations
pollSensitivity   [  12% ] 005/050 VUs  0m35.9s/5m0s  1.00 iters/s

running (0m37.0s), 005/050 VUs, 32 complete and 0 interrupted iterations
pollSensitivity   [  12% ] 005/050 VUs  0m36.9s/5m0s  1.00 iters/s

running (0m38.0s), 003/050 VUs, 35 complete and 0 interrupted iterations
pollSensitivity   [  13% ] 003/050 VUs  0m37.9s/5m0s  1.00 iters/s

running (0m39.0s), 004/050 VUs, 35 complete and 0 interrupted iterations
pollSensitivity   [  13% ] 004/050 VUs  0m38.9s/5m0s  1.00 iters/s

running (0m40.0s), 005/050 VUs, 35 complete and 0 interrupted iterations
pollSensitivity   [  13% ] 005/050 VUs  0m39.9s/5m0s  1.00 iters/s

running (0m41.0s), 005/050 VUs, 36 complete and 0 interrupted iterations
pollSensitivity   [  14% ] 005/050 VUs  0m40.9s/5m0s  1.00 iters/s

running (0m42.0s), 005/050 VUs, 37 complete and 0 interrupted iterations
pollSensitivity   [  14% ] 005/050 VUs  0m41.9s/5m0s  1.00 iters/s

running (0m43.0s), 005/050 VUs, 38 complete and 0 interrupted iterations
pollSensitivity   [  14% ] 005/050 VUs  0m42.9s/5m0s  1.00 iters/s

running (0m44.0s), 005/050 VUs, 39 complete and 0 interrupted iterations
pollSensitivity   [  15% ] 005/050 VUs  0m43.9s/5m0s  1.00 iters/s

running (0m45.0s), 005/050 VUs, 40 complete and 0 interrupted iterations
pollSensitivity   [  15% ] 005/050 VUs  0m44.9s/5m0s  1.00 iters/s

running (0m46.0s), 005/050 VUs, 41 complete and 0 interrupted iterations
pollSensitivity   [  15% ] 005/050 VUs  0m45.9s/5m0s  1.00 iters/s

running (0m47.0s), 005/050 VUs, 42 complete and 0 interrupted iterations
pollSensitivity   [  16% ] 005/050 VUs  0m46.9s/5m0s  1.00 iters/s

running (0m48.0s), 005/050 VUs, 43 complete and 0 interrupted iterations
pollSensitivity   [  16% ] 005/050 VUs  0m47.9s/5m0s  1.00 iters/s

running (0m49.0s), 006/050 VUs, 43 complete and 0 interrupted iterations
pollSensitivity   [  16% ] 006/050 VUs  0m48.9s/5m0s  1.00 iters/s

running (0m50.0s), 007/050 VUs, 43 complete and 0 interrupted iterations
pollSensitivity   [  17% ] 007/050 VUs  0m49.9s/5m0s  1.00 iters/s

running (0m51.0s), 007/050 VUs, 44 complete and 0 interrupted iterations
pollSensitivity   [  17% ] 007/050 VUs  0m50.9s/5m0s  1.00 iters/s

running (0m52.0s), 007/050 VUs, 45 complete and 0 interrupted iterations
pollSensitivity   [  17% ] 007/050 VUs  0m51.9s/5m0s  1.00 iters/s

running (0m53.0s), 005/050 VUs, 48 complete and 0 interrupted iterations
pollSensitivity   [  18% ] 005/050 VUs  0m52.9s/5m0s  1.00 iters/s

running (0m54.0s), 005/050 VUs, 49 complete and 0 interrupted iterations
pollSensitivity   [  18% ] 005/050 VUs  0m53.9s/5m0s  1.00 iters/s

running (0m55.0s), 005/050 VUs, 50 complete and 0 interrupted iterations
pollSensitivity   [  18% ] 005/050 VUs  0m54.9s/5m0s  1.00 iters/s

running (0m56.0s), 005/050 VUs, 51 complete and 0 interrupted iterations
pollSensitivity   [  19% ] 005/050 VUs  0m55.9s/5m0s  1.00 iters/s

running (0m57.0s), 005/050 VUs, 52 complete and 0 interrupted iterations
pollSensitivity   [  19% ] 005/050 VUs  0m56.9s/5m0s  1.00 iters/s

running (0m58.0s), 005/050 VUs, 53 complete and 0 interrupted iterations
pollSensitivity   [  19% ] 005/050 VUs  0m57.9s/5m0s  1.00 iters/s

running (0m59.0s), 005/050 VUs, 54 complete and 0 interrupted iterations
pollSensitivity   [  20% ] 005/050 VUs  0m58.9s/5m0s  1.00 iters/s

running (1m00.0s), 005/050 VUs, 55 complete and 0 interrupted iterations
pollSensitivity   [  20% ] 005/050 VUs  0m59.9s/5m0s  1.00 iters/s

running (1m01.0s), 006/050 VUs, 55 complete and 0 interrupted iterations
pollSensitivity   [  20% ] 006/050 VUs  1m00.9s/5m0s  1.00 iters/s

running (1m02.0s), 006/050 VUs, 56 complete and 0 interrupted iterations
pollSensitivity   [  21% ] 006/050 VUs  1m01.9s/5m0s  1.00 iters/s

running (1m03.0s), 006/050 VUs, 57 complete and 0 interrupted iterations
pollSensitivity   [  21% ] 006/050 VUs  1m02.9s/5m0s  1.00 iters/s

running (1m04.0s), 006/050 VUs, 58 complete and 0 interrupted iterations
pollSensitivity   [  21% ] 006/050 VUs  1m03.9s/5m0s  1.00 iters/s

running (1m05.0s), 006/050 VUs, 59 complete and 0 interrupted iterations
pollSensitivity   [  22% ] 006/050 VUs  1m04.9s/5m0s  1.00 iters/s

running (1m06.0s), 005/050 VUs, 61 complete and 0 interrupted iterations
pollSensitivity   [  22% ] 005/050 VUs  1m05.9s/5m0s  1.00 iters/s

running (1m07.0s), 004/050 VUs, 63 complete and 0 interrupted iterations
pollSensitivity   [  22% ] 004/050 VUs  1m06.9s/5m0s  1.00 iters/s

running (1m08.0s), 005/050 VUs, 63 complete and 0 interrupted iterations
pollSensitivity   [  23% ] 005/050 VUs  1m07.9s/5m0s  1.00 iters/s

running (1m09.0s), 005/050 VUs, 64 complete and 0 interrupted iterations
pollSensitivity   [  23% ] 005/050 VUs  1m08.9s/5m0s  1.00 iters/s

running (1m10.0s), 005/050 VUs, 65 complete and 0 interrupted iterations
pollSensitivity   [  23% ] 005/050 VUs  1m09.9s/5m0s  1.00 iters/s

running (1m11.0s), 005/050 VUs, 66 complete and 0 interrupted iterations
pollSensitivity   [  24% ] 005/050 VUs  1m10.9s/5m0s  1.00 iters/s

running (1m12.0s), 005/050 VUs, 67 complete and 0 interrupted iterations
pollSensitivity   [  24% ] 005/050 VUs  1m11.9s/5m0s  1.00 iters/s

running (1m13.0s), 005/050 VUs, 68 complete and 0 interrupted iterations
pollSensitivity   [  24% ] 005/050 VUs  1m12.9s/5m0s  1.00 iters/s

running (1m14.0s), 006/050 VUs, 68 complete and 0 interrupted iterations
pollSensitivity   [  25% ] 006/050 VUs  1m13.9s/5m0s  1.00 iters/s

running (1m15.0s), 006/050 VUs, 69 complete and 0 interrupted iterations
pollSensitivity   [  25% ] 006/050 VUs  1m14.9s/5m0s  1.00 iters/s

running (1m16.0s), 006/050 VUs, 70 complete and 0 interrupted iterations
pollSensitivity   [  25% ] 006/050 VUs  1m15.9s/5m0s  1.00 iters/s

running (1m17.0s), 007/050 VUs, 70 complete and 0 interrupted iterations
pollSensitivity   [  26% ] 007/050 VUs  1m16.9s/5m0s  1.00 iters/s

running (1m18.0s), 007/050 VUs, 71 complete and 0 interrupted iterations
pollSensitivity   [  26% ] 007/050 VUs  1m17.9s/5m0s  1.00 iters/s

running (1m19.0s), 006/050 VUs, 73 complete and 0 interrupted iterations
pollSensitivity   [  26% ] 006/050 VUs  1m18.9s/5m0s  1.00 iters/s

running (1m20.0s), 006/050 VUs, 74 complete and 0 interrupted iterations
pollSensitivity   [  27% ] 006/050 VUs  1m19.9s/5m0s  1.00 iters/s

running (1m21.0s), 006/050 VUs, 75 complete and 0 interrupted iterations
pollSensitivity   [  27% ] 006/050 VUs  1m20.9s/5m0s  1.00 iters/s

running (1m22.0s), 006/050 VUs, 76 complete and 0 interrupted iterations
pollSensitivity   [  27% ] 006/050 VUs  1m21.9s/5m0s  1.00 iters/s

running (1m23.0s), 006/050 VUs, 77 complete and 0 interrupted iterations
pollSensitivity   [  28% ] 006/050 VUs  1m22.9s/5m0s  1.00 iters/s

running (1m24.0s), 006/050 VUs, 78 complete and 0 interrupted iterations
pollSensitivity   [  28% ] 006/050 VUs  1m23.9s/5m0s  1.00 iters/s

running (1m25.0s), 006/050 VUs, 79 complete and 0 interrupted iterations
pollSensitivity   [  28% ] 006/050 VUs  1m24.9s/5m0s  1.00 iters/s

running (1m26.0s), 006/050 VUs, 80 complete and 0 interrupted iterations
pollSensitivity   [  29% ] 006/050 VUs  1m25.9s/5m0s  1.00 iters/s

running (1m27.0s), 007/050 VUs, 80 complete and 0 interrupted iterations
pollSensitivity   [  29% ] 007/050 VUs  1m26.9s/5m0s  1.00 iters/s

running (1m28.0s), 007/050 VUs, 81 complete and 0 interrupted iterations
pollSensitivity   [  29% ] 007/050 VUs  1m27.9s/5m0s  1.00 iters/s

running (1m29.0s), 007/050 VUs, 82 complete and 0 interrupted iterations
pollSensitivity   [  30% ] 007/050 VUs  1m28.9s/5m0s  1.00 iters/s

running (1m30.0s), 007/050 VUs, 83 complete and 0 interrupted iterations
pollSensitivity   [  30% ] 007/050 VUs  1m29.9s/5m0s  1.00 iters/s

running (1m31.0s), 007/050 VUs, 84 complete and 0 interrupted iterations
pollSensitivity   [  30% ] 007/050 VUs  1m30.9s/5m0s  1.00 iters/s

running (1m32.0s), 005/050 VUs, 87 complete and 0 interrupted iterations
pollSensitivity   [  31% ] 005/050 VUs  1m31.9s/5m0s  1.00 iters/s

running (1m33.0s), 005/050 VUs, 88 complete and 0 interrupted iterations
pollSensitivity   [  31% ] 005/050 VUs  1m32.9s/5m0s  1.00 iters/s

running (1m34.0s), 005/050 VUs, 89 complete and 0 interrupted iterations
pollSensitivity   [  31% ] 005/050 VUs  1m33.9s/5m0s  1.00 iters/s

running (1m35.0s), 005/050 VUs, 90 complete and 0 interrupted iterations
pollSensitivity   [  32% ] 005/050 VUs  1m34.9s/5m0s  1.00 iters/s

running (1m36.0s), 005/050 VUs, 91 complete and 0 interrupted iterations
pollSensitivity   [  32% ] 005/050 VUs  1m35.9s/5m0s  1.00 iters/s

running (1m37.0s), 004/050 VUs, 93 complete and 0 interrupted iterations
pollSensitivity   [  32% ] 004/050 VUs  1m36.9s/5m0s  1.00 iters/s

running (1m38.0s), 004/050 VUs, 94 complete and 0 interrupted iterations
pollSensitivity   [  33% ] 004/050 VUs  1m37.9s/5m0s  1.00 iters/s

running (1m39.0s), 004/050 VUs, 95 complete and 0 interrupted iterations
pollSensitivity   [  33% ] 004/050 VUs  1m38.9s/5m0s  1.00 iters/s

running (1m40.0s), 005/050 VUs, 95 complete and 0 interrupted iterations
pollSensitivity   [  33% ] 005/050 VUs  1m39.9s/5m0s  1.00 iters/s

running (1m41.0s), 005/050 VUs, 96 complete and 0 interrupted iterations
pollSensitivity   [  34% ] 005/050 VUs  1m40.9s/5m0s  1.00 iters/s

running (1m42.0s), 004/050 VUs, 98 complete and 0 interrupted iterations
pollSensitivity   [  34% ] 004/050 VUs  1m41.9s/5m0s  1.00 iters/s

running (1m43.0s), 005/050 VUs, 98 complete and 0 interrupted iterations
pollSensitivity   [  34% ] 005/050 VUs  1m42.9s/5m0s  1.00 iters/s

running (1m44.0s), 005/050 VUs, 99 complete and 0 interrupted iterations
pollSensitivity   [  35% ] 005/050 VUs  1m43.9s/5m0s  1.00 iters/s

running (1m45.0s), 005/050 VUs, 100 complete and 0 interrupted iterations
pollSensitivity   [  35% ] 005/050 VUs  1m44.9s/5m0s  1.00 iters/s

running (1m46.0s), 003/050 VUs, 103 complete and 0 interrupted iterations
pollSensitivity   [  35% ] 003/050 VUs  1m45.9s/5m0s  1.00 iters/s

running (1m47.0s), 003/050 VUs, 104 complete and 0 interrupted iterations
pollSensitivity   [  36% ] 003/050 VUs  1m46.9s/5m0s  1.00 iters/s

running (1m48.0s), 003/050 VUs, 105 complete and 0 interrupted iterations
pollSensitivity   [  36% ] 003/050 VUs  1m47.9s/5m0s  1.00 iters/s

running (1m49.0s), 003/050 VUs, 106 complete and 0 interrupted iterations
pollSensitivity   [  36% ] 003/050 VUs  1m48.9s/5m0s  1.00 iters/s

running (1m50.0s), 003/050 VUs, 107 complete and 0 interrupted iterations
pollSensitivity   [  37% ] 003/050 VUs  1m49.9s/5m0s  1.00 iters/s

running (1m51.0s), 003/050 VUs, 108 complete and 0 interrupted iterations
pollSensitivity   [  37% ] 003/050 VUs  1m50.9s/5m0s  1.00 iters/s

running (1m52.0s), 003/050 VUs, 109 complete and 0 interrupted iterations
pollSensitivity   [  37% ] 003/050 VUs  1m51.9s/5m0s  1.00 iters/s

running (1m53.0s), 003/050 VUs, 110 complete and 0 interrupted iterations
pollSensitivity   [  38% ] 003/050 VUs  1m52.9s/5m0s  1.00 iters/s

running (1m54.0s), 004/050 VUs, 110 complete and 0 interrupted iterations
pollSensitivity   [  38% ] 004/050 VUs  1m53.9s/5m0s  1.00 iters/s

running (1m55.0s), 004/050 VUs, 111 complete and 0 interrupted iterations
pollSensitivity   [  38% ] 004/050 VUs  1m54.9s/5m0s  1.00 iters/s

running (1m56.0s), 003/050 VUs, 113 complete and 0 interrupted iterations
pollSensitivity   [  39% ] 003/050 VUs  1m55.9s/5m0s  1.00 iters/s

running (1m57.0s), 004/050 VUs, 113 complete and 0 interrupted iterations
pollSensitivity   [  39% ] 004/050 VUs  1m56.9s/5m0s  1.00 iters/s

running (1m58.0s), 004/050 VUs, 114 complete and 0 interrupted iterations
pollSensitivity   [  39% ] 004/050 VUs  1m57.9s/5m0s  1.00 iters/s

running (1m59.0s), 004/050 VUs, 115 complete and 0 interrupted iterations
pollSensitivity   [  40% ] 004/050 VUs  1m58.9s/5m0s  1.00 iters/s

running (2m00.0s), 003/050 VUs, 117 complete and 0 interrupted iterations
pollSensitivity   [  40% ] 003/050 VUs  1m59.9s/5m0s  1.00 iters/s

running (2m01.0s), 003/050 VUs, 118 complete and 0 interrupted iterations
pollSensitivity   [  40% ] 003/050 VUs  2m00.9s/5m0s  1.00 iters/s

running (2m02.0s), 003/050 VUs, 119 complete and 0 interrupted iterations
pollSensitivity   [  41% ] 003/050 VUs  2m01.9s/5m0s  1.00 iters/s

running (2m03.0s), 003/050 VUs, 120 complete and 0 interrupted iterations
pollSensitivity   [  41% ] 003/050 VUs  2m02.9s/5m0s  1.00 iters/s

running (2m04.0s), 003/050 VUs, 121 complete and 0 interrupted iterations
pollSensitivity   [  41% ] 003/050 VUs  2m03.9s/5m0s  1.00 iters/s

running (2m05.0s), 003/050 VUs, 122 complete and 0 interrupted iterations
pollSensitivity   [  42% ] 003/050 VUs  2m04.9s/5m0s  1.00 iters/s

running (2m06.0s), 004/050 VUs, 122 complete and 0 interrupted iterations
pollSensitivity   [  42% ] 004/050 VUs  2m05.9s/5m0s  1.00 iters/s

running (2m07.0s), 004/050 VUs, 123 complete and 0 interrupted iterations
pollSensitivity   [  42% ] 004/050 VUs  2m06.9s/5m0s  1.00 iters/s

running (2m08.0s), 004/050 VUs, 124 complete and 0 interrupted iterations
pollSensitivity   [  43% ] 004/050 VUs  2m07.9s/5m0s  1.00 iters/s

running (2m09.0s), 003/050 VUs, 126 complete and 0 interrupted iterations
pollSensitivity   [  43% ] 003/050 VUs  2m08.9s/5m0s  1.00 iters/s

running (2m10.0s), 003/050 VUs, 127 complete and 0 interrupted iterations
pollSensitivity   [  43% ] 003/050 VUs  2m09.9s/5m0s  1.00 iters/s

running (2m11.0s), 003/050 VUs, 128 complete and 0 interrupted iterations
pollSensitivity   [  44% ] 003/050 VUs  2m10.9s/5m0s  1.00 iters/s

running (2m12.0s), 004/050 VUs, 128 complete and 0 interrupted iterations
pollSensitivity   [  44% ] 004/050 VUs  2m11.9s/5m0s  1.00 iters/s

running (2m13.0s), 004/050 VUs, 129 complete and 0 interrupted iterations
pollSensitivity   [  44% ] 004/050 VUs  2m12.9s/5m0s  1.00 iters/s

running (2m14.0s), 003/050 VUs, 131 complete and 0 interrupted iterations
pollSensitivity   [  45% ] 003/050 VUs  2m13.9s/5m0s  1.00 iters/s

running (2m15.0s), 003/050 VUs, 132 complete and 0 interrupted iterations
pollSensitivity   [  45% ] 003/050 VUs  2m14.9s/5m0s  1.00 iters/s

running (2m16.0s), 003/050 VUs, 133 complete and 0 interrupted iterations
pollSensitivity   [  45% ] 003/050 VUs  2m15.9s/5m0s  1.00 iters/s

running (2m17.0s), 003/050 VUs, 134 complete and 0 interrupted iterations
pollSensitivity   [  46% ] 003/050 VUs  2m16.9s/5m0s  1.00 iters/s

running (2m18.0s), 004/050 VUs, 134 complete and 0 interrupted iterations
pollSensitivity   [  46% ] 004/050 VUs  2m17.9s/5m0s  1.00 iters/s

running (2m19.0s), 003/050 VUs, 136 complete and 0 interrupted iterations
pollSensitivity   [  46% ] 003/050 VUs  2m18.9s/5m0s  1.00 iters/s

running (2m20.0s), 003/050 VUs, 137 complete and 0 interrupted iterations
pollSensitivity   [  47% ] 003/050 VUs  2m19.9s/5m0s  1.00 iters/s

running (2m21.0s), 004/050 VUs, 137 complete and 0 interrupted iterations
pollSensitivity   [  47% ] 004/050 VUs  2m20.9s/5m0s  1.00 iters/s

running (2m22.0s), 004/050 VUs, 138 complete and 0 interrupted iterations
pollSensitivity   [  47% ] 004/050 VUs  2m21.9s/5m0s  1.00 iters/s

running (2m23.0s), 003/050 VUs, 140 complete and 0 interrupted iterations
pollSensitivity   [  48% ] 003/050 VUs  2m22.9s/5m0s  1.00 iters/s

running (2m24.0s), 003/050 VUs, 141 complete and 0 interrupted iterations
pollSensitivity   [  48% ] 003/050 VUs  2m23.9s/5m0s  1.00 iters/s

running (2m25.0s), 004/050 VUs, 141 complete and 0 interrupted iterations
pollSensitivity   [  48% ] 004/050 VUs  2m24.9s/5m0s  1.00 iters/s

running (2m26.0s), 004/050 VUs, 142 complete and 0 interrupted iterations
pollSensitivity   [  49% ] 004/050 VUs  2m25.9s/5m0s  1.00 iters/s

running (2m27.0s), 004/050 VUs, 143 complete and 0 interrupted iterations
pollSensitivity   [  49% ] 004/050 VUs  2m26.9s/5m0s  1.00 iters/s

running (2m28.0s), 004/050 VUs, 144 complete and 0 interrupted iterations
pollSensitivity   [  49% ] 004/050 VUs  2m27.9s/5m0s  1.00 iters/s

running (2m29.0s), 003/050 VUs, 146 complete and 0 interrupted iterations
pollSensitivity   [  50% ] 003/050 VUs  2m28.9s/5m0s  1.00 iters/s

running (2m30.0s), 003/050 VUs, 147 complete and 0 interrupted iterations
pollSensitivity   [  50% ] 003/050 VUs  2m29.9s/5m0s  1.00 iters/s

running (2m31.0s), 003/050 VUs, 148 complete and 0 interrupted iterations
pollSensitivity   [  50% ] 003/050 VUs  2m30.9s/5m0s  1.00 iters/s

running (2m32.0s), 003/050 VUs, 149 complete and 0 interrupted iterations
pollSensitivity   [  51% ] 003/050 VUs  2m31.9s/5m0s  1.00 iters/s

running (2m33.0s), 003/050 VUs, 150 complete and 0 interrupted iterations
pollSensitivity   [  51% ] 003/050 VUs  2m32.9s/5m0s  1.00 iters/s

running (2m34.0s), 003/050 VUs, 151 complete and 0 interrupted iterations
pollSensitivity   [  51% ] 003/050 VUs  2m33.9s/5m0s  1.00 iters/s

running (2m35.0s), 003/050 VUs, 152 complete and 0 interrupted iterations
pollSensitivity   [  52% ] 003/050 VUs  2m34.9s/5m0s  1.00 iters/s

running (2m36.0s), 004/050 VUs, 152 complete and 0 interrupted iterations
pollSensitivity   [  52% ] 004/050 VUs  2m35.9s/5m0s  1.00 iters/s

running (2m37.0s), 003/050 VUs, 154 complete and 0 interrupted iterations
pollSensitivity   [  52% ] 003/050 VUs  2m36.9s/5m0s  1.00 iters/s

running (2m38.0s), 003/050 VUs, 155 complete and 0 interrupted iterations
pollSensitivity   [  53% ] 003/050 VUs  2m37.9s/5m0s  1.00 iters/s

running (2m39.0s), 003/050 VUs, 156 complete and 0 interrupted iterations
pollSensitivity   [  53% ] 003/050 VUs  2m38.9s/5m0s  1.00 iters/s

running (2m40.0s), 004/050 VUs, 156 complete and 0 interrupted iterations
pollSensitivity   [  53% ] 004/050 VUs  2m39.9s/5m0s  1.00 iters/s

running (2m41.0s), 004/050 VUs, 157 complete and 0 interrupted iterations
pollSensitivity   [  54% ] 004/050 VUs  2m40.9s/5m0s  1.00 iters/s

running (2m42.0s), 004/050 VUs, 158 complete and 0 interrupted iterations
pollSensitivity   [  54% ] 004/050 VUs  2m41.9s/5m0s  1.00 iters/s

running (2m43.0s), 003/050 VUs, 160 complete and 0 interrupted iterations
pollSensitivity   [  54% ] 003/050 VUs  2m42.9s/5m0s  1.00 iters/s

running (2m44.0s), 003/050 VUs, 161 complete and 0 interrupted iterations
pollSensitivity   [  55% ] 003/050 VUs  2m43.9s/5m0s  1.00 iters/s

running (2m45.0s), 003/050 VUs, 162 complete and 0 interrupted iterations
pollSensitivity   [  55% ] 003/050 VUs  2m44.9s/5m0s  1.00 iters/s

running (2m46.0s), 003/050 VUs, 163 complete and 0 interrupted iterations
pollSensitivity   [  55% ] 003/050 VUs  2m45.9s/5m0s  1.00 iters/s

running (2m47.0s), 003/050 VUs, 164 complete and 0 interrupted iterations
pollSensitivity   [  56% ] 003/050 VUs  2m46.9s/5m0s  1.00 iters/s

running (2m48.0s), 004/050 VUs, 164 complete and 0 interrupted iterations
pollSensitivity   [  56% ] 004/050 VUs  2m47.9s/5m0s  1.00 iters/s

running (2m49.0s), 004/050 VUs, 165 complete and 0 interrupted iterations
pollSensitivity   [  56% ] 004/050 VUs  2m48.9s/5m0s  1.00 iters/s

running (2m50.0s), 003/050 VUs, 167 complete and 0 interrupted iterations
pollSensitivity   [  57% ] 003/050 VUs  2m49.9s/5m0s  1.00 iters/s

running (2m51.0s), 003/050 VUs, 168 complete and 0 interrupted iterations
pollSensitivity   [  57% ] 003/050 VUs  2m50.9s/5m0s  1.00 iters/s

running (2m52.0s), 003/050 VUs, 169 complete and 0 interrupted iterations
pollSensitivity   [  57% ] 003/050 VUs  2m51.9s/5m0s  1.00 iters/s

running (2m53.0s), 003/050 VUs, 170 complete and 0 interrupted iterations
pollSensitivity   [  58% ] 003/050 VUs  2m52.9s/5m0s  1.00 iters/s

running (2m54.0s), 004/050 VUs, 170 complete and 0 interrupted iterations
pollSensitivity   [  58% ] 004/050 VUs  2m53.9s/5m0s  1.00 iters/s

running (2m55.0s), 004/050 VUs, 171 complete and 0 interrupted iterations
pollSensitivity   [  58% ] 004/050 VUs  2m54.9s/5m0s  1.00 iters/s

running (2m56.0s), 004/050 VUs, 172 complete and 0 interrupted iterations
pollSensitivity   [  59% ] 004/050 VUs  2m55.9s/5m0s  1.00 iters/s

running (2m57.0s), 003/050 VUs, 174 complete and 0 interrupted iterations
pollSensitivity   [  59% ] 003/050 VUs  2m56.9s/5m0s  1.00 iters/s

running (2m58.0s), 003/050 VUs, 175 complete and 0 interrupted iterations
pollSensitivity   [  59% ] 003/050 VUs  2m57.9s/5m0s  1.00 iters/s

running (2m59.0s), 004/050 VUs, 175 complete and 0 interrupted iterations
pollSensitivity   [  60% ] 004/050 VUs  2m58.9s/5m0s  1.00 iters/s

running (3m00.0s), 003/050 VUs, 177 complete and 0 interrupted iterations
pollSensitivity   [  60% ] 003/050 VUs  2m59.9s/5m0s  1.00 iters/s

running (3m01.0s), 003/050 VUs, 178 complete and 0 interrupted iterations
pollSensitivity   [  60% ] 003/050 VUs  3m00.9s/5m0s  1.00 iters/s

running (3m02.0s), 003/050 VUs, 179 complete and 0 interrupted iterations
pollSensitivity   [  61% ] 003/050 VUs  3m01.9s/5m0s  1.00 iters/s

running (3m03.0s), 003/050 VUs, 180 complete and 0 interrupted iterations
pollSensitivity   [  61% ] 003/050 VUs  3m02.9s/5m0s  1.00 iters/s

running (3m04.0s), 003/050 VUs, 181 complete and 0 interrupted iterations
pollSensitivity   [  61% ] 003/050 VUs  3m03.9s/5m0s  1.00 iters/s

running (3m05.0s), 003/050 VUs, 182 complete and 0 interrupted iterations
pollSensitivity   [  62% ] 003/050 VUs  3m04.9s/5m0s  1.00 iters/s

running (3m06.0s), 003/050 VUs, 183 complete and 0 interrupted iterations
pollSensitivity   [  62% ] 003/050 VUs  3m05.9s/5m0s  1.00 iters/s

running (3m07.0s), 003/050 VUs, 184 complete and 0 interrupted iterations
pollSensitivity   [  62% ] 003/050 VUs  3m06.9s/5m0s  1.00 iters/s

running (3m08.0s), 003/050 VUs, 185 complete and 0 interrupted iterations
pollSensitivity   [  63% ] 003/050 VUs  3m07.9s/5m0s  1.00 iters/s

running (3m09.0s), 004/050 VUs, 185 complete and 0 interrupted iterations
pollSensitivity   [  63% ] 004/050 VUs  3m08.9s/5m0s  1.00 iters/s

running (3m10.0s), 005/050 VUs, 185 complete and 0 interrupted iterations
pollSensitivity   [  63% ] 005/050 VUs  3m09.9s/5m0s  1.00 iters/s

running (3m11.0s), 005/050 VUs, 186 complete and 0 interrupted iterations
pollSensitivity   [  64% ] 005/050 VUs  3m10.9s/5m0s  1.00 iters/s

running (3m12.0s), 006/050 VUs, 186 complete and 0 interrupted iterations
pollSensitivity   [  64% ] 006/050 VUs  3m11.9s/5m0s  1.00 iters/s

running (3m13.0s), 005/050 VUs, 188 complete and 0 interrupted iterations
pollSensitivity   [  64% ] 005/050 VUs  3m12.9s/5m0s  1.00 iters/s

running (3m14.0s), 004/050 VUs, 190 complete and 0 interrupted iterations
pollSensitivity   [  65% ] 004/050 VUs  3m13.9s/5m0s  1.00 iters/s

running (3m15.0s), 004/050 VUs, 191 complete and 0 interrupted iterations
pollSensitivity   [  65% ] 004/050 VUs  3m14.9s/5m0s  1.00 iters/s

running (3m16.0s), 004/050 VUs, 192 complete and 0 interrupted iterations
pollSensitivity   [  65% ] 004/050 VUs  3m15.9s/5m0s  1.00 iters/s

running (3m17.0s), 004/050 VUs, 193 complete and 0 interrupted iterations
pollSensitivity   [  66% ] 004/050 VUs  3m16.9s/5m0s  1.00 iters/s

running (3m18.0s), 004/050 VUs, 194 complete and 0 interrupted iterations
pollSensitivity   [  66% ] 004/050 VUs  3m17.9s/5m0s  1.00 iters/s

running (3m19.0s), 004/050 VUs, 195 complete and 0 interrupted iterations
pollSensitivity   [  66% ] 004/050 VUs  3m18.9s/5m0s  1.00 iters/s

running (3m20.0s), 004/050 VUs, 196 complete and 0 interrupted iterations
pollSensitivity   [  67% ] 004/050 VUs  3m19.9s/5m0s  1.00 iters/s

running (3m21.0s), 004/050 VUs, 197 complete and 0 interrupted iterations
pollSensitivity   [  67% ] 004/050 VUs  3m20.9s/5m0s  1.00 iters/s

running (3m22.0s), 004/050 VUs, 198 complete and 0 interrupted iterations
pollSensitivity   [  67% ] 004/050 VUs  3m21.9s/5m0s  1.00 iters/s

running (3m23.0s), 005/050 VUs, 198 complete and 0 interrupted iterations
pollSensitivity   [  68% ] 005/050 VUs  3m22.9s/5m0s  1.00 iters/s

running (3m24.0s), 005/050 VUs, 199 complete and 0 interrupted iterations
pollSensitivity   [  68% ] 005/050 VUs  3m23.9s/5m0s  1.00 iters/s

running (3m25.0s), 005/050 VUs, 200 complete and 0 interrupted iterations
pollSensitivity   [  68% ] 005/050 VUs  3m24.9s/5m0s  1.00 iters/s

running (3m26.0s), 006/050 VUs, 200 complete and 0 interrupted iterations
pollSensitivity   [  69% ] 006/050 VUs  3m25.9s/5m0s  1.00 iters/s

running (3m27.0s), 005/050 VUs, 202 complete and 0 interrupted iterations
pollSensitivity   [  69% ] 005/050 VUs  3m26.9s/5m0s  1.00 iters/s

running (3m28.0s), 004/050 VUs, 204 complete and 0 interrupted iterations
pollSensitivity   [  69% ] 004/050 VUs  3m27.9s/5m0s  1.00 iters/s

running (3m29.0s), 004/050 VUs, 205 complete and 0 interrupted iterations
pollSensitivity   [  70% ] 004/050 VUs  3m28.9s/5m0s  1.00 iters/s

running (3m30.0s), 004/050 VUs, 206 complete and 0 interrupted iterations
pollSensitivity   [  70% ] 004/050 VUs  3m29.9s/5m0s  1.00 iters/s

running (3m31.0s), 004/050 VUs, 207 complete and 0 interrupted iterations
pollSensitivity   [  70% ] 004/050 VUs  3m30.9s/5m0s  1.00 iters/s

running (3m32.0s), 004/050 VUs, 208 complete and 0 interrupted iterations
pollSensitivity   [  71% ] 004/050 VUs  3m31.9s/5m0s  1.00 iters/s

running (3m33.0s), 004/050 VUs, 209 complete and 0 interrupted iterations
pollSensitivity   [  71% ] 004/050 VUs  3m32.9s/5m0s  1.00 iters/s

running (3m34.0s), 004/050 VUs, 210 complete and 0 interrupted iterations
pollSensitivity   [  71% ] 004/050 VUs  3m33.9s/5m0s  1.00 iters/s

running (3m35.0s), 004/050 VUs, 211 complete and 0 interrupted iterations
pollSensitivity   [  72% ] 004/050 VUs  3m34.9s/5m0s  1.00 iters/s

running (3m36.0s), 004/050 VUs, 212 complete and 0 interrupted iterations
pollSensitivity   [  72% ] 004/050 VUs  3m35.9s/5m0s  1.00 iters/s

running (3m37.0s), 004/050 VUs, 213 complete and 0 interrupted iterations
pollSensitivity   [  72% ] 004/050 VUs  3m36.9s/5m0s  1.00 iters/s

running (3m38.0s), 005/050 VUs, 213 complete and 0 interrupted iterations
pollSensitivity   [  73% ] 005/050 VUs  3m37.9s/5m0s  1.00 iters/s

running (3m39.0s), 004/050 VUs, 215 complete and 0 interrupted iterations
pollSensitivity   [  73% ] 004/050 VUs  3m38.9s/5m0s  1.00 iters/s

running (3m40.0s), 004/050 VUs, 216 complete and 0 interrupted iterations
pollSensitivity   [  73% ] 004/050 VUs  3m39.9s/5m0s  1.00 iters/s

running (3m41.0s), 005/050 VUs, 216 complete and 0 interrupted iterations
pollSensitivity   [  74% ] 005/050 VUs  3m40.9s/5m0s  1.00 iters/s

running (3m42.0s), 005/050 VUs, 217 complete and 0 interrupted iterations
pollSensitivity   [  74% ] 005/050 VUs  3m41.9s/5m0s  1.00 iters/s

running (3m43.0s), 004/050 VUs, 219 complete and 0 interrupted iterations
pollSensitivity   [  74% ] 004/050 VUs  3m42.9s/5m0s  1.00 iters/s

running (3m44.0s), 004/050 VUs, 220 complete and 0 interrupted iterations
pollSensitivity   [  75% ] 004/050 VUs  3m43.9s/5m0s  1.00 iters/s

running (3m45.0s), 004/050 VUs, 221 complete and 0 interrupted iterations
pollSensitivity   [  75% ] 004/050 VUs  3m44.9s/5m0s  1.00 iters/s

running (3m46.0s), 004/050 VUs, 222 complete and 0 interrupted iterations
pollSensitivity   [  75% ] 004/050 VUs  3m45.9s/5m0s  1.00 iters/s

running (3m47.0s), 004/050 VUs, 223 complete and 0 interrupted iterations
pollSensitivity   [  76% ] 004/050 VUs  3m46.9s/5m0s  1.00 iters/s

running (3m48.0s), 004/050 VUs, 224 complete and 0 interrupted iterations
pollSensitivity   [  76% ] 004/050 VUs  3m47.9s/5m0s  1.00 iters/s

running (3m49.0s), 004/050 VUs, 225 complete and 0 interrupted iterations
pollSensitivity   [  76% ] 004/050 VUs  3m48.9s/5m0s  1.00 iters/s

running (3m50.0s), 004/050 VUs, 226 complete and 0 interrupted iterations
pollSensitivity   [  77% ] 004/050 VUs  3m49.9s/5m0s  1.00 iters/s

running (3m51.0s), 004/050 VUs, 227 complete and 0 interrupted iterations
pollSensitivity   [  77% ] 004/050 VUs  3m50.9s/5m0s  1.00 iters/s

running (3m52.0s), 004/050 VUs, 228 complete and 0 interrupted iterations
pollSensitivity   [  77% ] 004/050 VUs  3m51.9s/5m0s  1.00 iters/s

running (3m53.0s), 005/050 VUs, 228 complete and 0 interrupted iterations
pollSensitivity   [  78% ] 005/050 VUs  3m52.9s/5m0s  1.00 iters/s

running (3m54.0s), 005/050 VUs, 229 complete and 0 interrupted iterations
pollSensitivity   [  78% ] 005/050 VUs  3m53.9s/5m0s  1.00 iters/s

running (3m55.0s), 006/050 VUs, 229 complete and 0 interrupted iterations
pollSensitivity   [  78% ] 006/050 VUs  3m54.9s/5m0s  1.00 iters/s

running (3m56.0s), 006/050 VUs, 230 complete and 0 interrupted iterations
pollSensitivity   [  79% ] 006/050 VUs  3m55.9s/5m0s  1.00 iters/s

running (3m57.0s), 004/050 VUs, 233 complete and 0 interrupted iterations
pollSensitivity   [  79% ] 004/050 VUs  3m56.9s/5m0s  1.00 iters/s

running (3m58.0s), 004/050 VUs, 234 complete and 0 interrupted iterations
pollSensitivity   [  79% ] 004/050 VUs  3m57.9s/5m0s  1.00 iters/s

running (3m59.0s), 004/050 VUs, 235 complete and 0 interrupted iterations
pollSensitivity   [  80% ] 004/050 VUs  3m58.9s/5m0s  1.00 iters/s

running (4m00.0s), 004/050 VUs, 236 complete and 0 interrupted iterations
pollSensitivity   [  80% ] 004/050 VUs  3m59.9s/5m0s  1.00 iters/s

running (4m01.0s), 004/050 VUs, 237 complete and 0 interrupted iterations
pollSensitivity   [  80% ] 004/050 VUs  4m00.9s/5m0s  1.00 iters/s

running (4m02.0s), 004/050 VUs, 238 complete and 0 interrupted iterations
pollSensitivity   [  81% ] 004/050 VUs  4m01.9s/5m0s  1.00 iters/s

running (4m03.0s), 004/050 VUs, 239 complete and 0 interrupted iterations
pollSensitivity   [  81% ] 004/050 VUs  4m02.9s/5m0s  1.00 iters/s

running (4m04.0s), 004/050 VUs, 240 complete and 0 interrupted iterations
pollSensitivity   [  81% ] 004/050 VUs  4m03.9s/5m0s  1.00 iters/s

running (4m05.0s), 004/050 VUs, 241 complete and 0 interrupted iterations
pollSensitivity   [  82% ] 004/050 VUs  4m04.9s/5m0s  1.00 iters/s

running (4m06.0s), 004/050 VUs, 242 complete and 0 interrupted iterations
pollSensitivity   [  82% ] 004/050 VUs  4m05.9s/5m0s  1.00 iters/s

running (4m07.0s), 005/050 VUs, 242 complete and 0 interrupted iterations
pollSensitivity   [  82% ] 005/050 VUs  4m06.9s/5m0s  1.00 iters/s

running (4m08.0s), 005/050 VUs, 243 complete and 0 interrupted iterations
pollSensitivity   [  83% ] 005/050 VUs  4m07.9s/5m0s  1.00 iters/s

running (4m09.0s), 006/050 VUs, 243 complete and 0 interrupted iterations
pollSensitivity   [  83% ] 006/050 VUs  4m08.9s/5m0s  1.00 iters/s

running (4m10.0s), 006/050 VUs, 244 complete and 0 interrupted iterations
pollSensitivity   [  83% ] 006/050 VUs  4m09.9s/5m0s  1.00 iters/s

running (4m11.0s), 005/050 VUs, 246 complete and 0 interrupted iterations
pollSensitivity   [  84% ] 005/050 VUs  4m10.9s/5m0s  1.00 iters/s

running (4m12.0s), 003/050 VUs, 249 complete and 0 interrupted iterations
pollSensitivity   [  84% ] 003/050 VUs  4m11.9s/5m0s  1.00 iters/s

running (4m13.0s), 003/050 VUs, 250 complete and 0 interrupted iterations
pollSensitivity   [  84% ] 003/050 VUs  4m12.9s/5m0s  1.00 iters/s

running (4m14.0s), 003/050 VUs, 251 complete and 0 interrupted iterations
pollSensitivity   [  85% ] 003/050 VUs  4m13.9s/5m0s  1.00 iters/s

running (4m15.0s), 003/050 VUs, 252 complete and 0 interrupted iterations
pollSensitivity   [  85% ] 003/050 VUs  4m14.9s/5m0s  1.00 iters/s

running (4m16.0s), 003/050 VUs, 253 complete and 0 interrupted iterations
pollSensitivity   [  85% ] 003/050 VUs  4m15.9s/5m0s  1.00 iters/s

running (4m17.0s), 003/050 VUs, 254 complete and 0 interrupted iterations
pollSensitivity   [  86% ] 003/050 VUs  4m16.9s/5m0s  1.00 iters/s

running (4m18.0s), 003/050 VUs, 255 complete and 0 interrupted iterations
pollSensitivity   [  86% ] 003/050 VUs  4m17.9s/5m0s  1.00 iters/s

running (4m19.0s), 003/050 VUs, 256 complete and 0 interrupted iterations
pollSensitivity   [  86% ] 003/050 VUs  4m18.9s/5m0s  1.00 iters/s

running (4m20.0s), 003/050 VUs, 257 complete and 0 interrupted iterations
pollSensitivity   [  87% ] 003/050 VUs  4m19.9s/5m0s  1.00 iters/s

running (4m21.0s), 004/050 VUs, 257 complete and 0 interrupted iterations
pollSensitivity   [  87% ] 004/050 VUs  4m20.9s/5m0s  1.00 iters/s

running (4m22.0s), 004/050 VUs, 258 complete and 0 interrupted iterations
pollSensitivity   [  87% ] 004/050 VUs  4m21.9s/5m0s  1.00 iters/s

running (4m23.0s), 004/050 VUs, 259 complete and 0 interrupted iterations
pollSensitivity   [  88% ] 004/050 VUs  4m22.9s/5m0s  1.00 iters/s

running (4m24.0s), 005/050 VUs, 259 complete and 0 interrupted iterations
pollSensitivity   [  88% ] 005/050 VUs  4m23.9s/5m0s  1.00 iters/s

running (4m25.0s), 004/050 VUs, 261 complete and 0 interrupted iterations
pollSensitivity   [  88% ] 004/050 VUs  4m24.9s/5m0s  1.00 iters/s

running (4m26.0s), 003/050 VUs, 263 complete and 0 interrupted iterations
pollSensitivity   [  89% ] 003/050 VUs  4m25.9s/5m0s  1.00 iters/s

running (4m27.0s), 003/050 VUs, 264 complete and 0 interrupted iterations
pollSensitivity   [  89% ] 003/050 VUs  4m26.9s/5m0s  1.00 iters/s

running (4m28.0s), 003/050 VUs, 265 complete and 0 interrupted iterations
pollSensitivity   [  89% ] 003/050 VUs  4m27.9s/5m0s  1.00 iters/s

running (4m29.0s), 003/050 VUs, 266 complete and 0 interrupted iterations
pollSensitivity   [  90% ] 003/050 VUs  4m28.9s/5m0s  1.00 iters/s

running (4m30.0s), 003/050 VUs, 267 complete and 0 interrupted iterations
pollSensitivity   [  90% ] 003/050 VUs  4m29.9s/5m0s  1.00 iters/s

running (4m31.0s), 003/050 VUs, 268 complete and 0 interrupted iterations
pollSensitivity   [  90% ] 003/050 VUs  4m30.9s/5m0s  1.00 iters/s

running (4m32.0s), 004/050 VUs, 268 complete and 0 interrupted iterations
pollSensitivity   [  91% ] 004/050 VUs  4m31.9s/5m0s  1.00 iters/s

running (4m33.0s), 004/050 VUs, 269 complete and 0 interrupted iterations
pollSensitivity   [  91% ] 004/050 VUs  4m32.9s/5m0s  1.00 iters/s

running (4m34.0s), 004/050 VUs, 270 complete and 0 interrupted iterations
pollSensitivity   [  91% ] 004/050 VUs  4m33.9s/5m0s  1.00 iters/s

running (4m35.0s), 004/050 VUs, 271 complete and 0 interrupted iterations
pollSensitivity   [  92% ] 004/050 VUs  4m34.9s/5m0s  1.00 iters/s

running (4m36.0s), 005/050 VUs, 271 complete and 0 interrupted iterations
pollSensitivity   [  92% ] 005/050 VUs  4m35.9s/5m0s  1.00 iters/s

running (4m37.0s), 005/050 VUs, 272 complete and 0 interrupted iterations
pollSensitivity   [  92% ] 005/050 VUs  4m36.9s/5m0s  1.00 iters/s

running (4m38.0s), 004/050 VUs, 274 complete and 0 interrupted iterations
pollSensitivity   [  93% ] 004/050 VUs  4m37.9s/5m0s  1.00 iters/s

running (4m39.0s), 005/050 VUs, 274 complete and 0 interrupted iterations
pollSensitivity   [  93% ] 005/050 VUs  4m38.9s/5m0s  1.00 iters/s

running (4m40.0s), 005/050 VUs, 275 complete and 0 interrupted iterations
pollSensitivity   [  93% ] 005/050 VUs  4m39.9s/5m0s  1.00 iters/s

running (4m41.0s), 004/050 VUs, 277 complete and 0 interrupted iterations
pollSensitivity   [  94% ] 004/050 VUs  4m40.9s/5m0s  1.00 iters/s

running (4m42.0s), 004/050 VUs, 278 complete and 0 interrupted iterations
pollSensitivity   [  94% ] 004/050 VUs  4m41.9s/5m0s  1.00 iters/s

running (4m43.0s), 004/050 VUs, 279 complete and 0 interrupted iterations
pollSensitivity   [  94% ] 004/050 VUs  4m42.9s/5m0s  1.00 iters/s

running (4m44.0s), 004/050 VUs, 280 complete and 0 interrupted iterations
pollSensitivity   [  95% ] 004/050 VUs  4m43.9s/5m0s  1.00 iters/s

running (4m45.0s), 004/050 VUs, 281 complete and 0 interrupted iterations
pollSensitivity   [  95% ] 004/050 VUs  4m44.9s/5m0s  1.00 iters/s

running (4m46.0s), 004/050 VUs, 282 complete and 0 interrupted iterations
pollSensitivity   [  95% ] 004/050 VUs  4m45.9s/5m0s  1.00 iters/s

running (4m47.0s), 004/050 VUs, 283 complete and 0 interrupted iterations
pollSensitivity   [  96% ] 004/050 VUs  4m46.9s/5m0s  1.00 iters/s

running (4m48.0s), 004/050 VUs, 284 complete and 0 interrupted iterations
pollSensitivity   [  96% ] 004/050 VUs  4m47.9s/5m0s  1.00 iters/s

running (4m49.0s), 004/050 VUs, 285 complete and 0 interrupted iterations
pollSensitivity   [  96% ] 004/050 VUs  4m48.9s/5m0s  1.00 iters/s

running (4m50.0s), 005/050 VUs, 285 complete and 0 interrupted iterations
pollSensitivity   [  97% ] 005/050 VUs  4m49.9s/5m0s  1.00 iters/s

running (4m51.0s), 005/050 VUs, 286 complete and 0 interrupted iterations
pollSensitivity   [  97% ] 005/050 VUs  4m50.9s/5m0s  1.00 iters/s

running (4m52.0s), 005/050 VUs, 287 complete and 0 interrupted iterations
pollSensitivity   [  97% ] 005/050 VUs  4m51.9s/5m0s  1.00 iters/s

running (4m53.0s), 006/050 VUs, 287 complete and 0 interrupted iterations
pollSensitivity   [  98% ] 006/050 VUs  4m52.9s/5m0s  1.00 iters/s

running (4m54.0s), 005/050 VUs, 289 complete and 0 interrupted iterations
pollSensitivity   [  98% ] 005/050 VUs  4m53.9s/5m0s  1.00 iters/s

running (4m55.0s), 006/050 VUs, 289 complete and 0 interrupted iterations
pollSensitivity   [  98% ] 006/050 VUs  4m54.9s/5m0s  1.00 iters/s

running (4m56.0s), 005/050 VUs, 291 complete and 0 interrupted iterations
pollSensitivity   [  99% ] 005/050 VUs  4m55.9s/5m0s  1.00 iters/s

running (4m57.0s), 005/050 VUs, 292 complete and 0 interrupted iterations
pollSensitivity   [  99% ] 005/050 VUs  4m56.9s/5m0s  1.00 iters/s

running (4m58.0s), 005/050 VUs, 293 complete and 0 interrupted iterations
pollSensitivity   [  99% ] 005/050 VUs  4m57.9s/5m0s  1.00 iters/s

running (4m59.0s), 004/050 VUs, 295 complete and 0 interrupted iterations
pollSensitivity   [ 100% ] 004/050 VUs  4m58.9s/5m0s  1.00 iters/s

running (5m00.0s), 004/050 VUs, 296 complete and 0 interrupted iterations
pollSensitivity   [ 100% ] 004/050 VUs  4m59.9s/5m0s  1.00 iters/s

running (5m01.0s), 004/050 VUs, 297 complete and 0 interrupted iterations
pollSensitivity ↓ [ 100% ] 005/050 VUs  5m0s  1.00 iters/s

running (5m02.0s), 003/050 VUs, 298 complete and 0 interrupted iterations
pollSensitivity ↓ [ 100% ] 005/050 VUs  5m0s  1.00 iters/s

running (5m03.0s), 002/050 VUs, 299 complete and 0 interrupted iterations
pollSensitivity ↓ [ 100% ] 005/050 VUs  5m0s  1.00 iters/s

running (5m04.0s), 001/050 VUs, 300 complete and 0 interrupted iterations
pollSensitivity ↓ [ 100% ] 005/050 VUs  5m0s  1.00 iters/s

running (5m05.0s), 001/050 VUs, 300 complete and 0 interrupted iterations
pollSensitivity ↓ [ 100% ] 005/050 VUs  5m0s  1.00 iters/s

running (5m06.0s), 001/050 VUs, 300 complete and 0 interrupted iterations
pollSensitivity ↓ [ 100% ] 005/050 VUs  5m0s  1.00 iters/s

running (5m07.0s), 001/050 VUs, 300 complete and 0 interrupted iterations
pollSensitivity ↓ [ 100% ] 005/050 VUs  5m0s  1.00 iters/s

running (5m08.0s), 001/050 VUs, 300 complete and 0 interrupted iterations
pollSensitivity ↓ [ 100% ] 005/050 VUs  5m0s  1.00 iters/s

running (5m09.0s), 001/050 VUs, 300 complete and 0 interrupted iterations
pollSensitivity ↓ [ 100% ] 005/050 VUs  5m0s  1.00 iters/s

running (5m10.0s), 001/050 VUs, 300 complete and 0 interrupted iterations
pollSensitivity ↓ [ 100% ] 005/050 VUs  5m0s  1.00 iters/s

running (5m11.0s), 001/050 VUs, 300 complete and 0 interrupted iterations
pollSensitivity ↓ [ 100% ] 005/050 VUs  5m0s  1.00 iters/s

running (5m12.0s), 001/050 VUs, 300 complete and 0 interrupted iterations
pollSensitivity ↓ [ 100% ] 005/050 VUs  5m0s  1.00 iters/s

running (5m13.0s), 001/050 VUs, 300 complete and 0 interrupted iterations
pollSensitivity ↓ [ 100% ] 005/050 VUs  5m0s  1.00 iters/s

running (5m14.0s), 001/050 VUs, 300 complete and 0 interrupted iterations
pollSensitivity ↓ [ 100% ] 005/050 VUs  5m0s  1.00 iters/s

running (5m15.0s), 001/050 VUs, 300 complete and 0 interrupted iterations
pollSensitivity ↓ [ 100% ] 005/050 VUs  5m0s  1.00 iters/s

running (5m16.0s), 001/050 VUs, 300 complete and 0 interrupted iterations
pollSensitivity ↓ [ 100% ] 005/050 VUs  5m0s  1.00 iters/s

running (5m17.0s), 001/050 VUs, 300 complete and 0 interrupted iterations
pollSensitivity ↓ [ 100% ] 005/050 VUs  5m0s  1.00 iters/s

running (5m18.0s), 001/050 VUs, 300 complete and 0 interrupted iterations
pollSensitivity ↓ [ 100% ] 005/050 VUs  5m0s  1.00 iters/s

running (5m19.0s), 001/050 VUs, 300 complete and 0 interrupted iterations
pollSensitivity ↓ [ 100% ] 005/050 VUs  5m0s  1.00 iters/s

running (5m20.0s), 001/050 VUs, 300 complete and 0 interrupted iterations
pollSensitivity ↓ [ 100% ] 005/050 VUs  5m0s  1.00 iters/s

================ DSP benchmark summary ================
-- per-phase latency --
  catalog                    p50=65.6 ms  p95=74.8 ms  p99=77.3 ms  max=81.3 ms  n=301
  negotiation init (POST)    p50=6.7 ms  p95=9.0 ms  p99=49.5 ms  max=76.5 ms  n=301
  time-to-AGREED (async)     p50=2010.0 ms  p95=3015.0 ms  p99=3024.0 ms  max=3053.0 ms  n=296
  transfer init (POST)       p50=8.3 ms  p95=12.3 ms  p99=39.6 ms  max=65.3 ms  n=296
  time-to-EDR (async)        p50=1009.0 ms  p95=2012.0 ms  p99=2013.1 ms  max=2015.0 ms  n=292
  data pull                  p50=7.1 ms  p95=8.0 ms  p99=9.5 ms  max=16.4 ms  n=292
-- end-to-end + throughput --
  e2e transaction            p50=3115.0 ms  p95=5115.0 ms  p99=5124.1 ms  max=5145.0 ms  n=292
  data throughput (MB/s)     p50=0.0  p95=0.0  p99=0.1  max=0.1  n=292
-- outcomes --
  transactions succeeded     count=292  rate=0.912/s
  transactions failed        count=9  rate=0.028/s
  failed rate                rate=2.99%  (pass=9 fail=292)
    of which TERMINATED      (no data)
    of which TIMED OUT       count=9  rate=0.028/s
    of which HTTP-FAILED     (no data)
  failure accounting       9/9 classified  (complete)
-- observer effect (poll load) --
  negotiation polls          count=1109  rate=3.462/s
  edr polls                  count=761  rate=2.376/s
  polls per transaction     negotiation=3.7  edr=2.5  (timeout ceiling=30)
=======================================================
(full summary -> /home/rohitj/edc/benchmarking-dsp-native-basyx/k6-scripts/results/basyx/on/poll-sensitivity/2026-08-11T17-54-35Z/k6-summary.json; POLL_INTERVAL_MS=1000; IDENTITY_MODE=on)

running (5m20.3s), 000/050 VUs, 301 complete and 0 interrupted iterations
pollSensitivity ✓ [ 100% ] 000/050 VUs  5m0s  1.00 iters/s
Prometheus snapshot [1786470982..1786471317] svc=(dsp-native-basyx|consumer-controlplane) win=1m -> /home/rohitj/edc/benchmarking-dsp-native-basyx/k6-scripts/results/basyx/on/poll-sensitivity/2026-08-11T17-54-35Z
  jvm-heap.csv (136 rows)
  jvm-gc-rate.csv (136 rows)
  jvm-threads.csv (136 rows)
  http-throughput.csv (136 rows)
  http-p95.csv (136 rows)
  http-errors.csv (136 rows)
  http-errors-5xx.csv (68 rows)
  http-status.csv (544 rows)
  host-cpu-busy.csv (68 rows)
  host-mem-used.csv (68 rows)
  5xx: 5xx PRESENT (68 samples) — connector-side faults, see http-errors-5xx.csv
  logs -> /home/rohitj/edc/benchmarking-dsp-native-basyx/k6-scripts/results/basyx/on/poll-sensitivity/2026-08-11T17-54-35Z/logs (2 files)
    consumer-controlplane.log:72
    dsp-native-basyx.log:26
VALIDITY  ok=292  failed=9  failed_rate=2%  dropped_iterations=0
>>> done: /home/rohitj/edc/benchmarking-dsp-native-basyx/k6-scripts/results/basyx/on/poll-sensitivity/2026-08-11T17-54-35Z  (k6 exit 0)
18:01:58 |     done (exit 0)
18:01:58 |   … settling 120s before the next scenario
18:03:58 | --> soak (30 min)
>>> basyx / soak  ->  /home/rohitj/edc/benchmarking-dsp-native-basyx/k6-scripts/results/basyx/on/soak/2026-08-11T18-03-58Z
parity OK: lib/ + scenarios/ + orchestration/ + tools/ identical to /home/rohitj/edc/benchmarking-dsp-native-basyx/k6-scripts
Health: http://localhost:29010/management + prometheus  OK
Warmup 60s @ 1/s (discarded)
  (warmup non-zero exit ignored)
  draining 20s before the measured window opens
k6 -> Prometheus remote-write: http://localhost:9090/api/v1/write
time="2026-08-11T18:05:19Z" level=error msg="could not initialize '/home/rohitj/edc/benchmarking-dsp-native-basyx/k6-scripts/scenarios/soak.js': could not load JS test 'file:///home/rohitj/edc/benchmarking-dsp-native-basyx/k6-scripts/scenarios/soak.js': parsing options from script got error while parsing \"\\\"discardResponseBodies\\\": fal\": json: cannot unmarshal number 0.5 into Go struct field Options.scenarios.rate of type int64"
Prometheus snapshot [1786471519..1786471534] svc=(dsp-native-basyx|consumer-controlplane) win=1m -> /home/rohitj/edc/benchmarking-dsp-native-basyx/k6-scripts/results/basyx/on/soak/2026-08-11T18-03-58Z
  jvm-heap.csv (8 rows)
  jvm-gc-rate.csv (8 rows)
  jvm-threads.csv (8 rows)
  http-throughput.csv (8 rows)
  http-p95.csv (8 rows)
  http-errors.csv (8 rows)
  http-errors-5xx.csv (4 rows)
  http-status.csv (32 rows)
  host-cpu-busy.csv (4 rows)
  host-mem-used.csv (4 rows)
  5xx: 5xx PRESENT (4 samples) — connector-side faults, see http-errors-5xx.csv
  logs -> /home/rohitj/edc/benchmarking-dsp-native-basyx/k6-scripts/results/basyx/on/soak/2026-08-11T18-03-58Z/logs (2 files)
    consumer-controlplane.log:0
    dsp-native-basyx.log:0
>>> done: /home/rohitj/edc/benchmarking-dsp-native-basyx/k6-scripts/results/basyx/on/soak/2026-08-11T18-03-58Z  (k6 exit 104)
18:05:34 |     done (exit 104)
18:05:34 |   … settling 120s before the next scenario
18:07:34 | --> concurrency-closed
Matrix: connector=basyx reps=1 scenarios=[concurrency-closed]
===== repetition 1/1 =====
----- basyx / concurrency-closed (rep 1) -----
>>> basyx / concurrency-closed  ->  /home/rohitj/edc/benchmarking-dsp-native-basyx/k6-scripts/results/basyx/on/concurrency-closed/2026-08-11T18-07-34Z
parity OK: lib/ + scenarios/ + orchestration/ + tools/ identical to /home/rohitj/edc/benchmarking-dsp-native-basyx/k6-scripts
Health: http://localhost:29010/management + prometheus  OK
Warmup 60s @ 1/s (discarded)
  (warmup non-zero exit ignored)
  draining 20s before the measured window opens
k6 -> Prometheus remote-write: http://localhost:9090/api/v1/write

         /\      Grafana   /‾‾/  
    /\  /  \     |\  __   /  /   
   /  \/    \    | |/ /  /   ‾‾\ 
  /          \   |   (  |  (‾)  |
 / __________ \  |_|\_\  \_____/ 


     execution: local
        script: /home/rohitj/edc/benchmarking-dsp-native-basyx/k6-scripts/scenarios/concurrency-closed.js
        output: Prometheus remote write (http://localhost:9090/api/v1/write)

     scenarios: (100.00%) 1 scenario, 50 max VUs, 8m0s max duration (incl. graceful stop):
              * concurrency: Up to 50 looping VUs for 7m30s over 5 stages (gracefulRampDown: 30s, gracefulStop: 30s)


running (0m01.0s), 01/50 VUs, 0 complete and 0 interrupted iterations
concurrency   [   0% ] 01/50 VUs  0m00.9s/7m30.0s

running (0m02.0s), 01/50 VUs, 0 complete and 0 interrupted iterations
concurrency   [   0% ] 01/50 VUs  0m01.9s/7m30.0s

running (0m03.0s), 01/50 VUs, 0 complete and 0 interrupted iterations
concurrency   [   1% ] 01/50 VUs  0m02.9s/7m30.0s

running (0m04.0s), 01/50 VUs, 1 complete and 0 interrupted iterations
concurrency   [   1% ] 01/50 VUs  0m03.9s/7m30.0s

running (0m05.0s), 01/50 VUs, 1 complete and 0 interrupted iterations
concurrency   [   1% ] 01/50 VUs  0m04.9s/7m30.0s

running (0m06.0s), 01/50 VUs, 1 complete and 0 interrupted iterations
concurrency   [   1% ] 01/50 VUs  0m05.9s/7m30.0s

running (0m07.0s), 01/50 VUs, 2 complete and 0 interrupted iterations
concurrency   [   2% ] 01/50 VUs  0m06.9s/7m30.0s

running (0m08.0s), 01/50 VUs, 2 complete and 0 interrupted iterations
concurrency   [   2% ] 01/50 VUs  0m07.9s/7m30.0s

running (0m09.0s), 01/50 VUs, 2 complete and 0 interrupted iterations
concurrency   [   2% ] 01/50 VUs  0m08.9s/7m30.0s

running (0m10.0s), 01/50 VUs, 3 complete and 0 interrupted iterations
concurrency   [   2% ] 01/50 VUs  0m09.9s/7m30.0s

running (0m11.0s), 01/50 VUs, 3 complete and 0 interrupted iterations
concurrency   [   2% ] 01/50 VUs  0m10.9s/7m30.0s

running (0m12.0s), 01/50 VUs, 3 complete and 0 interrupted iterations
concurrency   [   3% ] 01/50 VUs  0m11.9s/7m30.0s

running (0m13.0s), 01/50 VUs, 4 complete and 0 interrupted iterations
concurrency   [   3% ] 01/50 VUs  0m12.9s/7m30.0s

running (0m14.0s), 01/50 VUs, 4 complete and 0 interrupted iterations
concurrency   [   3% ] 01/50 VUs  0m13.9s/7m30.0s

running (0m15.0s), 01/50 VUs, 4 complete and 0 interrupted iterations
concurrency   [   3% ] 01/50 VUs  0m14.9s/7m30.0s

running (0m16.0s), 01/50 VUs, 5 complete and 0 interrupted iterations
concurrency   [   4% ] 01/50 VUs  0m15.9s/7m30.0s

running (0m17.0s), 01/50 VUs, 5 complete and 0 interrupted iterations
concurrency   [   4% ] 01/50 VUs  0m16.9s/7m30.0s

running (0m18.0s), 01/50 VUs, 5 complete and 0 interrupted iterations
concurrency   [   4% ] 01/50 VUs  0m17.9s/7m30.0s

running (0m19.0s), 01/50 VUs, 6 complete and 0 interrupted iterations
concurrency   [   4% ] 01/50 VUs  0m18.9s/7m30.0s

running (0m20.0s), 01/50 VUs, 6 complete and 0 interrupted iterations
concurrency   [   4% ] 01/50 VUs  0m19.9s/7m30.0s

running (0m21.0s), 01/50 VUs, 6 complete and 0 interrupted iterations
concurrency   [   5% ] 01/50 VUs  0m20.9s/7m30.0s

running (0m22.0s), 01/50 VUs, 7 complete and 0 interrupted iterations
concurrency   [   5% ] 01/50 VUs  0m21.9s/7m30.0s

running (0m23.0s), 02/50 VUs, 7 complete and 0 interrupted iterations
concurrency   [   5% ] 02/50 VUs  0m22.9s/7m30.0s

running (0m24.0s), 02/50 VUs, 7 complete and 0 interrupted iterations
concurrency   [   5% ] 02/50 VUs  0m23.9s/7m30.0s

running (0m25.0s), 02/50 VUs, 7 complete and 0 interrupted iterations
concurrency   [   6% ] 02/50 VUs  0m24.9s/7m30.0s

running (0m26.0s), 02/50 VUs, 8 complete and 0 interrupted iterations
concurrency   [   6% ] 02/50 VUs  0m25.9s/7m30.0s

running (0m27.0s), 02/50 VUs, 9 complete and 0 interrupted iterations
concurrency   [   6% ] 02/50 VUs  0m26.9s/7m30.0s

running (0m28.0s), 02/50 VUs, 9 complete and 0 interrupted iterations
concurrency   [   6% ] 02/50 VUs  0m27.9s/7m30.0s

running (0m29.0s), 02/50 VUs, 10 complete and 0 interrupted iterations
concurrency   [   6% ] 02/50 VUs  0m28.9s/7m30.0s

running (0m30.0s), 02/50 VUs, 11 complete and 0 interrupted iterations
concurrency   [   7% ] 02/50 VUs  0m29.9s/7m30.0s

running (0m31.0s), 02/50 VUs, 11 complete and 0 interrupted iterations
concurrency   [   7% ] 02/50 VUs  0m30.9s/7m30.0s

running (0m32.0s), 02/50 VUs, 12 complete and 0 interrupted iterations
concurrency   [   7% ] 02/50 VUs  0m31.9s/7m30.0s

running (0m33.0s), 02/50 VUs, 13 complete and 0 interrupted iterations
concurrency   [   7% ] 02/50 VUs  0m32.9s/7m30.0s

running (0m34.0s), 02/50 VUs, 13 complete and 0 interrupted iterations
concurrency   [   8% ] 02/50 VUs  0m33.9s/7m30.0s

running (0m35.0s), 02/50 VUs, 14 complete and 0 interrupted iterations
concurrency   [   8% ] 02/50 VUs  0m34.9s/7m30.0s

running (0m36.0s), 02/50 VUs, 15 complete and 0 interrupted iterations
concurrency   [   8% ] 02/50 VUs  0m35.9s/7m30.0s

running (0m37.0s), 02/50 VUs, 15 complete and 0 interrupted iterations
concurrency   [   8% ] 02/50 VUs  0m36.9s/7m30.0s

running (0m38.0s), 02/50 VUs, 16 complete and 0 interrupted iterations
concurrency   [   8% ] 02/50 VUs  0m37.9s/7m30.0s

running (0m39.0s), 02/50 VUs, 17 complete and 0 interrupted iterations
concurrency   [   9% ] 02/50 VUs  0m38.9s/7m30.0s

running (0m40.0s), 02/50 VUs, 17 complete and 0 interrupted iterations
concurrency   [   9% ] 02/50 VUs  0m39.9s/7m30.0s

running (0m41.0s), 02/50 VUs, 18 complete and 0 interrupted iterations
concurrency   [   9% ] 02/50 VUs  0m40.9s/7m30.0s

running (0m42.0s), 02/50 VUs, 18 complete and 0 interrupted iterations
concurrency   [   9% ] 02/50 VUs  0m41.9s/7m30.0s

running (0m43.0s), 02/50 VUs, 19 complete and 0 interrupted iterations
concurrency   [  10% ] 02/50 VUs  0m42.9s/7m30.0s

running (0m44.0s), 02/50 VUs, 20 complete and 0 interrupted iterations
concurrency   [  10% ] 02/50 VUs  0m43.9s/7m30.0s

running (0m45.0s), 02/50 VUs, 21 complete and 0 interrupted iterations
concurrency   [  10% ] 02/50 VUs  0m44.9s/7m30.0s

running (0m46.0s), 03/50 VUs, 22 complete and 0 interrupted iterations
concurrency   [  10% ] 03/50 VUs  0m45.9s/7m30.0s

running (0m47.0s), 03/50 VUs, 22 complete and 0 interrupted iterations
concurrency   [  10% ] 03/50 VUs  0m46.9s/7m30.0s

running (0m48.0s), 03/50 VUs, 24 complete and 0 interrupted iterations
concurrency   [  11% ] 03/50 VUs  0m47.9s/7m30.0s

running (0m49.0s), 03/50 VUs, 25 complete and 0 interrupted iterations
concurrency   [  11% ] 03/50 VUs  0m48.9s/7m30.0s

running (0m50.0s), 03/50 VUs, 26 complete and 0 interrupted iterations
concurrency   [  11% ] 03/50 VUs  0m49.9s/7m30.0s

running (0m51.0s), 03/50 VUs, 28 complete and 0 interrupted iterations
concurrency   [  11% ] 03/50 VUs  0m50.9s/7m30.0s

running (0m52.0s), 03/50 VUs, 29 complete and 0 interrupted iterations
concurrency   [  12% ] 03/50 VUs  0m51.9s/7m30.0s

running (0m53.0s), 03/50 VUs, 31 complete and 0 interrupted iterations
concurrency   [  12% ] 03/50 VUs  0m52.9s/7m30.0s

running (0m54.0s), 03/50 VUs, 31 complete and 0 interrupted iterations
concurrency   [  12% ] 03/50 VUs  0m53.9s/7m30.0s

running (0m55.0s), 03/50 VUs, 32 complete and 0 interrupted iterations
concurrency   [  12% ] 03/50 VUs  0m54.9s/7m30.0s

running (0m56.0s), 03/50 VUs, 34 complete and 0 interrupted iterations
concurrency   [  12% ] 03/50 VUs  0m55.9s/7m30.0s

running (0m57.0s), 03/50 VUs, 34 complete and 0 interrupted iterations
concurrency   [  13% ] 03/50 VUs  0m56.9s/7m30.0s

running (0m58.0s), 03/50 VUs, 34 complete and 0 interrupted iterations
concurrency   [  13% ] 03/50 VUs  0m57.9s/7m30.0s

running (0m59.0s), 03/50 VUs, 37 complete and 0 interrupted iterations
concurrency   [  13% ] 03/50 VUs  0m58.9s/7m30.0s

running (1m00.0s), 03/50 VUs, 37 complete and 0 interrupted iterations
concurrency   [  13% ] 03/50 VUs  0m59.9s/7m30.0s

running (1m01.0s), 03/50 VUs, 37 complete and 0 interrupted iterations
concurrency   [  14% ] 03/50 VUs  1m00.9s/7m30.0s

running (1m02.0s), 03/50 VUs, 40 complete and 0 interrupted iterations
concurrency   [  14% ] 03/50 VUs  1m01.9s/7m30.0s

running (1m03.0s), 03/50 VUs, 40 complete and 0 interrupted iterations
concurrency   [  14% ] 03/50 VUs  1m02.9s/7m30.0s

running (1m04.0s), 03/50 VUs, 40 complete and 0 interrupted iterations
concurrency   [  14% ] 03/50 VUs  1m03.9s/7m30.0s

running (1m05.0s), 03/50 VUs, 43 complete and 0 interrupted iterations
concurrency   [  14% ] 03/50 VUs  1m04.9s/7m30.0s

running (1m06.0s), 03/50 VUs, 43 complete and 0 interrupted iterations
concurrency   [  15% ] 03/50 VUs  1m05.9s/7m30.0s

running (1m07.0s), 03/50 VUs, 46 complete and 0 interrupted iterations
concurrency   [  15% ] 03/50 VUs  1m06.9s/7m30.0s

running (1m08.0s), 04/50 VUs, 46 complete and 0 interrupted iterations
concurrency   [  15% ] 04/50 VUs  1m07.9s/7m30.0s

running (1m09.0s), 04/50 VUs, 47 complete and 0 interrupted iterations
concurrency   [  15% ] 04/50 VUs  1m08.9s/7m30.0s

running (1m10.0s), 04/50 VUs, 47 complete and 0 interrupted iterations
concurrency   [  16% ] 04/50 VUs  1m09.9s/7m30.0s

running (1m11.0s), 04/50 VUs, 50 complete and 0 interrupted iterations
concurrency   [  16% ] 04/50 VUs  1m10.9s/7m30.0s

running (1m12.0s), 04/50 VUs, 50 complete and 0 interrupted iterations
concurrency   [  16% ] 04/50 VUs  1m11.9s/7m30.0s

running (1m13.0s), 04/50 VUs, 53 complete and 0 interrupted iterations
concurrency   [  16% ] 04/50 VUs  1m12.9s/7m30.0s

running (1m14.0s), 04/50 VUs, 54 complete and 0 interrupted iterations
concurrency   [  16% ] 04/50 VUs  1m13.9s/7m30.0s

running (1m15.0s), 04/50 VUs, 56 complete and 0 interrupted iterations
concurrency   [  17% ] 04/50 VUs  1m14.9s/7m30.0s

running (1m16.0s), 04/50 VUs, 58 complete and 0 interrupted iterations
concurrency   [  17% ] 04/50 VUs  1m15.9s/7m30.0s

running (1m17.0s), 04/50 VUs, 58 complete and 0 interrupted iterations
concurrency   [  17% ] 04/50 VUs  1m16.9s/7m30.0s

running (1m18.0s), 04/50 VUs, 61 complete and 0 interrupted iterations
concurrency   [  17% ] 04/50 VUs  1m17.9s/7m30.0s

running (1m19.0s), 04/50 VUs, 62 complete and 0 interrupted iterations
concurrency   [  18% ] 04/50 VUs  1m18.9s/7m30.0s

running (1m20.0s), 04/50 VUs, 62 complete and 0 interrupted iterations
concurrency   [  18% ] 04/50 VUs  1m19.9s/7m30.0s

running (1m21.0s), 04/50 VUs, 66 complete and 0 interrupted iterations
concurrency   [  18% ] 04/50 VUs  1m20.9s/7m30.0s

running (1m22.0s), 04/50 VUs, 66 complete and 0 interrupted iterations
concurrency   [  18% ] 04/50 VUs  1m21.9s/7m30.0s

running (1m23.0s), 04/50 VUs, 69 complete and 0 interrupted iterations
concurrency   [  18% ] 04/50 VUs  1m22.9s/7m30.0s

running (1m24.0s), 04/50 VUs, 69 complete and 0 interrupted iterations
concurrency   [  19% ] 04/50 VUs  1m23.9s/7m30.0s

running (1m25.0s), 04/50 VUs, 72 complete and 0 interrupted iterations
concurrency   [  19% ] 04/50 VUs  1m24.9s/7m30.0s

running (1m26.0s), 04/50 VUs, 72 complete and 0 interrupted iterations
concurrency   [  19% ] 04/50 VUs  1m25.9s/7m30.0s

running (1m27.0s), 04/50 VUs, 75 complete and 0 interrupted iterations
concurrency   [  19% ] 04/50 VUs  1m26.9s/7m30.0s

running (1m28.0s), 04/50 VUs, 75 complete and 0 interrupted iterations
concurrency   [  20% ] 04/50 VUs  1m27.9s/7m30.0s

running (1m29.0s), 04/50 VUs, 78 complete and 0 interrupted iterations
concurrency   [  20% ] 04/50 VUs  1m28.9s/7m30.0s

running (1m30.0s), 04/50 VUs, 78 complete and 0 interrupted iterations
concurrency   [  20% ] 04/50 VUs  1m29.9s/7m30.0s

running (1m31.0s), 05/50 VUs, 78 complete and 0 interrupted iterations
concurrency   [  20% ] 05/50 VUs  1m30.9s/7m30.0s

running (1m32.0s), 05/50 VUs, 81 complete and 0 interrupted iterations
concurrency   [  20% ] 05/50 VUs  1m31.9s/7m30.0s

running (1m33.0s), 05/50 VUs, 81 complete and 0 interrupted iterations
concurrency   [  21% ] 05/50 VUs  1m32.9s/7m30.0s

running (1m34.0s), 05/50 VUs, 84 complete and 0 interrupted iterations
concurrency   [  21% ] 05/50 VUs  1m33.9s/7m30.0s

running (1m35.0s), 05/50 VUs, 85 complete and 0 interrupted iterations
concurrency   [  21% ] 05/50 VUs  1m34.9s/7m30.0s

running (1m36.0s), 05/50 VUs, 85 complete and 0 interrupted iterations
concurrency   [  21% ] 05/50 VUs  1m35.9s/7m30.0s

running (1m37.0s), 05/50 VUs, 88 complete and 0 interrupted iterations
concurrency   [  22% ] 05/50 VUs  1m36.9s/7m30.0s

running (1m38.0s), 05/50 VUs, 89 complete and 0 interrupted iterations
concurrency   [  22% ] 05/50 VUs  1m37.9s/7m30.0s

running (1m39.0s), 05/50 VUs, 89 complete and 0 interrupted iterations
concurrency   [  22% ] 05/50 VUs  1m38.9s/7m30.0s

running (1m40.0s), 05/50 VUs, 93 complete and 0 interrupted iterations
concurrency   [  22% ] 05/50 VUs  1m39.9s/7m30.0s

running (1m41.0s), 05/50 VUs, 93 complete and 0 interrupted iterations
concurrency   [  22% ] 05/50 VUs  1m40.9s/7m30.0s

running (1m42.0s), 05/50 VUs, 93 complete and 0 interrupted iterations
concurrency   [  23% ] 05/50 VUs  1m41.9s/7m30.0s

running (1m43.0s), 05/50 VUs, 96 complete and 0 interrupted iterations
concurrency   [  23% ] 05/50 VUs  1m42.9s/7m30.0s

running (1m44.0s), 05/50 VUs, 96 complete and 0 interrupted iterations
concurrency   [  23% ] 05/50 VUs  1m43.9s/7m30.0s

running (1m45.0s), 05/50 VUs, 96 complete and 0 interrupted iterations
concurrency   [  23% ] 05/50 VUs  1m44.9s/7m30.0s

running (1m46.0s), 05/50 VUs, 99 complete and 0 interrupted iterations
concurrency   [  24% ] 05/50 VUs  1m45.9s/7m30.0s

running (1m47.0s), 05/50 VUs, 99 complete and 0 interrupted iterations
concurrency   [  24% ] 05/50 VUs  1m46.9s/7m30.0s

running (1m48.0s), 05/50 VUs, 99 complete and 0 interrupted iterations
concurrency   [  24% ] 05/50 VUs  1m47.9s/7m30.0s

running (1m49.0s), 06/50 VUs, 102 complete and 0 interrupted iterations
concurrency   [  24% ] 06/50 VUs  1m48.9s/7m30.0s

running (1m50.0s), 06/50 VUs, 102 complete and 0 interrupted iterations
concurrency   [  24% ] 06/50 VUs  1m49.9s/7m30.0s

running (1m51.0s), 06/50 VUs, 102 complete and 0 interrupted iterations
concurrency   [  25% ] 06/50 VUs  1m50.9s/7m30.0s

running (1m52.0s), 06/50 VUs, 108 complete and 0 interrupted iterations
concurrency   [  25% ] 06/50 VUs  1m51.9s/7m30.0s

running (1m53.0s), 06/50 VUs, 109 complete and 0 interrupted iterations
concurrency   [  25% ] 06/50 VUs  1m52.9s/7m30.0s

running (1m54.0s), 06/50 VUs, 112 complete and 0 interrupted iterations
concurrency   [  25% ] 06/50 VUs  1m53.9s/7m30.0s

running (1m55.0s), 06/50 VUs, 114 complete and 0 interrupted iterations
concurrency   [  26% ] 06/50 VUs  1m54.9s/7m30.0s

running (1m56.0s), 06/50 VUs, 114 complete and 0 interrupted iterations
concurrency   [  26% ] 06/50 VUs  1m55.9s/7m30.0s

running (1m57.0s), 06/50 VUs, 115 complete and 0 interrupted iterations
concurrency   [  26% ] 06/50 VUs  1m56.9s/7m30.0s

running (1m58.0s), 06/50 VUs, 115 complete and 0 interrupted iterations
concurrency   [  26% ] 06/50 VUs  1m57.9s/7m30.0s

running (1m59.0s), 06/50 VUs, 115 complete and 0 interrupted iterations
concurrency   [  26% ] 06/50 VUs  1m58.9s/7m30.0s

running (2m00.0s), 06/50 VUs, 115 complete and 0 interrupted iterations
concurrency   [  27% ] 06/50 VUs  1m59.9s/7m30.0s

running (2m01.0s), 06/50 VUs, 116 complete and 0 interrupted iterations
concurrency   [  27% ] 06/50 VUs  2m00.9s/7m30.0s

running (2m02.0s), 06/50 VUs, 116 complete and 0 interrupted iterations
concurrency   [  27% ] 06/50 VUs  2m01.9s/7m30.0s

running (2m03.0s), 06/50 VUs, 116 complete and 0 interrupted iterations
concurrency   [  27% ] 06/50 VUs  2m02.9s/7m30.0s

running (2m04.0s), 06/50 VUs, 117 complete and 0 interrupted iterations
concurrency   [  28% ] 06/50 VUs  2m03.9s/7m30.0s

running (2m05.0s), 06/50 VUs, 117 complete and 0 interrupted iterations
concurrency   [  28% ] 06/50 VUs  2m04.9s/7m30.0s

running (2m06.0s), 06/50 VUs, 118 complete and 0 interrupted iterations
concurrency   [  28% ] 06/50 VUs  2m05.9s/7m30.0s

running (2m07.0s), 07/50 VUs, 118 complete and 0 interrupted iterations
concurrency   [  28% ] 07/50 VUs  2m06.9s/7m30.0s

running (2m08.0s), 07/50 VUs, 118 complete and 0 interrupted iterations
concurrency   [  28% ] 07/50 VUs  2m07.9s/7m30.0s

running (2m09.0s), 07/50 VUs, 119 complete and 0 interrupted iterations
concurrency   [  29% ] 07/50 VUs  2m08.9s/7m30.0s

running (2m10.0s), 07/50 VUs, 120 complete and 0 interrupted iterations
concurrency   [  29% ] 07/50 VUs  2m09.9s/7m30.0s

running (2m11.0s), 07/50 VUs, 120 complete and 0 interrupted iterations
concurrency   [  29% ] 07/50 VUs  2m10.9s/7m30.0s

running (2m12.0s), 07/50 VUs, 122 complete and 0 interrupted iterations
concurrency   [  29% ] 07/50 VUs  2m11.9s/7m30.0s

running (2m13.0s), 07/50 VUs, 123 complete and 0 interrupted iterations
concurrency   [  30% ] 07/50 VUs  2m12.9s/7m30.0s

running (2m14.0s), 07/50 VUs, 123 complete and 0 interrupted iterations
concurrency   [  30% ] 07/50 VUs  2m13.9s/7m30.0s

running (2m15.0s), 07/50 VUs, 125 complete and 0 interrupted iterations
concurrency   [  30% ] 07/50 VUs  2m14.9s/7m30.0s

running (2m16.0s), 07/50 VUs, 126 complete and 0 interrupted iterations
concurrency   [  30% ] 07/50 VUs  2m15.9s/7m30.0s

running (2m17.0s), 07/50 VUs, 126 complete and 0 interrupted iterations
concurrency   [  30% ] 07/50 VUs  2m16.9s/7m30.0s

running (2m18.0s), 07/50 VUs, 127 complete and 0 interrupted iterations
concurrency   [  31% ] 07/50 VUs  2m17.9s/7m30.0s

running (2m19.0s), 07/50 VUs, 129 complete and 0 interrupted iterations
concurrency   [  31% ] 07/50 VUs  2m18.9s/7m30.0s

running (2m20.0s), 07/50 VUs, 129 complete and 0 interrupted iterations
concurrency   [  31% ] 07/50 VUs  2m19.9s/7m30.0s

running (2m21.0s), 07/50 VUs, 129 complete and 0 interrupted iterations
concurrency   [  31% ] 07/50 VUs  2m20.9s/7m30.0s

running (2m22.0s), 07/50 VUs, 132 complete and 0 interrupted iterations
concurrency   [  32% ] 07/50 VUs  2m21.9s/7m30.0s

running (2m23.0s), 07/50 VUs, 132 complete and 0 interrupted iterations
concurrency   [  32% ] 07/50 VUs  2m22.9s/7m30.0s

running (2m24.0s), 07/50 VUs, 133 complete and 0 interrupted iterations
concurrency   [  32% ] 07/50 VUs  2m23.9s/7m30.0s

running (2m25.0s), 08/50 VUs, 137 complete and 0 interrupted iterations
concurrency   [  32% ] 08/50 VUs  2m24.9s/7m30.0s

running (2m26.0s), 08/50 VUs, 139 complete and 0 interrupted iterations
concurrency   [  32% ] 08/50 VUs  2m25.9s/7m30.0s

running (2m27.0s), 08/50 VUs, 139 complete and 0 interrupted iterations
concurrency   [  33% ] 08/50 VUs  2m26.9s/7m30.0s

running (2m28.0s), 08/50 VUs, 144 complete and 0 interrupted iterations
concurrency   [  33% ] 08/50 VUs  2m27.9s/7m30.0s

running (2m29.0s), 08/50 VUs, 144 complete and 0 interrupted iterations
concurrency   [  33% ] 08/50 VUs  2m28.9s/7m30.0s

running (2m30.0s), 08/50 VUs, 144 complete and 0 interrupted iterations
concurrency   [  33% ] 08/50 VUs  2m29.9s/7m30.0s

running (2m31.0s), 08/50 VUs, 147 complete and 0 interrupted iterations
concurrency   [  34% ] 08/50 VUs  2m30.9s/7m30.0s

running (2m32.0s), 08/50 VUs, 149 complete and 0 interrupted iterations
concurrency   [  34% ] 08/50 VUs  2m31.9s/7m30.0s

running (2m33.0s), 08/50 VUs, 149 complete and 0 interrupted iterations
concurrency   [  34% ] 08/50 VUs  2m32.9s/7m30.0s

running (2m34.0s), 08/50 VUs, 149 complete and 0 interrupted iterations
concurrency   [  34% ] 08/50 VUs  2m33.9s/7m30.0s

running (2m35.0s), 08/50 VUs, 155 complete and 0 interrupted iterations
concurrency   [  34% ] 08/50 VUs  2m34.9s/7m30.0s

running (2m36.0s), 08/50 VUs, 155 complete and 0 interrupted iterations
concurrency   [  35% ] 08/50 VUs  2m35.9s/7m30.0s

running (2m37.0s), 08/50 VUs, 155 complete and 0 interrupted iterations
concurrency   [  35% ] 08/50 VUs  2m36.9s/7m30.0s

running (2m38.0s), 08/50 VUs, 161 complete and 0 interrupted iterations
concurrency   [  35% ] 08/50 VUs  2m37.9s/7m30.0s

running (2m39.0s), 08/50 VUs, 161 complete and 0 interrupted iterations
concurrency   [  35% ] 08/50 VUs  2m38.9s/7m30.0s

running (2m40.0s), 08/50 VUs, 161 complete and 0 interrupted iterations
concurrency   [  36% ] 08/50 VUs  2m39.9s/7m30.0s

running (2m41.0s), 08/50 VUs, 166 complete and 0 interrupted iterations
concurrency   [  36% ] 08/50 VUs  2m40.9s/7m30.0s

running (2m42.0s), 08/50 VUs, 166 complete and 0 interrupted iterations
concurrency   [  36% ] 08/50 VUs  2m41.9s/7m30.0s

running (2m43.0s), 09/50 VUs, 166 complete and 0 interrupted iterations
concurrency   [  36% ] 09/50 VUs  2m42.9s/7m30.0s

running (2m44.0s), 09/50 VUs, 167 complete and 0 interrupted iterations
concurrency   [  36% ] 09/50 VUs  2m43.9s/7m30.0s

running (2m45.0s), 09/50 VUs, 171 complete and 0 interrupted iterations
concurrency   [  37% ] 09/50 VUs  2m44.9s/7m30.0s

running (2m46.0s), 09/50 VUs, 171 complete and 0 interrupted iterations
concurrency   [  37% ] 09/50 VUs  2m45.9s/7m30.0s

running (2m47.0s), 09/50 VUs, 171 complete and 0 interrupted iterations
concurrency   [  37% ] 09/50 VUs  2m46.9s/7m30.0s

running (2m48.0s), 09/50 VUs, 176 complete and 0 interrupted iterations
concurrency   [  37% ] 09/50 VUs  2m47.9s/7m30.0s

running (2m49.0s), 09/50 VUs, 176 complete and 0 interrupted iterations
concurrency   [  38% ] 09/50 VUs  2m48.9s/7m30.0s

running (2m50.0s), 09/50 VUs, 176 complete and 0 interrupted iterations
concurrency   [  38% ] 09/50 VUs  2m49.9s/7m30.0s

running (2m51.0s), 09/50 VUs, 181 complete and 0 interrupted iterations
concurrency   [  38% ] 09/50 VUs  2m50.9s/7m30.0s

running (2m52.0s), 09/50 VUs, 181 complete and 0 interrupted iterations
concurrency   [  38% ] 09/50 VUs  2m51.9s/7m30.0s

running (2m53.0s), 09/50 VUs, 181 complete and 0 interrupted iterations
concurrency   [  38% ] 09/50 VUs  2m52.9s/7m30.0s

running (2m54.0s), 09/50 VUs, 185 complete and 0 interrupted iterations
concurrency   [  39% ] 09/50 VUs  2m53.9s/7m30.0s

running (2m55.0s), 09/50 VUs, 187 complete and 0 interrupted iterations
concurrency   [  39% ] 09/50 VUs  2m54.9s/7m30.0s

running (2m56.0s), 09/50 VUs, 189 complete and 0 interrupted iterations
concurrency   [  39% ] 09/50 VUs  2m55.9s/7m30.0s

running (2m57.0s), 09/50 VUs, 189 complete and 0 interrupted iterations
concurrency   [  39% ] 09/50 VUs  2m56.9s/7m30.0s

running (2m58.0s), 09/50 VUs, 195 complete and 0 interrupted iterations
concurrency   [  40% ] 09/50 VUs  2m57.9s/7m30.0s

running (2m59.0s), 09/50 VUs, 195 complete and 0 interrupted iterations
concurrency   [  40% ] 09/50 VUs  2m58.9s/7m30.0s

running (3m00.0s), 09/50 VUs, 197 complete and 0 interrupted iterations
concurrency   [  40% ] 09/50 VUs  2m59.9s/7m30.0s

running (3m01.0s), 10/50 VUs, 201 complete and 0 interrupted iterations
concurrency   [  40% ] 10/50 VUs  3m00.9s/7m30.0s

running (3m02.0s), 10/50 VUs, 207 complete and 0 interrupted iterations
concurrency   [  40% ] 10/50 VUs  3m01.9s/7m30.0s

running (3m03.0s), 10/50 VUs, 207 complete and 0 interrupted iterations
concurrency   [  41% ] 10/50 VUs  3m02.9s/7m30.0s

running (3m04.0s), 10/50 VUs, 210 complete and 0 interrupted iterations
concurrency   [  41% ] 10/50 VUs  3m03.9s/7m30.0s

running (3m05.0s), 10/50 VUs, 212 complete and 0 interrupted iterations
concurrency   [  41% ] 10/50 VUs  3m04.9s/7m30.0s

running (3m06.0s), 10/50 VUs, 212 complete and 0 interrupted iterations
concurrency   [  41% ] 10/50 VUs  3m05.9s/7m30.0s

running (3m07.0s), 10/50 VUs, 217 complete and 0 interrupted iterations
concurrency   [  42% ] 10/50 VUs  3m06.9s/7m30.0s

running (3m08.0s), 10/50 VUs, 217 complete and 0 interrupted iterations
concurrency   [  42% ] 10/50 VUs  3m07.9s/7m30.0s

running (3m09.0s), 10/50 VUs, 221 complete and 0 interrupted iterations
concurrency   [  42% ] 10/50 VUs  3m08.9s/7m30.0s

running (3m10.0s), 11/50 VUs, 221 complete and 0 interrupted iterations
concurrency   [  42% ] 11/50 VUs  3m09.9s/7m30.0s

running (3m11.0s), 11/50 VUs, 225 complete and 0 interrupted iterations
concurrency   [  42% ] 11/50 VUs  3m10.9s/7m30.0s

running (3m12.0s), 11/50 VUs, 227 complete and 0 interrupted iterations
concurrency   [  43% ] 11/50 VUs  3m11.9s/7m30.0s

running (3m13.0s), 11/50 VUs, 227 complete and 0 interrupted iterations
concurrency   [  43% ] 11/50 VUs  3m12.9s/7m30.0s

running (3m14.0s), 11/50 VUs, 233 complete and 0 interrupted iterations
concurrency   [  43% ] 11/50 VUs  3m13.9s/7m30.0s

running (3m15.0s), 11/50 VUs, 233 complete and 0 interrupted iterations
concurrency   [  43% ] 11/50 VUs  3m14.9s/7m30.0s

running (3m16.0s), 11/50 VUs, 238 complete and 0 interrupted iterations
concurrency   [  44% ] 11/50 VUs  3m15.9s/7m30.0s

running (3m17.0s), 11/50 VUs, 238 complete and 0 interrupted iterations
concurrency   [  44% ] 11/50 VUs  3m16.9s/7m30.0s

running (3m18.0s), 11/50 VUs, 243 complete and 0 interrupted iterations
concurrency   [  44% ] 11/50 VUs  3m17.9s/7m30.0s

running (3m19.0s), 12/50 VUs, 243 complete and 0 interrupted iterations
concurrency   [  44% ] 12/50 VUs  3m18.9s/7m30.0s

running (3m20.0s), 12/50 VUs, 243 complete and 0 interrupted iterations
concurrency   [  44% ] 12/50 VUs  3m19.9s/7m30.0s

running (3m21.0s), 12/50 VUs, 249 complete and 0 interrupted iterations
concurrency   [  45% ] 12/50 VUs  3m20.9s/7m30.0s

running (3m22.0s), 12/50 VUs, 249 complete and 0 interrupted iterations
concurrency   [  45% ] 12/50 VUs  3m21.9s/7m30.0s

running (3m23.0s), 12/50 VUs, 254 complete and 0 interrupted iterations
concurrency   [  45% ] 12/50 VUs  3m22.9s/7m30.0s

running (3m24.0s), 12/50 VUs, 254 complete and 0 interrupted iterations
concurrency   [  45% ] 12/50 VUs  3m23.9s/7m30.0s

running (3m25.0s), 12/50 VUs, 259 complete and 0 interrupted iterations
concurrency   [  46% ] 12/50 VUs  3m24.9s/7m30.0s

running (3m26.0s), 12/50 VUs, 261 complete and 0 interrupted iterations
concurrency   [  46% ] 12/50 VUs  3m25.9s/7m30.0s

running (3m27.0s), 12/50 VUs, 261 complete and 0 interrupted iterations
concurrency   [  46% ] 12/50 VUs  3m26.9s/7m30.0s

running (3m28.0s), 13/50 VUs, 267 complete and 0 interrupted iterations
concurrency   [  46% ] 13/50 VUs  3m27.9s/7m30.0s

running (3m29.0s), 13/50 VUs, 267 complete and 0 interrupted iterations
concurrency   [  46% ] 13/50 VUs  3m28.9s/7m30.0s

running (3m30.0s), 13/50 VUs, 273 complete and 0 interrupted iterations
concurrency   [  47% ] 13/50 VUs  3m29.9s/7m30.0s

running (3m31.0s), 13/50 VUs, 274 complete and 0 interrupted iterations
concurrency   [  47% ] 13/50 VUs  3m30.9s/7m30.0s

running (3m32.0s), 13/50 VUs, 279 complete and 0 interrupted iterations
concurrency   [  47% ] 13/50 VUs  3m31.9s/7m30.0s

running (3m33.0s), 13/50 VUs, 282 complete and 0 interrupted iterations
concurrency   [  47% ] 13/50 VUs  3m32.9s/7m30.0s

running (3m34.0s), 13/50 VUs, 284 complete and 0 interrupted iterations
concurrency   [  48% ] 13/50 VUs  3m33.9s/7m30.0s

running (3m35.0s), 13/50 VUs, 289 complete and 0 interrupted iterations
concurrency   [  48% ] 13/50 VUs  3m34.9s/7m30.0s

running (3m36.0s), 13/50 VUs, 289 complete and 0 interrupted iterations
concurrency   [  48% ] 13/50 VUs  3m35.9s/7m30.0s

running (3m37.0s), 14/50 VUs, 289 complete and 0 interrupted iterations
concurrency   [  48% ] 14/50 VUs  3m36.9s/7m30.0s

running (3m38.0s), 14/50 VUs, 294 complete and 0 interrupted iterations
concurrency   [  48% ] 14/50 VUs  3m37.9s/7m30.0s

running (3m39.0s), 14/50 VUs, 295 complete and 0 interrupted iterations
concurrency   [  49% ] 14/50 VUs  3m38.9s/7m30.0s

running (3m40.0s), 14/50 VUs, 295 complete and 0 interrupted iterations
concurrency   [  49% ] 14/50 VUs  3m39.9s/7m30.0s

running (3m41.0s), 14/50 VUs, 301 complete and 0 interrupted iterations
concurrency   [  49% ] 14/50 VUs  3m40.9s/7m30.0s

running (3m42.0s), 14/50 VUs, 301 complete and 0 interrupted iterations
concurrency   [  49% ] 14/50 VUs  3m41.9s/7m30.0s

running (3m43.0s), 14/50 VUs, 301 complete and 0 interrupted iterations
concurrency   [  50% ] 14/50 VUs  3m42.9s/7m30.0s

running (3m44.0s), 14/50 VUs, 308 complete and 0 interrupted iterations
concurrency   [  50% ] 14/50 VUs  3m43.9s/7m30.0s

running (3m45.0s), 14/50 VUs, 308 complete and 0 interrupted iterations
concurrency   [  50% ] 14/50 VUs  3m44.9s/7m30.0s

running (3m46.0s), 15/50 VUs, 308 complete and 0 interrupted iterations
concurrency   [  50% ] 15/50 VUs  3m45.9s/7m30.0s

running (3m47.0s), 15/50 VUs, 310 complete and 0 interrupted iterations
concurrency   [  50% ] 15/50 VUs  3m46.9s/7m30.0s

running (3m48.0s), 15/50 VUs, 315 complete and 0 interrupted iterations
concurrency   [  51% ] 15/50 VUs  3m47.9s/7m30.0s

running (3m49.0s), 15/50 VUs, 315 complete and 0 interrupted iterations
concurrency   [  51% ] 15/50 VUs  3m48.9s/7m30.0s

running (3m50.0s), 15/50 VUs, 321 complete and 0 interrupted iterations
concurrency   [  51% ] 15/50 VUs  3m49.9s/7m30.0s

running (3m51.0s), 15/50 VUs, 321 complete and 0 interrupted iterations
concurrency   [  51% ] 15/50 VUs  3m50.9s/7m30.0s

running (3m52.0s), 15/50 VUs, 321 complete and 0 interrupted iterations
concurrency   [  52% ] 15/50 VUs  3m51.9s/7m30.0s

running (3m53.0s), 15/50 VUs, 328 complete and 0 interrupted iterations
concurrency   [  52% ] 15/50 VUs  3m52.9s/7m30.0s

running (3m54.0s), 15/50 VUs, 328 complete and 0 interrupted iterations
concurrency   [  52% ] 15/50 VUs  3m53.9s/7m30.0s

running (3m55.0s), 16/50 VUs, 329 complete and 0 interrupted iterations
concurrency   [  52% ] 16/50 VUs  3m54.9s/7m30.0s

running (3m56.0s), 16/50 VUs, 335 complete and 0 interrupted iterations
concurrency   [  52% ] 16/50 VUs  3m55.9s/7m30.0s

running (3m57.0s), 16/50 VUs, 336 complete and 0 interrupted iterations
concurrency   [  53% ] 16/50 VUs  3m56.9s/7m30.0s

running (3m58.0s), 16/50 VUs, 338 complete and 0 interrupted iterations
concurrency   [  53% ] 16/50 VUs  3m57.9s/7m30.0s

running (3m59.0s), 16/50 VUs, 346 complete and 0 interrupted iterations
concurrency   [  53% ] 16/50 VUs  3m58.9s/7m30.0s

running (4m00.0s), 16/50 VUs, 350 complete and 0 interrupted iterations
concurrency   [  53% ] 16/50 VUs  3m59.9s/7m30.0s

running (4m01.0s), 16/50 VUs, 353 complete and 0 interrupted iterations
concurrency   [  54% ] 16/50 VUs  4m00.9s/7m30.0s

running (4m02.0s), 16/50 VUs, 357 complete and 0 interrupted iterations
concurrency   [  54% ] 16/50 VUs  4m01.9s/7m30.0s

running (4m03.0s), 16/50 VUs, 359 complete and 0 interrupted iterations
concurrency   [  54% ] 16/50 VUs  4m02.9s/7m30.0s

running (4m04.0s), 17/50 VUs, 363 complete and 0 interrupted iterations
concurrency   [  54% ] 17/50 VUs  4m03.9s/7m30.0s

running (4m05.0s), 17/50 VUs, 366 complete and 0 interrupted iterations
concurrency   [  54% ] 17/50 VUs  4m04.9s/7m30.0s

running (4m06.0s), 17/50 VUs, 368 complete and 0 interrupted iterations
concurrency   [  55% ] 17/50 VUs  4m05.9s/7m30.0s

running (4m07.0s), 17/50 VUs, 369 complete and 0 interrupted iterations
concurrency   [  55% ] 17/50 VUs  4m06.9s/7m30.0s

running (4m08.0s), 17/50 VUs, 369 complete and 0 interrupted iterations
concurrency   [  55% ] 17/50 VUs  4m07.9s/7m30.0s

running (4m09.0s), 17/50 VUs, 369 complete and 0 interrupted iterations
concurrency   [  55% ] 17/50 VUs  4m08.9s/7m30.0s

running (4m10.0s), 17/50 VUs, 371 complete and 0 interrupted iterations
concurrency   [  56% ] 17/50 VUs  4m09.9s/7m30.0s

running (4m11.0s), 17/50 VUs, 372 complete and 0 interrupted iterations
concurrency   [  56% ] 17/50 VUs  4m10.9s/7m30.0s

running (4m12.0s), 17/50 VUs, 372 complete and 0 interrupted iterations
concurrency   [  56% ] 17/50 VUs  4m11.9s/7m30.0s

running (4m13.0s), 18/50 VUs, 374 complete and 0 interrupted iterations
concurrency   [  56% ] 18/50 VUs  4m12.9s/7m30.0s

running (4m14.0s), 18/50 VUs, 376 complete and 0 interrupted iterations
concurrency   [  56% ] 18/50 VUs  4m13.9s/7m30.0s

running (4m15.0s), 18/50 VUs, 376 complete and 0 interrupted iterations
concurrency   [  57% ] 18/50 VUs  4m14.9s/7m30.0s

running (4m16.0s), 18/50 VUs, 382 complete and 0 interrupted iterations
concurrency   [  57% ] 18/50 VUs  4m15.9s/7m30.0s

running (4m17.0s), 18/50 VUs, 382 complete and 0 interrupted iterations
concurrency   [  57% ] 18/50 VUs  4m16.9s/7m30.0s

running (4m18.0s), 18/50 VUs, 384 complete and 0 interrupted iterations
concurrency   [  57% ] 18/50 VUs  4m17.9s/7m30.0s

running (4m19.0s), 18/50 VUs, 387 complete and 0 interrupted iterations
concurrency   [  58% ] 18/50 VUs  4m18.9s/7m30.0s

running (4m20.0s), 18/50 VUs, 387 complete and 0 interrupted iterations
concurrency   [  58% ] 18/50 VUs  4m19.9s/7m30.0s

running (4m21.0s), 18/50 VUs, 393 complete and 0 interrupted iterations
concurrency   [  58% ] 18/50 VUs  4m20.9s/7m30.0s

running (4m22.0s), 19/50 VUs, 393 complete and 0 interrupted iterations
concurrency   [  58% ] 19/50 VUs  4m21.9s/7m30.0s

running (4m23.0s), 19/50 VUs, 398 complete and 0 interrupted iterations
concurrency   [  58% ] 19/50 VUs  4m22.9s/7m30.0s

running (4m24.0s), 19/50 VUs, 398 complete and 0 interrupted iterations
concurrency   [  59% ] 19/50 VUs  4m23.9s/7m30.0s

running (4m25.0s), 19/50 VUs, 400 complete and 0 interrupted iterations
concurrency   [  59% ] 19/50 VUs  4m24.9s/7m30.0s

running (4m26.0s), 19/50 VUs, 403 complete and 0 interrupted iterations
concurrency   [  59% ] 19/50 VUs  4m25.9s/7m30.0s

running (4m27.0s), 19/50 VUs, 403 complete and 0 interrupted iterations
concurrency   [  59% ] 19/50 VUs  4m26.9s/7m30.0s

running (4m28.0s), 19/50 VUs, 408 complete and 0 interrupted iterations
concurrency   [  60% ] 19/50 VUs  4m27.9s/7m30.0s

running (4m29.0s), 19/50 VUs, 410 complete and 0 interrupted iterations
concurrency   [  60% ] 19/50 VUs  4m28.9s/7m30.0s

running (4m30.0s), 19/50 VUs, 417 complete and 0 interrupted iterations
concurrency   [  60% ] 19/50 VUs  4m29.9s/7m30.0s

running (4m31.0s), 20/50 VUs, 419 complete and 0 interrupted iterations
concurrency   [  60% ] 20/50 VUs  4m30.9s/7m30.0s

running (4m32.0s), 20/50 VUs, 420 complete and 0 interrupted iterations
concurrency   [  60% ] 20/50 VUs  4m31.9s/7m30.0s

running (4m33.0s), 20/50 VUs, 427 complete and 0 interrupted iterations
concurrency   [  61% ] 20/50 VUs  4m32.9s/7m30.0s

running (4m34.0s), 21/50 VUs, 435 complete and 0 interrupted iterations
concurrency   [  61% ] 21/50 VUs  4m33.9s/7m30.0s

running (4m35.0s), 21/50 VUs, 438 complete and 0 interrupted iterations
concurrency   [  61% ] 21/50 VUs  4m34.9s/7m30.0s

running (4m36.0s), 21/50 VUs, 448 complete and 0 interrupted iterations
concurrency   [  61% ] 21/50 VUs  4m35.9s/7m30.0s

running (4m37.0s), 22/50 VUs, 451 complete and 0 interrupted iterations
concurrency   [  62% ] 22/50 VUs  4m36.9s/7m30.0s

running (4m38.0s), 22/50 VUs, 458 complete and 0 interrupted iterations
concurrency   [  62% ] 22/50 VUs  4m37.9s/7m30.0s

running (4m39.0s), 22/50 VUs, 465 complete and 0 interrupted iterations
concurrency   [  62% ] 22/50 VUs  4m38.9s/7m30.0s

running (4m40.0s), 23/50 VUs, 465 complete and 0 interrupted iterations
concurrency   [  62% ] 23/50 VUs  4m39.9s/7m30.0s

running (4m41.0s), 23/50 VUs, 465 complete and 0 interrupted iterations
concurrency   [  62% ] 23/50 VUs  4m40.9s/7m30.0s

running (4m42.0s), 23/50 VUs, 472 complete and 0 interrupted iterations
concurrency   [  63% ] 23/50 VUs  4m41.9s/7m30.0s

running (4m43.0s), 24/50 VUs, 472 complete and 0 interrupted iterations
concurrency   [  63% ] 24/50 VUs  4m42.9s/7m30.0s

running (4m44.0s), 24/50 VUs, 472 complete and 0 interrupted iterations
concurrency   [  63% ] 24/50 VUs  4m43.9s/7m30.0s

running (4m45.0s), 24/50 VUs, 478 complete and 0 interrupted iterations
concurrency   [  63% ] 24/50 VUs  4m44.9s/7m30.0s

running (4m46.0s), 25/50 VUs, 478 complete and 0 interrupted iterations
concurrency   [  64% ] 25/50 VUs  4m45.9s/7m30.0s

running (4m47.0s), 25/50 VUs, 478 complete and 0 interrupted iterations
concurrency   [  64% ] 25/50 VUs  4m46.9s/7m30.0s

running (4m48.0s), 25/50 VUs, 481 complete and 0 interrupted iterations
concurrency   [  64% ] 25/50 VUs  4m47.9s/7m30.0s

running (4m49.0s), 26/50 VUs, 487 complete and 0 interrupted iterations
concurrency   [  64% ] 26/50 VUs  4m48.9s/7m30.0s

running (4m50.0s), 26/50 VUs, 487 complete and 0 interrupted iterations
concurrency   [  64% ] 26/50 VUs  4m49.9s/7m30.0s

running (4m51.0s), 26/50 VUs, 497 complete and 0 interrupted iterations
concurrency   [  65% ] 26/50 VUs  4m50.9s/7m30.0s

running (4m52.0s), 27/50 VUs, 497 complete and 0 interrupted iterations
concurrency   [  65% ] 27/50 VUs  4m51.9s/7m30.0s

running (4m53.0s), 27/50 VUs, 503 complete and 0 interrupted iterations
concurrency   [  65% ] 27/50 VUs  4m52.9s/7m30.0s

running (4m54.0s), 27/50 VUs, 503 complete and 0 interrupted iterations
concurrency   [  65% ] 27/50 VUs  4m53.9s/7m30.0s

running (4m55.0s), 28/50 VUs, 505 complete and 0 interrupted iterations
concurrency   [  66% ] 28/50 VUs  4m54.9s/7m30.0s

running (4m56.0s), 28/50 VUs, 505 complete and 0 interrupted iterations
concurrency   [  66% ] 28/50 VUs  4m55.9s/7m30.0s

running (4m57.0s), 28/50 VUs, 514 complete and 0 interrupted iterations
concurrency   [  66% ] 28/50 VUs  4m56.9s/7m30.0s

running (4m58.0s), 29/50 VUs, 514 complete and 0 interrupted iterations
concurrency   [  66% ] 29/50 VUs  4m57.9s/7m30.0s

running (4m59.0s), 29/50 VUs, 523 complete and 0 interrupted iterations
concurrency   [  66% ] 29/50 VUs  4m58.9s/7m30.0s

running (5m00.0s), 29/50 VUs, 524 complete and 0 interrupted iterations
concurrency   [  67% ] 29/50 VUs  4m59.9s/7m30.0s

running (5m01.0s), 30/50 VUs, 533 complete and 0 interrupted iterations
concurrency   [  67% ] 30/50 VUs  5m00.9s/7m30.0s

running (5m02.0s), 30/50 VUs, 535 complete and 0 interrupted iterations
concurrency   [  67% ] 30/50 VUs  5m01.9s/7m30.0s

running (5m03.0s), 30/50 VUs, 544 complete and 0 interrupted iterations
concurrency   [  67% ] 30/50 VUs  5m02.9s/7m30.0s

running (5m04.0s), 31/50 VUs, 549 complete and 0 interrupted iterations
concurrency   [  68% ] 31/50 VUs  5m03.9s/7m30.0s

running (5m05.0s), 31/50 VUs, 552 complete and 0 interrupted iterations
concurrency   [  68% ] 31/50 VUs  5m04.9s/7m30.0s

running (5m06.0s), 31/50 VUs, 557 complete and 0 interrupted iterations
concurrency   [  68% ] 31/50 VUs  5m05.9s/7m30.0s

running (5m07.0s), 32/50 VUs, 558 complete and 0 interrupted iterations
concurrency   [  68% ] 32/50 VUs  5m06.9s/7m30.0s

running (5m08.0s), 32/50 VUs, 561 complete and 0 interrupted iterations
concurrency   [  68% ] 32/50 VUs  5m07.9s/7m30.0s

running (5m09.0s), 32/50 VUs, 563 complete and 0 interrupted iterations
concurrency   [  69% ] 32/50 VUs  5m08.9s/7m30.0s

running (5m10.0s), 33/50 VUs, 570 complete and 0 interrupted iterations
concurrency   [  69% ] 33/50 VUs  5m09.9s/7m30.0s

running (5m11.0s), 33/50 VUs, 570 complete and 0 interrupted iterations
concurrency   [  69% ] 33/50 VUs  5m10.9s/7m30.0s

running (5m12.0s), 33/50 VUs, 577 complete and 0 interrupted iterations
concurrency   [  69% ] 33/50 VUs  5m11.9s/7m30.0s

running (5m13.0s), 34/50 VUs, 578 complete and 0 interrupted iterations
concurrency   [  70% ] 34/50 VUs  5m12.9s/7m30.0s

running (5m14.0s), 34/50 VUs, 578 complete and 0 interrupted iterations
concurrency   [  70% ] 34/50 VUs  5m13.9s/7m30.0s

running (5m15.0s), 34/50 VUs, 584 complete and 0 interrupted iterations
concurrency   [  70% ] 34/50 VUs  5m14.9s/7m30.0s

running (5m16.0s), 35/50 VUs, 584 complete and 0 interrupted iterations
concurrency   [  70% ] 35/50 VUs  5m15.9s/7m30.0s

running (5m17.0s), 35/50 VUs, 588 complete and 0 interrupted iterations
concurrency   [  70% ] 35/50 VUs  5m16.9s/7m30.0s

running (5m18.0s), 35/50 VUs, 588 complete and 0 interrupted iterations
concurrency   [  71% ] 35/50 VUs  5m17.9s/7m30.0s

running (5m19.0s), 36/50 VUs, 592 complete and 0 interrupted iterations
concurrency   [  71% ] 36/50 VUs  5m18.9s/7m30.0s

running (5m20.0s), 36/50 VUs, 592 complete and 0 interrupted iterations
concurrency   [  71% ] 36/50 VUs  5m19.9s/7m30.0s

running (5m21.0s), 36/50 VUs, 596 complete and 0 interrupted iterations
concurrency   [  71% ] 36/50 VUs  5m20.9s/7m30.0s

running (5m22.0s), 37/50 VUs, 599 complete and 0 interrupted iterations
concurrency   [  72% ] 37/50 VUs  5m21.9s/7m30.0s

running (5m23.0s), 37/50 VUs, 600 complete and 0 interrupted iterations
concurrency   [  72% ] 37/50 VUs  5m22.9s/7m30.0s

running (5m24.0s), 37/50 VUs, 604 complete and 0 interrupted iterations
concurrency   [  72% ] 37/50 VUs  5m23.9s/7m30.0s

running (5m25.0s), 38/50 VUs, 604 complete and 0 interrupted iterations
concurrency   [  72% ] 38/50 VUs  5m24.9s/7m30.0s

running (5m26.0s), 38/50 VUs, 605 complete and 0 interrupted iterations
concurrency   [  72% ] 38/50 VUs  5m25.9s/7m30.0s

running (5m27.0s), 38/50 VUs, 610 complete and 0 interrupted iterations
concurrency   [  73% ] 38/50 VUs  5m26.9s/7m30.0s

running (5m28.0s), 39/50 VUs, 610 complete and 0 interrupted iterations
concurrency   [  73% ] 39/50 VUs  5m27.9s/7m30.0s

running (5m29.0s), 39/50 VUs, 611 complete and 0 interrupted iterations
concurrency   [  73% ] 39/50 VUs  5m28.9s/7m30.0s

running (5m30.0s), 39/50 VUs, 620 complete and 0 interrupted iterations
concurrency   [  73% ] 39/50 VUs  5m29.9s/7m30.0s

running (5m31.0s), 40/50 VUs, 621 complete and 0 interrupted iterations
concurrency   [  74% ] 40/50 VUs  5m30.9s/7m30.0s

running (5m32.0s), 40/50 VUs, 622 complete and 0 interrupted iterations
concurrency   [  74% ] 40/50 VUs  5m31.9s/7m30.0s

running (5m33.0s), 40/50 VUs, 632 complete and 0 interrupted iterations
concurrency   [  74% ] 40/50 VUs  5m32.9s/7m30.0s

running (5m34.0s), 41/50 VUs, 635 complete and 0 interrupted iterations
concurrency   [  74% ] 41/50 VUs  5m33.9s/7m30.0s

running (5m35.0s), 41/50 VUs, 636 complete and 0 interrupted iterations
concurrency   [  74% ] 41/50 VUs  5m34.9s/7m30.0s

running (5m36.0s), 41/50 VUs, 651 complete and 0 interrupted iterations
concurrency   [  75% ] 41/50 VUs  5m35.9s/7m30.0s

running (5m37.0s), 42/50 VUs, 655 complete and 0 interrupted iterations
concurrency   [  75% ] 42/50 VUs  5m36.9s/7m30.0s

running (5m38.0s), 42/50 VUs, 669 complete and 0 interrupted iterations
concurrency   [  75% ] 42/50 VUs  5m37.9s/7m30.0s

running (5m39.0s), 42/50 VUs, 672 complete and 0 interrupted iterations
concurrency   [  75% ] 42/50 VUs  5m38.9s/7m30.0s

running (5m40.0s), 43/50 VUs, 685 complete and 0 interrupted iterations
concurrency   [  76% ] 43/50 VUs  5m39.9s/7m30.0s

running (5m41.0s), 43/50 VUs, 687 complete and 0 interrupted iterations
concurrency   [  76% ] 43/50 VUs  5m40.9s/7m30.0s

running (5m42.0s), 43/50 VUs, 690 complete and 0 interrupted iterations
concurrency   [  76% ] 43/50 VUs  5m41.9s/7m30.0s

running (5m43.0s), 44/50 VUs, 697 complete and 0 interrupted iterations
concurrency   [  76% ] 44/50 VUs  5m42.9s/7m30.0s

running (5m44.0s), 44/50 VUs, 700 complete and 0 interrupted iterations
concurrency   [  76% ] 44/50 VUs  5m43.9s/7m30.0s

running (5m45.0s), 44/50 VUs, 700 complete and 0 interrupted iterations
concurrency   [  77% ] 44/50 VUs  5m44.9s/7m30.0s

running (5m46.0s), 45/50 VUs, 710 complete and 0 interrupted iterations
concurrency   [  77% ] 45/50 VUs  5m45.9s/7m30.0s

running (5m47.0s), 45/50 VUs, 713 complete and 0 interrupted iterations
concurrency   [  77% ] 45/50 VUs  5m46.9s/7m30.0s

running (5m48.0s), 45/50 VUs, 721 complete and 0 interrupted iterations
concurrency   [  77% ] 45/50 VUs  5m47.9s/7m30.0s

running (5m49.0s), 46/50 VUs, 723 complete and 0 interrupted iterations
concurrency   [  78% ] 46/50 VUs  5m48.9s/7m30.0s

running (5m50.0s), 46/50 VUs, 726 complete and 0 interrupted iterations
concurrency   [  78% ] 46/50 VUs  5m49.9s/7m30.0s

running (5m51.0s), 46/50 VUs, 729 complete and 0 interrupted iterations
concurrency   [  78% ] 46/50 VUs  5m50.9s/7m30.0s

running (5m52.0s), 47/50 VUs, 736 complete and 0 interrupted iterations
concurrency   [  78% ] 47/50 VUs  5m51.9s/7m30.0s

running (5m53.0s), 47/50 VUs, 737 complete and 0 interrupted iterations
concurrency   [  78% ] 47/50 VUs  5m52.9s/7m30.0s

running (5m54.0s), 47/50 VUs, 745 complete and 0 interrupted iterations
concurrency   [  79% ] 47/50 VUs  5m53.9s/7m30.0s

running (5m55.0s), 48/50 VUs, 751 complete and 0 interrupted iterations
concurrency   [  79% ] 48/50 VUs  5m54.9s/7m30.0s

running (5m56.0s), 48/50 VUs, 751 complete and 0 interrupted iterations
concurrency   [  79% ] 48/50 VUs  5m55.9s/7m30.0s

running (5m57.0s), 48/50 VUs, 755 complete and 0 interrupted iterations
concurrency   [  79% ] 48/50 VUs  5m56.9s/7m30.0s

running (5m58.0s), 49/50 VUs, 758 complete and 0 interrupted iterations
concurrency   [  80% ] 49/50 VUs  5m57.9s/7m30.0s

running (5m59.0s), 49/50 VUs, 758 complete and 0 interrupted iterations
concurrency   [  80% ] 49/50 VUs  5m58.9s/7m30.0s

running (6m00.0s), 49/50 VUs, 767 complete and 0 interrupted iterations
concurrency   [  80% ] 49/50 VUs  5m59.9s/7m30.0s

running (6m01.0s), 50/50 VUs, 767 complete and 0 interrupted iterations
concurrency   [  80% ] 50/50 VUs  6m00.9s/7m30.0s

running (6m02.0s), 50/50 VUs, 776 complete and 0 interrupted iterations
concurrency   [  80% ] 50/50 VUs  6m01.9s/7m30.0s

running (6m03.0s), 50/50 VUs, 776 complete and 0 interrupted iterations
concurrency   [  81% ] 50/50 VUs  6m02.9s/7m30.0s

running (6m04.0s), 50/50 VUs, 782 complete and 0 interrupted iterations
concurrency   [  81% ] 50/50 VUs  6m03.9s/7m30.0s

running (6m05.0s), 50/50 VUs, 783 complete and 0 interrupted iterations
concurrency   [  81% ] 50/50 VUs  6m04.9s/7m30.0s

running (6m06.0s), 50/50 VUs, 783 complete and 0 interrupted iterations
concurrency   [  81% ] 50/50 VUs  6m05.9s/7m30.0s

running (6m07.0s), 50/50 VUs, 787 complete and 0 interrupted iterations
concurrency   [  82% ] 50/50 VUs  6m06.9s/7m30.0s

running (6m08.0s), 50/50 VUs, 795 complete and 0 interrupted iterations
concurrency   [  82% ] 50/50 VUs  6m07.9s/7m30.0s

running (6m09.0s), 50/50 VUs, 799 complete and 0 interrupted iterations
concurrency   [  82% ] 50/50 VUs  6m08.9s/7m30.0s

running (6m10.0s), 50/50 VUs, 802 complete and 0 interrupted iterations
concurrency   [  82% ] 50/50 VUs  6m09.9s/7m30.0s

running (6m11.0s), 50/50 VUs, 814 complete and 0 interrupted iterations
concurrency   [  82% ] 50/50 VUs  6m10.9s/7m30.0s

running (6m12.0s), 50/50 VUs, 827 complete and 0 interrupted iterations
concurrency   [  83% ] 50/50 VUs  6m11.9s/7m30.0s

running (6m13.0s), 50/50 VUs, 830 complete and 0 interrupted iterations
concurrency   [  83% ] 50/50 VUs  6m12.9s/7m30.0s

running (6m14.0s), 50/50 VUs, 843 complete and 0 interrupted iterations
concurrency   [  83% ] 50/50 VUs  6m13.9s/7m30.0s

running (6m15.0s), 50/50 VUs, 844 complete and 0 interrupted iterations
concurrency   [  83% ] 50/50 VUs  6m14.9s/7m30.0s

running (6m16.0s), 50/50 VUs, 847 complete and 0 interrupted iterations
concurrency   [  84% ] 50/50 VUs  6m15.9s/7m30.0s

running (6m17.0s), 50/50 VUs, 855 complete and 0 interrupted iterations
concurrency   [  84% ] 50/50 VUs  6m16.9s/7m30.0s

running (6m18.0s), 50/50 VUs, 859 complete and 0 interrupted iterations
concurrency   [  84% ] 50/50 VUs  6m17.9s/7m30.0s

running (6m19.0s), 50/50 VUs, 872 complete and 0 interrupted iterations
concurrency   [  84% ] 50/50 VUs  6m18.9s/7m30.0s

running (6m20.0s), 50/50 VUs, 872 complete and 0 interrupted iterations
concurrency   [  84% ] 50/50 VUs  6m19.9s/7m30.0s

running (6m21.0s), 50/50 VUs, 874 complete and 0 interrupted iterations
concurrency   [  85% ] 50/50 VUs  6m20.9s/7m30.0s

running (6m22.0s), 50/50 VUs, 883 complete and 0 interrupted iterations
concurrency   [  85% ] 50/50 VUs  6m21.9s/7m30.0s

running (6m23.0s), 50/50 VUs, 893 complete and 0 interrupted iterations
concurrency   [  85% ] 50/50 VUs  6m22.9s/7m30.0s

running (6m24.0s), 50/50 VUs, 896 complete and 0 interrupted iterations
concurrency   [  85% ] 50/50 VUs  6m23.9s/7m30.0s

running (6m25.0s), 50/50 VUs, 902 complete and 0 interrupted iterations
concurrency   [  86% ] 50/50 VUs  6m24.9s/7m30.0s

running (6m26.0s), 50/50 VUs, 902 complete and 0 interrupted iterations
concurrency   [  86% ] 50/50 VUs  6m25.9s/7m30.0s

running (6m27.0s), 50/50 VUs, 907 complete and 0 interrupted iterations
concurrency   [  86% ] 50/50 VUs  6m26.9s/7m30.0s

running (6m28.0s), 50/50 VUs, 910 complete and 0 interrupted iterations
concurrency   [  86% ] 50/50 VUs  6m27.9s/7m30.0s

running (6m29.0s), 50/50 VUs, 910 complete and 0 interrupted iterations
concurrency   [  86% ] 50/50 VUs  6m28.9s/7m30.0s

running (6m30.0s), 50/50 VUs, 914 complete and 0 interrupted iterations
concurrency   [  87% ] 50/50 VUs  6m29.9s/7m30.0s

running (6m31.0s), 50/50 VUs, 920 complete and 0 interrupted iterations
concurrency   [  87% ] 50/50 VUs  6m30.9s/7m30.0s

running (6m32.0s), 50/50 VUs, 923 complete and 0 interrupted iterations
concurrency   [  87% ] 50/50 VUs  6m31.9s/7m30.0s

running (6m33.0s), 50/50 VUs, 931 complete and 0 interrupted iterations
concurrency   [  87% ] 50/50 VUs  6m32.9s/7m30.0s

running (6m34.0s), 50/50 VUs, 931 complete and 0 interrupted iterations
concurrency   [  88% ] 50/50 VUs  6m33.9s/7m30.0s

running (6m35.0s), 50/50 VUs, 933 complete and 0 interrupted iterations
concurrency   [  88% ] 50/50 VUs  6m34.9s/7m30.0s

running (6m36.0s), 50/50 VUs, 941 complete and 0 interrupted iterations
concurrency   [  88% ] 50/50 VUs  6m35.9s/7m30.0s

running (6m37.0s), 50/50 VUs, 941 complete and 0 interrupted iterations
concurrency   [  88% ] 50/50 VUs  6m36.9s/7m30.0s

running (6m38.0s), 50/50 VUs, 949 complete and 0 interrupted iterations
concurrency   [  88% ] 50/50 VUs  6m37.9s/7m30.0s

running (6m39.0s), 50/50 VUs, 956 complete and 0 interrupted iterations
concurrency   [  89% ] 50/50 VUs  6m38.9s/7m30.0s

running (6m40.0s), 50/50 VUs, 957 complete and 0 interrupted iterations
concurrency   [  89% ] 50/50 VUs  6m39.9s/7m30.0s

running (6m41.0s), 50/50 VUs, 962 complete and 0 interrupted iterations
concurrency   [  89% ] 50/50 VUs  6m40.9s/7m30.0s

running (6m42.0s), 50/50 VUs, 974 complete and 0 interrupted iterations
concurrency   [  89% ] 50/50 VUs  6m41.9s/7m30.0s

running (6m43.0s), 50/50 VUs, 976 complete and 0 interrupted iterations
concurrency   [  90% ] 50/50 VUs  6m42.9s/7m30.0s

running (6m44.0s), 50/50 VUs, 981 complete and 0 interrupted iterations
concurrency   [  90% ] 50/50 VUs  6m43.9s/7m30.0s

running (6m45.0s), 50/50 VUs, 995 complete and 0 interrupted iterations
concurrency   [  90% ] 50/50 VUs  6m44.9s/7m30.0s

running (6m46.0s), 50/50 VUs, 997 complete and 0 interrupted iterations
concurrency   [  90% ] 50/50 VUs  6m45.9s/7m30.0s

running (6m47.0s), 50/50 VUs, 997 complete and 0 interrupted iterations
concurrency   [  90% ] 50/50 VUs  6m46.9s/7m30.0s

running (6m48.0s), 50/50 VUs, 1009 complete and 0 interrupted iterations
concurrency   [  91% ] 50/50 VUs  6m47.9s/7m30.0s

running (6m49.0s), 50/50 VUs, 1014 complete and 0 interrupted iterations
concurrency   [  91% ] 50/50 VUs  6m48.9s/7m30.0s

running (6m50.0s), 50/50 VUs, 1017 complete and 0 interrupted iterations
concurrency   [  91% ] 50/50 VUs  6m49.9s/7m30.0s

running (6m51.0s), 50/50 VUs, 1028 complete and 0 interrupted iterations
concurrency   [  91% ] 50/50 VUs  6m50.9s/7m30.0s

running (6m52.0s), 50/50 VUs, 1031 complete and 0 interrupted iterations
concurrency   [  92% ] 50/50 VUs  6m51.9s/7m30.0s

running (6m53.0s), 50/50 VUs, 1041 complete and 0 interrupted iterations
concurrency   [  92% ] 50/50 VUs  6m52.9s/7m30.0s

running (6m54.0s), 50/50 VUs, 1053 complete and 0 interrupted iterations
concurrency   [  92% ] 50/50 VUs  6m53.9s/7m30.0s

running (6m55.0s), 50/50 VUs, 1060 complete and 0 interrupted iterations
concurrency   [  92% ] 50/50 VUs  6m54.9s/7m30.0s

running (6m56.0s), 50/50 VUs, 1068 complete and 0 interrupted iterations
concurrency   [  92% ] 50/50 VUs  6m55.9s/7m30.0s

running (6m57.0s), 50/50 VUs, 1073 complete and 0 interrupted iterations
concurrency   [  93% ] 50/50 VUs  6m56.9s/7m30.0s

running (6m58.0s), 50/50 VUs, 1079 complete and 0 interrupted iterations
concurrency   [  93% ] 50/50 VUs  6m57.9s/7m30.0s

running (6m59.0s), 50/50 VUs, 1086 complete and 0 interrupted iterations
concurrency   [  93% ] 50/50 VUs  6m58.9s/7m30.0s

running (7m00.0s), 50/50 VUs, 1086 complete and 0 interrupted iterations
concurrency   [  93% ] 50/50 VUs  6m59.9s/7m30.0s

running (7m01.0s), 50/50 VUs, 1093 complete and 0 interrupted iterations
concurrency   [  94% ] 50/50 VUs  7m00.9s/7m30.0s

running (7m02.0s), 50/50 VUs, 1096 complete and 0 interrupted iterations
concurrency   [  94% ] 50/50 VUs  7m01.9s/7m30.0s

running (7m03.0s), 50/50 VUs, 1098 complete and 0 interrupted iterations
concurrency   [  94% ] 50/50 VUs  7m02.9s/7m30.0s

running (7m04.0s), 50/50 VUs, 1106 complete and 0 interrupted iterations
concurrency   [  94% ] 50/50 VUs  7m03.9s/7m30.0s

running (7m05.0s), 50/50 VUs, 1113 complete and 0 interrupted iterations
concurrency   [  94% ] 50/50 VUs  7m04.9s/7m30.0s

running (7m06.0s), 50/50 VUs, 1115 complete and 0 interrupted iterations
concurrency   [  95% ] 50/50 VUs  7m05.9s/7m30.0s

running (7m07.0s), 50/50 VUs, 1123 complete and 0 interrupted iterations
concurrency   [  95% ] 50/50 VUs  7m06.9s/7m30.0s

running (7m08.0s), 50/50 VUs, 1130 complete and 0 interrupted iterations
concurrency   [  95% ] 50/50 VUs  7m07.9s/7m30.0s

running (7m09.0s), 50/50 VUs, 1132 complete and 0 interrupted iterations
concurrency   [  95% ] 50/50 VUs  7m08.9s/7m30.0s

running (7m10.0s), 50/50 VUs, 1139 complete and 0 interrupted iterations
concurrency   [  96% ] 50/50 VUs  7m09.9s/7m30.0s

running (7m11.0s), 50/50 VUs, 1147 complete and 0 interrupted iterations
concurrency   [  96% ] 50/50 VUs  7m10.9s/7m30.0s

running (7m12.0s), 50/50 VUs, 1149 complete and 0 interrupted iterations
concurrency   [  96% ] 50/50 VUs  7m11.9s/7m30.0s

running (7m13.0s), 50/50 VUs, 1152 complete and 0 interrupted iterations
concurrency   [  96% ] 50/50 VUs  7m12.9s/7m30.0s

running (7m14.0s), 50/50 VUs, 1159 complete and 0 interrupted iterations
concurrency   [  96% ] 50/50 VUs  7m13.9s/7m30.0s

running (7m15.0s), 50/50 VUs, 1162 complete and 0 interrupted iterations
concurrency   [  97% ] 50/50 VUs  7m14.9s/7m30.0s

running (7m16.0s), 50/50 VUs, 1163 complete and 0 interrupted iterations
concurrency   [  97% ] 50/50 VUs  7m15.9s/7m30.0s

running (7m17.0s), 50/50 VUs, 1170 complete and 0 interrupted iterations
concurrency   [  97% ] 50/50 VUs  7m16.9s/7m30.0s

running (7m18.0s), 50/50 VUs, 1173 complete and 0 interrupted iterations
concurrency   [  97% ] 50/50 VUs  7m17.9s/7m30.0s

running (7m19.0s), 50/50 VUs, 1174 complete and 0 interrupted iterations
concurrency   [  98% ] 50/50 VUs  7m18.9s/7m30.0s

running (7m20.0s), 50/50 VUs, 1184 complete and 0 interrupted iterations
concurrency   [  98% ] 50/50 VUs  7m19.9s/7m30.0s

running (7m21.0s), 50/50 VUs, 1184 complete and 0 interrupted iterations
concurrency   [  98% ] 50/50 VUs  7m20.9s/7m30.0s

running (7m22.0s), 50/50 VUs, 1192 complete and 0 interrupted iterations
concurrency   [  98% ] 50/50 VUs  7m21.9s/7m30.0s

running (7m23.0s), 50/50 VUs, 1201 complete and 0 interrupted iterations
concurrency   [  98% ] 50/50 VUs  7m22.9s/7m30.0s

running (7m24.0s), 50/50 VUs, 1204 complete and 0 interrupted iterations
concurrency   [  99% ] 50/50 VUs  7m23.9s/7m30.0s

running (7m25.0s), 50/50 VUs, 1212 complete and 0 interrupted iterations
concurrency   [  99% ] 50/50 VUs  7m24.9s/7m30.0s

running (7m26.0s), 50/50 VUs, 1223 complete and 0 interrupted iterations
concurrency   [  99% ] 50/50 VUs  7m25.9s/7m30.0s

running (7m27.0s), 50/50 VUs, 1227 complete and 0 interrupted iterations
concurrency   [  99% ] 50/50 VUs  7m26.9s/7m30.0s

running (7m28.0s), 50/50 VUs, 1236 complete and 0 interrupted iterations
concurrency   [ 100% ] 50/50 VUs  7m27.9s/7m30.0s

running (7m29.0s), 50/50 VUs, 1237 complete and 0 interrupted iterations
concurrency   [ 100% ] 50/50 VUs  7m28.9s/7m30.0s

running (7m30.0s), 50/50 VUs, 1237 complete and 0 interrupted iterations
concurrency   [ 100% ] 50/50 VUs  7m29.9s/7m30.0s

running (7m31.0s), 47/50 VUs, 1243 complete and 0 interrupted iterations
concurrency ↓ [ 100% ] 50/50 VUs  7m30s

running (7m32.0s), 45/50 VUs, 1245 complete and 0 interrupted iterations
concurrency ↓ [ 100% ] 50/50 VUs  7m30s

running (7m33.0s), 45/50 VUs, 1245 complete and 0 interrupted iterations
concurrency ↓ [ 100% ] 50/50 VUs  7m30s

running (7m34.0s), 41/50 VUs, 1249 complete and 0 interrupted iterations
concurrency ↓ [ 100% ] 50/50 VUs  7m30s

running (7m35.0s), 40/50 VUs, 1250 complete and 0 interrupted iterations
concurrency ↓ [ 100% ] 50/50 VUs  7m30s

running (7m36.0s), 39/50 VUs, 1251 complete and 0 interrupted iterations
concurrency ↓ [ 100% ] 50/50 VUs  7m30s

running (7m37.0s), 38/50 VUs, 1252 complete and 0 interrupted iterations
concurrency ↓ [ 100% ] 50/50 VUs  7m30s

running (7m38.0s), 37/50 VUs, 1253 complete and 0 interrupted iterations
concurrency ↓ [ 100% ] 50/50 VUs  7m30s

running (7m39.0s), 35/50 VUs, 1255 complete and 0 interrupted iterations
concurrency ↓ [ 100% ] 50/50 VUs  7m30s

running (7m40.0s), 35/50 VUs, 1255 complete and 0 interrupted iterations
concurrency ↓ [ 100% ] 50/50 VUs  7m30s

running (7m41.0s), 33/50 VUs, 1257 complete and 0 interrupted iterations
concurrency ↓ [ 100% ] 50/50 VUs  7m30s

running (7m42.0s), 31/50 VUs, 1259 complete and 0 interrupted iterations
concurrency ↓ [ 100% ] 50/50 VUs  7m30s

running (7m43.0s), 30/50 VUs, 1260 complete and 0 interrupted iterations
concurrency ↓ [ 100% ] 50/50 VUs  7m30s

running (7m44.0s), 30/50 VUs, 1260 complete and 0 interrupted iterations
concurrency ↓ [ 100% ] 50/50 VUs  7m30s

running (7m45.0s), 30/50 VUs, 1260 complete and 0 interrupted iterations
concurrency ↓ [ 100% ] 50/50 VUs  7m30s

running (7m46.0s), 27/50 VUs, 1263 complete and 0 interrupted iterations
concurrency ↓ [ 100% ] 50/50 VUs  7m30s

running (7m47.0s), 27/50 VUs, 1263 complete and 0 interrupted iterations
concurrency ↓ [ 100% ] 50/50 VUs  7m30s

running (7m48.0s), 26/50 VUs, 1264 complete and 0 interrupted iterations
concurrency ↓ [ 100% ] 50/50 VUs  7m30s

running (7m49.0s), 22/50 VUs, 1268 complete and 0 interrupted iterations
concurrency ↓ [ 100% ] 50/50 VUs  7m30s

running (7m50.0s), 22/50 VUs, 1268 complete and 0 interrupted iterations
concurrency ↓ [ 100% ] 50/50 VUs  7m30s

running (7m51.0s), 22/50 VUs, 1268 complete and 0 interrupted iterations
concurrency ↓ [ 100% ] 50/50 VUs  7m30s

running (7m52.0s), 20/50 VUs, 1270 complete and 0 interrupted iterations
concurrency ↓ [ 100% ] 50/50 VUs  7m30s

running (7m53.0s), 17/50 VUs, 1273 complete and 0 interrupted iterations
concurrency ↓ [ 100% ] 50/50 VUs  7m30s

running (7m54.0s), 16/50 VUs, 1274 complete and 0 interrupted iterations
concurrency ↓ [ 100% ] 50/50 VUs  7m30s

running (7m55.0s), 13/50 VUs, 1277 complete and 0 interrupted iterations
concurrency ↓ [ 100% ] 50/50 VUs  7m30s

running (7m56.0s), 07/50 VUs, 1283 complete and 0 interrupted iterations
concurrency ↓ [ 100% ] 50/50 VUs  7m30s

running (7m57.0s), 05/50 VUs, 1285 complete and 0 interrupted iterations
concurrency ↓ [ 100% ] 50/50 VUs  7m30s

running (7m58.0s), 03/50 VUs, 1287 complete and 0 interrupted iterations
concurrency ↓ [ 100% ] 50/50 VUs  7m30s

running (7m58.9s), 00/50 VUs, 1290 complete and 0 interrupted iterations
concurrency ✓ [ 100% ] 00/50 VUs  7m30s

================ DSP benchmark summary ================
-- per-phase latency --
  catalog                    p50=65.0 ms  p95=80.4 ms  p99=98.5 ms  max=116.6 ms  n=1290
  negotiation init (POST)    p50=6.8 ms  p95=59.5 ms  p99=101.2 ms  max=245.1 ms  n=1259
  time-to-AGREED (async)     p50=1526.0 ms  p95=2286.3 ms  p99=2536.5 ms  max=2844.0 ms  n=1055
  transfer init (POST)       p50=9.6 ms  p95=78.9 ms  p99=114.6 ms  max=455.5 ms  n=1055
  time-to-EDR (async)        p50=767.0 ms  p95=1521.0 ms  p99=1773.1 ms  max=2279.0 ms  n=991
  data pull                  p50=8.0 ms  p95=11.0 ms  p99=14.0 ms  max=18.5 ms  n=991
-- end-to-end + throughput --
  e2e transaction            p50=2396.0 ms  p95=3429.5 ms  p99=3716.4 ms  max=4232.0 ms  n=991
  data throughput (MB/s)     p50=0.0  p95=0.0  p99=0.0  max=0.1  n=991
-- outcomes --
  transactions succeeded     count=991  rate=2.069/s
  transactions failed        count=299  rate=0.624/s
  failed rate                rate=23.18%  (pass=299 fail=991)
    of which TERMINATED      count=9  rate=0.019/s
    of which TIMED OUT       count=259  rate=0.541/s
    of which HTTP-FAILED     count=31  rate=0.065/s
  failure accounting       299/299 classified  (complete)
-- observer effect (poll load) --
  negotiation polls          count=31004  rate=64.739/s
  edr polls                  count=12088  rate=25.241/s
  polls per transaction     negotiation=24.0  edr=9.4  (timeout ceiling=120)
=======================================================
(full summary -> /home/rohitj/edc/benchmarking-dsp-native-basyx/k6-scripts/results/basyx/on/concurrency-closed/2026-08-11T18-07-34Z/k6-summary.json; POLL_INTERVAL_MS=250; IDENTITY_MODE=on)

running (7m58.9s), 00/50 VUs, 1290 complete and 0 interrupted iterations
concurrency ✓ [ 100% ] 00/50 VUs  7m30s
Prometheus snapshot [1786471737..1786472231] svc=(dsp-native-basyx|consumer-controlplane) win=1m -> /home/rohitj/edc/benchmarking-dsp-native-basyx/k6-scripts/results/basyx/on/concurrency-closed/2026-08-11T18-07-34Z
  jvm-heap.csv (198 rows)
  jvm-gc-rate.csv (198 rows)
  jvm-threads.csv (198 rows)
  http-throughput.csv (198 rows)
  http-p95.csv (198 rows)
  http-errors.csv (198 rows)
  http-errors-5xx.csv (99 rows)
  http-status.csv (792 rows)
  host-cpu-busy.csv (99 rows)
  host-mem-used.csv (99 rows)
  5xx: 5xx PRESENT (99 samples) — connector-side faults, see http-errors-5xx.csv
  logs -> /home/rohitj/edc/benchmarking-dsp-native-basyx/k6-scripts/results/basyx/on/concurrency-closed/2026-08-11T18-07-34Z/logs (2 files)
    consumer-controlplane.log:2084
    dsp-native-basyx.log:978
Settling 60s (this run stressed the connector; the next one must not inherit its backlog)
VALIDITY  ok=991  failed=299  failed_rate=23%  dropped_iterations=0  <-- >5% FAILURES: past the knee, not a valid operating point
>>> done: /home/rohitj/edc/benchmarking-dsp-native-basyx/k6-scripts/results/basyx/on/concurrency-closed/2026-08-11T18-07-34Z  (k6 exit 0)
Matrix done. Index: /home/rohitj/edc/benchmarking-dsp-native-basyx/k6-scripts/results/basyx/matrix-2026-08-11T18-07-34Z.log
TIP: aggregate the per-run k6-summary.json across reps into median+IQR before plotting.
18:18:12 |     done (exit 0)
18:18:12 |   … settling 120s before the next scenario
18:20:12 | --> saturation-open x3
Matrix: connector=basyx reps=3 scenarios=[saturation-open]
===== repetition 1/3 =====
----- basyx / saturation-open (rep 1) -----
>>> basyx / saturation-open  ->  /home/rohitj/edc/benchmarking-dsp-native-basyx/k6-scripts/results/basyx/on/saturation-open/2026-08-11T18-20-12Z
parity OK: lib/ + scenarios/ + orchestration/ + tools/ identical to /home/rohitj/edc/benchmarking-dsp-native-basyx/k6-scripts
Health: http://localhost:29010/management + prometheus  OK
Warmup 60s @ 1/s (discarded)
  (warmup non-zero exit ignored)
  draining 20s before the measured window opens
k6 -> Prometheus remote-write: http://localhost:9090/api/v1/write

         /\      Grafana   /‾‾/  
    /\  /  \     |\  __   /  /   
   /  \/    \    | |/ /  /   ‾‾\ 
  /          \   |   (  |  (‾)  |
 / __________ \  |_|\_\  \_____/ 


     execution: local
        script: /home/rohitj/edc/benchmarking-dsp-native-basyx/k6-scripts/scenarios/saturation-open.js
        output: Prometheus remote write (http://localhost:9090/api/v1/write)

     scenarios: (100.00%) 1 scenario, 800 max VUs, 11m0s max duration (incl. graceful stop):
              * saturation: Up to 6.00 iterations/s for 10m30s over 7 stages (maxVUs: 600-800, gracefulStop: 30s)


running (00m00.8s), 000/600 VUs, 0 complete and 0 interrupted iterations
saturation   [   0% ] 000/600 VUs  00m00.7s/10m30s  1.00 iters/s

running (00m01.8s), 001/600 VUs, 0 complete and 0 interrupted iterations
saturation   [   0% ] 001/600 VUs  00m01.7s/10m30s  1.00 iters/s

running (00m02.8s), 002/600 VUs, 0 complete and 0 interrupted iterations
saturation   [   0% ] 002/600 VUs  00m02.7s/10m30s  1.00 iters/s

running (00m03.8s), 003/600 VUs, 0 complete and 0 interrupted iterations
saturation   [   1% ] 003/600 VUs  00m03.7s/10m30s  1.00 iters/s

running (00m04.8s), 003/600 VUs, 1 complete and 0 interrupted iterations
saturation   [   1% ] 003/600 VUs  00m04.7s/10m30s  1.00 iters/s

running (00m05.8s), 002/600 VUs, 3 complete and 0 interrupted iterations
saturation   [   1% ] 002/600 VUs  00m05.7s/10m30s  1.00 iters/s

running (00m06.8s), 003/600 VUs, 3 complete and 0 interrupted iterations
saturation   [   1% ] 003/600 VUs  00m06.7s/10m30s  1.00 iters/s

running (00m07.8s), 003/600 VUs, 4 complete and 0 interrupted iterations
saturation   [   1% ] 003/600 VUs  00m07.7s/10m30s  1.00 iters/s

running (00m08.8s), 004/600 VUs, 4 complete and 0 interrupted iterations
saturation   [   1% ] 004/600 VUs  00m08.7s/10m30s  1.00 iters/s

running (00m09.8s), 003/600 VUs, 6 complete and 0 interrupted iterations
saturation   [   2% ] 003/600 VUs  00m09.7s/10m30s  1.00 iters/s

running (00m10.8s), 004/600 VUs, 6 complete and 0 interrupted iterations
saturation   [   2% ] 004/600 VUs  00m10.7s/10m30s  1.00 iters/s

running (00m11.8s), 004/600 VUs, 7 complete and 0 interrupted iterations
saturation   [   2% ] 004/600 VUs  00m11.7s/10m30s  1.00 iters/s

running (00m12.8s), 003/600 VUs, 9 complete and 0 interrupted iterations
saturation   [   2% ] 003/600 VUs  00m12.7s/10m30s  1.00 iters/s

running (00m13.8s), 004/600 VUs, 9 complete and 0 interrupted iterations
saturation   [   2% ] 004/600 VUs  00m13.7s/10m30s  1.00 iters/s

running (00m14.8s), 004/600 VUs, 10 complete and 0 interrupted iterations
saturation   [   2% ] 004/600 VUs  00m14.7s/10m30s  1.00 iters/s

running (00m15.8s), 003/600 VUs, 12 complete and 0 interrupted iterations
saturation   [   2% ] 003/600 VUs  00m15.7s/10m30s  1.00 iters/s

running (00m16.8s), 003/600 VUs, 13 complete and 0 interrupted iterations
saturation   [   3% ] 003/600 VUs  00m16.7s/10m30s  1.00 iters/s

running (00m17.8s), 004/600 VUs, 13 complete and 0 interrupted iterations
saturation   [   3% ] 004/600 VUs  00m17.7s/10m30s  1.00 iters/s

running (00m18.8s), 004/600 VUs, 14 complete and 0 interrupted iterations
saturation   [   3% ] 004/600 VUs  00m18.7s/10m30s  1.00 iters/s

running (00m19.8s), 003/600 VUs, 16 complete and 0 interrupted iterations
saturation   [   3% ] 003/600 VUs  00m19.7s/10m30s  1.00 iters/s

running (00m20.8s), 003/600 VUs, 17 complete and 0 interrupted iterations
saturation   [   3% ] 003/600 VUs  00m20.7s/10m30s  1.00 iters/s

running (00m21.8s), 004/600 VUs, 17 complete and 0 interrupted iterations
saturation   [   3% ] 004/600 VUs  00m21.7s/10m30s  1.00 iters/s

running (00m22.8s), 003/600 VUs, 19 complete and 0 interrupted iterations
saturation   [   4% ] 003/600 VUs  00m22.7s/10m30s  1.00 iters/s

running (00m23.8s), 003/600 VUs, 20 complete and 0 interrupted iterations
saturation   [   4% ] 003/600 VUs  00m23.7s/10m30s  1.00 iters/s

running (00m24.8s), 004/600 VUs, 20 complete and 0 interrupted iterations
saturation   [   4% ] 004/600 VUs  00m24.7s/10m30s  1.00 iters/s

running (00m25.8s), 004/600 VUs, 21 complete and 0 interrupted iterations
saturation   [   4% ] 004/600 VUs  00m25.7s/10m30s  1.00 iters/s

running (00m26.8s), 003/600 VUs, 23 complete and 0 interrupted iterations
saturation   [   4% ] 003/600 VUs  00m26.7s/10m30s  1.00 iters/s

running (00m27.8s), 003/600 VUs, 24 complete and 0 interrupted iterations
saturation   [   4% ] 003/600 VUs  00m27.7s/10m30s  1.00 iters/s

running (00m28.8s), 003/600 VUs, 25 complete and 0 interrupted iterations
saturation   [   5% ] 003/600 VUs  00m28.7s/10m30s  1.00 iters/s

running (00m29.8s), 004/600 VUs, 25 complete and 0 interrupted iterations
saturation   [   5% ] 004/600 VUs  00m29.7s/10m30s  1.00 iters/s

running (00m30.8s), 004/600 VUs, 26 complete and 0 interrupted iterations
saturation   [   5% ] 004/600 VUs  00m30.7s/10m30s  1.00 iters/s

running (00m31.8s), 003/600 VUs, 28 complete and 0 interrupted iterations
saturation   [   5% ] 003/600 VUs  00m31.7s/10m30s  1.00 iters/s

running (00m32.8s), 004/600 VUs, 28 complete and 0 interrupted iterations
saturation   [   5% ] 004/600 VUs  00m32.7s/10m30s  1.00 iters/s

running (00m33.8s), 004/600 VUs, 29 complete and 0 interrupted iterations
saturation   [   5% ] 004/600 VUs  00m33.7s/10m30s  1.00 iters/s

running (00m34.8s), 003/600 VUs, 31 complete and 0 interrupted iterations
saturation   [   6% ] 003/600 VUs  00m34.7s/10m30s  1.00 iters/s

running (00m35.8s), 004/600 VUs, 31 complete and 0 interrupted iterations
saturation   [   6% ] 004/600 VUs  00m35.7s/10m30s  1.00 iters/s

running (00m36.8s), 004/600 VUs, 32 complete and 0 interrupted iterations
saturation   [   6% ] 004/600 VUs  00m36.7s/10m30s  1.00 iters/s

running (00m37.8s), 002/600 VUs, 35 complete and 0 interrupted iterations
saturation   [   6% ] 002/600 VUs  00m37.7s/10m30s  1.00 iters/s

running (00m38.8s), 002/600 VUs, 36 complete and 0 interrupted iterations
saturation   [   6% ] 002/600 VUs  00m38.7s/10m30s  1.00 iters/s

running (00m39.8s), 003/600 VUs, 36 complete and 0 interrupted iterations
saturation   [   6% ] 003/600 VUs  00m39.7s/10m30s  1.00 iters/s

running (00m40.8s), 003/600 VUs, 37 complete and 0 interrupted iterations
saturation   [   6% ] 003/600 VUs  00m40.7s/10m30s  1.00 iters/s

running (00m41.8s), 002/600 VUs, 39 complete and 0 interrupted iterations
saturation   [   7% ] 002/600 VUs  00m41.7s/10m30s  1.00 iters/s

running (00m42.8s), 003/600 VUs, 39 complete and 0 interrupted iterations
saturation   [   7% ] 003/600 VUs  00m42.7s/10m30s  1.00 iters/s

running (00m43.8s), 003/600 VUs, 40 complete and 0 interrupted iterations
saturation   [   7% ] 003/600 VUs  00m43.7s/10m30s  1.00 iters/s

running (00m44.8s), 003/600 VUs, 41 complete and 0 interrupted iterations
saturation   [   7% ] 003/600 VUs  00m44.7s/10m30s  1.00 iters/s

running (00m45.8s), 003/600 VUs, 42 complete and 0 interrupted iterations
saturation   [   7% ] 003/600 VUs  00m45.7s/10m30s  1.00 iters/s

running (00m46.8s), 003/600 VUs, 43 complete and 0 interrupted iterations
saturation   [   7% ] 003/600 VUs  00m46.7s/10m30s  1.00 iters/s

running (00m47.8s), 004/600 VUs, 43 complete and 0 interrupted iterations
saturation   [   8% ] 004/600 VUs  00m47.7s/10m30s  1.00 iters/s

running (00m48.8s), 004/600 VUs, 44 complete and 0 interrupted iterations
saturation   [   8% ] 004/600 VUs  00m48.7s/10m30s  1.00 iters/s

running (00m49.8s), 004/600 VUs, 45 complete and 0 interrupted iterations
saturation   [   8% ] 004/600 VUs  00m49.7s/10m30s  1.00 iters/s

running (00m50.8s), 004/600 VUs, 46 complete and 0 interrupted iterations
saturation   [   8% ] 004/600 VUs  00m50.7s/10m30s  1.00 iters/s

running (00m51.8s), 003/600 VUs, 48 complete and 0 interrupted iterations
saturation   [   8% ] 003/600 VUs  00m51.7s/10m30s  1.00 iters/s

running (00m52.8s), 004/600 VUs, 48 complete and 0 interrupted iterations
saturation   [   8% ] 004/600 VUs  00m52.7s/10m30s  1.00 iters/s

running (00m53.8s), 004/600 VUs, 49 complete and 0 interrupted iterations
saturation   [   9% ] 004/600 VUs  00m53.7s/10m30s  1.00 iters/s

running (00m54.8s), 003/600 VUs, 51 complete and 0 interrupted iterations
saturation   [   9% ] 003/600 VUs  00m54.7s/10m30s  1.00 iters/s

running (00m55.8s), 003/600 VUs, 52 complete and 0 interrupted iterations
saturation   [   9% ] 003/600 VUs  00m55.7s/10m30s  1.00 iters/s

running (00m56.8s), 004/600 VUs, 52 complete and 0 interrupted iterations
saturation   [   9% ] 004/600 VUs  00m56.7s/10m30s  1.00 iters/s

running (00m57.8s), 003/600 VUs, 54 complete and 0 interrupted iterations
saturation   [   9% ] 003/600 VUs  00m57.7s/10m30s  1.00 iters/s

running (00m58.8s), 004/600 VUs, 54 complete and 0 interrupted iterations
saturation   [   9% ] 004/600 VUs  00m58.7s/10m30s  1.00 iters/s

running (00m59.8s), 005/600 VUs, 54 complete and 0 interrupted iterations
saturation   [   9% ] 005/600 VUs  00m59.7s/10m30s  1.00 iters/s

running (01m00.8s), 005/600 VUs, 55 complete and 0 interrupted iterations
saturation   [  10% ] 005/600 VUs  01m00.7s/10m30s  1.00 iters/s

running (01m01.8s), 004/600 VUs, 57 complete and 0 interrupted iterations
saturation   [  10% ] 004/600 VUs  01m01.7s/10m30s  1.00 iters/s

running (01m02.8s), 004/600 VUs, 58 complete and 0 interrupted iterations
saturation   [  10% ] 004/600 VUs  01m02.7s/10m30s  1.00 iters/s

running (01m03.8s), 005/600 VUs, 58 complete and 0 interrupted iterations
saturation   [  10% ] 005/600 VUs  01m03.7s/10m30s  1.00 iters/s

running (01m04.8s), 004/600 VUs, 60 complete and 0 interrupted iterations
saturation   [  10% ] 004/600 VUs  01m04.7s/10m30s  1.00 iters/s

running (01m05.8s), 004/600 VUs, 61 complete and 0 interrupted iterations
saturation   [  10% ] 004/600 VUs  01m05.7s/10m30s  1.00 iters/s

running (01m06.8s), 004/600 VUs, 62 complete and 0 interrupted iterations
saturation   [  11% ] 004/600 VUs  01m06.7s/10m30s  1.00 iters/s

running (01m07.8s), 005/600 VUs, 62 complete and 0 interrupted iterations
saturation   [  11% ] 005/600 VUs  01m07.7s/10m30s  1.00 iters/s

running (01m08.8s), 005/600 VUs, 63 complete and 0 interrupted iterations
saturation   [  11% ] 005/600 VUs  01m08.7s/10m30s  1.00 iters/s

running (01m09.8s), 005/600 VUs, 64 complete and 0 interrupted iterations
saturation   [  11% ] 005/600 VUs  01m09.7s/10m30s  1.00 iters/s

running (01m10.8s), 004/600 VUs, 66 complete and 0 interrupted iterations
saturation   [  11% ] 004/600 VUs  01m10.7s/10m30s  1.00 iters/s

running (01m11.8s), 005/600 VUs, 66 complete and 0 interrupted iterations
saturation   [  11% ] 005/600 VUs  01m11.7s/10m30s  1.00 iters/s

running (01m12.8s), 005/600 VUs, 67 complete and 0 interrupted iterations
saturation   [  12% ] 005/600 VUs  01m12.7s/10m30s  1.00 iters/s

running (01m13.8s), 005/600 VUs, 68 complete and 0 interrupted iterations
saturation   [  12% ] 005/600 VUs  01m13.7s/10m30s  1.00 iters/s

running (01m14.8s), 004/600 VUs, 70 complete and 0 interrupted iterations
saturation   [  12% ] 004/600 VUs  01m14.7s/10m30s  1.00 iters/s

running (01m15.8s), 004/600 VUs, 71 complete and 0 interrupted iterations
saturation   [  12% ] 004/600 VUs  01m15.7s/10m30s  1.00 iters/s

running (01m16.8s), 004/600 VUs, 72 complete and 0 interrupted iterations
saturation   [  12% ] 004/600 VUs  01m16.7s/10m30s  1.00 iters/s

running (01m17.8s), 004/600 VUs, 73 complete and 0 interrupted iterations
saturation   [  12% ] 004/600 VUs  01m17.7s/10m30s  1.00 iters/s

running (01m18.8s), 004/600 VUs, 74 complete and 0 interrupted iterations
saturation   [  12% ] 004/600 VUs  01m18.7s/10m30s  1.00 iters/s

running (01m19.8s), 004/600 VUs, 75 complete and 0 interrupted iterations
saturation   [  13% ] 004/600 VUs  01m19.7s/10m30s  1.00 iters/s

running (01m20.8s), 004/600 VUs, 76 complete and 0 interrupted iterations
saturation   [  13% ] 004/600 VUs  01m20.7s/10m30s  1.00 iters/s

running (01m21.8s), 004/600 VUs, 77 complete and 0 interrupted iterations
saturation   [  13% ] 004/600 VUs  01m21.7s/10m30s  1.00 iters/s

running (01m22.8s), 004/600 VUs, 78 complete and 0 interrupted iterations
saturation   [  13% ] 004/600 VUs  01m22.7s/10m30s  1.00 iters/s

running (01m23.8s), 003/600 VUs, 80 complete and 0 interrupted iterations
saturation   [  13% ] 003/600 VUs  01m23.7s/10m30s  1.00 iters/s

running (01m24.8s), 004/600 VUs, 80 complete and 0 interrupted iterations
saturation   [  13% ] 004/600 VUs  01m24.7s/10m30s  1.00 iters/s

running (01m25.8s), 004/600 VUs, 81 complete and 0 interrupted iterations
saturation   [  14% ] 004/600 VUs  01m25.7s/10m30s  1.00 iters/s

running (01m26.8s), 003/600 VUs, 83 complete and 0 interrupted iterations
saturation   [  14% ] 003/600 VUs  01m26.7s/10m30s  1.00 iters/s

running (01m27.8s), 003/600 VUs, 84 complete and 0 interrupted iterations
saturation   [  14% ] 003/600 VUs  01m27.7s/10m30s  1.00 iters/s

running (01m28.8s), 003/600 VUs, 85 complete and 0 interrupted iterations
saturation   [  14% ] 003/600 VUs  01m28.7s/10m30s  1.00 iters/s

running (01m29.8s), 003/600 VUs, 86 complete and 0 interrupted iterations
saturation   [  14% ] 003/600 VUs  01m29.7s/10m30s  1.00 iters/s

running (01m30.8s), 002/600 VUs, 88 complete and 0 interrupted iterations
saturation   [  14% ] 002/600 VUs  01m30.7s/10m30s  1.01 iters/s

running (01m31.8s), 003/600 VUs, 88 complete and 0 interrupted iterations
saturation   [  15% ] 003/600 VUs  01m31.7s/10m30s  1.02 iters/s

running (01m32.8s), 003/600 VUs, 89 complete and 0 interrupted iterations
saturation   [  15% ] 003/600 VUs  01m32.7s/10m30s  1.03 iters/s

running (01m33.8s), 003/600 VUs, 90 complete and 0 interrupted iterations
saturation   [  15% ] 003/600 VUs  01m33.7s/10m30s  1.04 iters/s

running (01m34.8s), 002/600 VUs, 92 complete and 0 interrupted iterations
saturation   [  15% ] 002/600 VUs  01m34.7s/10m30s  1.05 iters/s

running (01m35.8s), 001/600 VUs, 94 complete and 0 interrupted iterations
saturation   [  15% ] 001/600 VUs  01m35.7s/10m30s  1.06 iters/s

running (01m36.8s), 002/600 VUs, 94 complete and 0 interrupted iterations
saturation   [  15% ] 002/600 VUs  01m36.7s/10m30s  1.07 iters/s

running (01m37.8s), 003/600 VUs, 95 complete and 0 interrupted iterations
saturation   [  16% ] 003/600 VUs  01m37.7s/10m30s  1.09 iters/s

running (01m38.8s), 003/600 VUs, 96 complete and 0 interrupted iterations
saturation   [  16% ] 003/600 VUs  01m38.7s/10m30s  1.10 iters/s

running (01m39.8s), 004/600 VUs, 96 complete and 0 interrupted iterations
saturation   [  16% ] 004/600 VUs  01m39.7s/10m30s  1.11 iters/s

running (01m40.8s), 003/600 VUs, 98 complete and 0 interrupted iterations
saturation   [  16% ] 003/600 VUs  01m40.7s/10m30s  1.12 iters/s

running (01m41.8s), 004/600 VUs, 98 complete and 0 interrupted iterations
saturation   [  16% ] 004/600 VUs  01m41.7s/10m30s  1.13 iters/s

running (01m42.8s), 004/600 VUs, 99 complete and 0 interrupted iterations
saturation   [  16% ] 004/600 VUs  01m42.7s/10m30s  1.14 iters/s

running (01m43.8s), 003/600 VUs, 101 complete and 0 interrupted iterations
saturation   [  16% ] 003/600 VUs  01m43.7s/10m30s  1.15 iters/s

running (01m44.8s), 003/600 VUs, 102 complete and 0 interrupted iterations
saturation   [  17% ] 003/600 VUs  01m44.7s/10m30s  1.16 iters/s

running (01m45.8s), 003/600 VUs, 104 complete and 0 interrupted iterations
saturation   [  17% ] 003/600 VUs  01m45.7s/10m30s  1.18 iters/s

running (01m46.8s), 004/600 VUs, 104 complete and 0 interrupted iterations
saturation   [  17% ] 004/600 VUs  01m46.7s/10m30s  1.19 iters/s

running (01m47.8s), 004/600 VUs, 105 complete and 0 interrupted iterations
saturation   [  17% ] 004/600 VUs  01m47.7s/10m30s  1.20 iters/s

running (01m48.8s), 003/600 VUs, 107 complete and 0 interrupted iterations
saturation   [  17% ] 003/600 VUs  01m48.7s/10m30s  1.21 iters/s

running (01m49.8s), 004/600 VUs, 107 complete and 0 interrupted iterations
saturation   [  17% ] 004/600 VUs  01m49.7s/10m30s  1.22 iters/s

running (01m50.8s), 006/600 VUs, 107 complete and 0 interrupted iterations
saturation   [  18% ] 006/600 VUs  01m50.7s/10m30s  1.23 iters/s

running (01m51.8s), 005/600 VUs, 109 complete and 0 interrupted iterations
saturation   [  18% ] 005/600 VUs  01m51.7s/10m30s  1.24 iters/s

running (01m52.8s), 006/600 VUs, 109 complete and 0 interrupted iterations
saturation   [  18% ] 006/600 VUs  01m52.7s/10m30s  1.25 iters/s

running (01m53.8s), 006/600 VUs, 110 complete and 0 interrupted iterations
saturation   [  18% ] 006/600 VUs  01m53.7s/10m30s  1.26 iters/s

running (01m54.8s), 007/600 VUs, 111 complete and 0 interrupted iterations
saturation   [  18% ] 007/600 VUs  01m54.7s/10m30s  1.28 iters/s

running (01m55.8s), 006/600 VUs, 113 complete and 0 interrupted iterations
saturation   [  18% ] 006/600 VUs  01m55.7s/10m30s  1.29 iters/s

running (01m56.8s), 006/600 VUs, 114 complete and 0 interrupted iterations
saturation   [  19% ] 006/600 VUs  01m56.7s/10m30s  1.30 iters/s

running (01m57.8s), 006/600 VUs, 115 complete and 0 interrupted iterations
saturation   [  19% ] 006/600 VUs  01m57.7s/10m30s  1.30 iters/s

running (01m58.8s), 007/600 VUs, 116 complete and 0 interrupted iterations
saturation   [  19% ] 007/600 VUs  01m58.7s/10m30s  1.32 iters/s

running (01m59.8s), 007/600 VUs, 117 complete and 0 interrupted iterations
saturation   [  19% ] 007/600 VUs  01m59.7s/10m30s  1.33 iters/s

running (02m00.8s), 006/600 VUs, 119 complete and 0 interrupted iterations
saturation   [  19% ] 006/600 VUs  02m00.7s/10m30s  1.34 iters/s

running (02m01.8s), 007/600 VUs, 120 complete and 0 interrupted iterations
saturation   [  19% ] 007/600 VUs  02m01.7s/10m30s  1.35 iters/s

running (02m02.8s), 006/600 VUs, 122 complete and 0 interrupted iterations
saturation   [  19% ] 006/600 VUs  02m02.7s/10m30s  1.36 iters/s

running (02m03.8s), 008/600 VUs, 122 complete and 0 interrupted iterations
saturation   [  20% ] 008/600 VUs  02m03.7s/10m30s  1.38 iters/s

running (02m04.8s), 008/600 VUs, 123 complete and 0 interrupted iterations
saturation   [  20% ] 008/600 VUs  02m04.7s/10m30s  1.39 iters/s

running (02m05.8s), 007/600 VUs, 125 complete and 0 interrupted iterations
saturation   [  20% ] 007/600 VUs  02m05.7s/10m30s  1.39 iters/s

running (02m06.8s), 008/600 VUs, 126 complete and 0 interrupted iterations
saturation   [  20% ] 008/600 VUs  02m06.7s/10m30s  1.41 iters/s

running (02m07.8s), 007/600 VUs, 128 complete and 0 interrupted iterations
saturation   [  20% ] 007/600 VUs  02m07.7s/10m30s  1.42 iters/s

running (02m08.8s), 008/600 VUs, 129 complete and 0 interrupted iterations
saturation   [  20% ] 008/600 VUs  02m08.7s/10m30s  1.43 iters/s

running (02m09.8s), 008/600 VUs, 130 complete and 0 interrupted iterations
saturation   [  21% ] 008/600 VUs  02m09.7s/10m30s  1.44 iters/s

running (02m10.8s), 007/600 VUs, 132 complete and 0 interrupted iterations
saturation   [  21% ] 007/600 VUs  02m10.7s/10m30s  1.45 iters/s

running (02m11.8s), 008/600 VUs, 133 complete and 0 interrupted iterations
saturation   [  21% ] 008/600 VUs  02m11.7s/10m30s  1.46 iters/s

running (02m12.8s), 007/600 VUs, 135 complete and 0 interrupted iterations
saturation   [  21% ] 007/600 VUs  02m12.7s/10m30s  1.47 iters/s

running (02m13.8s), 008/600 VUs, 136 complete and 0 interrupted iterations
saturation   [  21% ] 008/600 VUs  02m13.7s/10m30s  1.49 iters/s

running (02m14.8s), 007/600 VUs, 138 complete and 0 interrupted iterations
saturation   [  21% ] 007/600 VUs  02m14.7s/10m30s  1.49 iters/s

running (02m15.8s), 008/600 VUs, 139 complete and 0 interrupted iterations
saturation   [  22% ] 008/600 VUs  02m15.7s/10m30s  1.51 iters/s

running (02m16.8s), 008/600 VUs, 140 complete and 0 interrupted iterations
saturation   [  22% ] 008/600 VUs  02m16.7s/10m30s  1.52 iters/s

running (02m17.8s), 008/600 VUs, 142 complete and 0 interrupted iterations
saturation   [  22% ] 008/600 VUs  02m17.7s/10m30s  1.53 iters/s

running (02m18.8s), 006/600 VUs, 145 complete and 0 interrupted iterations
saturation   [  22% ] 006/600 VUs  02m18.7s/10m30s  1.54 iters/s

running (02m19.8s), 007/600 VUs, 146 complete and 0 interrupted iterations
saturation   [  22% ] 007/600 VUs  02m19.7s/10m30s  1.55 iters/s

running (02m20.8s), 006/600 VUs, 148 complete and 0 interrupted iterations
saturation   [  22% ] 006/600 VUs  02m20.7s/10m30s  1.56 iters/s

running (02m21.8s), 006/600 VUs, 150 complete and 0 interrupted iterations
saturation   [  22% ] 006/600 VUs  02m21.7s/10m30s  1.57 iters/s

running (02m22.8s), 006/600 VUs, 152 complete and 0 interrupted iterations
saturation   [  23% ] 006/600 VUs  02m22.7s/10m30s  1.59 iters/s

running (02m23.8s), 006/600 VUs, 153 complete and 0 interrupted iterations
saturation   [  23% ] 006/600 VUs  02m23.7s/10m30s  1.60 iters/s

running (02m24.8s), 005/600 VUs, 156 complete and 0 interrupted iterations
saturation   [  23% ] 005/600 VUs  02m24.7s/10m30s  1.61 iters/s

running (02m25.8s), 004/600 VUs, 158 complete and 0 interrupted iterations
saturation   [  23% ] 004/600 VUs  02m25.7s/10m30s  1.62 iters/s

running (02m26.8s), 005/600 VUs, 159 complete and 0 interrupted iterations
saturation   [  23% ] 005/600 VUs  02m26.7s/10m30s  1.63 iters/s

running (02m27.8s), 006/600 VUs, 160 complete and 0 interrupted iterations
saturation   [  23% ] 006/600 VUs  02m27.7s/10m30s  1.64 iters/s

running (02m28.8s), 006/600 VUs, 161 complete and 0 interrupted iterations
saturation   [  24% ] 006/600 VUs  02m28.7s/10m30s  1.65 iters/s

running (02m29.8s), 006/600 VUs, 163 complete and 0 interrupted iterations
saturation   [  24% ] 006/600 VUs  02m29.7s/10m30s  1.66 iters/s

running (02m30.8s), 006/600 VUs, 165 complete and 0 interrupted iterations
saturation   [  24% ] 006/600 VUs  02m30.7s/10m30s  1.68 iters/s

running (02m31.8s), 005/600 VUs, 167 complete and 0 interrupted iterations
saturation   [  24% ] 005/600 VUs  02m31.7s/10m30s  1.68 iters/s

running (02m32.8s), 005/600 VUs, 169 complete and 0 interrupted iterations
saturation   [  24% ] 005/600 VUs  02m32.7s/10m30s  1.70 iters/s

running (02m33.8s), 006/600 VUs, 170 complete and 0 interrupted iterations
saturation   [  24% ] 006/600 VUs  02m33.7s/10m30s  1.71 iters/s

running (02m34.8s), 005/600 VUs, 172 complete and 0 interrupted iterations
saturation   [  25% ] 005/600 VUs  02m34.7s/10m30s  1.72 iters/s

running (02m35.8s), 003/600 VUs, 176 complete and 0 interrupted iterations
saturation   [  25% ] 003/600 VUs  02m35.7s/10m30s  1.73 iters/s

running (02m36.8s), 005/600 VUs, 176 complete and 0 interrupted iterations
saturation   [  25% ] 005/600 VUs  02m36.7s/10m30s  1.74 iters/s

running (02m37.8s), 005/600 VUs, 178 complete and 0 interrupted iterations
saturation   [  25% ] 005/600 VUs  02m37.7s/10m30s  1.75 iters/s

running (02m38.8s), 006/600 VUs, 178 complete and 0 interrupted iterations
saturation   [  25% ] 006/600 VUs  02m38.7s/10m30s  1.76 iters/s

running (02m39.8s), 006/600 VUs, 180 complete and 0 interrupted iterations
saturation   [  25% ] 006/600 VUs  02m39.7s/10m30s  1.77 iters/s

running (02m40.8s), 006/600 VUs, 182 complete and 0 interrupted iterations
saturation   [  26% ] 006/600 VUs  02m40.7s/10m30s  1.79 iters/s

running (02m41.8s), 006/600 VUs, 184 complete and 0 interrupted iterations
saturation   [  26% ] 006/600 VUs  02m41.7s/10m30s  1.80 iters/s

running (02m42.8s), 006/600 VUs, 186 complete and 0 interrupted iterations
saturation   [  26% ] 006/600 VUs  02m42.7s/10m30s  1.81 iters/s

running (02m43.8s), 005/600 VUs, 188 complete and 0 interrupted iterations
saturation   [  26% ] 005/600 VUs  02m43.7s/10m30s  1.82 iters/s

running (02m44.8s), 005/600 VUs, 190 complete and 0 interrupted iterations
saturation   [  26% ] 005/600 VUs  02m44.7s/10m30s  1.83 iters/s

running (02m45.8s), 005/600 VUs, 192 complete and 0 interrupted iterations
saturation   [  26% ] 005/600 VUs  02m45.7s/10m30s  1.84 iters/s

running (02m46.8s), 004/600 VUs, 195 complete and 0 interrupted iterations
saturation   [  26% ] 004/600 VUs  02m46.7s/10m30s  1.85 iters/s

running (02m47.8s), 005/600 VUs, 196 complete and 0 interrupted iterations
saturation   [  27% ] 005/600 VUs  02m47.7s/10m30s  1.86 iters/s

running (02m48.8s), 006/600 VUs, 197 complete and 0 interrupted iterations
saturation   [  27% ] 006/600 VUs  02m48.7s/10m30s  1.88 iters/s

running (02m49.8s), 007/600 VUs, 197 complete and 0 interrupted iterations
saturation   [  27% ] 007/600 VUs  02m49.7s/10m30s  1.88 iters/s

running (02m50.8s), 007/600 VUs, 199 complete and 0 interrupted iterations
saturation   [  27% ] 007/600 VUs  02m50.7s/10m30s  1.89 iters/s

running (02m51.8s), 005/600 VUs, 203 complete and 0 interrupted iterations
saturation   [  27% ] 005/600 VUs  02m51.7s/10m30s  1.91 iters/s

running (02m52.8s), 005/600 VUs, 205 complete and 0 interrupted iterations
saturation   [  27% ] 005/600 VUs  02m52.7s/10m30s  1.92 iters/s

running (02m53.8s), 005/600 VUs, 207 complete and 0 interrupted iterations
saturation   [  28% ] 005/600 VUs  02m53.7s/10m30s  1.93 iters/s

running (02m54.8s), 007/600 VUs, 207 complete and 0 interrupted iterations
saturation   [  28% ] 007/600 VUs  02m54.7s/10m30s  1.94 iters/s

running (02m55.8s), 007/600 VUs, 209 complete and 0 interrupted iterations
saturation   [  28% ] 007/600 VUs  02m55.7s/10m30s  1.95 iters/s

running (02m56.8s), 007/600 VUs, 211 complete and 0 interrupted iterations
saturation   [  28% ] 007/600 VUs  02m56.7s/10m30s  1.96 iters/s

running (02m57.8s), 006/600 VUs, 214 complete and 0 interrupted iterations
saturation   [  28% ] 006/600 VUs  02m57.7s/10m30s  1.97 iters/s

running (02m58.8s), 006/600 VUs, 216 complete and 0 interrupted iterations
saturation   [  28% ] 006/600 VUs  02m58.7s/10m30s  1.99 iters/s

running (02m59.8s), 006/600 VUs, 218 complete and 0 interrupted iterations
saturation   [  29% ] 006/600 VUs  02m59.7s/10m30s  2.00 iters/s

running (03m00.8s), 008/600 VUs, 218 complete and 0 interrupted iterations
saturation   [  29% ] 008/600 VUs  03m00.7s/10m30s  2.01 iters/s

running (03m01.8s), 006/600 VUs, 222 complete and 0 interrupted iterations
saturation   [  29% ] 006/600 VUs  03m01.7s/10m30s  2.02 iters/s

running (03m02.8s), 008/600 VUs, 222 complete and 0 interrupted iterations
saturation   [  29% ] 008/600 VUs  03m02.7s/10m30s  2.03 iters/s

running (03m03.8s), 005/600 VUs, 227 complete and 0 interrupted iterations
saturation   [  29% ] 005/600 VUs  03m03.7s/10m30s  2.04 iters/s

running (03m04.8s), 003/600 VUs, 231 complete and 0 interrupted iterations
saturation   [  29% ] 003/600 VUs  03m04.7s/10m30s  2.05 iters/s

running (03m05.8s), 005/600 VUs, 231 complete and 0 interrupted iterations
saturation   [  29% ] 005/600 VUs  03m05.7s/10m30s  2.06 iters/s

running (03m06.8s), 005/600 VUs, 233 complete and 0 interrupted iterations
saturation   [  30% ] 005/600 VUs  03m06.7s/10m30s  2.07 iters/s

running (03m07.8s), 007/600 VUs, 233 complete and 0 interrupted iterations
saturation   [  30% ] 007/600 VUs  03m07.7s/10m30s  2.08 iters/s

running (03m08.8s), 004/600 VUs, 238 complete and 0 interrupted iterations
saturation   [  30% ] 004/600 VUs  03m08.7s/10m30s  2.09 iters/s

running (03m09.8s), 004/600 VUs, 240 complete and 0 interrupted iterations
saturation   [  30% ] 004/600 VUs  03m09.7s/10m30s  2.11 iters/s

running (03m10.8s), 005/600 VUs, 242 complete and 0 interrupted iterations
saturation   [  30% ] 005/600 VUs  03m10.7s/10m30s  2.12 iters/s

running (03m11.8s), 006/600 VUs, 243 complete and 0 interrupted iterations
saturation   [  30% ] 006/600 VUs  03m11.7s/10m30s  2.13 iters/s

running (03m12.8s), 008/600 VUs, 243 complete and 0 interrupted iterations
saturation   [  31% ] 008/600 VUs  03m12.7s/10m30s  2.14 iters/s

running (03m13.8s), 004/600 VUs, 249 complete and 0 interrupted iterations
saturation   [  31% ] 004/600 VUs  03m13.7s/10m30s  2.15 iters/s

running (03m14.8s), 005/600 VUs, 250 complete and 0 interrupted iterations
saturation   [  31% ] 005/600 VUs  03m14.7s/10m30s  2.16 iters/s

running (03m15.8s), 005/600 VUs, 252 complete and 0 interrupted iterations
saturation   [  31% ] 005/600 VUs  03m15.7s/10m30s  2.17 iters/s

running (03m16.8s), 005/600 VUs, 254 complete and 0 interrupted iterations
saturation   [  31% ] 005/600 VUs  03m16.7s/10m30s  2.18 iters/s

running (03m17.8s), 005/600 VUs, 257 complete and 0 interrupted iterations
saturation   [  31% ] 005/600 VUs  03m17.7s/10m30s  2.20 iters/s

running (03m18.8s), 005/600 VUs, 259 complete and 0 interrupted iterations
saturation   [  32% ] 005/600 VUs  03m18.7s/10m30s  2.21 iters/s

running (03m19.8s), 007/600 VUs, 259 complete and 0 interrupted iterations
saturation   [  32% ] 007/600 VUs  03m19.7s/10m30s  2.22 iters/s

running (03m20.8s), 004/600 VUs, 264 complete and 0 interrupted iterations
saturation   [  32% ] 004/600 VUs  03m20.7s/10m30s  2.23 iters/s

running (03m21.8s), 006/600 VUs, 265 complete and 0 interrupted iterations
saturation   [  32% ] 006/600 VUs  03m21.7s/10m30s  2.24 iters/s

running (03m22.8s), 004/600 VUs, 269 complete and 0 interrupted iterations
saturation   [  32% ] 004/600 VUs  03m22.7s/10m30s  2.25 iters/s

running (03m23.8s), 005/600 VUs, 270 complete and 0 interrupted iterations
saturation   [  32% ] 005/600 VUs  03m23.7s/10m30s  2.26 iters/s

running (03m24.8s), 005/600 VUs, 272 complete and 0 interrupted iterations
saturation   [  32% ] 005/600 VUs  03m24.7s/10m30s  2.27 iters/s

running (03m25.8s), 005/600 VUs, 275 complete and 0 interrupted iterations
saturation   [  33% ] 005/600 VUs  03m25.7s/10m30s  2.29 iters/s

running (03m26.8s), 007/600 VUs, 275 complete and 0 interrupted iterations
saturation   [  33% ] 007/600 VUs  03m26.7s/10m30s  2.30 iters/s

running (03m27.8s), 007/600 VUs, 277 complete and 0 interrupted iterations
saturation   [  33% ] 007/600 VUs  03m27.7s/10m30s  2.31 iters/s

running (03m28.8s), 006/600 VUs, 280 complete and 0 interrupted iterations
saturation   [  33% ] 006/600 VUs  03m28.7s/10m30s  2.32 iters/s

running (03m29.8s), 007/600 VUs, 282 complete and 0 interrupted iterations
saturation   [  33% ] 007/600 VUs  03m29.7s/10m30s  2.33 iters/s

running (03m30.8s), 007/600 VUs, 284 complete and 0 interrupted iterations
saturation   [  33% ] 007/600 VUs  03m30.7s/10m30s  2.34 iters/s

running (03m31.8s), 004/600 VUs, 289 complete and 0 interrupted iterations
saturation   [  34% ] 004/600 VUs  03m31.7s/10m30s  2.35 iters/s

running (03m32.8s), 007/600 VUs, 289 complete and 0 interrupted iterations
saturation   [  34% ] 007/600 VUs  03m32.7s/10m30s  2.36 iters/s

running (03m33.8s), 006/600 VUs, 292 complete and 0 interrupted iterations
saturation   [  34% ] 006/600 VUs  03m33.7s/10m30s  2.37 iters/s

running (03m34.8s), 006/600 VUs, 295 complete and 0 interrupted iterations
saturation   [  34% ] 006/600 VUs  03m34.7s/10m30s  2.39 iters/s

running (03m35.8s), 008/600 VUs, 295 complete and 0 interrupted iterations
saturation   [  34% ] 008/600 VUs  03m35.7s/10m30s  2.40 iters/s

running (03m36.8s), 007/600 VUs, 298 complete and 0 interrupted iterations
saturation   [  34% ] 007/600 VUs  03m36.7s/10m30s  2.41 iters/s

running (03m37.8s), 008/600 VUs, 300 complete and 0 interrupted iterations
saturation   [  35% ] 008/600 VUs  03m37.7s/10m30s  2.42 iters/s

running (03m38.8s), 006/600 VUs, 304 complete and 0 interrupted iterations
saturation   [  35% ] 006/600 VUs  03m38.7s/10m30s  2.43 iters/s

running (03m39.8s), 009/600 VUs, 304 complete and 0 interrupted iterations
saturation   [  35% ] 009/600 VUs  03m39.7s/10m30s  2.44 iters/s

running (03m40.8s), 009/600 VUs, 306 complete and 0 interrupted iterations
saturation   [  35% ] 009/600 VUs  03m40.7s/10m30s  2.45 iters/s

running (03m41.8s), 010/600 VUs, 308 complete and 0 interrupted iterations
saturation   [  35% ] 010/600 VUs  03m41.7s/10m30s  2.47 iters/s

running (03m42.8s), 011/600 VUs, 309 complete and 0 interrupted iterations
saturation   [  35% ] 011/600 VUs  03m42.7s/10m30s  2.47 iters/s

running (03m43.8s), 009/600 VUs, 314 complete and 0 interrupted iterations
saturation   [  36% ] 009/600 VUs  03m43.7s/10m30s  2.49 iters/s

running (03m44.8s), 011/600 VUs, 314 complete and 0 interrupted iterations
saturation   [  36% ] 011/600 VUs  03m44.7s/10m30s  2.50 iters/s

running (03m45.8s), 014/600 VUs, 314 complete and 0 interrupted iterations
saturation   [  36% ] 014/600 VUs  03m45.7s/10m30s  2.51 iters/s

running (03m46.8s), 013/600 VUs, 317 complete and 0 interrupted iterations
saturation   [  36% ] 013/600 VUs  03m46.7s/10m30s  2.52 iters/s

running (03m47.8s), 016/600 VUs, 317 complete and 0 interrupted iterations
saturation   [  36% ] 016/600 VUs  03m47.7s/10m30s  2.53 iters/s

running (03m48.8s), 014/600 VUs, 321 complete and 0 interrupted iterations
saturation   [  36% ] 014/600 VUs  03m48.7s/10m30s  2.54 iters/s

running (03m49.8s), 017/600 VUs, 321 complete and 0 interrupted iterations
saturation   [  36% ] 017/600 VUs  03m49.7s/10m30s  2.55 iters/s

running (03m50.8s), 019/600 VUs, 321 complete and 0 interrupted iterations
saturation   [  37% ] 019/600 VUs  03m50.7s/10m30s  2.56 iters/s

running (03m51.8s), 021/600 VUs, 322 complete and 0 interrupted iterations
saturation   [  37% ] 021/600 VUs  03m51.7s/10m30s  2.58 iters/s

running (03m52.8s), 018/600 VUs, 327 complete and 0 interrupted iterations
saturation   [  37% ] 018/600 VUs  03m52.7s/10m30s  2.58 iters/s

running (03m53.8s), 020/600 VUs, 328 complete and 0 interrupted iterations
saturation   [  37% ] 020/600 VUs  03m53.7s/10m30s  2.60 iters/s

running (03m54.8s), 021/600 VUs, 330 complete and 0 interrupted iterations
saturation   [  37% ] 021/600 VUs  03m54.7s/10m30s  2.61 iters/s

running (03m55.8s), 020/600 VUs, 333 complete and 0 interrupted iterations
saturation   [  37% ] 020/600 VUs  03m55.7s/10m30s  2.62 iters/s

running (03m56.8s), 022/600 VUs, 334 complete and 0 interrupted iterations
saturation   [  38% ] 022/600 VUs  03m56.7s/10m30s  2.63 iters/s

running (03m57.8s), 019/600 VUs, 339 complete and 0 interrupted iterations
saturation   [  38% ] 019/600 VUs  03m57.7s/10m30s  2.64 iters/s

running (03m58.8s), 021/600 VUs, 340 complete and 0 interrupted iterations
saturation   [  38% ] 021/600 VUs  03m58.7s/10m30s  2.65 iters/s

running (03m59.8s), 020/600 VUs, 344 complete and 0 interrupted iterations
saturation   [  38% ] 020/600 VUs  03m59.7s/10m30s  2.66 iters/s

running (04m00.8s), 022/600 VUs, 344 complete and 0 interrupted iterations
saturation   [  38% ] 022/600 VUs  04m00.7s/10m30s  2.67 iters/s

running (04m01.8s), 020/600 VUs, 349 complete and 0 interrupted iterations
saturation   [  38% ] 020/600 VUs  04m01.7s/10m30s  2.69 iters/s

running (04m02.8s), 022/600 VUs, 350 complete and 0 interrupted iterations
saturation   [  39% ] 022/600 VUs  04m02.7s/10m30s  2.70 iters/s

running (04m03.8s), 024/600 VUs, 350 complete and 0 interrupted iterations
saturation   [  39% ] 024/600 VUs  04m03.7s/10m30s  2.71 iters/s

running (04m04.8s), 024/600 VUs, 353 complete and 0 interrupted iterations
saturation   [  39% ] 024/600 VUs  04m04.7s/10m30s  2.72 iters/s

running (04m05.8s), 026/600 VUs, 354 complete and 0 interrupted iterations
saturation   [  39% ] 026/600 VUs  04m05.7s/10m30s  2.73 iters/s

running (04m06.8s), 024/600 VUs, 359 complete and 0 interrupted iterations
saturation   [  39% ] 024/600 VUs  04m06.7s/10m30s  2.74 iters/s

running (04m07.8s), 025/600 VUs, 360 complete and 0 interrupted iterations
saturation   [  39% ] 025/600 VUs  04m07.7s/10m30s  2.75 iters/s

running (04m08.8s), 023/600 VUs, 365 complete and 0 interrupted iterations
saturation   [  39% ] 023/600 VUs  04m08.7s/10m30s  2.76 iters/s

running (04m09.8s), 026/600 VUs, 365 complete and 0 interrupted iterations
saturation   [  40% ] 026/600 VUs  04m09.7s/10m30s  2.77 iters/s

running (04m10.8s), 023/600 VUs, 371 complete and 0 interrupted iterations
saturation   [  40% ] 023/600 VUs  04m10.7s/10m30s  2.79 iters/s

running (04m11.8s), 024/600 VUs, 372 complete and 0 interrupted iterations
saturation   [  40% ] 024/600 VUs  04m11.7s/10m30s  2.79 iters/s

running (04m12.8s), 021/600 VUs, 378 complete and 0 interrupted iterations
saturation   [  40% ] 021/600 VUs  04m12.7s/10m30s  2.81 iters/s

running (04m13.8s), 020/600 VUs, 382 complete and 0 interrupted iterations
saturation   [  40% ] 020/600 VUs  04m13.7s/10m30s  2.82 iters/s

running (04m14.8s), 020/600 VUs, 385 complete and 0 interrupted iterations
saturation   [  40% ] 020/600 VUs  04m14.7s/10m30s  2.83 iters/s

running (04m15.8s), 022/600 VUs, 386 complete and 0 interrupted iterations
saturation   [  41% ] 022/600 VUs  04m15.7s/10m30s  2.84 iters/s

running (04m16.8s), 022/600 VUs, 389 complete and 0 interrupted iterations
saturation   [  41% ] 022/600 VUs  04m16.7s/10m30s  2.85 iters/s

running (04m17.8s), 023/600 VUs, 390 complete and 0 interrupted iterations
saturation   [  41% ] 023/600 VUs  04m17.7s/10m30s  2.86 iters/s

running (04m18.8s), 018/600 VUs, 398 complete and 0 interrupted iterations
saturation   [  41% ] 018/600 VUs  04m18.7s/10m30s  2.87 iters/s

running (04m19.8s), 021/600 VUs, 398 complete and 0 interrupted iterations
saturation   [  41% ] 021/600 VUs  04m19.7s/10m30s  2.88 iters/s

running (04m20.8s), 024/600 VUs, 398 complete and 0 interrupted iterations
saturation   [  41% ] 024/600 VUs  04m20.7s/10m30s  2.90 iters/s

running (04m21.8s), 022/600 VUs, 403 complete and 0 interrupted iterations
saturation   [  42% ] 022/600 VUs  04m21.7s/10m30s  2.91 iters/s

running (04m22.8s), 022/600 VUs, 406 complete and 0 interrupted iterations
saturation   [  42% ] 022/600 VUs  04m22.7s/10m30s  2.92 iters/s

running (04m23.8s), 025/600 VUs, 406 complete and 0 interrupted iterations
saturation   [  42% ] 025/600 VUs  04m23.7s/10m30s  2.93 iters/s

running (04m24.8s), 022/600 VUs, 412 complete and 0 interrupted iterations
saturation   [  42% ] 022/600 VUs  04m24.7s/10m30s  2.94 iters/s

running (04m25.8s), 024/600 VUs, 413 complete and 0 interrupted iterations
saturation   [  42% ] 024/600 VUs  04m25.7s/10m30s  2.95 iters/s

running (04m26.8s), 026/600 VUs, 414 complete and 0 interrupted iterations
saturation   [  42% ] 026/600 VUs  04m26.7s/10m30s  2.96 iters/s

running (04m27.8s), 025/600 VUs, 418 complete and 0 interrupted iterations
saturation   [  42% ] 025/600 VUs  04m27.7s/10m30s  2.98 iters/s

running (04m28.8s), 026/600 VUs, 420 complete and 0 interrupted iterations
saturation   [  43% ] 026/600 VUs  04m28.7s/10m30s  2.99 iters/s

running (04m29.8s), 024/600 VUs, 425 complete and 0 interrupted iterations
saturation   [  43% ] 024/600 VUs  04m29.7s/10m30s  3.00 iters/s

running (04m30.8s), 026/600 VUs, 426 complete and 0 interrupted iterations
saturation   [  43% ] 026/600 VUs  04m30.7s/10m30s  3.01 iters/s

running (04m31.8s), 021/600 VUs, 434 complete and 0 interrupted iterations
saturation   [  43% ] 021/600 VUs  04m31.7s/10m30s  3.02 iters/s

running (04m32.8s), 022/600 VUs, 436 complete and 0 interrupted iterations
saturation   [  43% ] 022/600 VUs  04m32.7s/10m30s  3.03 iters/s

running (04m33.8s), 019/600 VUs, 442 complete and 0 interrupted iterations
saturation   [  43% ] 019/600 VUs  04m33.7s/10m30s  3.04 iters/s

running (04m34.8s), 022/600 VUs, 442 complete and 0 interrupted iterations
saturation   [  44% ] 022/600 VUs  04m34.7s/10m30s  3.05 iters/s

running (04m35.8s), 024/600 VUs, 443 complete and 0 interrupted iterations
saturation   [  44% ] 024/600 VUs  04m35.7s/10m30s  3.06 iters/s

running (04m36.8s), 020/600 VUs, 450 complete and 0 interrupted iterations
saturation   [  44% ] 020/600 VUs  04m36.7s/10m30s  3.07 iters/s

running (04m37.8s), 022/600 VUs, 451 complete and 0 interrupted iterations
saturation   [  44% ] 022/600 VUs  04m37.7s/10m30s  3.09 iters/s

running (04m38.8s), 020/600 VUs, 456 complete and 0 interrupted iterations
saturation   [  44% ] 020/600 VUs  04m38.7s/10m30s  3.10 iters/s

running (04m39.8s), 023/600 VUs, 456 complete and 0 interrupted iterations
saturation   [  44% ] 023/600 VUs  04m39.7s/10m30s  3.11 iters/s

running (04m40.8s), 024/600 VUs, 458 complete and 0 interrupted iterations
saturation   [  45% ] 024/600 VUs  04m40.7s/10m30s  3.12 iters/s

running (04m41.8s), 023/600 VUs, 462 complete and 0 interrupted iterations
saturation   [  45% ] 023/600 VUs  04m41.7s/10m30s  3.13 iters/s

running (04m42.8s), 027/600 VUs, 462 complete and 0 interrupted iterations
saturation   [  45% ] 027/600 VUs  04m42.7s/10m30s  3.14 iters/s

running (04m43.8s), 029/600 VUs, 463 complete and 0 interrupted iterations
saturation   [  45% ] 029/600 VUs  04m43.7s/10m30s  3.15 iters/s

running (04m44.8s), 027/600 VUs, 468 complete and 0 interrupted iterations
saturation   [  45% ] 027/600 VUs  04m44.7s/10m30s  3.16 iters/s

running (04m45.8s), 029/600 VUs, 469 complete and 0 interrupted iterations
saturation   [  45% ] 029/600 VUs  04m45.7s/10m30s  3.17 iters/s

running (04m46.8s), 031/600 VUs, 470 complete and 0 interrupted iterations
saturation   [  46% ] 031/600 VUs  04m46.7s/10m30s  3.19 iters/s

running (04m47.8s), 030/600 VUs, 474 complete and 0 interrupted iterations
saturation   [  46% ] 030/600 VUs  04m47.7s/10m30s  3.20 iters/s

running (04m48.8s), 027/600 VUs, 481 complete and 0 interrupted iterations
saturation   [  46% ] 027/600 VUs  04m48.7s/10m30s  3.21 iters/s

running (04m49.8s), 030/600 VUs, 481 complete and 0 interrupted iterations
saturation   [  46% ] 030/600 VUs  04m49.7s/10m30s  3.22 iters/s

running (04m50.8s), 029/600 VUs, 485 complete and 0 interrupted iterations
saturation   [  46% ] 029/600 VUs  04m50.7s/10m30s  3.23 iters/s

running (04m51.8s), 031/600 VUs, 486 complete and 0 interrupted iterations
saturation   [  46% ] 031/600 VUs  04m51.7s/10m30s  3.24 iters/s

running (04m52.8s), 029/600 VUs, 491 complete and 0 interrupted iterations
saturation   [  46% ] 029/600 VUs  04m52.7s/10m30s  3.25 iters/s

running (04m53.8s), 025/600 VUs, 499 complete and 0 interrupted iterations
saturation   [  47% ] 025/600 VUs  04m53.7s/10m30s  3.26 iters/s

running (04m54.8s), 026/600 VUs, 501 complete and 0 interrupted iterations
saturation   [  47% ] 026/600 VUs  04m54.7s/10m30s  3.27 iters/s

running (04m55.8s), 024/600 VUs, 506 complete and 0 interrupted iterations
saturation   [  47% ] 024/600 VUs  04m55.7s/10m30s  3.28 iters/s

running (04m56.8s), 026/600 VUs, 508 complete and 0 interrupted iterations
saturation   [  47% ] 026/600 VUs  04m56.7s/10m30s  3.30 iters/s

running (04m57.8s), 023/600 VUs, 514 complete and 0 interrupted iterations
saturation   [  47% ] 023/600 VUs  04m57.7s/10m30s  3.31 iters/s

running (04m58.8s), 025/600 VUs, 515 complete and 0 interrupted iterations
saturation   [  47% ] 025/600 VUs  04m58.7s/10m30s  3.32 iters/s

running (04m59.8s), 029/600 VUs, 515 complete and 0 interrupted iterations
saturation   [  48% ] 029/600 VUs  04m59.7s/10m30s  3.33 iters/s

running (05m00.8s), 025/600 VUs, 522 complete and 0 interrupted iterations
saturation   [  48% ] 025/600 VUs  05m00.7s/10m30s  3.34 iters/s

running (05m01.8s), 027/600 VUs, 523 complete and 0 interrupted iterations
saturation   [  48% ] 027/600 VUs  05m01.7s/10m30s  3.35 iters/s

running (05m02.8s), 028/600 VUs, 526 complete and 0 interrupted iterations
saturation   [  48% ] 028/600 VUs  05m02.7s/10m30s  3.36 iters/s

running (05m03.8s), 027/600 VUs, 530 complete and 0 interrupted iterations
saturation   [  48% ] 027/600 VUs  05m03.7s/10m30s  3.37 iters/s

running (05m04.8s), 028/600 VUs, 532 complete and 0 interrupted iterations
saturation   [  48% ] 028/600 VUs  05m04.7s/10m30s  3.38 iters/s

running (05m05.8s), 025/600 VUs, 539 complete and 0 interrupted iterations
saturation   [  49% ] 025/600 VUs  05m05.7s/10m30s  3.40 iters/s

running (05m06.8s), 027/600 VUs, 540 complete and 0 interrupted iterations
saturation   [  49% ] 027/600 VUs  05m06.7s/10m30s  3.41 iters/s

running (05m07.8s), 030/600 VUs, 541 complete and 0 interrupted iterations
saturation   [  49% ] 030/600 VUs  05m07.7s/10m30s  3.42 iters/s

running (05m08.8s), 026/600 VUs, 548 complete and 0 interrupted iterations
saturation   [  49% ] 026/600 VUs  05m08.7s/10m30s  3.43 iters/s

running (05m09.8s), 026/600 VUs, 551 complete and 0 interrupted iterations
saturation   [  49% ] 026/600 VUs  05m09.7s/10m30s  3.44 iters/s

running (05m10.8s), 030/600 VUs, 551 complete and 0 interrupted iterations
saturation   [  49% ] 030/600 VUs  05m10.7s/10m30s  3.45 iters/s

running (05m11.8s), 027/600 VUs, 557 complete and 0 interrupted iterations
saturation   [  49% ] 027/600 VUs  05m11.7s/10m30s  3.46 iters/s

running (05m12.8s), 027/600 VUs, 561 complete and 0 interrupted iterations
saturation   [  50% ] 027/600 VUs  05m12.7s/10m30s  3.48 iters/s

running (05m13.8s), 026/600 VUs, 565 complete and 0 interrupted iterations
saturation   [  50% ] 026/600 VUs  05m13.7s/10m30s  3.48 iters/s

running (05m14.8s), 028/600 VUs, 567 complete and 0 interrupted iterations
saturation   [  50% ] 028/600 VUs  05m14.7s/10m30s  3.50 iters/s

running (05m15.8s), 029/600 VUs, 569 complete and 0 interrupted iterations
saturation   [  50% ] 029/600 VUs  05m15.7s/10m30s  3.51 iters/s

running (05m16.8s), 027/600 VUs, 575 complete and 0 interrupted iterations
saturation   [  50% ] 027/600 VUs  05m16.7s/10m30s  3.52 iters/s

running (05m17.8s), 027/600 VUs, 578 complete and 0 interrupted iterations
saturation   [  50% ] 027/600 VUs  05m17.7s/10m30s  3.53 iters/s

running (05m18.8s), 023/600 VUs, 586 complete and 0 interrupted iterations
saturation   [  51% ] 023/600 VUs  05m18.7s/10m30s  3.54 iters/s

running (05m19.8s), 024/600 VUs, 588 complete and 0 interrupted iterations
saturation   [  51% ] 024/600 VUs  05m19.7s/10m30s  3.55 iters/s

running (05m20.8s), 027/600 VUs, 589 complete and 0 interrupted iterations
saturation   [  51% ] 027/600 VUs  05m20.7s/10m30s  3.56 iters/s

running (05m21.8s), 029/600 VUs, 590 complete and 0 interrupted iterations
saturation   [  51% ] 029/600 VUs  05m21.7s/10m30s  3.57 iters/s

running (05m22.8s), 027/600 VUs, 596 complete and 0 interrupted iterations
saturation   [  51% ] 027/600 VUs  05m22.7s/10m30s  3.59 iters/s

running (05m23.8s), 030/600 VUs, 597 complete and 0 interrupted iterations
saturation   [  51% ] 030/600 VUs  05m23.7s/10m30s  3.60 iters/s

running (05m24.8s), 029/600 VUs, 601 complete and 0 interrupted iterations
saturation   [  52% ] 029/600 VUs  05m24.7s/10m30s  3.61 iters/s

running (05m25.8s), 027/600 VUs, 607 complete and 0 interrupted iterations
saturation   [  52% ] 027/600 VUs  05m25.7s/10m30s  3.62 iters/s

running (05m26.8s), 030/600 VUs, 607 complete and 0 interrupted iterations
saturation   [  52% ] 030/600 VUs  05m26.7s/10m30s  3.63 iters/s

running (05m27.8s), 032/600 VUs, 609 complete and 0 interrupted iterations
saturation   [  52% ] 032/600 VUs  05m27.7s/10m30s  3.64 iters/s

running (05m28.8s), 030/600 VUs, 615 complete and 0 interrupted iterations
saturation   [  52% ] 030/600 VUs  05m28.7s/10m30s  3.65 iters/s

running (05m29.8s), 032/600 VUs, 616 complete and 0 interrupted iterations
saturation   [  52% ] 032/600 VUs  05m29.7s/10m30s  3.66 iters/s

running (05m30.8s), 029/600 VUs, 623 complete and 0 interrupted iterations
saturation   [  52% ] 029/600 VUs  05m30.7s/10m30s  3.67 iters/s

running (05m31.8s), 032/600 VUs, 624 complete and 0 interrupted iterations
saturation   [  53% ] 032/600 VUs  05m31.7s/10m30s  3.69 iters/s

running (05m32.8s), 034/600 VUs, 625 complete and 0 interrupted iterations
saturation   [  53% ] 034/600 VUs  05m32.7s/10m30s  3.70 iters/s

running (05m33.8s), 038/600 VUs, 625 complete and 0 interrupted iterations
saturation   [  53% ] 038/600 VUs  05m33.7s/10m30s  3.71 iters/s

running (05m34.8s), 034/600 VUs, 633 complete and 0 interrupted iterations
saturation   [  53% ] 034/600 VUs  05m34.7s/10m30s  3.72 iters/s

running (05m35.8s), 035/600 VUs, 636 complete and 0 interrupted iterations
saturation   [  53% ] 035/600 VUs  05m35.7s/10m30s  3.73 iters/s

running (05m36.8s), 037/600 VUs, 637 complete and 0 interrupted iterations
saturation   [  53% ] 037/600 VUs  05m36.7s/10m30s  3.74 iters/s

running (05m37.8s), 038/600 VUs, 640 complete and 0 interrupted iterations
saturation   [  54% ] 038/600 VUs  05m37.7s/10m30s  3.75 iters/s

running (05m38.8s), 033/600 VUs, 649 complete and 0 interrupted iterations
saturation   [  54% ] 033/600 VUs  05m38.7s/10m30s  3.76 iters/s

running (05m39.8s), 036/600 VUs, 650 complete and 0 interrupted iterations
saturation   [  54% ] 036/600 VUs  05m39.7s/10m30s  3.78 iters/s

running (05m40.8s), 031/600 VUs, 658 complete and 0 interrupted iterations
saturation   [  54% ] 031/600 VUs  05m40.7s/10m30s  3.78 iters/s

running (05m41.8s), 035/600 VUs, 658 complete and 0 interrupted iterations
saturation   [  54% ] 035/600 VUs  05m41.7s/10m30s  3.80 iters/s

running (05m42.8s), 034/600 VUs, 663 complete and 0 interrupted iterations
saturation   [  54% ] 034/600 VUs  05m42.7s/10m30s  3.81 iters/s

running (05m43.8s), 035/600 VUs, 666 complete and 0 interrupted iterations
saturation   [  55% ] 035/600 VUs  05m43.7s/10m30s  3.82 iters/s

running (05m44.8s), 038/600 VUs, 667 complete and 0 interrupted iterations
saturation   [  55% ] 038/600 VUs  05m44.7s/10m30s  3.83 iters/s

running (05m45.8s), 034/600 VUs, 674 complete and 0 interrupted iterations
saturation   [  55% ] 034/600 VUs  05m45.7s/10m30s  3.84 iters/s

running (05m46.8s), 038/600 VUs, 674 complete and 0 interrupted iterations
saturation   [  55% ] 038/600 VUs  05m46.7s/10m30s  3.85 iters/s

running (05m47.8s), 037/600 VUs, 679 complete and 0 interrupted iterations
saturation   [  55% ] 037/600 VUs  05m47.7s/10m30s  3.86 iters/s

running (05m48.8s), 040/600 VUs, 680 complete and 0 interrupted iterations
saturation   [  55% ] 040/600 VUs  05m48.7s/10m30s  3.87 iters/s

running (05m49.8s), 039/600 VUs, 685 complete and 0 interrupted iterations
saturation   [  56% ] 039/600 VUs  05m49.7s/10m30s  3.89 iters/s

running (05m50.8s), 037/600 VUs, 691 complete and 0 interrupted iterations
saturation   [  56% ] 037/600 VUs  05m50.7s/10m30s  3.90 iters/s

running (05m51.8s), 039/600 VUs, 693 complete and 0 interrupted iterations
saturation   [  56% ] 039/600 VUs  05m51.7s/10m30s  3.91 iters/s

running (05m52.8s), 037/600 VUs, 699 complete and 0 interrupted iterations
saturation   [  56% ] 037/600 VUs  05m52.7s/10m30s  3.92 iters/s

running (05m53.8s), 038/600 VUs, 702 complete and 0 interrupted iterations
saturation   [  56% ] 038/600 VUs  05m53.7s/10m30s  3.93 iters/s

running (05m54.8s), 034/600 VUs, 709 complete and 0 interrupted iterations
saturation   [  56% ] 034/600 VUs  05m54.7s/10m30s  3.94 iters/s

running (05m55.8s), 035/600 VUs, 712 complete and 0 interrupted iterations
saturation   [  56% ] 035/600 VUs  05m55.7s/10m30s  3.95 iters/s

running (05m56.8s), 032/600 VUs, 719 complete and 0 interrupted iterations
saturation   [  57% ] 032/600 VUs  05m56.7s/10m30s  3.96 iters/s

running (05m57.8s), 036/600 VUs, 719 complete and 0 interrupted iterations
saturation   [  57% ] 036/600 VUs  05m57.7s/10m30s  3.97 iters/s

running (05m58.8s), 038/600 VUs, 721 complete and 0 interrupted iterations
saturation   [  57% ] 038/600 VUs  05m58.7s/10m30s  3.98 iters/s

running (05m59.8s), 038/600 VUs, 725 complete and 0 interrupted iterations
saturation   [  57% ] 038/600 VUs  05m59.7s/10m30s  4.00 iters/s

running (06m00.8s), 040/600 VUs, 727 complete and 0 interrupted iterations
saturation   [  57% ] 040/600 VUs  06m00.7s/10m30s  4.01 iters/s

running (06m01.8s), 044/600 VUs, 727 complete and 0 interrupted iterations
saturation   [  57% ] 044/600 VUs  06m01.7s/10m30s  4.02 iters/s

running (06m02.8s), 043/600 VUs, 732 complete and 0 interrupted iterations
saturation   [  58% ] 043/600 VUs  06m02.7s/10m30s  4.03 iters/s

running (06m03.8s), 044/600 VUs, 735 complete and 0 interrupted iterations
saturation   [  58% ] 044/600 VUs  06m03.7s/10m30s  4.04 iters/s

running (06m04.8s), 042/600 VUs, 741 complete and 0 interrupted iterations
saturation   [  58% ] 042/600 VUs  06m04.7s/10m30s  4.05 iters/s

running (06m05.8s), 046/600 VUs, 741 complete and 0 interrupted iterations
saturation   [  58% ] 046/600 VUs  06m05.7s/10m30s  4.06 iters/s

running (06m06.8s), 044/600 VUs, 748 complete and 0 interrupted iterations
saturation   [  58% ] 044/600 VUs  06m06.7s/10m30s  4.08 iters/s

running (06m07.8s), 047/600 VUs, 749 complete and 0 interrupted iterations
saturation   [  58% ] 047/600 VUs  06m07.7s/10m30s  4.09 iters/s

running (06m08.8s), 051/600 VUs, 749 complete and 0 interrupted iterations
saturation   [  59% ] 051/600 VUs  06m08.7s/10m30s  4.10 iters/s

running (06m09.8s), 043/600 VUs, 761 complete and 0 interrupted iterations
saturation   [  59% ] 043/600 VUs  06m09.7s/10m30s  4.11 iters/s

running (06m10.8s), 045/600 VUs, 763 complete and 0 interrupted iterations
saturation   [  59% ] 045/600 VUs  06m10.7s/10m30s  4.12 iters/s

running (06m11.8s), 044/600 VUs, 768 complete and 0 interrupted iterations
saturation   [  59% ] 044/600 VUs  06m11.7s/10m30s  4.13 iters/s

running (06m12.8s), 047/600 VUs, 769 complete and 0 interrupted iterations
saturation   [  59% ] 047/600 VUs  06m12.7s/10m30s  4.14 iters/s

running (06m13.8s), 046/600 VUs, 774 complete and 0 interrupted iterations
saturation   [  59% ] 046/600 VUs  06m13.7s/10m30s  4.15 iters/s

running (06m14.8s), 048/600 VUs, 777 complete and 0 interrupted iterations
saturation   [  59% ] 048/600 VUs  06m14.7s/10m30s  4.16 iters/s

running (06m15.8s), 048/600 VUs, 781 complete and 0 interrupted iterations
saturation   [  60% ] 048/600 VUs  06m15.7s/10m30s  4.18 iters/s

running (06m16.8s), 050/600 VUs, 783 complete and 0 interrupted iterations
saturation   [  60% ] 050/600 VUs  06m16.7s/10m30s  4.19 iters/s

running (06m17.8s), 053/600 VUs, 784 complete and 0 interrupted iterations
saturation   [  60% ] 053/600 VUs  06m17.7s/10m30s  4.20 iters/s

running (06m18.8s), 044/600 VUs, 797 complete and 0 interrupted iterations
saturation   [  60% ] 044/600 VUs  06m18.7s/10m30s  4.21 iters/s

running (06m19.8s), 047/600 VUs, 798 complete and 0 interrupted iterations
saturation   [  60% ] 047/600 VUs  06m19.7s/10m30s  4.22 iters/s

running (06m20.8s), 047/600 VUs, 803 complete and 0 interrupted iterations
saturation   [  60% ] 047/600 VUs  06m20.7s/10m30s  4.23 iters/s

running (06m21.8s), 051/600 VUs, 803 complete and 0 interrupted iterations
saturation   [  61% ] 051/600 VUs  06m21.7s/10m30s  4.24 iters/s

running (06m22.8s), 045/600 VUs, 813 complete and 0 interrupted iterations
saturation   [  61% ] 045/600 VUs  06m22.7s/10m30s  4.25 iters/s

running (06m23.8s), 049/600 VUs, 813 complete and 0 interrupted iterations
saturation   [  61% ] 049/600 VUs  06m23.7s/10m30s  4.26 iters/s

running (06m24.8s), 048/600 VUs, 819 complete and 0 interrupted iterations
saturation   [  61% ] 048/600 VUs  06m24.7s/10m30s  4.28 iters/s

running (06m25.8s), 048/600 VUs, 823 complete and 0 interrupted iterations
saturation   [  61% ] 048/600 VUs  06m25.7s/10m30s  4.29 iters/s

running (06m26.8s), 044/600 VUs, 831 complete and 0 interrupted iterations
saturation   [  61% ] 044/600 VUs  06m26.7s/10m30s  4.30 iters/s

running (06m27.8s), 044/600 VUs, 836 complete and 0 interrupted iterations
saturation   [  62% ] 044/600 VUs  06m27.7s/10m30s  4.31 iters/s

running (06m28.8s), 046/600 VUs, 838 complete and 0 interrupted iterations
saturation   [  62% ] 046/600 VUs  06m28.7s/10m30s  4.32 iters/s

running (06m29.8s), 043/600 VUs, 845 complete and 0 interrupted iterations
saturation   [  62% ] 043/600 VUs  06m29.7s/10m30s  4.33 iters/s

running (06m30.8s), 040/600 VUs, 853 complete and 0 interrupted iterations
saturation   [  62% ] 040/600 VUs  06m30.7s/10m30s  4.34 iters/s

running (06m31.8s), 042/600 VUs, 855 complete and 0 interrupted iterations
saturation   [  62% ] 042/600 VUs  06m31.7s/10m30s  4.35 iters/s

running (06m32.8s), 045/600 VUs, 856 complete and 0 interrupted iterations
saturation   [  62% ] 045/600 VUs  06m32.7s/10m30s  4.36 iters/s

running (06m33.8s), 040/600 VUs, 866 complete and 0 interrupted iterations
saturation   [  62% ] 040/600 VUs  06m33.7s/10m30s  4.38 iters/s

running (06m34.8s), 040/600 VUs, 870 complete and 0 interrupted iterations
saturation   [  63% ] 040/600 VUs  06m34.7s/10m30s  4.39 iters/s

running (06m35.8s), 041/600 VUs, 873 complete and 0 interrupted iterations
saturation   [  63% ] 041/600 VUs  06m35.7s/10m30s  4.40 iters/s

running (06m36.8s), 042/600 VUs, 877 complete and 0 interrupted iterations
saturation   [  63% ] 042/600 VUs  06m36.7s/10m30s  4.41 iters/s

running (06m37.8s), 044/600 VUs, 879 complete and 0 interrupted iterations
saturation   [  63% ] 044/600 VUs  06m37.7s/10m30s  4.42 iters/s

running (06m38.8s), 038/600 VUs, 890 complete and 0 interrupted iterations
saturation   [  63% ] 038/600 VUs  06m38.7s/10m30s  4.43 iters/s

running (06m39.8s), 040/600 VUs, 892 complete and 0 interrupted iterations
saturation   [  63% ] 040/600 VUs  06m39.7s/10m30s  4.44 iters/s

running (06m40.8s), 042/600 VUs, 895 complete and 0 interrupted iterations
saturation   [  64% ] 042/600 VUs  06m40.7s/10m30s  4.45 iters/s

running (06m41.8s), 037/600 VUs, 904 complete and 0 interrupted iterations
saturation   [  64% ] 037/600 VUs  06m41.7s/10m30s  4.46 iters/s

running (06m42.8s), 039/600 VUs, 906 complete and 0 interrupted iterations
saturation   [  64% ] 039/600 VUs  06m42.7s/10m30s  4.47 iters/s

running (06m43.8s), 037/600 VUs, 913 complete and 0 interrupted iterations
saturation   [  64% ] 037/600 VUs  06m43.7s/10m30s  4.49 iters/s

running (06m44.8s), 038/600 VUs, 916 complete and 0 interrupted iterations
saturation   [  64% ] 038/600 VUs  06m44.7s/10m30s  4.50 iters/s

running (06m45.8s), 042/600 VUs, 917 complete and 0 interrupted iterations
saturation   [  64% ] 042/600 VUs  06m45.7s/10m30s  4.51 iters/s

running (06m46.8s), 038/600 VUs, 925 complete and 0 interrupted iterations
saturation   [  65% ] 038/600 VUs  06m46.7s/10m30s  4.52 iters/s

running (06m47.8s), 042/600 VUs, 926 complete and 0 interrupted iterations
saturation   [  65% ] 042/600 VUs  06m47.7s/10m30s  4.53 iters/s

running (06m48.8s), 040/600 VUs, 932 complete and 0 interrupted iterations
saturation   [  65% ] 040/600 VUs  06m48.7s/10m30s  4.54 iters/s

running (06m49.8s), 038/600 VUs, 939 complete and 0 interrupted iterations
saturation   [  65% ] 038/600 VUs  06m49.7s/10m30s  4.55 iters/s

running (06m50.8s), 042/600 VUs, 940 complete and 0 interrupted iterations
saturation   [  65% ] 042/600 VUs  06m50.7s/10m30s  4.56 iters/s

running (06m51.8s), 040/600 VUs, 946 complete and 0 interrupted iterations
saturation   [  65% ] 040/600 VUs  06m51.7s/10m30s  4.57 iters/s

running (06m52.8s), 044/600 VUs, 947 complete and 0 interrupted iterations
saturation   [  66% ] 044/600 VUs  06m52.7s/10m30s  4.59 iters/s

running (06m53.8s), 044/600 VUs, 951 complete and 0 interrupted iterations
saturation   [  66% ] 044/600 VUs  06m53.7s/10m30s  4.60 iters/s

running (06m54.8s), 044/600 VUs, 956 complete and 0 interrupted iterations
saturation   [  66% ] 044/600 VUs  06m54.7s/10m30s  4.61 iters/s

running (06m55.8s), 049/600 VUs, 956 complete and 0 interrupted iterations
saturation   [  66% ] 049/600 VUs  06m55.7s/10m30s  4.62 iters/s

running (06m56.8s), 046/600 VUs, 963 complete and 0 interrupted iterations
saturation   [  66% ] 046/600 VUs  06m56.7s/10m30s  4.63 iters/s

running (06m57.8s), 050/600 VUs, 964 complete and 0 interrupted iterations
saturation   [  66% ] 050/600 VUs  06m57.7s/10m30s  4.64 iters/s

running (06m58.8s), 051/600 VUs, 967 complete and 0 interrupted iterations
saturation   [  66% ] 051/600 VUs  06m58.7s/10m30s  4.65 iters/s

running (06m59.8s), 048/600 VUs, 975 complete and 0 interrupted iterations
saturation   [  67% ] 048/600 VUs  06m59.7s/10m30s  4.66 iters/s

running (07m00.8s), 051/600 VUs, 977 complete and 0 interrupted iterations
saturation   [  67% ] 051/600 VUs  07m00.7s/10m30s  4.67 iters/s

running (07m01.8s), 050/600 VUs, 982 complete and 0 interrupted iterations
saturation   [  67% ] 050/600 VUs  07m01.7s/10m30s  4.68 iters/s

running (07m02.8s), 048/600 VUs, 989 complete and 0 interrupted iterations
saturation   [  67% ] 048/600 VUs  07m02.7s/10m30s  4.70 iters/s

running (07m03.8s), 049/600 VUs, 993 complete and 0 interrupted iterations
saturation   [  67% ] 049/600 VUs  07m03.7s/10m30s  4.71 iters/s

running (07m04.8s), 053/600 VUs, 994 complete and 0 interrupted iterations
saturation   [  67% ] 053/600 VUs  07m04.7s/10m30s  4.72 iters/s

running (07m05.8s), 050/600 VUs, 1001 complete and 0 interrupted iterations
saturation   [  68% ] 050/600 VUs  07m05.7s/10m30s  4.73 iters/s

running (07m06.8s), 053/600 VUs, 1003 complete and 0 interrupted iterations
saturation   [  68% ] 053/600 VUs  07m06.7s/10m30s  4.74 iters/s

running (07m07.8s), 056/600 VUs, 1005 complete and 0 interrupted iterations
saturation   [  68% ] 056/600 VUs  07m07.7s/10m30s  4.75 iters/s

running (07m08.8s), 055/600 VUs, 1011 complete and 0 interrupted iterations
saturation   [  68% ] 055/600 VUs  07m08.7s/10m30s  4.76 iters/s

running (07m09.8s), 057/600 VUs, 1013 complete and 0 interrupted iterations
saturation   [  68% ] 057/600 VUs  07m09.7s/10m30s  4.77 iters/s

running (07m10.8s), 054/600 VUs, 1021 complete and 0 interrupted iterations
saturation   [  68% ] 054/600 VUs  07m10.7s/10m30s  4.79 iters/s

running (07m11.8s), 057/600 VUs, 1023 complete and 0 interrupted iterations
saturation   [  69% ] 057/600 VUs  07m11.7s/10m30s  4.80 iters/s

running (07m12.8s), 054/600 VUs, 1031 complete and 0 interrupted iterations
saturation   [  69% ] 054/600 VUs  07m12.7s/10m30s  4.81 iters/s

running (07m13.8s), 052/600 VUs, 1037 complete and 0 interrupted iterations
saturation   [  69% ] 052/600 VUs  07m13.7s/10m30s  4.82 iters/s

running (07m14.8s), 055/600 VUs, 1039 complete and 0 interrupted iterations
saturation   [  69% ] 055/600 VUs  07m14.7s/10m30s  4.83 iters/s

running (07m15.8s), 057/600 VUs, 1042 complete and 0 interrupted iterations
saturation   [  69% ] 057/600 VUs  07m15.7s/10m30s  4.84 iters/s

running (07m16.8s), 057/600 VUs, 1047 complete and 0 interrupted iterations
saturation   [  69% ] 057/600 VUs  07m16.7s/10m30s  4.85 iters/s

running (07m17.8s), 056/600 VUs, 1053 complete and 0 interrupted iterations
saturation   [  69% ] 056/600 VUs  07m17.7s/10m30s  4.86 iters/s

running (07m18.8s), 056/600 VUs, 1058 complete and 0 interrupted iterations
saturation   [  70% ] 056/600 VUs  07m18.7s/10m30s  4.88 iters/s

running (07m19.8s), 056/600 VUs, 1063 complete and 0 interrupted iterations
saturation   [  70% ] 056/600 VUs  07m19.7s/10m30s  4.89 iters/s

running (07m20.8s), 059/600 VUs, 1064 complete and 0 interrupted iterations
saturation   [  70% ] 059/600 VUs  07m20.7s/10m30s  4.90 iters/s

running (07m21.8s), 062/600 VUs, 1066 complete and 0 interrupted iterations
saturation   [  70% ] 062/600 VUs  07m21.7s/10m30s  4.91 iters/s

running (07m22.8s), 059/600 VUs, 1074 complete and 0 interrupted iterations
saturation   [  70% ] 059/600 VUs  07m22.7s/10m30s  4.92 iters/s

running (07m23.8s), 061/600 VUs, 1077 complete and 0 interrupted iterations
saturation   [  70% ] 061/600 VUs  07m23.7s/10m30s  4.93 iters/s

running (07m24.8s), 062/600 VUs, 1081 complete and 0 interrupted iterations
saturation   [  71% ] 062/600 VUs  07m24.7s/10m30s  4.94 iters/s

running (07m25.8s), 063/600 VUs, 1085 complete and 0 interrupted iterations
saturation   [  71% ] 063/600 VUs  07m25.7s/10m30s  4.95 iters/s

running (07m26.8s), 065/600 VUs, 1088 complete and 0 interrupted iterations
saturation   [  71% ] 065/600 VUs  07m26.7s/10m30s  4.96 iters/s

running (07m27.8s), 062/600 VUs, 1096 complete and 0 interrupted iterations
saturation   [  71% ] 062/600 VUs  07m27.7s/10m30s  4.97 iters/s

running (07m28.8s), 058/600 VUs, 1105 complete and 0 interrupted iterations
saturation   [  71% ] 058/600 VUs  07m28.7s/10m30s  4.99 iters/s

running (07m29.8s), 061/600 VUs, 1107 complete and 0 interrupted iterations
saturation   [  71% ] 061/600 VUs  07m29.7s/10m30s  5.00 iters/s

running (07m30.8s), 060/600 VUs, 1113 complete and 0 interrupted iterations
saturation   [  72% ] 060/600 VUs  07m30.7s/10m30s  5.01 iters/s

running (07m31.8s), 063/600 VUs, 1115 complete and 0 interrupted iterations
saturation   [  72% ] 063/600 VUs  07m31.7s/10m30s  5.02 iters/s

running (07m32.8s), 060/600 VUs, 1123 complete and 0 interrupted iterations
saturation   [  72% ] 060/600 VUs  07m32.7s/10m30s  5.03 iters/s

running (07m33.8s), 058/600 VUs, 1130 complete and 0 interrupted iterations
saturation   [  72% ] 058/600 VUs  07m33.7s/10m30s  5.04 iters/s

running (07m34.8s), 061/600 VUs, 1132 complete and 0 interrupted iterations
saturation   [  72% ] 061/600 VUs  07m34.7s/10m30s  5.05 iters/s

running (07m35.8s), 064/600 VUs, 1134 complete and 0 interrupted iterations
saturation   [  72% ] 064/600 VUs  07m35.7s/10m30s  5.06 iters/s

running (07m36.8s), 060/600 VUs, 1143 complete and 0 interrupted iterations
saturation   [  72% ] 060/600 VUs  07m36.7s/10m30s  5.07 iters/s

running (07m37.8s), 061/600 VUs, 1147 complete and 0 interrupted iterations
saturation   [  73% ] 061/600 VUs  07m37.7s/10m30s  5.08 iters/s

running (07m38.8s), 060/600 VUs, 1153 complete and 0 interrupted iterations
saturation   [  73% ] 060/600 VUs  07m38.7s/10m30s  5.10 iters/s

running (07m39.8s), 064/600 VUs, 1155 complete and 0 interrupted iterations
saturation   [  73% ] 064/600 VUs  07m39.7s/10m30s  5.11 iters/s

running (07m40.8s), 064/600 VUs, 1160 complete and 0 interrupted iterations
saturation   [  73% ] 064/600 VUs  07m40.7s/10m30s  5.12 iters/s

running (07m41.8s), 061/600 VUs, 1168 complete and 0 interrupted iterations
saturation   [  73% ] 061/600 VUs  07m41.7s/10m30s  5.13 iters/s

running (07m42.8s), 064/600 VUs, 1170 complete and 0 interrupted iterations
saturation   [  73% ] 064/600 VUs  07m42.7s/10m30s  5.14 iters/s

running (07m43.8s), 062/600 VUs, 1177 complete and 0 interrupted iterations
saturation   [  74% ] 062/600 VUs  07m43.7s/10m30s  5.15 iters/s

running (07m44.8s), 064/600 VUs, 1180 complete and 0 interrupted iterations
saturation   [  74% ] 064/600 VUs  07m44.7s/10m30s  5.16 iters/s

running (07m45.8s), 060/600 VUs, 1189 complete and 0 interrupted iterations
saturation   [  74% ] 060/600 VUs  07m45.7s/10m30s  5.17 iters/s

running (07m46.8s), 062/600 VUs, 1193 complete and 0 interrupted iterations
saturation   [  74% ] 062/600 VUs  07m46.7s/10m30s  5.19 iters/s

running (07m47.8s), 066/600 VUs, 1194 complete and 0 interrupted iterations
saturation   [  74% ] 066/600 VUs  07m47.7s/10m30s  5.20 iters/s

running (07m48.8s), 064/600 VUs, 1201 complete and 0 interrupted iterations
saturation   [  74% ] 064/600 VUs  07m48.7s/10m30s  5.21 iters/s

running (07m49.8s), 064/600 VUs, 1206 complete and 0 interrupted iterations
saturation   [  75% ] 064/600 VUs  07m49.7s/10m30s  5.22 iters/s

running (07m50.8s), 062/600 VUs, 1213 complete and 0 interrupted iterations
saturation   [  75% ] 062/600 VUs  07m50.7s/10m30s  5.23 iters/s

running (07m51.8s), 059/600 VUs, 1222 complete and 0 interrupted iterations
saturation   [  75% ] 059/600 VUs  07m51.7s/10m30s  5.24 iters/s

running (07m52.8s), 061/600 VUs, 1225 complete and 0 interrupted iterations
saturation   [  75% ] 061/600 VUs  07m52.7s/10m30s  5.25 iters/s

running (07m53.8s), 063/600 VUs, 1228 complete and 0 interrupted iterations
saturation   [  75% ] 063/600 VUs  07m53.7s/10m30s  5.26 iters/s

running (07m54.8s), 060/600 VUs, 1236 complete and 0 interrupted iterations
saturation   [  75% ] 060/600 VUs  07m54.7s/10m30s  5.27 iters/s

running (07m55.8s), 061/600 VUs, 1241 complete and 0 interrupted iterations
saturation   [  76% ] 061/600 VUs  07m55.7s/10m30s  5.29 iters/s

running (07m56.8s), 064/600 VUs, 1243 complete and 0 interrupted iterations
saturation   [  76% ] 064/600 VUs  07m56.7s/10m30s  5.30 iters/s

running (07m57.8s), 059/600 VUs, 1253 complete and 0 interrupted iterations
saturation   [  76% ] 059/600 VUs  07m57.7s/10m30s  5.31 iters/s

running (07m58.8s), 061/600 VUs, 1257 complete and 0 interrupted iterations
saturation   [  76% ] 061/600 VUs  07m58.7s/10m30s  5.32 iters/s

running (07m59.8s), 061/600 VUs, 1262 complete and 0 interrupted iterations
saturation   [  76% ] 061/600 VUs  07m59.7s/10m30s  5.33 iters/s

running (08m00.8s), 059/600 VUs, 1269 complete and 0 interrupted iterations
saturation   [  76% ] 059/600 VUs  08m00.7s/10m30s  5.34 iters/s

running (08m01.8s), 063/600 VUs, 1271 complete and 0 interrupted iterations
saturation   [  76% ] 063/600 VUs  08m01.7s/10m30s  5.35 iters/s

running (08m02.8s), 067/600 VUs, 1272 complete and 0 interrupted iterations
saturation   [  77% ] 067/600 VUs  08m02.7s/10m30s  5.36 iters/s

running (08m03.8s), 064/600 VUs, 1280 complete and 0 interrupted iterations
saturation   [  77% ] 064/600 VUs  08m03.7s/10m30s  5.37 iters/s

running (08m04.8s), 067/600 VUs, 1283 complete and 0 interrupted iterations
saturation   [  77% ] 067/600 VUs  08m04.7s/10m30s  5.39 iters/s

running (08m05.8s), 066/600 VUs, 1289 complete and 0 interrupted iterations
saturation   [  77% ] 066/600 VUs  08m05.7s/10m30s  5.40 iters/s

running (08m06.8s), 062/600 VUs, 1299 complete and 0 interrupted iterations
saturation   [  77% ] 062/600 VUs  08m06.7s/10m30s  5.41 iters/s

running (08m07.8s), 064/600 VUs, 1302 complete and 0 interrupted iterations
saturation   [  77% ] 064/600 VUs  08m07.7s/10m30s  5.42 iters/s

running (08m08.8s), 063/600 VUs, 1308 complete and 0 interrupted iterations
saturation   [  78% ] 063/600 VUs  08m08.7s/10m30s  5.43 iters/s

running (08m09.8s), 068/600 VUs, 1309 complete and 0 interrupted iterations
saturation   [  78% ] 068/600 VUs  08m09.7s/10m30s  5.44 iters/s

running (08m10.8s), 063/600 VUs, 1319 complete and 0 interrupted iterations
saturation   [  78% ] 063/600 VUs  08m10.7s/10m30s  5.45 iters/s

running (08m11.8s), 062/600 VUs, 1326 complete and 0 interrupted iterations
saturation   [  78% ] 062/600 VUs  08m11.7s/10m30s  5.46 iters/s

running (08m12.8s), 063/600 VUs, 1330 complete and 0 interrupted iterations
saturation   [  78% ] 063/600 VUs  08m12.7s/10m30s  5.47 iters/s

running (08m13.8s), 069/600 VUs, 1330 complete and 0 interrupted iterations
saturation   [  78% ] 069/600 VUs  08m13.7s/10m30s  5.49 iters/s

running (08m14.8s), 072/600 VUs, 1332 complete and 0 interrupted iterations
saturation   [  79% ] 072/600 VUs  08m14.7s/10m30s  5.50 iters/s

running (08m15.8s), 072/600 VUs, 1338 complete and 0 interrupted iterations
saturation   [  79% ] 072/600 VUs  08m15.7s/10m30s  5.51 iters/s

running (08m16.8s), 071/600 VUs, 1344 complete and 0 interrupted iterations
saturation   [  79% ] 071/600 VUs  08m16.7s/10m30s  5.52 iters/s

running (08m17.8s), 071/600 VUs, 1350 complete and 0 interrupted iterations
saturation   [  79% ] 071/600 VUs  08m17.7s/10m30s  5.53 iters/s

running (08m18.8s), 067/600 VUs, 1359 complete and 0 interrupted iterations
saturation   [  79% ] 067/600 VUs  08m18.7s/10m30s  5.54 iters/s

running (08m19.8s), 066/600 VUs, 1366 complete and 0 interrupted iterations
saturation   [  79% ] 066/600 VUs  08m19.7s/10m30s  5.55 iters/s

running (08m20.8s), 069/600 VUs, 1368 complete and 0 interrupted iterations
saturation   [  79% ] 069/600 VUs  08m20.7s/10m30s  5.56 iters/s

running (08m21.8s), 065/600 VUs, 1378 complete and 0 interrupted iterations
saturation   [  80% ] 065/600 VUs  08m21.7s/10m30s  5.57 iters/s

running (08m22.8s), 070/600 VUs, 1378 complete and 0 interrupted iterations
saturation   [  80% ] 070/600 VUs  08m22.7s/10m30s  5.58 iters/s

running (08m23.8s), 069/600 VUs, 1385 complete and 0 interrupted iterations
saturation   [  80% ] 069/600 VUs  08m23.7s/10m30s  5.60 iters/s

running (08m24.8s), 067/600 VUs, 1393 complete and 0 interrupted iterations
saturation   [  80% ] 067/600 VUs  08m24.7s/10m30s  5.61 iters/s

running (08m25.8s), 072/600 VUs, 1393 complete and 0 interrupted iterations
saturation   [  80% ] 072/600 VUs  08m25.7s/10m30s  5.62 iters/s

running (08m26.8s), 068/600 VUs, 1403 complete and 0 interrupted iterations
saturation   [  80% ] 068/600 VUs  08m26.7s/10m30s  5.63 iters/s

running (08m27.8s), 073/600 VUs, 1404 complete and 0 interrupted iterations
saturation   [  81% ] 073/600 VUs  08m27.7s/10m30s  5.64 iters/s

running (08m28.8s), 075/600 VUs, 1407 complete and 0 interrupted iterations
saturation   [  81% ] 075/600 VUs  08m28.7s/10m30s  5.65 iters/s

running (08m29.8s), 077/600 VUs, 1411 complete and 0 interrupted iterations
saturation   [  81% ] 077/600 VUs  08m29.7s/10m30s  5.66 iters/s

running (08m30.8s), 072/600 VUs, 1421 complete and 0 interrupted iterations
saturation   [  81% ] 072/600 VUs  08m30.7s/10m30s  5.67 iters/s

running (08m31.8s), 072/600 VUs, 1427 complete and 0 interrupted iterations
saturation   [  81% ] 072/600 VUs  08m31.7s/10m30s  5.69 iters/s

running (08m32.8s), 073/600 VUs, 1432 complete and 0 interrupted iterations
saturation   [  81% ] 073/600 VUs  08m32.7s/10m30s  5.70 iters/s

running (08m33.8s), 078/600 VUs, 1433 complete and 0 interrupted iterations
saturation   [  82% ] 078/600 VUs  08m33.7s/10m30s  5.71 iters/s

running (08m34.8s), 071/600 VUs, 1445 complete and 0 interrupted iterations
saturation   [  82% ] 071/600 VUs  08m34.7s/10m30s  5.72 iters/s

running (08m35.8s), 066/600 VUs, 1456 complete and 0 interrupted iterations
saturation   [  82% ] 066/600 VUs  08m35.7s/10m30s  5.73 iters/s

running (08m36.8s), 071/600 VUs, 1457 complete and 0 interrupted iterations
saturation   [  82% ] 071/600 VUs  08m36.7s/10m30s  5.74 iters/s

running (08m37.8s), 068/600 VUs, 1465 complete and 0 interrupted iterations
saturation   [  82% ] 068/600 VUs  08m37.7s/10m30s  5.75 iters/s

running (08m38.8s), 074/600 VUs, 1465 complete and 0 interrupted iterations
saturation   [  82% ] 074/600 VUs  08m38.7s/10m30s  5.76 iters/s

running (08m39.8s), 073/600 VUs, 1472 complete and 0 interrupted iterations
saturation   [  82% ] 073/600 VUs  08m39.7s/10m30s  5.77 iters/s

running (08m40.8s), 072/600 VUs, 1479 complete and 0 interrupted iterations
saturation   [  83% ] 072/600 VUs  08m40.7s/10m30s  5.79 iters/s

running (08m41.8s), 070/600 VUs, 1487 complete and 0 interrupted iterations
saturation   [  83% ] 070/600 VUs  08m41.7s/10m30s  5.80 iters/s

running (08m42.8s), 074/600 VUs, 1488 complete and 0 interrupted iterations
saturation   [  83% ] 074/600 VUs  08m42.7s/10m30s  5.81 iters/s

running (08m43.8s), 077/600 VUs, 1491 complete and 0 interrupted iterations
saturation   [  83% ] 077/600 VUs  08m43.7s/10m30s  5.82 iters/s

running (08m44.8s), 075/600 VUs, 1499 complete and 0 interrupted iterations
saturation   [  83% ] 075/600 VUs  08m44.7s/10m30s  5.83 iters/s

running (08m45.8s), 072/600 VUs, 1508 complete and 0 interrupted iterations
saturation   [  83% ] 072/600 VUs  08m45.7s/10m30s  5.84 iters/s

running (08m46.8s), 076/600 VUs, 1510 complete and 0 interrupted iterations
saturation   [  84% ] 076/600 VUs  08m46.7s/10m30s  5.85 iters/s

running (08m47.8s), 076/600 VUs, 1516 complete and 0 interrupted iterations
saturation   [  84% ] 076/600 VUs  08m47.7s/10m30s  5.86 iters/s

running (08m48.8s), 079/600 VUs, 1518 complete and 0 interrupted iterations
saturation   [  84% ] 079/600 VUs  08m48.7s/10m30s  5.87 iters/s

running (08m49.8s), 075/600 VUs, 1528 complete and 0 interrupted iterations
saturation   [  84% ] 075/600 VUs  08m49.7s/10m30s  5.89 iters/s

running (08m50.8s), 077/600 VUs, 1532 complete and 0 interrupted iterations
saturation   [  84% ] 077/600 VUs  08m50.7s/10m30s  5.90 iters/s

running (08m51.8s), 075/600 VUs, 1540 complete and 0 interrupted iterations
saturation   [  84% ] 075/600 VUs  08m51.7s/10m30s  5.91 iters/s

running (08m52.8s), 073/600 VUs, 1548 complete and 0 interrupted iterations
saturation   [  85% ] 073/600 VUs  08m52.7s/10m30s  5.92 iters/s

running (08m53.8s), 077/600 VUs, 1550 complete and 0 interrupted iterations
saturation   [  85% ] 077/600 VUs  08m53.7s/10m30s  5.93 iters/s

running (08m54.8s), 082/600 VUs, 1551 complete and 0 interrupted iterations
saturation   [  85% ] 082/600 VUs  08m54.7s/10m30s  5.94 iters/s

running (08m55.8s), 072/600 VUs, 1567 complete and 0 interrupted iterations
saturation   [  85% ] 072/600 VUs  08m55.7s/10m30s  5.95 iters/s

running (08m56.8s), 074/600 VUs, 1571 complete and 0 interrupted iterations
saturation   [  85% ] 074/600 VUs  08m56.7s/10m30s  5.96 iters/s

running (08m57.8s), 072/600 VUs, 1579 complete and 0 interrupted iterations
saturation   [  85% ] 072/600 VUs  08m57.7s/10m30s  5.97 iters/s

running (08m58.8s), 070/600 VUs, 1587 complete and 0 interrupted iterations
saturation   [  86% ] 070/600 VUs  08m58.7s/10m30s  5.99 iters/s

running (08m59.8s), 072/600 VUs, 1591 complete and 0 interrupted iterations
saturation   [  86% ] 072/600 VUs  08m59.7s/10m30s  6.00 iters/s

running (09m00.8s), 073/600 VUs, 1596 complete and 0 interrupted iterations
saturation   [  86% ] 073/600 VUs  09m00.7s/10m30s  6.00 iters/s

running (09m01.8s), 073/600 VUs, 1602 complete and 0 interrupted iterations
saturation   [  86% ] 073/600 VUs  09m01.7s/10m30s  6.00 iters/s

running (09m02.8s), 074/600 VUs, 1607 complete and 0 interrupted iterations
saturation   [  86% ] 074/600 VUs  09m02.7s/10m30s  6.00 iters/s

running (09m03.8s), 079/600 VUs, 1608 complete and 0 interrupted iterations
saturation   [  86% ] 079/600 VUs  09m03.7s/10m30s  6.00 iters/s

running (09m04.8s), 075/600 VUs, 1618 complete and 0 interrupted iterations
saturation   [  86% ] 075/600 VUs  09m04.7s/10m30s  6.00 iters/s

running (09m05.8s), 071/600 VUs, 1628 complete and 0 interrupted iterations
saturation   [  87% ] 071/600 VUs  09m05.7s/10m30s  6.00 iters/s

running (09m06.8s), 075/600 VUs, 1630 complete and 0 interrupted iterations
saturation   [  87% ] 075/600 VUs  09m06.7s/10m30s  6.00 iters/s

running (09m07.8s), 079/600 VUs, 1632 complete and 0 interrupted iterations
saturation   [  87% ] 079/600 VUs  09m07.7s/10m30s  6.00 iters/s

running (09m08.8s), 080/600 VUs, 1637 complete and 0 interrupted iterations
saturation   [  87% ] 080/600 VUs  09m08.7s/10m30s  6.00 iters/s

running (09m09.8s), 075/600 VUs, 1648 complete and 0 interrupted iterations
saturation   [  87% ] 075/600 VUs  09m09.7s/10m30s  6.00 iters/s

running (09m10.8s), 075/600 VUs, 1654 complete and 0 interrupted iterations
saturation   [  87% ] 075/600 VUs  09m10.7s/10m30s  6.00 iters/s

running (09m11.8s), 076/600 VUs, 1659 complete and 0 interrupted iterations
saturation   [  88% ] 076/600 VUs  09m11.7s/10m30s  6.00 iters/s

running (09m12.8s), 074/600 VUs, 1667 complete and 0 interrupted iterations
saturation   [  88% ] 074/600 VUs  09m12.7s/10m30s  6.00 iters/s

running (09m13.8s), 076/600 VUs, 1671 complete and 0 interrupted iterations
saturation   [  88% ] 076/600 VUs  09m13.7s/10m30s  6.00 iters/s

running (09m14.8s), 081/600 VUs, 1672 complete and 0 interrupted iterations
saturation   [  88% ] 081/600 VUs  09m14.7s/10m30s  6.00 iters/s

running (09m15.8s), 077/600 VUs, 1682 complete and 0 interrupted iterations
saturation   [  88% ] 077/600 VUs  09m15.7s/10m30s  6.00 iters/s

running (09m16.8s), 073/600 VUs, 1692 complete and 0 interrupted iterations
saturation   [  88% ] 073/600 VUs  09m16.7s/10m30s  6.00 iters/s

running (09m17.8s), 077/600 VUs, 1694 complete and 0 interrupted iterations
saturation   [  89% ] 077/600 VUs  09m17.7s/10m30s  6.00 iters/s

running (09m18.8s), 081/600 VUs, 1696 complete and 0 interrupted iterations
saturation   [  89% ] 081/600 VUs  09m18.7s/10m30s  6.00 iters/s

running (09m19.8s), 081/600 VUs, 1702 complete and 0 interrupted iterations
saturation   [  89% ] 081/600 VUs  09m19.7s/10m30s  6.00 iters/s

running (09m20.8s), 078/600 VUs, 1711 complete and 0 interrupted iterations
saturation   [  89% ] 078/600 VUs  09m20.7s/10m30s  6.00 iters/s

running (09m21.8s), 077/600 VUs, 1718 complete and 0 interrupted iterations
saturation   [  89% ] 077/600 VUs  09m21.7s/10m30s  6.00 iters/s

running (09m22.8s), 078/600 VUs, 1723 complete and 0 interrupted iterations
saturation   [  89% ] 078/600 VUs  09m22.7s/10m30s  6.00 iters/s

running (09m23.8s), 079/600 VUs, 1728 complete and 0 interrupted iterations
saturation   [  89% ] 079/600 VUs  09m23.7s/10m30s  6.00 iters/s

running (09m24.8s), 082/600 VUs, 1731 complete and 0 interrupted iterations
saturation   [  90% ] 082/600 VUs  09m24.7s/10m30s  6.00 iters/s

running (09m25.8s), 086/600 VUs, 1733 complete and 0 interrupted iterations
saturation   [  90% ] 086/600 VUs  09m25.7s/10m30s  6.00 iters/s

running (09m26.8s), 090/600 VUs, 1735 complete and 0 interrupted iterations
saturation   [  90% ] 090/600 VUs  09m26.7s/10m30s  6.00 iters/s

running (09m27.8s), 088/600 VUs, 1743 complete and 0 interrupted iterations
saturation   [  90% ] 088/600 VUs  09m27.7s/10m30s  6.00 iters/s

running (09m28.8s), 088/600 VUs, 1749 complete and 0 interrupted iterations
saturation   [  90% ] 088/600 VUs  09m28.7s/10m30s  6.00 iters/s

running (09m29.8s), 086/600 VUs, 1757 complete and 0 interrupted iterations
saturation   [  90% ] 086/600 VUs  09m29.7s/10m30s  6.00 iters/s

running (09m30.8s), 087/600 VUs, 1762 complete and 0 interrupted iterations
saturation   [  91% ] 087/600 VUs  09m30.7s/10m30s  6.00 iters/s

running (09m31.8s), 090/600 VUs, 1765 complete and 0 interrupted iterations
saturation   [  91% ] 090/600 VUs  09m31.7s/10m30s  6.00 iters/s

running (09m32.8s), 092/600 VUs, 1769 complete and 0 interrupted iterations
saturation   [  91% ] 092/600 VUs  09m32.7s/10m30s  6.00 iters/s

running (09m33.8s), 087/600 VUs, 1780 complete and 0 interrupted iterations
saturation   [  91% ] 087/600 VUs  09m33.7s/10m30s  6.00 iters/s

running (09m34.8s), 089/600 VUs, 1784 complete and 0 interrupted iterations
saturation   [  91% ] 089/600 VUs  09m34.7s/10m30s  6.00 iters/s

running (09m35.8s), 086/600 VUs, 1793 complete and 0 interrupted iterations
saturation   [  91% ] 086/600 VUs  09m35.7s/10m30s  6.00 iters/s

running (09m36.8s), 085/600 VUs, 1800 complete and 0 interrupted iterations
saturation   [  92% ] 085/600 VUs  09m36.7s/10m30s  6.00 iters/s

running (09m37.8s), 086/600 VUs, 1805 complete and 0 interrupted iterations
saturation   [  92% ] 086/600 VUs  09m37.7s/10m30s  6.00 iters/s

running (09m38.8s), 088/600 VUs, 1809 complete and 0 interrupted iterations
saturation   [  92% ] 088/600 VUs  09m38.7s/10m30s  6.00 iters/s

running (09m39.8s), 088/600 VUs, 1815 complete and 0 interrupted iterations
saturation   [  92% ] 088/600 VUs  09m39.7s/10m30s  6.00 iters/s

running (09m40.8s), 091/600 VUs, 1818 complete and 0 interrupted iterations
saturation   [  92% ] 091/600 VUs  09m40.7s/10m30s  6.00 iters/s

running (09m41.8s), 087/600 VUs, 1828 complete and 0 interrupted iterations
saturation   [  92% ] 087/600 VUs  09m41.7s/10m30s  6.00 iters/s

running (09m42.8s), 086/600 VUs, 1835 complete and 0 interrupted iterations
saturation   [  92% ] 086/600 VUs  09m42.7s/10m30s  6.00 iters/s

running (09m43.8s), 083/600 VUs, 1844 complete and 0 interrupted iterations
saturation   [  93% ] 083/600 VUs  09m43.7s/10m30s  6.00 iters/s

running (09m44.8s), 082/600 VUs, 1851 complete and 0 interrupted iterations
saturation   [  93% ] 082/600 VUs  09m44.7s/10m30s  6.00 iters/s

running (09m45.8s), 085/600 VUs, 1854 complete and 0 interrupted iterations
saturation   [  93% ] 085/600 VUs  09m45.7s/10m30s  6.00 iters/s

running (09m46.8s), 088/600 VUs, 1857 complete and 0 interrupted iterations
saturation   [  93% ] 088/600 VUs  09m46.7s/10m30s  6.00 iters/s

running (09m47.8s), 091/600 VUs, 1860 complete and 0 interrupted iterations
saturation   [  93% ] 091/600 VUs  09m47.7s/10m30s  6.00 iters/s

running (09m48.8s), 087/600 VUs, 1870 complete and 0 interrupted iterations
saturation   [  93% ] 087/600 VUs  09m48.7s/10m30s  6.00 iters/s

running (09m49.8s), 082/600 VUs, 1881 complete and 0 interrupted iterations
saturation   [  94% ] 082/600 VUs  09m49.7s/10m30s  6.00 iters/s

running (09m50.8s), 084/600 VUs, 1885 complete and 0 interrupted iterations
saturation   [  94% ] 084/600 VUs  09m50.7s/10m30s  6.00 iters/s

running (09m51.8s), 084/600 VUs, 1891 complete and 0 interrupted iterations
saturation   [  94% ] 084/600 VUs  09m51.7s/10m30s  6.00 iters/s

running (09m52.8s), 083/600 VUs, 1898 complete and 0 interrupted iterations
saturation   [  94% ] 083/600 VUs  09m52.7s/10m30s  6.00 iters/s

running (09m53.8s), 082/600 VUs, 1905 complete and 0 interrupted iterations
saturation   [  94% ] 082/600 VUs  09m53.7s/10m30s  6.00 iters/s

running (09m54.8s), 084/600 VUs, 1909 complete and 0 interrupted iterations
saturation   [  94% ] 084/600 VUs  09m54.7s/10m30s  6.00 iters/s

running (09m55.8s), 082/600 VUs, 1917 complete and 0 interrupted iterations
saturation   [  95% ] 082/600 VUs  09m55.7s/10m30s  6.00 iters/s

running (09m56.8s), 081/600 VUs, 1924 complete and 0 interrupted iterations
saturation   [  95% ] 081/600 VUs  09m56.7s/10m30s  6.00 iters/s

running (09m57.8s), 085/600 VUs, 1926 complete and 0 interrupted iterations
saturation   [  95% ] 085/600 VUs  09m57.7s/10m30s  6.00 iters/s

running (09m58.8s), 087/600 VUs, 1930 complete and 0 interrupted iterations
saturation   [  95% ] 087/600 VUs  09m58.7s/10m30s  6.00 iters/s

running (09m59.8s), 080/600 VUs, 1943 complete and 0 interrupted iterations
saturation   [  95% ] 080/600 VUs  09m59.7s/10m30s  6.00 iters/s

running (10m00.8s), 085/600 VUs, 1944 complete and 0 interrupted iterations
saturation   [  95% ] 085/600 VUs  10m00.7s/10m30s  6.00 iters/s

running (10m01.8s), 086/600 VUs, 1949 complete and 0 interrupted iterations
saturation   [  96% ] 086/600 VUs  10m01.7s/10m30s  6.00 iters/s

running (10m02.8s), 079/600 VUs, 1962 complete and 0 interrupted iterations
saturation   [  96% ] 079/600 VUs  10m02.7s/10m30s  6.00 iters/s

running (10m03.8s), 083/600 VUs, 1964 complete and 0 interrupted iterations
saturation   [  96% ] 083/600 VUs  10m03.7s/10m30s  6.00 iters/s

running (10m04.8s), 086/600 VUs, 1967 complete and 0 interrupted iterations
saturation   [  96% ] 086/600 VUs  10m04.7s/10m30s  6.00 iters/s

running (10m05.8s), 080/600 VUs, 1979 complete and 0 interrupted iterations
saturation   [  96% ] 080/600 VUs  10m05.7s/10m30s  6.00 iters/s

running (10m06.8s), 079/600 VUs, 1986 complete and 0 interrupted iterations
saturation   [  96% ] 079/600 VUs  10m06.7s/10m30s  6.00 iters/s

running (10m07.8s), 084/600 VUs, 1987 complete and 0 interrupted iterations
saturation   [  96% ] 084/600 VUs  10m07.7s/10m30s  6.00 iters/s

running (10m08.8s), 086/600 VUs, 1991 complete and 0 interrupted iterations
saturation   [  97% ] 086/600 VUs  10m08.7s/10m30s  6.00 iters/s

running (10m09.8s), 089/600 VUs, 1994 complete and 0 interrupted iterations
saturation   [  97% ] 089/600 VUs  10m09.7s/10m30s  6.00 iters/s

running (10m10.8s), 086/600 VUs, 2003 complete and 0 interrupted iterations
saturation   [  97% ] 086/600 VUs  10m10.7s/10m30s  6.00 iters/s

running (10m11.8s), 090/600 VUs, 2005 complete and 0 interrupted iterations
saturation   [  97% ] 090/600 VUs  10m11.7s/10m30s  6.00 iters/s

running (10m12.8s), 091/600 VUs, 2010 complete and 0 interrupted iterations
saturation   [  97% ] 091/600 VUs  10m12.7s/10m30s  6.00 iters/s

running (10m13.8s), 094/600 VUs, 2013 complete and 0 interrupted iterations
saturation   [  97% ] 094/600 VUs  10m13.7s/10m30s  6.00 iters/s

running (10m14.8s), 088/600 VUs, 2025 complete and 0 interrupted iterations
saturation   [  98% ] 088/600 VUs  10m14.7s/10m30s  6.00 iters/s

running (10m15.8s), 086/600 VUs, 2033 complete and 0 interrupted iterations
saturation   [  98% ] 086/600 VUs  10m15.7s/10m30s  6.00 iters/s

running (10m16.8s), 088/600 VUs, 2037 complete and 0 interrupted iterations
saturation   [  98% ] 088/600 VUs  10m16.7s/10m30s  6.00 iters/s

running (10m17.8s), 083/600 VUs, 2048 complete and 0 interrupted iterations
saturation   [  98% ] 083/600 VUs  10m17.7s/10m30s  6.00 iters/s

running (10m18.8s), 083/600 VUs, 2054 complete and 0 interrupted iterations
saturation   [  98% ] 083/600 VUs  10m18.7s/10m30s  6.00 iters/s

running (10m19.8s), 085/600 VUs, 2058 complete and 0 interrupted iterations
saturation   [  98% ] 085/600 VUs  10m19.7s/10m30s  6.00 iters/s

running (10m20.8s), 085/600 VUs, 2064 complete and 0 interrupted iterations
saturation   [  99% ] 085/600 VUs  10m20.7s/10m30s  6.00 iters/s

running (10m21.8s), 083/600 VUs, 2072 complete and 0 interrupted iterations
saturation   [  99% ] 083/600 VUs  10m21.7s/10m30s  6.00 iters/s

running (10m22.8s), 083/600 VUs, 2078 complete and 0 interrupted iterations
saturation   [  99% ] 083/600 VUs  10m22.7s/10m30s  6.00 iters/s

running (10m23.8s), 082/600 VUs, 2085 complete and 0 interrupted iterations
saturation   [  99% ] 082/600 VUs  10m23.7s/10m30s  6.00 iters/s

running (10m24.8s), 082/600 VUs, 2091 complete and 0 interrupted iterations
saturation   [  99% ] 082/600 VUs  10m24.7s/10m30s  6.00 iters/s

running (10m25.8s), 083/600 VUs, 2096 complete and 0 interrupted iterations
saturation   [  99% ] 083/600 VUs  10m25.7s/10m30s  6.00 iters/s

running (10m26.8s), 087/600 VUs, 2098 complete and 0 interrupted iterations
saturation   [  99% ] 087/600 VUs  10m26.7s/10m30s  6.00 iters/s

running (10m27.8s), 084/600 VUs, 2107 complete and 0 interrupted iterations
saturation   [ 100% ] 084/600 VUs  10m27.7s/10m30s  6.00 iters/s

running (10m28.8s), 080/600 VUs, 2117 complete and 0 interrupted iterations
saturation   [ 100% ] 080/600 VUs  10m28.7s/10m30s  6.00 iters/s

running (10m29.8s), 084/600 VUs, 2119 complete and 0 interrupted iterations
saturation   [ 100% ] 084/600 VUs  10m29.7s/10m30s  6.00 iters/s

running (10m30.8s), 076/600 VUs, 2128 complete and 0 interrupted iterations
saturation ↓ [ 100% ] 079/600 VUs  10m30s  6.00 iters/s

running (10m31.8s), 072/600 VUs, 2132 complete and 0 interrupted iterations
saturation ↓ [ 100% ] 079/600 VUs  10m30s  6.00 iters/s

running (10m32.8s), 065/600 VUs, 2139 complete and 0 interrupted iterations
saturation ↓ [ 100% ] 079/600 VUs  10m30s  6.00 iters/s

running (10m33.8s), 064/600 VUs, 2140 complete and 0 interrupted iterations
saturation ↓ [ 100% ] 079/600 VUs  10m30s  6.00 iters/s

running (10m34.8s), 061/600 VUs, 2143 complete and 0 interrupted iterations
saturation ↓ [ 100% ] 079/600 VUs  10m30s  6.00 iters/s

running (10m35.8s), 057/600 VUs, 2147 complete and 0 interrupted iterations
saturation ↓ [ 100% ] 079/600 VUs  10m30s  6.00 iters/s

running (10m36.8s), 055/600 VUs, 2149 complete and 0 interrupted iterations
saturation ↓ [ 100% ] 079/600 VUs  10m30s  6.00 iters/s

running (10m37.8s), 048/600 VUs, 2156 complete and 0 interrupted iterations
saturation ↓ [ 100% ] 079/600 VUs  10m30s  6.00 iters/s

running (10m38.8s), 047/600 VUs, 2157 complete and 0 interrupted iterations
saturation ↓ [ 100% ] 079/600 VUs  10m30s  6.00 iters/s

running (10m39.8s), 044/600 VUs, 2160 complete and 0 interrupted iterations
saturation ↓ [ 100% ] 079/600 VUs  10m30s  6.00 iters/s

running (10m40.8s), 043/600 VUs, 2161 complete and 0 interrupted iterations
saturation ↓ [ 100% ] 079/600 VUs  10m30s  6.00 iters/s

running (10m41.8s), 039/600 VUs, 2165 complete and 0 interrupted iterations
saturation ↓ [ 100% ] 079/600 VUs  10m30s  6.00 iters/s

running (10m42.8s), 038/600 VUs, 2166 complete and 0 interrupted iterations
saturation ↓ [ 100% ] 079/600 VUs  10m30s  6.00 iters/s

running (10m43.8s), 037/600 VUs, 2167 complete and 0 interrupted iterations
saturation ↓ [ 100% ] 079/600 VUs  10m30s  6.00 iters/s

running (10m44.8s), 034/600 VUs, 2170 complete and 0 interrupted iterations
saturation ↓ [ 100% ] 079/600 VUs  10m30s  6.00 iters/s

running (10m45.8s), 034/600 VUs, 2170 complete and 0 interrupted iterations
saturation ↓ [ 100% ] 079/600 VUs  10m30s  6.00 iters/s

running (10m46.8s), 032/600 VUs, 2172 complete and 0 interrupted iterations
saturation ↓ [ 100% ] 079/600 VUs  10m30s  6.00 iters/s

running (10m47.8s), 029/600 VUs, 2175 complete and 0 interrupted iterations
saturation ↓ [ 100% ] 079/600 VUs  10m30s  6.00 iters/s

running (10m48.8s), 027/600 VUs, 2177 complete and 0 interrupted iterations
saturation ↓ [ 100% ] 079/600 VUs  10m30s  6.00 iters/s

running (10m49.8s), 025/600 VUs, 2179 complete and 0 interrupted iterations
saturation ↓ [ 100% ] 079/600 VUs  10m30s  6.00 iters/s

running (10m50.8s), 024/600 VUs, 2180 complete and 0 interrupted iterations
saturation ↓ [ 100% ] 079/600 VUs  10m30s  6.00 iters/s

running (10m51.8s), 022/600 VUs, 2182 complete and 0 interrupted iterations
saturation ↓ [ 100% ] 079/600 VUs  10m30s  6.00 iters/s

running (10m52.8s), 019/600 VUs, 2185 complete and 0 interrupted iterations
saturation ↓ [ 100% ] 079/600 VUs  10m30s  6.00 iters/s

running (10m53.8s), 017/600 VUs, 2187 complete and 0 interrupted iterations
saturation ↓ [ 100% ] 079/600 VUs  10m30s  6.00 iters/s

running (10m54.8s), 014/600 VUs, 2190 complete and 0 interrupted iterations
saturation ↓ [ 100% ] 079/600 VUs  10m30s  6.00 iters/s

running (10m55.8s), 012/600 VUs, 2192 complete and 0 interrupted iterations
saturation ↓ [ 100% ] 079/600 VUs  10m30s  6.00 iters/s

running (10m56.8s), 008/600 VUs, 2196 complete and 0 interrupted iterations
saturation ↓ [ 100% ] 079/600 VUs  10m30s  6.00 iters/s

running (10m57.8s), 005/600 VUs, 2199 complete and 0 interrupted iterations
saturation ↓ [ 100% ] 079/600 VUs  10m30s  6.00 iters/s

running (10m58.8s), 004/600 VUs, 2200 complete and 0 interrupted iterations
saturation ↓ [ 100% ] 079/600 VUs  10m30s  6.00 iters/s

================ DSP benchmark summary ================
-- per-phase latency --
  catalog                    p50=64.5 ms  p95=76.1 ms  p99=87.6 ms  max=256.3 ms  n=2204
  negotiation init (POST)    p50=7.0 ms  p95=77.0 ms  p99=107.0 ms  max=285.8 ms  n=2190
  time-to-AGREED (async)     p50=1523.0 ms  p95=2309.4 ms  p99=2571.3 ms  max=2832.0 ms  n=1637
  transfer init (POST)       p50=11.0 ms  p95=82.0 ms  p99=107.1 ms  max=203.7 ms  n=1637
  time-to-EDR (async)        p50=765.0 ms  p95=1524.0 ms  p99=1773.9 ms  max=1845.0 ms  n=1513
  data pull                  p50=9.9 ms  p95=14.0 ms  p99=17.0 ms  max=23.7 ms  n=1513
-- end-to-end + throughput --
  e2e transaction            p50=2387.0 ms  p95=3615.6 ms  p99=4005.9 ms  max=4526.0 ms  n=1513
  data throughput (MB/s)     p50=0.0  p95=0.0  p99=0.0  max=0.0  n=1513
-- outcomes --
  transactions succeeded     count=1513  rate=2.293/s
  transactions failed        count=691  rate=1.047/s
  failed rate                rate=31.35%  (pass=691 fail=1513)
    of which TERMINATED      count=28  rate=0.042/s
    of which TIMED OUT       count=649  rate=0.984/s
    of which HTTP-FAILED     count=14  rate=0.021/s
  failure accounting       691/691 classified  (complete)
-- observer effect (poll load) --
  negotiation polls          count=74020  rate=112.201/s
  edr polls                  count=21383  rate=32.413/s
  polls per transaction     negotiation=33.6  edr=9.7  (timeout ceiling=120)
=======================================================
(full summary -> /home/rohitj/edc/benchmarking-dsp-native-basyx/k6-scripts/results/basyx/on/saturation-open/2026-08-11T18-20-12Z/k6-summary.json; POLL_INTERVAL_MS=250; IDENTITY_MODE=on)

running (10m59.7s), 000/600 VUs, 2204 complete and 0 interrupted iterations
saturation ✓ [ 100% ] 000/600 VUs  10m30s  6.00 iters/s
Prometheus snapshot [1786472517..1786473193] svc=(dsp-native-basyx|consumer-controlplane) win=1m -> /home/rohitj/edc/benchmarking-dsp-native-basyx/k6-scripts/results/basyx/on/saturation-open/2026-08-11T18-20-12Z
  jvm-heap.csv (272 rows)
  jvm-gc-rate.csv (272 rows)
  jvm-threads.csv (272 rows)
  http-throughput.csv (272 rows)
  http-p95.csv (272 rows)
  http-errors.csv (272 rows)
  http-errors-5xx.csv (136 rows)
  http-status.csv (1088 rows)
  host-cpu-busy.csv (136 rows)
  host-mem-used.csv (136 rows)
  5xx: 5xx PRESENT (136 samples) — connector-side faults, see http-errors-5xx.csv
  logs -> /home/rohitj/edc/benchmarking-dsp-native-basyx/k6-scripts/results/basyx/on/saturation-open/2026-08-11T18-20-12Z/logs (2 files)
    consumer-controlplane.log:5240
    dsp-native-basyx.log:2318
Settling 60s (this run stressed the connector; the next one must not inherit its backlog)
VALIDITY  ok=1513  failed=691  failed_rate=31%  dropped_iterations=0  <-- >5% FAILURES: past the knee, not a valid operating point
>>> done: /home/rohitj/edc/benchmarking-dsp-native-basyx/k6-scripts/results/basyx/on/saturation-open/2026-08-11T18-20-12Z  (k6 exit 0)
===== repetition 2/3 =====
----- basyx / saturation-open (rep 2) -----
>>> basyx / saturation-open  ->  /home/rohitj/edc/benchmarking-dsp-native-basyx/k6-scripts/results/basyx/on/saturation-open/2026-08-11T18-34-14Z
parity OK: lib/ + scenarios/ + orchestration/ + tools/ identical to /home/rohitj/edc/benchmarking-dsp-native-basyx/k6-scripts
Health: http://localhost:29010/management + prometheus  OK
Warmup 60s @ 1/s (discarded)
  draining 20s before the measured window opens
k6 -> Prometheus remote-write: http://localhost:9090/api/v1/write

         /\      Grafana   /‾‾/  
    /\  /  \     |\  __   /  /   
   /  \/    \    | |/ /  /   ‾‾\ 
  /          \   |   (  |  (‾)  |
 / __________ \  |_|\_\  \_____/ 


     execution: local
        script: /home/rohitj/edc/benchmarking-dsp-native-basyx/k6-scripts/scenarios/saturation-open.js
        output: Prometheus remote write (http://localhost:9090/api/v1/write)

     scenarios: (100.00%) 1 scenario, 800 max VUs, 11m0s max duration (incl. graceful stop):
              * saturation: Up to 6.00 iterations/s for 10m30s over 7 stages (maxVUs: 600-800, gracefulStop: 30s)


running (00m00.9s), 000/600 VUs, 0 complete and 0 interrupted iterations
saturation   [   0% ] 000/600 VUs  00m00.7s/10m30s  1.00 iters/s

running (00m01.9s), 001/600 VUs, 0 complete and 0 interrupted iterations
saturation   [   0% ] 001/600 VUs  00m01.7s/10m30s  1.00 iters/s

running (00m02.9s), 002/600 VUs, 0 complete and 0 interrupted iterations
saturation   [   0% ] 002/600 VUs  00m02.7s/10m30s  1.00 iters/s

running (00m03.9s), 003/600 VUs, 0 complete and 0 interrupted iterations
saturation   [   1% ] 003/600 VUs  00m03.7s/10m30s  1.00 iters/s

running (00m04.9s), 003/600 VUs, 1 complete and 0 interrupted iterations
saturation   [   1% ] 003/600 VUs  00m04.7s/10m30s  1.00 iters/s

running (00m05.9s), 003/600 VUs, 2 complete and 0 interrupted iterations
saturation   [   1% ] 003/600 VUs  00m05.7s/10m30s  1.00 iters/s

running (00m06.9s), 003/600 VUs, 3 complete and 0 interrupted iterations
saturation   [   1% ] 003/600 VUs  00m06.7s/10m30s  1.00 iters/s

running (00m07.9s), 003/600 VUs, 4 complete and 0 interrupted iterations
saturation   [   1% ] 003/600 VUs  00m07.7s/10m30s  1.00 iters/s

running (00m08.9s), 003/600 VUs, 5 complete and 0 interrupted iterations
saturation   [   1% ] 003/600 VUs  00m08.7s/10m30s  1.00 iters/s

running (00m09.9s), 003/600 VUs, 6 complete and 0 interrupted iterations
saturation   [   2% ] 003/600 VUs  00m09.7s/10m30s  1.00 iters/s

running (00m10.9s), 003/600 VUs, 7 complete and 0 interrupted iterations
saturation   [   2% ] 003/600 VUs  00m10.7s/10m30s  1.00 iters/s

running (00m11.9s), 002/600 VUs, 9 complete and 0 interrupted iterations
saturation   [   2% ] 002/600 VUs  00m11.7s/10m30s  1.00 iters/s

running (00m12.9s), 002/600 VUs, 10 complete and 0 interrupted iterations
saturation   [   2% ] 002/600 VUs  00m12.7s/10m30s  1.00 iters/s

running (00m13.9s), 002/600 VUs, 11 complete and 0 interrupted iterations
saturation   [   2% ] 002/600 VUs  00m13.7s/10m30s  1.00 iters/s

running (00m14.9s), 002/600 VUs, 12 complete and 0 interrupted iterations
saturation   [   2% ] 002/600 VUs  00m14.7s/10m30s  1.00 iters/s

running (00m15.9s), 003/600 VUs, 12 complete and 0 interrupted iterations
saturation   [   2% ] 003/600 VUs  00m15.7s/10m30s  1.00 iters/s

running (00m16.9s), 003/600 VUs, 13 complete and 0 interrupted iterations
saturation   [   3% ] 003/600 VUs  00m16.7s/10m30s  1.00 iters/s

running (00m17.9s), 003/600 VUs, 14 complete and 0 interrupted iterations
saturation   [   3% ] 003/600 VUs  00m17.7s/10m30s  1.00 iters/s

running (00m18.9s), 003/600 VUs, 15 complete and 0 interrupted iterations
saturation   [   3% ] 003/600 VUs  00m18.7s/10m30s  1.00 iters/s

running (00m19.9s), 003/600 VUs, 16 complete and 0 interrupted iterations
saturation   [   3% ] 003/600 VUs  00m19.7s/10m30s  1.00 iters/s

running (00m20.9s), 003/600 VUs, 17 complete and 0 interrupted iterations
saturation   [   3% ] 003/600 VUs  00m20.7s/10m30s  1.00 iters/s

running (00m21.9s), 003/600 VUs, 18 complete and 0 interrupted iterations
saturation   [   3% ] 003/600 VUs  00m21.7s/10m30s  1.00 iters/s

running (00m22.9s), 004/600 VUs, 18 complete and 0 interrupted iterations
saturation   [   4% ] 004/600 VUs  00m22.7s/10m30s  1.00 iters/s

running (00m23.9s), 004/600 VUs, 19 complete and 0 interrupted iterations
saturation   [   4% ] 004/600 VUs  00m23.7s/10m30s  1.00 iters/s

running (00m24.9s), 004/600 VUs, 20 complete and 0 interrupted iterations
saturation   [   4% ] 004/600 VUs  00m24.7s/10m30s  1.00 iters/s

running (00m25.9s), 003/600 VUs, 22 complete and 0 interrupted iterations
saturation   [   4% ] 003/600 VUs  00m25.7s/10m30s  1.00 iters/s

running (00m26.9s), 003/600 VUs, 23 complete and 0 interrupted iterations
saturation   [   4% ] 003/600 VUs  00m26.7s/10m30s  1.00 iters/s

running (00m27.9s), 003/600 VUs, 24 complete and 0 interrupted iterations
saturation   [   4% ] 003/600 VUs  00m27.7s/10m30s  1.00 iters/s

running (00m28.9s), 003/600 VUs, 25 complete and 0 interrupted iterations
saturation   [   5% ] 003/600 VUs  00m28.7s/10m30s  1.00 iters/s

running (00m29.9s), 003/600 VUs, 26 complete and 0 interrupted iterations
saturation   [   5% ] 003/600 VUs  00m29.7s/10m30s  1.00 iters/s

running (00m30.9s), 004/600 VUs, 26 complete and 0 interrupted iterations
saturation   [   5% ] 004/600 VUs  00m30.7s/10m30s  1.00 iters/s

running (00m31.9s), 004/600 VUs, 27 complete and 0 interrupted iterations
saturation   [   5% ] 004/600 VUs  00m31.7s/10m30s  1.00 iters/s

running (00m32.9s), 004/600 VUs, 28 complete and 0 interrupted iterations
saturation   [   5% ] 004/600 VUs  00m32.7s/10m30s  1.00 iters/s

running (00m33.9s), 004/600 VUs, 29 complete and 0 interrupted iterations
saturation   [   5% ] 004/600 VUs  00m33.7s/10m30s  1.00 iters/s

running (00m34.9s), 004/600 VUs, 30 complete and 0 interrupted iterations
saturation   [   6% ] 004/600 VUs  00m34.7s/10m30s  1.00 iters/s

running (00m35.9s), 004/600 VUs, 31 complete and 0 interrupted iterations
saturation   [   6% ] 004/600 VUs  00m35.7s/10m30s  1.00 iters/s

running (00m36.9s), 004/600 VUs, 32 complete and 0 interrupted iterations
saturation   [   6% ] 004/600 VUs  00m36.7s/10m30s  1.00 iters/s

running (00m37.9s), 004/600 VUs, 33 complete and 0 interrupted iterations
saturation   [   6% ] 004/600 VUs  00m37.7s/10m30s  1.00 iters/s

running (00m38.9s), 003/600 VUs, 35 complete and 0 interrupted iterations
saturation   [   6% ] 003/600 VUs  00m38.7s/10m30s  1.00 iters/s

running (00m39.9s), 003/600 VUs, 36 complete and 0 interrupted iterations
saturation   [   6% ] 003/600 VUs  00m39.7s/10m30s  1.00 iters/s

running (00m40.9s), 003/600 VUs, 37 complete and 0 interrupted iterations
saturation   [   6% ] 003/600 VUs  00m40.7s/10m30s  1.00 iters/s

running (00m41.9s), 003/600 VUs, 38 complete and 0 interrupted iterations
saturation   [   7% ] 003/600 VUs  00m41.7s/10m30s  1.00 iters/s

running (00m42.9s), 003/600 VUs, 39 complete and 0 interrupted iterations
saturation   [   7% ] 003/600 VUs  00m42.7s/10m30s  1.00 iters/s

running (00m43.9s), 003/600 VUs, 40 complete and 0 interrupted iterations
saturation   [   7% ] 003/600 VUs  00m43.7s/10m30s  1.00 iters/s

running (00m44.9s), 003/600 VUs, 41 complete and 0 interrupted iterations
saturation   [   7% ] 003/600 VUs  00m44.7s/10m30s  1.00 iters/s

running (00m45.9s), 004/600 VUs, 41 complete and 0 interrupted iterations
saturation   [   7% ] 004/600 VUs  00m45.7s/10m30s  1.00 iters/s

running (00m46.9s), 004/600 VUs, 42 complete and 0 interrupted iterations
saturation   [   7% ] 004/600 VUs  00m46.7s/10m30s  1.00 iters/s

running (00m47.9s), 004/600 VUs, 43 complete and 0 interrupted iterations
saturation   [   8% ] 004/600 VUs  00m47.7s/10m30s  1.00 iters/s

running (00m48.9s), 004/600 VUs, 44 complete and 0 interrupted iterations
saturation   [   8% ] 004/600 VUs  00m48.7s/10m30s  1.00 iters/s

running (00m49.9s), 003/600 VUs, 46 complete and 0 interrupted iterations
saturation   [   8% ] 003/600 VUs  00m49.7s/10m30s  1.00 iters/s

running (00m50.9s), 003/600 VUs, 47 complete and 0 interrupted iterations
saturation   [   8% ] 003/600 VUs  00m50.7s/10m30s  1.00 iters/s

running (00m51.9s), 003/600 VUs, 48 complete and 0 interrupted iterations
saturation   [   8% ] 003/600 VUs  00m51.7s/10m30s  1.00 iters/s

running (00m52.9s), 002/600 VUs, 50 complete and 0 interrupted iterations
saturation   [   8% ] 002/600 VUs  00m52.7s/10m30s  1.00 iters/s

running (00m53.9s), 002/600 VUs, 51 complete and 0 interrupted iterations
saturation   [   9% ] 002/600 VUs  00m53.7s/10m30s  1.00 iters/s

running (00m54.9s), 002/600 VUs, 52 complete and 0 interrupted iterations
saturation   [   9% ] 002/600 VUs  00m54.7s/10m30s  1.00 iters/s

running (00m55.9s), 002/600 VUs, 53 complete and 0 interrupted iterations
saturation   [   9% ] 002/600 VUs  00m55.7s/10m30s  1.00 iters/s

running (00m56.9s), 002/600 VUs, 54 complete and 0 interrupted iterations
saturation   [   9% ] 002/600 VUs  00m56.7s/10m30s  1.00 iters/s

running (00m57.9s), 002/600 VUs, 55 complete and 0 interrupted iterations
saturation   [   9% ] 002/600 VUs  00m57.7s/10m30s  1.00 iters/s

running (00m58.9s), 003/600 VUs, 55 complete and 0 interrupted iterations
saturation   [   9% ] 003/600 VUs  00m58.7s/10m30s  1.00 iters/s

running (00m59.9s), 003/600 VUs, 56 complete and 0 interrupted iterations
saturation   [   9% ] 003/600 VUs  00m59.7s/10m30s  1.00 iters/s

running (01m00.9s), 003/600 VUs, 57 complete and 0 interrupted iterations
saturation   [  10% ] 003/600 VUs  01m00.7s/10m30s  1.00 iters/s

running (01m01.9s), 003/600 VUs, 58 complete and 0 interrupted iterations
saturation   [  10% ] 003/600 VUs  01m01.7s/10m30s  1.00 iters/s

running (01m02.9s), 003/600 VUs, 59 complete and 0 interrupted iterations
saturation   [  10% ] 003/600 VUs  01m02.7s/10m30s  1.00 iters/s

running (01m03.9s), 003/600 VUs, 60 complete and 0 interrupted iterations
saturation   [  10% ] 003/600 VUs  01m03.7s/10m30s  1.00 iters/s

running (01m04.9s), 003/600 VUs, 61 complete and 0 interrupted iterations
saturation   [  10% ] 003/600 VUs  01m04.7s/10m30s  1.00 iters/s

running (01m05.9s), 003/600 VUs, 62 complete and 0 interrupted iterations
saturation   [  10% ] 003/600 VUs  01m05.7s/10m30s  1.00 iters/s

running (01m06.9s), 002/600 VUs, 64 complete and 0 interrupted iterations
saturation   [  11% ] 002/600 VUs  01m06.7s/10m30s  1.00 iters/s

running (01m07.9s), 002/600 VUs, 65 complete and 0 interrupted iterations
saturation   [  11% ] 002/600 VUs  01m07.7s/10m30s  1.00 iters/s

running (01m08.9s), 002/600 VUs, 66 complete and 0 interrupted iterations
saturation   [  11% ] 002/600 VUs  01m08.7s/10m30s  1.00 iters/s

running (01m09.9s), 003/600 VUs, 66 complete and 0 interrupted iterations
saturation   [  11% ] 003/600 VUs  01m09.7s/10m30s  1.00 iters/s

running (01m10.9s), 002/600 VUs, 68 complete and 0 interrupted iterations
saturation   [  11% ] 002/600 VUs  01m10.7s/10m30s  1.00 iters/s

running (01m11.9s), 003/600 VUs, 68 complete and 0 interrupted iterations
saturation   [  11% ] 003/600 VUs  01m11.7s/10m30s  1.00 iters/s

running (01m12.9s), 003/600 VUs, 69 complete and 0 interrupted iterations
saturation   [  12% ] 003/600 VUs  01m12.7s/10m30s  1.00 iters/s

running (01m13.9s), 003/600 VUs, 70 complete and 0 interrupted iterations
saturation   [  12% ] 003/600 VUs  01m13.7s/10m30s  1.00 iters/s

running (01m14.9s), 003/600 VUs, 71 complete and 0 interrupted iterations
saturation   [  12% ] 003/600 VUs  01m14.7s/10m30s  1.00 iters/s

running (01m15.9s), 003/600 VUs, 72 complete and 0 interrupted iterations
saturation   [  12% ] 003/600 VUs  01m15.7s/10m30s  1.00 iters/s

running (01m16.9s), 003/600 VUs, 73 complete and 0 interrupted iterations
saturation   [  12% ] 003/600 VUs  01m16.7s/10m30s  1.00 iters/s

running (01m17.9s), 003/600 VUs, 74 complete and 0 interrupted iterations
saturation   [  12% ] 003/600 VUs  01m17.7s/10m30s  1.00 iters/s

running (01m18.9s), 002/600 VUs, 76 complete and 0 interrupted iterations
saturation   [  12% ] 002/600 VUs  01m18.7s/10m30s  1.00 iters/s

running (01m19.9s), 002/600 VUs, 77 complete and 0 interrupted iterations
saturation   [  13% ] 002/600 VUs  01m19.7s/10m30s  1.00 iters/s

running (01m20.9s), 002/600 VUs, 78 complete and 0 interrupted iterations
saturation   [  13% ] 002/600 VUs  01m20.7s/10m30s  1.00 iters/s

running (01m21.9s), 002/600 VUs, 79 complete and 0 interrupted iterations
saturation   [  13% ] 002/600 VUs  01m21.7s/10m30s  1.00 iters/s

running (01m22.9s), 002/600 VUs, 80 complete and 0 interrupted iterations
saturation   [  13% ] 002/600 VUs  01m22.7s/10m30s  1.00 iters/s

running (01m23.9s), 002/600 VUs, 81 complete and 0 interrupted iterations
saturation   [  13% ] 002/600 VUs  01m23.7s/10m30s  1.00 iters/s

running (01m24.9s), 002/600 VUs, 82 complete and 0 interrupted iterations
saturation   [  13% ] 002/600 VUs  01m24.7s/10m30s  1.00 iters/s

running (01m25.9s), 002/600 VUs, 83 complete and 0 interrupted iterations
saturation   [  14% ] 002/600 VUs  01m25.7s/10m30s  1.00 iters/s

running (01m26.9s), 003/600 VUs, 83 complete and 0 interrupted iterations
saturation   [  14% ] 003/600 VUs  01m26.7s/10m30s  1.00 iters/s

running (01m27.9s), 003/600 VUs, 84 complete and 0 interrupted iterations
saturation   [  14% ] 003/600 VUs  01m27.7s/10m30s  1.00 iters/s

running (01m28.9s), 003/600 VUs, 85 complete and 0 interrupted iterations
saturation   [  14% ] 003/600 VUs  01m28.7s/10m30s  1.00 iters/s

running (01m29.9s), 003/600 VUs, 86 complete and 0 interrupted iterations
saturation   [  14% ] 003/600 VUs  01m29.7s/10m30s  1.00 iters/s

running (01m30.9s), 003/600 VUs, 87 complete and 0 interrupted iterations
saturation   [  14% ] 003/600 VUs  01m30.7s/10m30s  1.01 iters/s

running (01m31.9s), 003/600 VUs, 88 complete and 0 interrupted iterations
saturation   [  15% ] 003/600 VUs  01m31.7s/10m30s  1.02 iters/s

running (01m32.9s), 003/600 VUs, 89 complete and 0 interrupted iterations
saturation   [  15% ] 003/600 VUs  01m32.7s/10m30s  1.03 iters/s

running (01m33.9s), 002/600 VUs, 91 complete and 0 interrupted iterations
saturation   [  15% ] 002/600 VUs  01m33.7s/10m30s  1.04 iters/s

running (01m34.9s), 002/600 VUs, 92 complete and 0 interrupted iterations
saturation   [  15% ] 002/600 VUs  01m34.7s/10m30s  1.05 iters/s

running (01m35.9s), 002/600 VUs, 93 complete and 0 interrupted iterations
saturation   [  15% ] 002/600 VUs  01m35.7s/10m30s  1.06 iters/s

running (01m36.9s), 002/600 VUs, 94 complete and 0 interrupted iterations
saturation   [  15% ] 002/600 VUs  01m36.7s/10m30s  1.07 iters/s

running (01m37.9s), 003/600 VUs, 95 complete and 0 interrupted iterations
saturation   [  16% ] 003/600 VUs  01m37.7s/10m30s  1.09 iters/s

running (01m38.9s), 003/600 VUs, 96 complete and 0 interrupted iterations
saturation   [  16% ] 003/600 VUs  01m38.7s/10m30s  1.10 iters/s

running (01m39.9s), 004/600 VUs, 96 complete and 0 interrupted iterations
saturation   [  16% ] 004/600 VUs  01m39.7s/10m30s  1.11 iters/s

running (01m40.9s), 004/600 VUs, 97 complete and 0 interrupted iterations
saturation   [  16% ] 004/600 VUs  01m40.7s/10m30s  1.12 iters/s

running (01m41.9s), 003/600 VUs, 99 complete and 0 interrupted iterations
saturation   [  16% ] 003/600 VUs  01m41.7s/10m30s  1.13 iters/s

running (01m42.9s), 003/600 VUs, 100 complete and 0 interrupted iterations
saturation   [  16% ] 003/600 VUs  01m42.7s/10m30s  1.14 iters/s

running (01m43.9s), 003/600 VUs, 101 complete and 0 interrupted iterations
saturation   [  16% ] 003/600 VUs  01m43.7s/10m30s  1.15 iters/s

running (01m44.9s), 003/600 VUs, 102 complete and 0 interrupted iterations
saturation   [  17% ] 003/600 VUs  01m44.7s/10m30s  1.16 iters/s

running (01m45.9s), 004/600 VUs, 103 complete and 0 interrupted iterations
saturation   [  17% ] 004/600 VUs  01m45.7s/10m30s  1.18 iters/s

running (01m46.9s), 003/600 VUs, 105 complete and 0 interrupted iterations
saturation   [  17% ] 003/600 VUs  01m46.7s/10m30s  1.19 iters/s

running (01m47.9s), 003/600 VUs, 106 complete and 0 interrupted iterations
saturation   [  17% ] 003/600 VUs  01m47.7s/10m30s  1.20 iters/s

running (01m48.9s), 003/600 VUs, 107 complete and 0 interrupted iterations
saturation   [  17% ] 003/600 VUs  01m48.7s/10m30s  1.21 iters/s

running (01m49.9s), 003/600 VUs, 108 complete and 0 interrupted iterations
saturation   [  17% ] 003/600 VUs  01m49.7s/10m30s  1.22 iters/s

running (01m50.9s), 003/600 VUs, 110 complete and 0 interrupted iterations
saturation   [  18% ] 003/600 VUs  01m50.7s/10m30s  1.23 iters/s

running (01m51.9s), 003/600 VUs, 111 complete and 0 interrupted iterations
saturation   [  18% ] 003/600 VUs  01m51.7s/10m30s  1.24 iters/s

running (01m52.9s), 003/600 VUs, 112 complete and 0 interrupted iterations
saturation   [  18% ] 003/600 VUs  01m52.7s/10m30s  1.25 iters/s

running (01m53.9s), 004/600 VUs, 112 complete and 0 interrupted iterations
saturation   [  18% ] 004/600 VUs  01m53.7s/10m30s  1.26 iters/s

running (01m54.9s), 004/600 VUs, 114 complete and 0 interrupted iterations
saturation   [  18% ] 004/600 VUs  01m54.7s/10m30s  1.28 iters/s

running (01m55.9s), 004/600 VUs, 115 complete and 0 interrupted iterations
saturation   [  18% ] 004/600 VUs  01m55.7s/10m30s  1.29 iters/s

running (01m56.9s), 004/600 VUs, 116 complete and 0 interrupted iterations
saturation   [  19% ] 004/600 VUs  01m56.7s/10m30s  1.30 iters/s

running (01m57.9s), 003/600 VUs, 118 complete and 0 interrupted iterations
saturation   [  19% ] 003/600 VUs  01m57.7s/10m30s  1.30 iters/s

running (01m58.9s), 004/600 VUs, 119 complete and 0 interrupted iterations
saturation   [  19% ] 004/600 VUs  01m58.7s/10m30s  1.32 iters/s

running (01m59.9s), 003/600 VUs, 121 complete and 0 interrupted iterations
saturation   [  19% ] 003/600 VUs  01m59.7s/10m30s  1.33 iters/s

running (02m00.9s), 003/600 VUs, 122 complete and 0 interrupted iterations
saturation   [  19% ] 003/600 VUs  02m00.7s/10m30s  1.34 iters/s

running (02m01.9s), 004/600 VUs, 123 complete and 0 interrupted iterations
saturation   [  19% ] 004/600 VUs  02m01.7s/10m30s  1.35 iters/s

running (02m02.9s), 003/600 VUs, 125 complete and 0 interrupted iterations
saturation   [  19% ] 003/600 VUs  02m02.7s/10m30s  1.36 iters/s

running (02m03.9s), 004/600 VUs, 126 complete and 0 interrupted iterations
saturation   [  20% ] 004/600 VUs  02m03.7s/10m30s  1.38 iters/s

running (02m04.9s), 005/600 VUs, 126 complete and 0 interrupted iterations
saturation   [  20% ] 005/600 VUs  02m04.7s/10m30s  1.39 iters/s

running (02m05.9s), 004/600 VUs, 128 complete and 0 interrupted iterations
saturation   [  20% ] 004/600 VUs  02m05.7s/10m30s  1.39 iters/s

running (02m06.9s), 005/600 VUs, 129 complete and 0 interrupted iterations
saturation   [  20% ] 005/600 VUs  02m06.7s/10m30s  1.41 iters/s

running (02m07.9s), 004/600 VUs, 131 complete and 0 interrupted iterations
saturation   [  20% ] 004/600 VUs  02m07.7s/10m30s  1.42 iters/s

running (02m08.9s), 005/600 VUs, 132 complete and 0 interrupted iterations
saturation   [  20% ] 005/600 VUs  02m08.7s/10m30s  1.43 iters/s

running (02m09.9s), 004/600 VUs, 134 complete and 0 interrupted iterations
saturation   [  21% ] 004/600 VUs  02m09.7s/10m30s  1.44 iters/s

running (02m10.9s), 004/600 VUs, 135 complete and 0 interrupted iterations
saturation   [  21% ] 004/600 VUs  02m10.7s/10m30s  1.45 iters/s

running (02m11.9s), 004/600 VUs, 137 complete and 0 interrupted iterations
saturation   [  21% ] 004/600 VUs  02m11.7s/10m30s  1.46 iters/s

running (02m12.9s), 003/600 VUs, 139 complete and 0 interrupted iterations
saturation   [  21% ] 003/600 VUs  02m12.7s/10m30s  1.47 iters/s

running (02m13.9s), 005/600 VUs, 139 complete and 0 interrupted iterations
saturation   [  21% ] 005/600 VUs  02m13.7s/10m30s  1.49 iters/s

running (02m14.9s), 004/600 VUs, 141 complete and 0 interrupted iterations
saturation   [  21% ] 004/600 VUs  02m14.7s/10m30s  1.49 iters/s

running (02m15.9s), 005/600 VUs, 142 complete and 0 interrupted iterations
saturation   [  22% ] 005/600 VUs  02m15.7s/10m30s  1.51 iters/s

running (02m16.9s), 006/600 VUs, 142 complete and 0 interrupted iterations
saturation   [  22% ] 006/600 VUs  02m16.7s/10m30s  1.52 iters/s

running (02m17.9s), 006/600 VUs, 144 complete and 0 interrupted iterations
saturation   [  22% ] 006/600 VUs  02m17.7s/10m30s  1.53 iters/s

running (02m18.9s), 005/600 VUs, 146 complete and 0 interrupted iterations
saturation   [  22% ] 005/600 VUs  02m18.7s/10m30s  1.54 iters/s

running (02m19.9s), 006/600 VUs, 147 complete and 0 interrupted iterations
saturation   [  22% ] 006/600 VUs  02m19.7s/10m30s  1.55 iters/s

running (02m20.9s), 006/600 VUs, 149 complete and 0 interrupted iterations
saturation   [  22% ] 006/600 VUs  02m20.7s/10m30s  1.57 iters/s

running (02m21.9s), 005/600 VUs, 151 complete and 0 interrupted iterations
saturation   [  22% ] 005/600 VUs  02m21.7s/10m30s  1.57 iters/s

running (02m22.9s), 006/600 VUs, 152 complete and 0 interrupted iterations
saturation   [  23% ] 006/600 VUs  02m22.7s/10m30s  1.59 iters/s

running (02m23.9s), 007/600 VUs, 152 complete and 0 interrupted iterations
saturation   [  23% ] 007/600 VUs  02m23.7s/10m30s  1.60 iters/s

running (02m24.9s), 007/600 VUs, 154 complete and 0 interrupted iterations
saturation   [  23% ] 007/600 VUs  02m24.7s/10m30s  1.61 iters/s

running (02m25.9s), 006/600 VUs, 156 complete and 0 interrupted iterations
saturation   [  23% ] 006/600 VUs  02m25.7s/10m30s  1.62 iters/s

running (02m26.9s), 008/600 VUs, 156 complete and 0 interrupted iterations
saturation   [  23% ] 008/600 VUs  02m26.7s/10m30s  1.63 iters/s

running (02m27.9s), 009/600 VUs, 157 complete and 0 interrupted iterations
saturation   [  23% ] 009/600 VUs  02m27.7s/10m30s  1.64 iters/s

running (02m28.9s), 008/600 VUs, 159 complete and 0 interrupted iterations
saturation   [  24% ] 008/600 VUs  02m28.7s/10m30s  1.65 iters/s

running (02m29.9s), 008/600 VUs, 161 complete and 0 interrupted iterations
saturation   [  24% ] 008/600 VUs  02m29.7s/10m30s  1.66 iters/s

running (02m30.9s), 008/600 VUs, 163 complete and 0 interrupted iterations
saturation   [  24% ] 008/600 VUs  02m30.7s/10m30s  1.68 iters/s

running (02m31.9s), 007/600 VUs, 165 complete and 0 interrupted iterations
saturation   [  24% ] 007/600 VUs  02m31.7s/10m30s  1.68 iters/s

running (02m32.9s), 008/600 VUs, 166 complete and 0 interrupted iterations
saturation   [  24% ] 008/600 VUs  02m32.7s/10m30s  1.70 iters/s

running (02m33.9s), 008/600 VUs, 168 complete and 0 interrupted iterations
saturation   [  24% ] 008/600 VUs  02m33.7s/10m30s  1.71 iters/s

running (02m34.9s), 007/600 VUs, 170 complete and 0 interrupted iterations
saturation   [  25% ] 007/600 VUs  02m34.7s/10m30s  1.72 iters/s

running (02m35.9s), 007/600 VUs, 172 complete and 0 interrupted iterations
saturation   [  25% ] 007/600 VUs  02m35.7s/10m30s  1.73 iters/s

running (02m36.9s), 008/600 VUs, 173 complete and 0 interrupted iterations
saturation   [  25% ] 008/600 VUs  02m36.7s/10m30s  1.74 iters/s

running (02m37.9s), 008/600 VUs, 175 complete and 0 interrupted iterations
saturation   [  25% ] 008/600 VUs  02m37.7s/10m30s  1.75 iters/s

running (02m38.9s), 008/600 VUs, 176 complete and 0 interrupted iterations
saturation   [  25% ] 008/600 VUs  02m38.7s/10m30s  1.76 iters/s

running (02m39.9s), 008/600 VUs, 178 complete and 0 interrupted iterations
saturation   [  25% ] 008/600 VUs  02m39.7s/10m30s  1.77 iters/s

running (02m40.9s), 008/600 VUs, 180 complete and 0 interrupted iterations
saturation   [  26% ] 008/600 VUs  02m40.7s/10m30s  1.79 iters/s

running (02m41.9s), 007/600 VUs, 183 complete and 0 interrupted iterations
saturation   [  26% ] 007/600 VUs  02m41.7s/10m30s  1.80 iters/s

running (02m42.9s), 007/600 VUs, 185 complete and 0 interrupted iterations
saturation   [  26% ] 007/600 VUs  02m42.7s/10m30s  1.81 iters/s

running (02m43.9s), 006/600 VUs, 187 complete and 0 interrupted iterations
saturation   [  26% ] 006/600 VUs  02m43.7s/10m30s  1.82 iters/s

running (02m44.9s), 006/600 VUs, 189 complete and 0 interrupted iterations
saturation   [  26% ] 006/600 VUs  02m44.7s/10m30s  1.83 iters/s

running (02m45.9s), 006/600 VUs, 191 complete and 0 interrupted iterations
saturation   [  26% ] 006/600 VUs  02m45.7s/10m30s  1.84 iters/s

running (02m46.9s), 006/600 VUs, 193 complete and 0 interrupted iterations
saturation   [  26% ] 006/600 VUs  02m46.7s/10m30s  1.85 iters/s

running (02m47.9s), 008/600 VUs, 193 complete and 0 interrupted iterations
saturation   [  27% ] 008/600 VUs  02m47.7s/10m30s  1.86 iters/s

running (02m48.9s), 008/600 VUs, 195 complete and 0 interrupted iterations
saturation   [  27% ] 008/600 VUs  02m48.7s/10m30s  1.88 iters/s

running (02m49.9s), 008/600 VUs, 197 complete and 0 interrupted iterations
saturation   [  27% ] 008/600 VUs  02m49.7s/10m30s  1.89 iters/s

running (02m50.9s), 006/600 VUs, 200 complete and 0 interrupted iterations
saturation   [  27% ] 006/600 VUs  02m50.7s/10m30s  1.89 iters/s

running (02m51.9s), 005/600 VUs, 203 complete and 0 interrupted iterations
saturation   [  27% ] 005/600 VUs  02m51.7s/10m30s  1.91 iters/s

running (02m52.9s), 005/600 VUs, 205 complete and 0 interrupted iterations
saturation   [  27% ] 005/600 VUs  02m52.7s/10m30s  1.92 iters/s

running (02m53.9s), 005/600 VUs, 207 complete and 0 interrupted iterations
saturation   [  28% ] 005/600 VUs  02m53.7s/10m30s  1.93 iters/s

running (02m54.9s), 005/600 VUs, 209 complete and 0 interrupted iterations
saturation   [  28% ] 005/600 VUs  02m54.7s/10m30s  1.94 iters/s

running (02m55.9s), 005/600 VUs, 211 complete and 0 interrupted iterations
saturation   [  28% ] 005/600 VUs  02m55.7s/10m30s  1.95 iters/s

running (02m56.9s), 007/600 VUs, 211 complete and 0 interrupted iterations
saturation   [  28% ] 007/600 VUs  02m56.7s/10m30s  1.96 iters/s

running (02m57.9s), 007/600 VUs, 213 complete and 0 interrupted iterations
saturation   [  28% ] 007/600 VUs  02m57.7s/10m30s  1.97 iters/s

running (02m58.9s), 005/600 VUs, 217 complete and 0 interrupted iterations
saturation   [  28% ] 005/600 VUs  02m58.7s/10m30s  1.99 iters/s

running (02m59.9s), 007/600 VUs, 217 complete and 0 interrupted iterations
saturation   [  29% ] 007/600 VUs  02m59.7s/10m30s  2.00 iters/s

running (03m00.9s), 009/600 VUs, 217 complete and 0 interrupted iterations
saturation   [  29% ] 009/600 VUs  03m00.7s/10m30s  2.01 iters/s

running (03m01.9s), 006/600 VUs, 222 complete and 0 interrupted iterations
saturation   [  29% ] 006/600 VUs  03m01.7s/10m30s  2.02 iters/s

running (03m02.9s), 006/600 VUs, 224 complete and 0 interrupted iterations
saturation   [  29% ] 006/600 VUs  03m02.7s/10m30s  2.03 iters/s

running (03m03.9s), 008/600 VUs, 224 complete and 0 interrupted iterations
saturation   [  29% ] 008/600 VUs  03m03.7s/10m30s  2.04 iters/s

running (03m04.9s), 010/600 VUs, 224 complete and 0 interrupted iterations
saturation   [  29% ] 010/600 VUs  03m04.7s/10m30s  2.05 iters/s

running (03m05.9s), 008/600 VUs, 228 complete and 0 interrupted iterations
saturation   [  29% ] 008/600 VUs  03m05.7s/10m30s  2.06 iters/s

running (03m06.9s), 007/600 VUs, 231 complete and 0 interrupted iterations
saturation   [  30% ] 007/600 VUs  03m06.7s/10m30s  2.07 iters/s

running (03m07.9s), 009/600 VUs, 231 complete and 0 interrupted iterations
saturation   [  30% ] 009/600 VUs  03m07.7s/10m30s  2.08 iters/s

running (03m08.9s), 010/600 VUs, 232 complete and 0 interrupted iterations
saturation   [  30% ] 010/600 VUs  03m08.7s/10m30s  2.09 iters/s

running (03m09.9s), 010/600 VUs, 234 complete and 0 interrupted iterations
saturation   [  30% ] 010/600 VUs  03m09.7s/10m30s  2.11 iters/s

running (03m10.9s), 013/600 VUs, 234 complete and 0 interrupted iterations
saturation   [  30% ] 013/600 VUs  03m10.7s/10m30s  2.12 iters/s

running (03m11.9s), 014/600 VUs, 235 complete and 0 interrupted iterations
saturation   [  30% ] 014/600 VUs  03m11.7s/10m30s  2.13 iters/s

running (03m12.9s), 014/600 VUs, 237 complete and 0 interrupted iterations
saturation   [  31% ] 014/600 VUs  03m12.7s/10m30s  2.14 iters/s

running (03m13.9s), 015/600 VUs, 238 complete and 0 interrupted iterations
saturation   [  31% ] 015/600 VUs  03m13.7s/10m30s  2.15 iters/s

running (03m14.9s), 017/600 VUs, 238 complete and 0 interrupted iterations
saturation   [  31% ] 017/600 VUs  03m14.7s/10m30s  2.16 iters/s

running (03m15.9s), 017/600 VUs, 240 complete and 0 interrupted iterations
saturation   [  31% ] 017/600 VUs  03m15.7s/10m30s  2.17 iters/s

running (03m16.9s), 017/600 VUs, 243 complete and 0 interrupted iterations
saturation   [  31% ] 017/600 VUs  03m16.7s/10m30s  2.19 iters/s

running (03m17.9s), 016/600 VUs, 246 complete and 0 interrupted iterations
saturation   [  31% ] 016/600 VUs  03m17.7s/10m30s  2.20 iters/s

running (03m18.9s), 016/600 VUs, 248 complete and 0 interrupted iterations
saturation   [  32% ] 016/600 VUs  03m18.7s/10m30s  2.21 iters/s

running (03m19.9s), 014/600 VUs, 252 complete and 0 interrupted iterations
saturation   [  32% ] 014/600 VUs  03m19.7s/10m30s  2.22 iters/s

running (03m20.9s), 016/600 VUs, 252 complete and 0 interrupted iterations
saturation   [  32% ] 016/600 VUs  03m20.7s/10m30s  2.23 iters/s

running (03m21.9s), 016/600 VUs, 255 complete and 0 interrupted iterations
saturation   [  32% ] 016/600 VUs  03m21.7s/10m30s  2.24 iters/s

running (03m22.9s), 017/600 VUs, 256 complete and 0 interrupted iterations
saturation   [  32% ] 017/600 VUs  03m22.7s/10m30s  2.25 iters/s

running (03m23.9s), 016/600 VUs, 259 complete and 0 interrupted iterations
saturation   [  32% ] 016/600 VUs  03m23.7s/10m30s  2.26 iters/s

running (03m24.9s), 018/600 VUs, 259 complete and 0 interrupted iterations
saturation   [  32% ] 018/600 VUs  03m24.7s/10m30s  2.27 iters/s

running (03m25.9s), 020/600 VUs, 260 complete and 0 interrupted iterations
saturation   [  33% ] 020/600 VUs  03m25.7s/10m30s  2.29 iters/s

running (03m26.9s), 019/600 VUs, 263 complete and 0 interrupted iterations
saturation   [  33% ] 019/600 VUs  03m26.7s/10m30s  2.30 iters/s

running (03m27.9s), 020/600 VUs, 264 complete and 0 interrupted iterations
saturation   [  33% ] 020/600 VUs  03m27.7s/10m30s  2.31 iters/s

running (03m28.9s), 023/600 VUs, 264 complete and 0 interrupted iterations
saturation   [  33% ] 023/600 VUs  03m28.7s/10m30s  2.32 iters/s

running (03m29.9s), 024/600 VUs, 265 complete and 0 interrupted iterations
saturation   [  33% ] 024/600 VUs  03m29.7s/10m30s  2.33 iters/s

running (03m30.9s), 026/600 VUs, 265 complete and 0 interrupted iterations
saturation   [  33% ] 026/600 VUs  03m30.7s/10m30s  2.34 iters/s

running (03m31.9s), 024/600 VUs, 270 complete and 0 interrupted iterations
saturation   [  34% ] 024/600 VUs  03m31.7s/10m30s  2.35 iters/s

running (03m32.9s), 024/600 VUs, 272 complete and 0 interrupted iterations
saturation   [  34% ] 024/600 VUs  03m32.7s/10m30s  2.36 iters/s

running (03m33.9s), 025/600 VUs, 273 complete and 0 interrupted iterations
saturation   [  34% ] 025/600 VUs  03m33.7s/10m30s  2.37 iters/s

running (03m34.9s), 025/600 VUs, 276 complete and 0 interrupted iterations
saturation   [  34% ] 025/600 VUs  03m34.7s/10m30s  2.39 iters/s

running (03m35.9s), 025/600 VUs, 278 complete and 0 interrupted iterations
saturation   [  34% ] 025/600 VUs  03m35.7s/10m30s  2.40 iters/s

running (03m36.9s), 026/600 VUs, 279 complete and 0 interrupted iterations
saturation   [  34% ] 026/600 VUs  03m36.7s/10m30s  2.41 iters/s

running (03m37.9s), 024/600 VUs, 284 complete and 0 interrupted iterations
saturation   [  35% ] 024/600 VUs  03m37.7s/10m30s  2.42 iters/s

running (03m38.9s), 024/600 VUs, 286 complete and 0 interrupted iterations
saturation   [  35% ] 024/600 VUs  03m38.7s/10m30s  2.43 iters/s

running (03m39.9s), 023/600 VUs, 290 complete and 0 interrupted iterations
saturation   [  35% ] 023/600 VUs  03m39.7s/10m30s  2.44 iters/s

running (03m40.9s), 020/600 VUs, 295 complete and 0 interrupted iterations
saturation   [  35% ] 020/600 VUs  03m40.7s/10m30s  2.45 iters/s

running (03m41.9s), 022/600 VUs, 296 complete and 0 interrupted iterations
saturation   [  35% ] 022/600 VUs  03m41.7s/10m30s  2.47 iters/s

running (03m42.9s), 021/600 VUs, 299 complete and 0 interrupted iterations
saturation   [  35% ] 021/600 VUs  03m42.7s/10m30s  2.47 iters/s

running (03m43.9s), 019/600 VUs, 304 complete and 0 interrupted iterations
saturation   [  36% ] 019/600 VUs  03m43.7s/10m30s  2.49 iters/s

running (03m44.9s), 020/600 VUs, 305 complete and 0 interrupted iterations
saturation   [  36% ] 020/600 VUs  03m44.7s/10m30s  2.50 iters/s

running (03m45.9s), 023/600 VUs, 305 complete and 0 interrupted iterations
saturation   [  36% ] 023/600 VUs  03m45.7s/10m30s  2.51 iters/s

running (03m46.9s), 022/600 VUs, 308 complete and 0 interrupted iterations
saturation   [  36% ] 022/600 VUs  03m46.7s/10m30s  2.52 iters/s

running (03m47.9s), 019/600 VUs, 314 complete and 0 interrupted iterations
saturation   [  36% ] 019/600 VUs  03m47.7s/10m30s  2.53 iters/s

running (03m48.9s), 021/600 VUs, 314 complete and 0 interrupted iterations
saturation   [  36% ] 021/600 VUs  03m48.7s/10m30s  2.54 iters/s

running (03m49.9s), 021/600 VUs, 317 complete and 0 interrupted iterations
saturation   [  36% ] 021/600 VUs  03m49.7s/10m30s  2.55 iters/s

running (03m50.9s), 023/600 VUs, 317 complete and 0 interrupted iterations
saturation   [  37% ] 023/600 VUs  03m50.7s/10m30s  2.56 iters/s

running (03m51.9s), 023/600 VUs, 320 complete and 0 interrupted iterations
saturation   [  37% ] 023/600 VUs  03m51.7s/10m30s  2.58 iters/s

running (03m52.9s), 023/600 VUs, 322 complete and 0 interrupted iterations
saturation   [  37% ] 023/600 VUs  03m52.7s/10m30s  2.58 iters/s

running (03m53.9s), 021/600 VUs, 327 complete and 0 interrupted iterations
saturation   [  37% ] 021/600 VUs  03m53.7s/10m30s  2.60 iters/s

running (03m54.9s), 023/600 VUs, 328 complete and 0 interrupted iterations
saturation   [  37% ] 023/600 VUs  03m54.7s/10m30s  2.61 iters/s

running (03m55.9s), 022/600 VUs, 331 complete and 0 interrupted iterations
saturation   [  37% ] 022/600 VUs  03m55.7s/10m30s  2.62 iters/s

running (03m56.9s), 019/600 VUs, 337 complete and 0 interrupted iterations
saturation   [  38% ] 019/600 VUs  03m56.7s/10m30s  2.63 iters/s

running (03m57.9s), 017/600 VUs, 341 complete and 0 interrupted iterations
saturation   [  38% ] 017/600 VUs  03m57.7s/10m30s  2.64 iters/s

running (03m58.9s), 017/600 VUs, 344 complete and 0 interrupted iterations
saturation   [  38% ] 017/600 VUs  03m58.7s/10m30s  2.65 iters/s

running (03m59.9s), 015/600 VUs, 349 complete and 0 interrupted iterations
saturation   [  38% ] 015/600 VUs  03m59.7s/10m30s  2.66 iters/s

running (04m00.9s), 016/600 VUs, 350 complete and 0 interrupted iterations
saturation   [  38% ] 016/600 VUs  04m00.7s/10m30s  2.67 iters/s

running (04m01.9s), 019/600 VUs, 350 complete and 0 interrupted iterations
saturation   [  38% ] 019/600 VUs  04m01.7s/10m30s  2.69 iters/s

running (04m02.9s), 022/600 VUs, 350 complete and 0 interrupted iterations
saturation   [  39% ] 022/600 VUs  04m02.7s/10m30s  2.70 iters/s

running (04m03.9s), 020/600 VUs, 355 complete and 0 interrupted iterations
saturation   [  39% ] 020/600 VUs  04m03.7s/10m30s  2.71 iters/s

running (04m04.9s), 021/600 VUs, 356 complete and 0 interrupted iterations
saturation   [  39% ] 021/600 VUs  04m04.7s/10m30s  2.72 iters/s

running (04m05.9s), 023/600 VUs, 357 complete and 0 interrupted iterations
saturation   [  39% ] 023/600 VUs  04m05.7s/10m30s  2.73 iters/s

running (04m06.9s), 026/600 VUs, 357 complete and 0 interrupted iterations
saturation   [  39% ] 026/600 VUs  04m06.7s/10m30s  2.74 iters/s

running (04m07.9s), 023/600 VUs, 362 complete and 0 interrupted iterations
saturation   [  39% ] 023/600 VUs  04m07.7s/10m30s  2.75 iters/s

running (04m08.9s), 021/600 VUs, 367 complete and 0 interrupted iterations
saturation   [  39% ] 021/600 VUs  04m08.7s/10m30s  2.76 iters/s

running (04m09.9s), 023/600 VUs, 368 complete and 0 interrupted iterations
saturation   [  40% ] 023/600 VUs  04m09.7s/10m30s  2.77 iters/s

running (04m10.9s), 023/600 VUs, 371 complete and 0 interrupted iterations
saturation   [  40% ] 023/600 VUs  04m10.7s/10m30s  2.79 iters/s

running (04m11.9s), 022/600 VUs, 375 complete and 0 interrupted iterations
saturation   [  40% ] 022/600 VUs  04m11.7s/10m30s  2.80 iters/s

running (04m12.9s), 024/600 VUs, 375 complete and 0 interrupted iterations
saturation   [  40% ] 024/600 VUs  04m12.7s/10m30s  2.81 iters/s

running (04m13.9s), 027/600 VUs, 375 complete and 0 interrupted iterations
saturation   [  40% ] 027/600 VUs  04m13.7s/10m30s  2.82 iters/s

running (04m14.9s), 025/600 VUs, 380 complete and 0 interrupted iterations
saturation   [  40% ] 025/600 VUs  04m14.7s/10m30s  2.83 iters/s

running (04m15.9s), 028/600 VUs, 380 complete and 0 interrupted iterations
saturation   [  41% ] 028/600 VUs  04m15.7s/10m30s  2.84 iters/s

running (04m16.9s), 026/600 VUs, 385 complete and 0 interrupted iterations
saturation   [  41% ] 026/600 VUs  04m16.7s/10m30s  2.85 iters/s

running (04m17.9s), 027/600 VUs, 387 complete and 0 interrupted iterations
saturation   [  41% ] 027/600 VUs  04m17.7s/10m30s  2.87 iters/s

running (04m18.9s), 025/600 VUs, 391 complete and 0 interrupted iterations
saturation   [  41% ] 025/600 VUs  04m18.7s/10m30s  2.87 iters/s

running (04m19.9s), 028/600 VUs, 391 complete and 0 interrupted iterations
saturation   [  41% ] 028/600 VUs  04m19.7s/10m30s  2.88 iters/s

running (04m20.9s), 027/600 VUs, 395 complete and 0 interrupted iterations
saturation   [  41% ] 027/600 VUs  04m20.7s/10m30s  2.90 iters/s

running (04m21.9s), 029/600 VUs, 396 complete and 0 interrupted iterations
saturation   [  42% ] 029/600 VUs  04m21.7s/10m30s  2.91 iters/s

running (04m22.9s), 032/600 VUs, 396 complete and 0 interrupted iterations
saturation   [  42% ] 032/600 VUs  04m22.7s/10m30s  2.92 iters/s

running (04m23.9s), 031/600 VUs, 400 complete and 0 interrupted iterations
saturation   [  42% ] 031/600 VUs  04m23.7s/10m30s  2.93 iters/s

running (04m24.9s), 032/600 VUs, 402 complete and 0 interrupted iterations
saturation   [  42% ] 032/600 VUs  04m24.7s/10m30s  2.94 iters/s

running (04m25.9s), 030/600 VUs, 407 complete and 0 interrupted iterations
saturation   [  42% ] 030/600 VUs  04m25.7s/10m30s  2.95 iters/s

running (04m26.9s), 032/600 VUs, 408 complete and 0 interrupted iterations
saturation   [  42% ] 032/600 VUs  04m26.7s/10m30s  2.96 iters/s

running (04m27.9s), 031/600 VUs, 412 complete and 0 interrupted iterations
saturation   [  42% ] 031/600 VUs  04m27.7s/10m30s  2.98 iters/s

running (04m28.9s), 030/600 VUs, 416 complete and 0 interrupted iterations
saturation   [  43% ] 030/600 VUs  04m28.7s/10m30s  2.99 iters/s

running (04m29.9s), 031/600 VUs, 418 complete and 0 interrupted iterations
saturation   [  43% ] 031/600 VUs  04m29.7s/10m30s  3.00 iters/s

running (04m30.9s), 034/600 VUs, 418 complete and 0 interrupted iterations
saturation   [  43% ] 034/600 VUs  04m30.7s/10m30s  3.01 iters/s

running (04m31.9s), 031/600 VUs, 424 complete and 0 interrupted iterations
saturation   [  43% ] 031/600 VUs  04m31.7s/10m30s  3.02 iters/s

running (04m32.9s), 032/600 VUs, 426 complete and 0 interrupted iterations
saturation   [  43% ] 032/600 VUs  04m32.7s/10m30s  3.03 iters/s

running (04m33.9s), 027/600 VUs, 434 complete and 0 interrupted iterations
saturation   [  43% ] 027/600 VUs  04m33.7s/10m30s  3.04 iters/s

running (04m34.9s), 028/600 VUs, 436 complete and 0 interrupted iterations
saturation   [  44% ] 028/600 VUs  04m34.7s/10m30s  3.05 iters/s

running (04m35.9s), 030/600 VUs, 437 complete and 0 interrupted iterations
saturation   [  44% ] 030/600 VUs  04m35.7s/10m30s  3.06 iters/s

running (04m36.9s), 027/600 VUs, 443 complete and 0 interrupted iterations
saturation   [  44% ] 027/600 VUs  04m36.7s/10m30s  3.07 iters/s

running (04m37.9s), 028/600 VUs, 445 complete and 0 interrupted iterations
saturation   [  44% ] 028/600 VUs  04m37.7s/10m30s  3.09 iters/s

running (04m38.9s), 026/600 VUs, 450 complete and 0 interrupted iterations
saturation   [  44% ] 026/600 VUs  04m38.7s/10m30s  3.10 iters/s

running (04m39.9s), 028/600 VUs, 451 complete and 0 interrupted iterations
saturation   [  44% ] 028/600 VUs  04m39.7s/10m30s  3.11 iters/s

running (04m40.9s), 029/600 VUs, 453 complete and 0 interrupted iterations
saturation   [  45% ] 029/600 VUs  04m40.7s/10m30s  3.12 iters/s

running (04m41.9s), 032/600 VUs, 453 complete and 0 interrupted iterations
saturation   [  45% ] 032/600 VUs  04m41.7s/10m30s  3.13 iters/s

running (04m42.9s), 032/600 VUs, 457 complete and 0 interrupted iterations
saturation   [  45% ] 032/600 VUs  04m42.7s/10m30s  3.14 iters/s

running (04m43.9s), 033/600 VUs, 459 complete and 0 interrupted iterations
saturation   [  45% ] 033/600 VUs  04m43.7s/10m30s  3.15 iters/s

running (04m44.9s), 036/600 VUs, 459 complete and 0 interrupted iterations
saturation   [  45% ] 036/600 VUs  04m44.7s/10m30s  3.16 iters/s

running (04m45.9s), 031/600 VUs, 467 complete and 0 interrupted iterations
saturation   [  45% ] 031/600 VUs  04m45.7s/10m30s  3.17 iters/s

running (04m46.9s), 033/600 VUs, 468 complete and 0 interrupted iterations
saturation   [  46% ] 033/600 VUs  04m46.7s/10m30s  3.19 iters/s

running (04m47.9s), 036/600 VUs, 468 complete and 0 interrupted iterations
saturation   [  46% ] 036/600 VUs  04m47.7s/10m30s  3.20 iters/s

running (04m48.9s), 032/600 VUs, 476 complete and 0 interrupted iterations
saturation   [  46% ] 032/600 VUs  04m48.7s/10m30s  3.21 iters/s

running (04m49.9s), 034/600 VUs, 477 complete and 0 interrupted iterations
saturation   [  46% ] 034/600 VUs  04m49.7s/10m30s  3.22 iters/s

running (04m50.9s), 028/600 VUs, 486 complete and 0 interrupted iterations
saturation   [  46% ] 028/600 VUs  04m50.7s/10m30s  3.23 iters/s

running (04m51.9s), 030/600 VUs, 487 complete and 0 interrupted iterations
saturation   [  46% ] 030/600 VUs  04m51.7s/10m30s  3.24 iters/s

running (04m52.9s), 031/600 VUs, 490 complete and 0 interrupted iterations
saturation   [  46% ] 031/600 VUs  04m52.7s/10m30s  3.25 iters/s

running (04m53.9s), 031/600 VUs, 493 complete and 0 interrupted iterations
saturation   [  47% ] 031/600 VUs  04m53.7s/10m30s  3.26 iters/s

running (04m54.9s), 034/600 VUs, 493 complete and 0 interrupted iterations
saturation   [  47% ] 034/600 VUs  04m54.7s/10m30s  3.27 iters/s

running (04m55.9s), 032/600 VUs, 498 complete and 0 interrupted iterations
saturation   [  47% ] 032/600 VUs  04m55.7s/10m30s  3.28 iters/s

running (04m56.9s), 033/600 VUs, 501 complete and 0 interrupted iterations
saturation   [  47% ] 033/600 VUs  04m56.7s/10m30s  3.30 iters/s

running (04m57.9s), 030/600 VUs, 507 complete and 0 interrupted iterations
saturation   [  47% ] 030/600 VUs  04m57.7s/10m30s  3.31 iters/s

running (04m58.9s), 032/600 VUs, 508 complete and 0 interrupted iterations
saturation   [  47% ] 032/600 VUs  04m58.7s/10m30s  3.32 iters/s

running (04m59.9s), 035/600 VUs, 509 complete and 0 interrupted iterations
saturation   [  48% ] 035/600 VUs  04m59.7s/10m30s  3.33 iters/s

running (05m00.9s), 031/600 VUs, 516 complete and 0 interrupted iterations
saturation   [  48% ] 031/600 VUs  05m00.7s/10m30s  3.34 iters/s

running (05m01.9s), 032/600 VUs, 518 complete and 0 interrupted iterations
saturation   [  48% ] 032/600 VUs  05m01.7s/10m30s  3.35 iters/s

running (05m02.9s), 035/600 VUs, 519 complete and 0 interrupted iterations
saturation   [  48% ] 035/600 VUs  05m02.7s/10m30s  3.36 iters/s

running (05m03.9s), 035/600 VUs, 522 complete and 0 interrupted iterations
saturation   [  48% ] 035/600 VUs  05m03.7s/10m30s  3.37 iters/s

running (05m04.9s), 035/600 VUs, 525 complete and 0 interrupted iterations
saturation   [  48% ] 035/600 VUs  05m04.7s/10m30s  3.38 iters/s

running (05m05.9s), 034/600 VUs, 530 complete and 0 interrupted iterations
saturation   [  49% ] 034/600 VUs  05m05.7s/10m30s  3.40 iters/s

running (05m06.9s), 031/600 VUs, 536 complete and 0 interrupted iterations
saturation   [  49% ] 031/600 VUs  05m06.7s/10m30s  3.41 iters/s

running (05m07.9s), 035/600 VUs, 536 complete and 0 interrupted iterations
saturation   [  49% ] 035/600 VUs  05m07.7s/10m30s  3.42 iters/s

running (05m08.9s), 030/600 VUs, 544 complete and 0 interrupted iterations
saturation   [  49% ] 030/600 VUs  05m08.7s/10m30s  3.43 iters/s

running (05m09.9s), 032/600 VUs, 545 complete and 0 interrupted iterations
saturation   [  49% ] 032/600 VUs  05m09.7s/10m30s  3.44 iters/s

running (05m10.9s), 031/600 VUs, 550 complete and 0 interrupted iterations
saturation   [  49% ] 031/600 VUs  05m10.7s/10m30s  3.45 iters/s

running (05m11.9s), 030/600 VUs, 554 complete and 0 interrupted iterations
saturation   [  49% ] 030/600 VUs  05m11.7s/10m30s  3.46 iters/s

running (05m12.9s), 033/600 VUs, 555 complete and 0 interrupted iterations
saturation   [  50% ] 033/600 VUs  05m12.7s/10m30s  3.48 iters/s

running (05m13.9s), 032/600 VUs, 559 complete and 0 interrupted iterations
saturation   [  50% ] 032/600 VUs  05m13.7s/10m30s  3.48 iters/s

running (05m14.9s), 035/600 VUs, 560 complete and 0 interrupted iterations
saturation   [  50% ] 035/600 VUs  05m14.7s/10m30s  3.50 iters/s

running (05m15.9s), 035/600 VUs, 563 complete and 0 interrupted iterations
saturation   [  50% ] 035/600 VUs  05m15.7s/10m30s  3.51 iters/s

running (05m16.9s), 036/600 VUs, 566 complete and 0 interrupted iterations
saturation   [  50% ] 036/600 VUs  05m16.7s/10m30s  3.52 iters/s

running (05m17.9s), 039/600 VUs, 566 complete and 0 interrupted iterations
saturation   [  50% ] 039/600 VUs  05m17.7s/10m30s  3.53 iters/s

running (05m18.9s), 043/600 VUs, 566 complete and 0 interrupted iterations
saturation   [  51% ] 043/600 VUs  05m18.7s/10m30s  3.54 iters/s

running (05m19.9s), 042/600 VUs, 570 complete and 0 interrupted iterations
saturation   [  51% ] 042/600 VUs  05m19.7s/10m30s  3.55 iters/s

running (05m20.9s), 043/600 VUs, 573 complete and 0 interrupted iterations
saturation   [  51% ] 043/600 VUs  05m20.7s/10m30s  3.56 iters/s

running (05m21.9s), 041/600 VUs, 579 complete and 0 interrupted iterations
saturation   [  51% ] 041/600 VUs  05m21.7s/10m30s  3.58 iters/s

running (05m22.9s), 037/600 VUs, 586 complete and 0 interrupted iterations
saturation   [  51% ] 037/600 VUs  05m22.7s/10m30s  3.59 iters/s

running (05m23.9s), 039/600 VUs, 588 complete and 0 interrupted iterations
saturation   [  51% ] 039/600 VUs  05m23.7s/10m30s  3.60 iters/s

running (05m24.9s), 041/600 VUs, 589 complete and 0 interrupted iterations
saturation   [  52% ] 041/600 VUs  05m24.7s/10m30s  3.61 iters/s

running (05m25.9s), 045/600 VUs, 589 complete and 0 interrupted iterations
saturation   [  52% ] 045/600 VUs  05m25.7s/10m30s  3.62 iters/s

running (05m26.9s), 044/600 VUs, 594 complete and 0 interrupted iterations
saturation   [  52% ] 044/600 VUs  05m26.7s/10m30s  3.63 iters/s

running (05m27.9s), 044/600 VUs, 597 complete and 0 interrupted iterations
saturation   [  52% ] 044/600 VUs  05m27.7s/10m30s  3.64 iters/s

running (05m28.9s), 046/600 VUs, 599 complete and 0 interrupted iterations
saturation   [  52% ] 046/600 VUs  05m28.7s/10m30s  3.65 iters/s

running (05m29.9s), 043/600 VUs, 605 complete and 0 interrupted iterations
saturation   [  52% ] 043/600 VUs  05m29.7s/10m30s  3.66 iters/s

running (05m30.9s), 042/600 VUs, 610 complete and 0 interrupted iterations
saturation   [  52% ] 042/600 VUs  05m30.7s/10m30s  3.67 iters/s

running (05m31.9s), 044/600 VUs, 612 complete and 0 interrupted iterations
saturation   [  53% ] 044/600 VUs  05m31.7s/10m30s  3.69 iters/s

running (05m32.9s), 041/600 VUs, 619 complete and 0 interrupted iterations
saturation   [  53% ] 041/600 VUs  05m32.7s/10m30s  3.70 iters/s

running (05m33.9s), 042/600 VUs, 621 complete and 0 interrupted iterations
saturation   [  53% ] 042/600 VUs  05m33.7s/10m30s  3.71 iters/s

running (05m34.9s), 044/600 VUs, 623 complete and 0 interrupted iterations
saturation   [  53% ] 044/600 VUs  05m34.7s/10m30s  3.72 iters/s

running (05m35.9s), 047/600 VUs, 624 complete and 0 interrupted iterations
saturation   [  53% ] 047/600 VUs  05m35.7s/10m30s  3.73 iters/s

running (05m36.9s), 049/600 VUs, 625 complete and 0 interrupted iterations
saturation   [  53% ] 049/600 VUs  05m36.7s/10m30s  3.74 iters/s

running (05m37.9s), 048/600 VUs, 630 complete and 0 interrupted iterations
saturation   [  54% ] 048/600 VUs  05m37.7s/10m30s  3.75 iters/s

running (05m38.9s), 045/600 VUs, 637 complete and 0 interrupted iterations
saturation   [  54% ] 045/600 VUs  05m38.7s/10m30s  3.76 iters/s

running (05m39.9s), 047/600 VUs, 639 complete and 0 interrupted iterations
saturation   [  54% ] 047/600 VUs  05m39.7s/10m30s  3.78 iters/s

running (05m40.9s), 048/600 VUs, 641 complete and 0 interrupted iterations
saturation   [  54% ] 048/600 VUs  05m40.7s/10m30s  3.78 iters/s

running (05m41.9s), 044/600 VUs, 649 complete and 0 interrupted iterations
saturation   [  54% ] 044/600 VUs  05m41.7s/10m30s  3.80 iters/s

running (05m42.9s), 046/600 VUs, 651 complete and 0 interrupted iterations
saturation   [  54% ] 046/600 VUs  05m42.7s/10m30s  3.81 iters/s

running (05m43.9s), 043/600 VUs, 658 complete and 0 interrupted iterations
saturation   [  55% ] 043/600 VUs  05m43.7s/10m30s  3.82 iters/s

running (05m44.9s), 045/600 VUs, 660 complete and 0 interrupted iterations
saturation   [  55% ] 045/600 VUs  05m44.7s/10m30s  3.83 iters/s

running (05m45.9s), 046/600 VUs, 663 complete and 0 interrupted iterations
saturation   [  55% ] 046/600 VUs  05m45.7s/10m30s  3.84 iters/s

running (05m46.9s), 042/600 VUs, 670 complete and 0 interrupted iterations
saturation   [  55% ] 042/600 VUs  05m46.7s/10m30s  3.85 iters/s

running (05m47.9s), 042/600 VUs, 674 complete and 0 interrupted iterations
saturation   [  55% ] 042/600 VUs  05m47.7s/10m30s  3.86 iters/s

running (05m48.9s), 042/600 VUs, 678 complete and 0 interrupted iterations
saturation   [  55% ] 042/600 VUs  05m48.7s/10m30s  3.87 iters/s

running (05m49.9s), 039/600 VUs, 685 complete and 0 interrupted iterations
saturation   [  56% ] 039/600 VUs  05m49.7s/10m30s  3.89 iters/s

running (05m50.9s), 042/600 VUs, 686 complete and 0 interrupted iterations
saturation   [  56% ] 042/600 VUs  05m50.7s/10m30s  3.90 iters/s

running (05m51.9s), 043/600 VUs, 689 complete and 0 interrupted iterations
saturation   [  56% ] 043/600 VUs  05m51.7s/10m30s  3.91 iters/s

running (05m52.9s), 041/600 VUs, 695 complete and 0 interrupted iterations
saturation   [  56% ] 041/600 VUs  05m52.7s/10m30s  3.92 iters/s

running (05m53.9s), 045/600 VUs, 695 complete and 0 interrupted iterations
saturation   [  56% ] 045/600 VUs  05m53.7s/10m30s  3.93 iters/s

running (05m54.9s), 036/600 VUs, 708 complete and 0 interrupted iterations
saturation   [  56% ] 036/600 VUs  05m54.7s/10m30s  3.94 iters/s

running (05m55.9s), 038/600 VUs, 710 complete and 0 interrupted iterations
saturation   [  56% ] 038/600 VUs  05m55.7s/10m30s  3.95 iters/s

running (05m56.9s), 040/600 VUs, 711 complete and 0 interrupted iterations
saturation   [  57% ] 040/600 VUs  05m56.7s/10m30s  3.96 iters/s

running (05m57.9s), 035/600 VUs, 720 complete and 0 interrupted iterations
saturation   [  57% ] 035/600 VUs  05m57.7s/10m30s  3.97 iters/s

running (05m58.9s), 038/600 VUs, 721 complete and 0 interrupted iterations
saturation   [  57% ] 038/600 VUs  05m58.7s/10m30s  3.98 iters/s

running (05m59.9s), 039/600 VUs, 724 complete and 0 interrupted iterations
saturation   [  57% ] 039/600 VUs  05m59.7s/10m30s  4.00 iters/s

running (06m00.9s), 037/600 VUs, 730 complete and 0 interrupted iterations
saturation   [  57% ] 037/600 VUs  06m00.7s/10m30s  4.01 iters/s

running (06m01.9s), 036/600 VUs, 735 complete and 0 interrupted iterations
saturation   [  57% ] 036/600 VUs  06m01.7s/10m30s  4.02 iters/s

running (06m02.9s), 036/600 VUs, 739 complete and 0 interrupted iterations
saturation   [  58% ] 036/600 VUs  06m02.7s/10m30s  4.03 iters/s

running (06m03.9s), 038/600 VUs, 741 complete and 0 interrupted iterations
saturation   [  58% ] 038/600 VUs  06m03.7s/10m30s  4.04 iters/s

running (06m04.9s), 040/600 VUs, 744 complete and 0 interrupted iterations
saturation   [  58% ] 040/600 VUs  06m04.7s/10m30s  4.05 iters/s

running (06m05.9s), 039/600 VUs, 749 complete and 0 interrupted iterations
saturation   [  58% ] 039/600 VUs  06m05.7s/10m30s  4.06 iters/s

running (06m06.9s), 038/600 VUs, 754 complete and 0 interrupted iterations
saturation   [  58% ] 038/600 VUs  06m06.7s/10m30s  4.08 iters/s

running (06m07.9s), 040/600 VUs, 756 complete and 0 interrupted iterations
saturation   [  58% ] 040/600 VUs  06m07.7s/10m30s  4.09 iters/s

running (06m08.9s), 039/600 VUs, 761 complete and 0 interrupted iterations
saturation   [  59% ] 039/600 VUs  06m08.7s/10m30s  4.10 iters/s

running (06m09.9s), 041/600 VUs, 763 complete and 0 interrupted iterations
saturation   [  59% ] 041/600 VUs  06m09.7s/10m30s  4.11 iters/s

running (06m10.9s), 043/600 VUs, 765 complete and 0 interrupted iterations
saturation   [  59% ] 043/600 VUs  06m10.7s/10m30s  4.12 iters/s

running (06m11.9s), 038/600 VUs, 774 complete and 0 interrupted iterations
saturation   [  59% ] 038/600 VUs  06m11.7s/10m30s  4.13 iters/s

running (06m12.9s), 038/600 VUs, 778 complete and 0 interrupted iterations
saturation   [  59% ] 038/600 VUs  06m12.7s/10m30s  4.14 iters/s

running (06m13.9s), 038/600 VUs, 782 complete and 0 interrupted iterations
saturation   [  59% ] 038/600 VUs  06m13.7s/10m30s  4.15 iters/s

running (06m14.9s), 040/600 VUs, 785 complete and 0 interrupted iterations
saturation   [  59% ] 040/600 VUs  06m14.7s/10m30s  4.16 iters/s

running (06m15.9s), 038/600 VUs, 791 complete and 0 interrupted iterations
saturation   [  60% ] 038/600 VUs  06m15.7s/10m30s  4.18 iters/s

running (06m16.9s), 038/600 VUs, 795 complete and 0 interrupted iterations
saturation   [  60% ] 038/600 VUs  06m16.7s/10m30s  4.19 iters/s

running (06m17.9s), 040/600 VUs, 797 complete and 0 interrupted iterations
saturation   [  60% ] 040/600 VUs  06m17.7s/10m30s  4.20 iters/s

running (06m18.9s), 037/600 VUs, 804 complete and 0 interrupted iterations
saturation   [  60% ] 037/600 VUs  06m18.7s/10m30s  4.21 iters/s

running (06m19.9s), 042/600 VUs, 804 complete and 0 interrupted iterations
saturation   [  60% ] 042/600 VUs  06m19.7s/10m30s  4.22 iters/s

running (06m20.9s), 040/600 VUs, 810 complete and 0 interrupted iterations
saturation   [  60% ] 040/600 VUs  06m20.7s/10m30s  4.23 iters/s

running (06m21.9s), 039/600 VUs, 815 complete and 0 interrupted iterations
saturation   [  61% ] 039/600 VUs  06m21.7s/10m30s  4.24 iters/s

running (06m22.9s), 042/600 VUs, 816 complete and 0 interrupted iterations
saturation   [  61% ] 042/600 VUs  06m22.7s/10m30s  4.25 iters/s

running (06m23.9s), 039/600 VUs, 824 complete and 0 interrupted iterations
saturation   [  61% ] 039/600 VUs  06m23.7s/10m30s  4.26 iters/s

running (06m24.9s), 039/600 VUs, 828 complete and 0 interrupted iterations
saturation   [  61% ] 039/600 VUs  06m24.7s/10m30s  4.28 iters/s

running (06m25.9s), 043/600 VUs, 828 complete and 0 interrupted iterations
saturation   [  61% ] 043/600 VUs  06m25.7s/10m30s  4.29 iters/s

running (06m26.9s), 046/600 VUs, 829 complete and 0 interrupted iterations
saturation   [  61% ] 046/600 VUs  06m26.7s/10m30s  4.30 iters/s

running (06m27.9s), 045/600 VUs, 835 complete and 0 interrupted iterations
saturation   [  62% ] 045/600 VUs  06m27.7s/10m30s  4.31 iters/s

running (06m28.9s), 046/600 VUs, 838 complete and 0 interrupted iterations
saturation   [  62% ] 046/600 VUs  06m28.7s/10m30s  4.32 iters/s

running (06m29.9s), 049/600 VUs, 839 complete and 0 interrupted iterations
saturation   [  62% ] 049/600 VUs  06m29.7s/10m30s  4.33 iters/s

running (06m30.9s), 051/600 VUs, 842 complete and 0 interrupted iterations
saturation   [  62% ] 051/600 VUs  06m30.7s/10m30s  4.34 iters/s

running (06m31.9s), 052/600 VUs, 845 complete and 0 interrupted iterations
saturation   [  62% ] 052/600 VUs  06m31.7s/10m30s  4.35 iters/s

running (06m32.9s), 049/600 VUs, 852 complete and 0 interrupted iterations
saturation   [  62% ] 049/600 VUs  06m32.7s/10m30s  4.36 iters/s

running (06m33.9s), 052/600 VUs, 854 complete and 0 interrupted iterations
saturation   [  62% ] 052/600 VUs  06m33.7s/10m30s  4.38 iters/s

running (06m34.9s), 046/600 VUs, 864 complete and 0 interrupted iterations
saturation   [  63% ] 046/600 VUs  06m34.7s/10m30s  4.39 iters/s

running (06m35.9s), 047/600 VUs, 867 complete and 0 interrupted iterations
saturation   [  63% ] 047/600 VUs  06m35.7s/10m30s  4.40 iters/s

running (06m36.9s), 045/600 VUs, 874 complete and 0 interrupted iterations
saturation   [  63% ] 045/600 VUs  06m36.7s/10m30s  4.41 iters/s

running (06m37.9s), 046/600 VUs, 877 complete and 0 interrupted iterations
saturation   [  63% ] 046/600 VUs  06m37.7s/10m30s  4.42 iters/s

running (06m38.9s), 043/600 VUs, 885 complete and 0 interrupted iterations
saturation   [  63% ] 043/600 VUs  06m38.7s/10m30s  4.43 iters/s

running (06m39.9s), 047/600 VUs, 885 complete and 0 interrupted iterations
saturation   [  63% ] 047/600 VUs  06m39.7s/10m30s  4.44 iters/s

running (06m40.9s), 049/600 VUs, 888 complete and 0 interrupted iterations
saturation   [  64% ] 049/600 VUs  06m40.7s/10m30s  4.45 iters/s

running (06m41.9s), 050/600 VUs, 891 complete and 0 interrupted iterations
saturation   [  64% ] 050/600 VUs  06m41.7s/10m30s  4.46 iters/s

running (06m42.9s), 052/600 VUs, 894 complete and 0 interrupted iterations
saturation   [  64% ] 052/600 VUs  06m42.7s/10m30s  4.48 iters/s

running (06m43.9s), 052/600 VUs, 898 complete and 0 interrupted iterations
saturation   [  64% ] 052/600 VUs  06m43.7s/10m30s  4.49 iters/s

running (06m44.9s), 056/600 VUs, 899 complete and 0 interrupted iterations
saturation   [  64% ] 056/600 VUs  06m44.7s/10m30s  4.50 iters/s

running (06m45.9s), 055/600 VUs, 904 complete and 0 interrupted iterations
saturation   [  64% ] 055/600 VUs  06m45.7s/10m30s  4.51 iters/s

running (06m46.9s), 056/600 VUs, 908 complete and 0 interrupted iterations
saturation   [  65% ] 056/600 VUs  06m46.7s/10m30s  4.52 iters/s

running (06m47.9s), 058/600 VUs, 910 complete and 0 interrupted iterations
saturation   [  65% ] 058/600 VUs  06m47.7s/10m30s  4.53 iters/s

running (06m48.9s), 062/600 VUs, 911 complete and 0 interrupted iterations
saturation   [  65% ] 062/600 VUs  06m48.7s/10m30s  4.54 iters/s

running (06m49.9s), 062/600 VUs, 915 complete and 0 interrupted iterations
saturation   [  65% ] 062/600 VUs  06m49.7s/10m30s  4.55 iters/s

running (06m50.9s), 065/600 VUs, 917 complete and 0 interrupted iterations
saturation   [  65% ] 065/600 VUs  06m50.7s/10m30s  4.56 iters/s

running (06m51.9s), 059/600 VUs, 927 complete and 0 interrupted iterations
saturation   [  65% ] 059/600 VUs  06m51.7s/10m30s  4.57 iters/s

running (06m52.9s), 061/600 VUs, 930 complete and 0 interrupted iterations
saturation   [  66% ] 061/600 VUs  06m52.7s/10m30s  4.59 iters/s

running (06m53.9s), 063/600 VUs, 932 complete and 0 interrupted iterations
saturation   [  66% ] 063/600 VUs  06m53.7s/10m30s  4.60 iters/s

running (06m54.9s), 058/600 VUs, 942 complete and 0 interrupted iterations
saturation   [  66% ] 058/600 VUs  06m54.7s/10m30s  4.61 iters/s

running (06m55.9s), 057/600 VUs, 948 complete and 0 interrupted iterations
saturation   [  66% ] 057/600 VUs  06m55.7s/10m30s  4.62 iters/s

running (06m56.9s), 053/600 VUs, 956 complete and 0 interrupted iterations
saturation   [  66% ] 053/600 VUs  06m56.7s/10m30s  4.63 iters/s

running (06m57.9s), 054/600 VUs, 960 complete and 0 interrupted iterations
saturation   [  66% ] 054/600 VUs  06m57.7s/10m30s  4.64 iters/s

running (06m58.9s), 057/600 VUs, 962 complete and 0 interrupted iterations
saturation   [  66% ] 057/600 VUs  06m58.7s/10m30s  4.65 iters/s

running (06m59.9s), 060/600 VUs, 963 complete and 0 interrupted iterations
saturation   [  67% ] 060/600 VUs  06m59.7s/10m30s  4.66 iters/s

running (07m00.9s), 054/600 VUs, 974 complete and 0 interrupted iterations
saturation   [  67% ] 054/600 VUs  07m00.7s/10m30s  4.67 iters/s

running (07m01.9s), 059/600 VUs, 974 complete and 0 interrupted iterations
saturation   [  67% ] 059/600 VUs  07m01.7s/10m30s  4.69 iters/s

running (07m02.9s), 056/600 VUs, 981 complete and 0 interrupted iterations
saturation   [  67% ] 056/600 VUs  07m02.7s/10m30s  4.70 iters/s

running (07m03.9s), 055/600 VUs, 987 complete and 0 interrupted iterations
saturation   [  67% ] 055/600 VUs  07m03.7s/10m30s  4.71 iters/s

running (07m04.9s), 054/600 VUs, 993 complete and 0 interrupted iterations
saturation   [  67% ] 054/600 VUs  07m04.7s/10m30s  4.72 iters/s

running (07m05.9s), 053/600 VUs, 998 complete and 0 interrupted iterations
saturation   [  68% ] 053/600 VUs  07m05.7s/10m30s  4.73 iters/s

running (07m06.9s), 056/600 VUs, 1000 complete and 0 interrupted iterations
saturation   [  68% ] 056/600 VUs  07m06.7s/10m30s  4.74 iters/s

running (07m07.9s), 059/600 VUs, 1002 complete and 0 interrupted iterations
saturation   [  68% ] 059/600 VUs  07m07.7s/10m30s  4.75 iters/s

running (07m08.9s), 059/600 VUs, 1007 complete and 0 interrupted iterations
saturation   [  68% ] 059/600 VUs  07m08.7s/10m30s  4.76 iters/s

running (07m09.9s), 055/600 VUs, 1015 complete and 0 interrupted iterations
saturation   [  68% ] 055/600 VUs  07m09.7s/10m30s  4.77 iters/s

running (07m10.9s), 050/600 VUs, 1025 complete and 0 interrupted iterations
saturation   [  68% ] 050/600 VUs  07m10.7s/10m30s  4.79 iters/s

running (07m11.9s), 050/600 VUs, 1030 complete and 0 interrupted iterations
saturation   [  69% ] 050/600 VUs  07m11.7s/10m30s  4.80 iters/s

running (07m12.9s), 052/600 VUs, 1033 complete and 0 interrupted iterations
saturation   [  69% ] 052/600 VUs  07m12.7s/10m30s  4.81 iters/s

running (07m13.9s), 049/600 VUs, 1041 complete and 0 interrupted iterations
saturation   [  69% ] 049/600 VUs  07m13.7s/10m30s  4.82 iters/s

running (07m14.9s), 046/600 VUs, 1048 complete and 0 interrupted iterations
saturation   [  69% ] 046/600 VUs  07m14.7s/10m30s  4.83 iters/s

running (07m15.9s), 049/600 VUs, 1050 complete and 0 interrupted iterations
saturation   [  69% ] 049/600 VUs  07m15.7s/10m30s  4.84 iters/s

running (07m16.9s), 054/600 VUs, 1050 complete and 0 interrupted iterations
saturation   [  69% ] 054/600 VUs  07m16.7s/10m30s  4.85 iters/s

running (07m17.9s), 054/600 VUs, 1055 complete and 0 interrupted iterations
saturation   [  69% ] 054/600 VUs  07m17.7s/10m30s  4.86 iters/s

running (07m18.9s), 056/600 VUs, 1058 complete and 0 interrupted iterations
saturation   [  70% ] 056/600 VUs  07m18.7s/10m30s  4.88 iters/s

running (07m19.9s), 055/600 VUs, 1064 complete and 0 interrupted iterations
saturation   [  70% ] 055/600 VUs  07m19.7s/10m30s  4.89 iters/s

running (07m20.9s), 059/600 VUs, 1065 complete and 0 interrupted iterations
saturation   [  70% ] 059/600 VUs  07m20.7s/10m30s  4.90 iters/s

running (07m21.9s), 063/600 VUs, 1066 complete and 0 interrupted iterations
saturation   [  70% ] 063/600 VUs  07m21.7s/10m30s  4.91 iters/s

running (07m22.9s), 057/600 VUs, 1076 complete and 0 interrupted iterations
saturation   [  70% ] 057/600 VUs  07m22.7s/10m30s  4.92 iters/s

running (07m23.9s), 058/600 VUs, 1080 complete and 0 interrupted iterations
saturation   [  70% ] 058/600 VUs  07m23.7s/10m30s  4.93 iters/s

running (07m24.9s), 055/600 VUs, 1088 complete and 0 interrupted iterations
saturation   [  71% ] 055/600 VUs  07m24.7s/10m30s  4.94 iters/s

running (07m25.9s), 057/600 VUs, 1091 complete and 0 interrupted iterations
saturation   [  71% ] 057/600 VUs  07m25.7s/10m30s  4.95 iters/s

running (07m26.9s), 060/600 VUs, 1093 complete and 0 interrupted iterations
saturation   [  71% ] 060/600 VUs  07m26.7s/10m30s  4.96 iters/s

running (07m27.9s), 060/600 VUs, 1098 complete and 0 interrupted iterations
saturation   [  71% ] 060/600 VUs  07m27.7s/10m30s  4.97 iters/s

running (07m28.9s), 058/600 VUs, 1105 complete and 0 interrupted iterations
saturation   [  71% ] 058/600 VUs  07m28.7s/10m30s  4.99 iters/s

running (07m29.9s), 060/600 VUs, 1108 complete and 0 interrupted iterations
saturation   [  71% ] 060/600 VUs  07m29.7s/10m30s  5.00 iters/s

running (07m30.9s), 059/600 VUs, 1114 complete and 0 interrupted iterations
saturation   [  72% ] 059/600 VUs  07m30.7s/10m30s  5.01 iters/s

running (07m31.9s), 064/600 VUs, 1114 complete and 0 interrupted iterations
saturation   [  72% ] 064/600 VUs  07m31.7s/10m30s  5.02 iters/s

running (07m32.9s), 069/600 VUs, 1114 complete and 0 interrupted iterations
saturation   [  72% ] 069/600 VUs  07m32.7s/10m30s  5.03 iters/s

running (07m33.9s), 070/600 VUs, 1118 complete and 0 interrupted iterations
saturation   [  72% ] 070/600 VUs  07m33.7s/10m30s  5.04 iters/s

running (07m34.9s), 069/600 VUs, 1124 complete and 0 interrupted iterations
saturation   [  72% ] 069/600 VUs  07m34.7s/10m30s  5.05 iters/s

running (07m35.9s), 072/600 VUs, 1126 complete and 0 interrupted iterations
saturation   [  72% ] 072/600 VUs  07m35.7s/10m30s  5.06 iters/s

running (07m36.9s), 069/600 VUs, 1134 complete and 0 interrupted iterations
saturation   [  72% ] 069/600 VUs  07m36.7s/10m30s  5.07 iters/s

running (07m37.9s), 065/600 VUs, 1143 complete and 0 interrupted iterations
saturation   [  73% ] 065/600 VUs  07m37.7s/10m30s  5.08 iters/s

running (07m38.9s), 070/600 VUs, 1144 complete and 0 interrupted iterations
saturation   [  73% ] 070/600 VUs  07m38.7s/10m30s  5.10 iters/s

running (07m39.9s), 067/600 VUs, 1152 complete and 0 interrupted iterations
saturation   [  73% ] 067/600 VUs  07m39.7s/10m30s  5.11 iters/s

running (07m40.9s), 072/600 VUs, 1152 complete and 0 interrupted iterations
saturation   [  73% ] 072/600 VUs  07m40.7s/10m30s  5.12 iters/s

running (07m41.9s), 077/600 VUs, 1152 complete and 0 interrupted iterations
saturation   [  73% ] 077/600 VUs  07m41.7s/10m30s  5.13 iters/s

running (07m42.9s), 080/600 VUs, 1154 complete and 0 interrupted iterations
saturation   [  73% ] 080/600 VUs  07m42.7s/10m30s  5.14 iters/s

running (07m43.9s), 073/600 VUs, 1166 complete and 0 interrupted iterations
saturation   [  74% ] 073/600 VUs  07m43.7s/10m30s  5.15 iters/s

running (07m44.9s), 069/600 VUs, 1175 complete and 0 interrupted iterations
saturation   [  74% ] 069/600 VUs  07m44.7s/10m30s  5.16 iters/s

running (07m45.9s), 070/600 VUs, 1179 complete and 0 interrupted iterations
saturation   [  74% ] 070/600 VUs  07m45.7s/10m30s  5.17 iters/s

running (07m46.9s), 067/600 VUs, 1188 complete and 0 interrupted iterations
saturation   [  74% ] 067/600 VUs  07m46.7s/10m30s  5.19 iters/s

running (07m47.9s), 065/600 VUs, 1195 complete and 0 interrupted iterations
saturation   [  74% ] 065/600 VUs  07m47.7s/10m30s  5.20 iters/s

running (07m48.9s), 068/600 VUs, 1197 complete and 0 interrupted iterations
saturation   [  74% ] 068/600 VUs  07m48.7s/10m30s  5.21 iters/s

running (07m49.9s), 072/600 VUs, 1198 complete and 0 interrupted iterations
saturation   [  75% ] 072/600 VUs  07m49.7s/10m30s  5.22 iters/s

running (07m50.9s), 070/600 VUs, 1206 complete and 0 interrupted iterations
saturation   [  75% ] 070/600 VUs  07m50.7s/10m30s  5.23 iters/s

running (07m51.9s), 075/600 VUs, 1206 complete and 0 interrupted iterations
saturation   [  75% ] 075/600 VUs  07m51.7s/10m30s  5.24 iters/s

running (07m52.9s), 073/600 VUs, 1213 complete and 0 interrupted iterations
saturation   [  75% ] 073/600 VUs  07m52.7s/10m30s  5.25 iters/s

running (07m53.9s), 069/600 VUs, 1222 complete and 0 interrupted iterations
saturation   [  75% ] 069/600 VUs  07m53.7s/10m30s  5.26 iters/s

running (07m54.9s), 067/600 VUs, 1230 complete and 0 interrupted iterations
saturation   [  75% ] 067/600 VUs  07m54.7s/10m30s  5.28 iters/s

running (07m55.9s), 072/600 VUs, 1230 complete and 0 interrupted iterations
saturation   [  76% ] 072/600 VUs  07m55.7s/10m30s  5.29 iters/s

running (07m56.9s), 072/600 VUs, 1235 complete and 0 interrupted iterations
saturation   [  76% ] 072/600 VUs  07m56.7s/10m30s  5.30 iters/s

running (07m57.9s), 069/600 VUs, 1243 complete and 0 interrupted iterations
saturation   [  76% ] 069/600 VUs  07m57.7s/10m30s  5.31 iters/s

running (07m58.9s), 074/600 VUs, 1244 complete and 0 interrupted iterations
saturation   [  76% ] 074/600 VUs  07m58.7s/10m30s  5.32 iters/s

running (07m59.9s), 073/600 VUs, 1250 complete and 0 interrupted iterations
saturation   [  76% ] 073/600 VUs  07m59.7s/10m30s  5.33 iters/s

running (08m00.9s), 066/600 VUs, 1262 complete and 0 interrupted iterations
saturation   [  76% ] 066/600 VUs  08m00.7s/10m30s  5.34 iters/s

running (08m01.9s), 068/600 VUs, 1266 complete and 0 interrupted iterations
saturation   [  76% ] 068/600 VUs  08m01.7s/10m30s  5.35 iters/s

running (08m02.9s), 067/600 VUs, 1272 complete and 0 interrupted iterations
saturation   [  77% ] 067/600 VUs  08m02.7s/10m30s  5.36 iters/s

running (08m03.9s), 063/600 VUs, 1281 complete and 0 interrupted iterations
saturation   [  77% ] 063/600 VUs  08m03.7s/10m30s  5.37 iters/s

running (08m04.9s), 069/600 VUs, 1281 complete and 0 interrupted iterations
saturation   [  77% ] 069/600 VUs  08m04.7s/10m30s  5.39 iters/s

running (08m05.9s), 072/600 VUs, 1283 complete and 0 interrupted iterations
saturation   [  77% ] 072/600 VUs  08m05.7s/10m30s  5.40 iters/s

running (08m06.9s), 077/600 VUs, 1284 complete and 0 interrupted iterations
saturation   [  77% ] 077/600 VUs  08m06.7s/10m30s  5.41 iters/s

running (08m07.9s), 069/600 VUs, 1297 complete and 0 interrupted iterations
saturation   [  77% ] 069/600 VUs  08m07.7s/10m30s  5.42 iters/s

running (08m08.9s), 067/600 VUs, 1304 complete and 0 interrupted iterations
saturation   [  78% ] 067/600 VUs  08m08.7s/10m30s  5.43 iters/s

running (08m09.9s), 069/600 VUs, 1308 complete and 0 interrupted iterations
saturation   [  78% ] 069/600 VUs  08m09.7s/10m30s  5.44 iters/s

running (08m10.9s), 072/600 VUs, 1310 complete and 0 interrupted iterations
saturation   [  78% ] 072/600 VUs  08m10.7s/10m30s  5.45 iters/s

running (08m11.9s), 069/600 VUs, 1319 complete and 0 interrupted iterations
saturation   [  78% ] 069/600 VUs  08m11.7s/10m30s  5.46 iters/s

running (08m12.9s), 069/600 VUs, 1324 complete and 0 interrupted iterations
saturation   [  78% ] 069/600 VUs  08m12.7s/10m30s  5.47 iters/s

running (08m13.9s), 069/600 VUs, 1330 complete and 0 interrupted iterations
saturation   [  78% ] 069/600 VUs  08m13.7s/10m30s  5.49 iters/s

running (08m14.9s), 072/600 VUs, 1332 complete and 0 interrupted iterations
saturation   [  79% ] 072/600 VUs  08m14.7s/10m30s  5.50 iters/s

running (08m15.9s), 076/600 VUs, 1334 complete and 0 interrupted iterations
saturation   [  79% ] 076/600 VUs  08m15.7s/10m30s  5.51 iters/s

running (08m16.9s), 073/600 VUs, 1342 complete and 0 interrupted iterations
saturation   [  79% ] 073/600 VUs  08m16.7s/10m30s  5.52 iters/s

running (08m17.9s), 072/600 VUs, 1349 complete and 0 interrupted iterations
saturation   [  79% ] 072/600 VUs  08m17.7s/10m30s  5.53 iters/s

running (08m18.9s), 076/600 VUs, 1350 complete and 0 interrupted iterations
saturation   [  79% ] 076/600 VUs  08m18.7s/10m30s  5.54 iters/s

running (08m19.9s), 076/600 VUs, 1356 complete and 0 interrupted iterations
saturation   [  79% ] 076/600 VUs  08m19.7s/10m30s  5.55 iters/s

running (08m20.9s), 075/600 VUs, 1362 complete and 0 interrupted iterations
saturation   [  79% ] 075/600 VUs  08m20.7s/10m30s  5.56 iters/s

running (08m21.9s), 081/600 VUs, 1362 complete and 0 interrupted iterations
saturation   [  80% ] 081/600 VUs  08m21.7s/10m30s  5.57 iters/s

running (08m22.9s), 084/600 VUs, 1365 complete and 0 interrupted iterations
saturation   [  80% ] 084/600 VUs  08m22.7s/10m30s  5.59 iters/s

running (08m23.9s), 080/600 VUs, 1374 complete and 0 interrupted iterations
saturation   [  80% ] 080/600 VUs  08m23.7s/10m30s  5.60 iters/s

running (08m24.9s), 078/600 VUs, 1382 complete and 0 interrupted iterations
saturation   [  80% ] 078/600 VUs  08m24.7s/10m30s  5.61 iters/s

running (08m25.9s), 078/600 VUs, 1387 complete and 0 interrupted iterations
saturation   [  80% ] 078/600 VUs  08m25.7s/10m30s  5.62 iters/s

running (08m26.9s), 080/600 VUs, 1391 complete and 0 interrupted iterations
saturation   [  80% ] 080/600 VUs  08m26.7s/10m30s  5.63 iters/s

running (08m27.9s), 082/600 VUs, 1395 complete and 0 interrupted iterations
saturation   [  81% ] 082/600 VUs  08m27.7s/10m30s  5.64 iters/s

running (08m28.9s), 087/600 VUs, 1395 complete and 0 interrupted iterations
saturation   [  81% ] 087/600 VUs  08m28.7s/10m30s  5.65 iters/s

running (08m29.9s), 082/600 VUs, 1406 complete and 0 interrupted iterations
saturation   [  81% ] 082/600 VUs  08m29.7s/10m30s  5.66 iters/s

running (08m30.9s), 085/600 VUs, 1409 complete and 0 interrupted iterations
saturation   [  81% ] 085/600 VUs  08m30.7s/10m30s  5.68 iters/s

running (08m31.9s), 083/600 VUs, 1416 complete and 0 interrupted iterations
saturation   [  81% ] 083/600 VUs  08m31.7s/10m30s  5.69 iters/s

running (08m32.9s), 088/600 VUs, 1417 complete and 0 interrupted iterations
saturation   [  81% ] 088/600 VUs  08m32.7s/10m30s  5.70 iters/s

running (08m33.9s), 083/600 VUs, 1428 complete and 0 interrupted iterations
saturation   [  82% ] 083/600 VUs  08m33.7s/10m30s  5.71 iters/s

running (08m34.9s), 080/600 VUs, 1436 complete and 0 interrupted iterations
saturation   [  82% ] 080/600 VUs  08m34.7s/10m30s  5.72 iters/s

running (08m35.9s), 085/600 VUs, 1437 complete and 0 interrupted iterations
saturation   [  82% ] 085/600 VUs  08m35.7s/10m30s  5.73 iters/s

running (08m36.9s), 084/600 VUs, 1444 complete and 0 interrupted iterations
saturation   [  82% ] 084/600 VUs  08m36.7s/10m30s  5.74 iters/s

running (08m37.9s), 086/600 VUs, 1448 complete and 0 interrupted iterations
saturation   [  82% ] 086/600 VUs  08m37.7s/10m30s  5.75 iters/s

running (08m38.9s), 091/600 VUs, 1448 complete and 0 interrupted iterations
saturation   [  82% ] 091/600 VUs  08m38.7s/10m30s  5.76 iters/s

running (08m39.9s), 087/600 VUs, 1458 complete and 0 interrupted iterations
saturation   [  82% ] 087/600 VUs  08m39.7s/10m30s  5.77 iters/s

running (08m40.9s), 091/600 VUs, 1460 complete and 0 interrupted iterations
saturation   [  83% ] 091/600 VUs  08m40.7s/10m30s  5.79 iters/s

running (08m41.9s), 085/600 VUs, 1472 complete and 0 interrupted iterations
saturation   [  83% ] 085/600 VUs  08m41.7s/10m30s  5.80 iters/s

running (08m42.9s), 086/600 VUs, 1477 complete and 0 interrupted iterations
saturation   [  83% ] 086/600 VUs  08m42.7s/10m30s  5.81 iters/s

running (08m43.9s), 084/600 VUs, 1484 complete and 0 interrupted iterations
saturation   [  83% ] 084/600 VUs  08m43.7s/10m30s  5.82 iters/s

running (08m44.9s), 080/600 VUs, 1494 complete and 0 interrupted iterations
saturation   [  83% ] 080/600 VUs  08m44.7s/10m30s  5.83 iters/s

running (08m45.9s), 080/600 VUs, 1500 complete and 0 interrupted iterations
saturation   [  83% ] 080/600 VUs  08m45.7s/10m30s  5.84 iters/s

running (08m46.9s), 079/600 VUs, 1507 complete and 0 interrupted iterations
saturation   [  84% ] 079/600 VUs  08m46.7s/10m30s  5.85 iters/s

running (08m47.9s), 073/600 VUs, 1519 complete and 0 interrupted iterations
saturation   [  84% ] 073/600 VUs  08m47.7s/10m30s  5.86 iters/s

running (08m48.9s), 076/600 VUs, 1522 complete and 0 interrupted iterations
saturation   [  84% ] 076/600 VUs  08m48.7s/10m30s  5.88 iters/s

running (08m49.9s), 073/600 VUs, 1530 complete and 0 interrupted iterations
saturation   [  84% ] 073/600 VUs  08m49.7s/10m30s  5.89 iters/s

running (08m50.9s), 070/600 VUs, 1539 complete and 0 interrupted iterations
saturation   [  84% ] 070/600 VUs  08m50.7s/10m30s  5.90 iters/s

running (08m51.9s), 076/600 VUs, 1539 complete and 0 interrupted iterations
saturation   [  84% ] 076/600 VUs  08m51.7s/10m30s  5.91 iters/s

running (08m52.9s), 074/600 VUs, 1547 complete and 0 interrupted iterations
saturation   [  85% ] 074/600 VUs  08m52.7s/10m30s  5.92 iters/s

running (08m53.9s), 075/600 VUs, 1552 complete and 0 interrupted iterations
saturation   [  85% ] 075/600 VUs  08m53.7s/10m30s  5.93 iters/s

running (08m54.9s), 078/600 VUs, 1555 complete and 0 interrupted iterations
saturation   [  85% ] 078/600 VUs  08m54.7s/10m30s  5.94 iters/s

running (08m55.9s), 081/600 VUs, 1558 complete and 0 interrupted iterations
saturation   [  85% ] 081/600 VUs  08m55.7s/10m30s  5.95 iters/s

running (08m56.9s), 080/600 VUs, 1565 complete and 0 interrupted iterations
saturation   [  85% ] 080/600 VUs  08m56.7s/10m30s  5.96 iters/s

running (08m57.9s), 077/600 VUs, 1574 complete and 0 interrupted iterations
saturation   [  85% ] 077/600 VUs  08m57.7s/10m30s  5.97 iters/s

running (08m58.9s), 075/600 VUs, 1582 complete and 0 interrupted iterations
saturation   [  86% ] 075/600 VUs  08m58.7s/10m30s  5.99 iters/s

running (08m59.9s), 073/600 VUs, 1590 complete and 0 interrupted iterations
saturation   [  86% ] 073/600 VUs  08m59.7s/10m30s  6.00 iters/s

running (09m00.9s), 078/600 VUs, 1591 complete and 0 interrupted iterations
saturation   [  86% ] 078/600 VUs  09m00.7s/10m30s  6.00 iters/s

running (09m01.9s), 074/600 VUs, 1601 complete and 0 interrupted iterations
saturation   [  86% ] 074/600 VUs  09m01.7s/10m30s  6.00 iters/s

running (09m02.9s), 078/600 VUs, 1603 complete and 0 interrupted iterations
saturation   [  86% ] 078/600 VUs  09m02.7s/10m30s  6.00 iters/s

running (09m03.9s), 074/600 VUs, 1613 complete and 0 interrupted iterations
saturation   [  86% ] 074/600 VUs  09m03.7s/10m30s  6.00 iters/s

running (09m04.9s), 077/600 VUs, 1616 complete and 0 interrupted iterations
saturation   [  86% ] 077/600 VUs  09m04.7s/10m30s  6.00 iters/s

running (09m05.9s), 075/600 VUs, 1624 complete and 0 interrupted iterations
saturation   [  87% ] 075/600 VUs  09m05.7s/10m30s  6.00 iters/s

running (09m06.9s), 075/600 VUs, 1630 complete and 0 interrupted iterations
saturation   [  87% ] 075/600 VUs  09m06.7s/10m30s  6.00 iters/s

running (09m07.9s), 076/600 VUs, 1635 complete and 0 interrupted iterations
saturation   [  87% ] 076/600 VUs  09m07.7s/10m30s  6.00 iters/s

running (09m08.9s), 076/600 VUs, 1641 complete and 0 interrupted iterations
saturation   [  87% ] 076/600 VUs  09m08.7s/10m30s  6.00 iters/s

running (09m09.9s), 075/600 VUs, 1648 complete and 0 interrupted iterations
saturation   [  87% ] 075/600 VUs  09m09.7s/10m30s  6.00 iters/s

running (09m10.9s), 081/600 VUs, 1648 complete and 0 interrupted iterations
saturation   [  87% ] 081/600 VUs  09m10.7s/10m30s  6.00 iters/s

running (09m11.9s), 087/600 VUs, 1648 complete and 0 interrupted iterations
saturation   [  88% ] 087/600 VUs  09m11.7s/10m30s  6.00 iters/s

running (09m12.9s), 090/600 VUs, 1651 complete and 0 interrupted iterations
saturation   [  88% ] 090/600 VUs  09m12.7s/10m30s  6.00 iters/s

running (09m13.9s), 082/600 VUs, 1665 complete and 0 interrupted iterations
saturation   [  88% ] 082/600 VUs  09m13.7s/10m30s  6.00 iters/s

running (09m14.9s), 084/600 VUs, 1669 complete and 0 interrupted iterations
saturation   [  88% ] 084/600 VUs  09m14.7s/10m30s  6.00 iters/s

running (09m15.9s), 086/600 VUs, 1673 complete and 0 interrupted iterations
saturation   [  88% ] 086/600 VUs  09m15.7s/10m30s  6.00 iters/s

running (09m16.9s), 090/600 VUs, 1675 complete and 0 interrupted iterations
saturation   [  88% ] 090/600 VUs  09m16.7s/10m30s  6.00 iters/s

running (09m17.9s), 095/600 VUs, 1676 complete and 0 interrupted iterations
saturation   [  89% ] 095/600 VUs  09m17.7s/10m30s  6.00 iters/s

running (09m18.9s), 091/600 VUs, 1686 complete and 0 interrupted iterations
saturation   [  89% ] 091/600 VUs  09m18.7s/10m30s  6.00 iters/s

running (09m19.9s), 089/600 VUs, 1694 complete and 0 interrupted iterations
saturation   [  89% ] 089/600 VUs  09m19.7s/10m30s  6.00 iters/s

running (09m20.9s), 092/600 VUs, 1697 complete and 0 interrupted iterations
saturation   [  89% ] 092/600 VUs  09m20.7s/10m30s  6.00 iters/s

running (09m21.9s), 091/600 VUs, 1704 complete and 0 interrupted iterations
saturation   [  89% ] 091/600 VUs  09m21.7s/10m30s  6.00 iters/s

running (09m22.9s), 090/600 VUs, 1711 complete and 0 interrupted iterations
saturation   [  89% ] 090/600 VUs  09m22.7s/10m30s  6.00 iters/s

running (09m23.9s), 082/600 VUs, 1725 complete and 0 interrupted iterations
saturation   [  89% ] 082/600 VUs  09m23.7s/10m30s  6.00 iters/s

running (09m24.9s), 083/600 VUs, 1730 complete and 0 interrupted iterations
saturation   [  90% ] 083/600 VUs  09m24.7s/10m30s  6.00 iters/s

running (09m25.9s), 085/600 VUs, 1734 complete and 0 interrupted iterations
saturation   [  90% ] 085/600 VUs  09m25.7s/10m30s  6.00 iters/s

running (09m26.9s), 083/600 VUs, 1742 complete and 0 interrupted iterations
saturation   [  90% ] 083/600 VUs  09m26.7s/10m30s  6.00 iters/s

running (09m27.9s), 086/600 VUs, 1745 complete and 0 interrupted iterations
saturation   [  90% ] 086/600 VUs  09m27.7s/10m30s  6.00 iters/s

running (09m28.9s), 085/600 VUs, 1752 complete and 0 interrupted iterations
saturation   [  90% ] 085/600 VUs  09m28.7s/10m30s  6.00 iters/s

running (09m29.9s), 087/600 VUs, 1756 complete and 0 interrupted iterations
saturation   [  90% ] 087/600 VUs  09m29.7s/10m30s  6.00 iters/s

running (09m30.9s), 084/600 VUs, 1765 complete and 0 interrupted iterations
saturation   [  91% ] 084/600 VUs  09m30.7s/10m30s  6.00 iters/s

running (09m31.9s), 088/600 VUs, 1767 complete and 0 interrupted iterations
saturation   [  91% ] 088/600 VUs  09m31.7s/10m30s  6.00 iters/s

running (09m32.9s), 088/600 VUs, 1773 complete and 0 interrupted iterations
saturation   [  91% ] 088/600 VUs  09m32.7s/10m30s  6.00 iters/s

running (09m33.9s), 090/600 VUs, 1777 complete and 0 interrupted iterations
saturation   [  91% ] 090/600 VUs  09m33.7s/10m30s  6.00 iters/s

running (09m34.9s), 091/600 VUs, 1782 complete and 0 interrupted iterations
saturation   [  91% ] 091/600 VUs  09m34.7s/10m30s  6.00 iters/s

running (09m35.9s), 089/600 VUs, 1790 complete and 0 interrupted iterations
saturation   [  91% ] 089/600 VUs  09m35.7s/10m30s  6.00 iters/s

running (09m36.9s), 091/600 VUs, 1794 complete and 0 interrupted iterations
saturation   [  92% ] 091/600 VUs  09m36.7s/10m30s  6.00 iters/s

running (09m37.9s), 084/600 VUs, 1807 complete and 0 interrupted iterations
saturation   [  92% ] 084/600 VUs  09m37.7s/10m30s  6.00 iters/s

running (09m38.9s), 082/600 VUs, 1815 complete and 0 interrupted iterations
saturation   [  92% ] 082/600 VUs  09m38.7s/10m30s  6.00 iters/s

running (09m39.9s), 086/600 VUs, 1817 complete and 0 interrupted iterations
saturation   [  92% ] 086/600 VUs  09m39.7s/10m30s  6.00 iters/s

running (09m40.9s), 091/600 VUs, 1818 complete and 0 interrupted iterations
saturation   [  92% ] 091/600 VUs  09m40.7s/10m30s  6.00 iters/s

running (09m41.9s), 089/600 VUs, 1826 complete and 0 interrupted iterations
saturation   [  92% ] 089/600 VUs  09m41.7s/10m30s  6.00 iters/s

running (09m42.9s), 082/600 VUs, 1839 complete and 0 interrupted iterations
saturation   [  92% ] 082/600 VUs  09m42.7s/10m30s  6.00 iters/s

running (09m43.9s), 080/600 VUs, 1847 complete and 0 interrupted iterations
saturation   [  93% ] 080/600 VUs  09m43.7s/10m30s  6.00 iters/s

running (09m44.9s), 084/600 VUs, 1849 complete and 0 interrupted iterations
saturation   [  93% ] 084/600 VUs  09m44.7s/10m30s  6.00 iters/s

running (09m45.9s), 088/600 VUs, 1851 complete and 0 interrupted iterations
saturation   [  93% ] 088/600 VUs  09m45.7s/10m30s  6.00 iters/s

running (09m46.9s), 087/600 VUs, 1858 complete and 0 interrupted iterations
saturation   [  93% ] 087/600 VUs  09m46.7s/10m30s  6.00 iters/s

running (09m47.9s), 084/600 VUs, 1867 complete and 0 interrupted iterations
saturation   [  93% ] 084/600 VUs  09m47.7s/10m30s  6.00 iters/s

running (09m48.9s), 083/600 VUs, 1874 complete and 0 interrupted iterations
saturation   [  93% ] 083/600 VUs  09m48.7s/10m30s  6.00 iters/s

running (09m49.9s), 080/600 VUs, 1883 complete and 0 interrupted iterations
saturation   [  94% ] 080/600 VUs  09m49.7s/10m30s  6.00 iters/s

running (09m50.9s), 083/600 VUs, 1886 complete and 0 interrupted iterations
saturation   [  94% ] 083/600 VUs  09m50.7s/10m30s  6.00 iters/s

running (09m51.9s), 086/600 VUs, 1889 complete and 0 interrupted iterations
saturation   [  94% ] 086/600 VUs  09m51.7s/10m30s  6.00 iters/s

running (09m52.9s), 090/600 VUs, 1891 complete and 0 interrupted iterations
saturation   [  94% ] 090/600 VUs  09m52.7s/10m30s  6.00 iters/s

running (09m53.9s), 085/600 VUs, 1902 complete and 0 interrupted iterations
saturation   [  94% ] 085/600 VUs  09m53.7s/10m30s  6.00 iters/s

running (09m54.9s), 088/600 VUs, 1905 complete and 0 interrupted iterations
saturation   [  94% ] 088/600 VUs  09m54.7s/10m30s  6.00 iters/s

running (09m55.9s), 086/600 VUs, 1913 complete and 0 interrupted iterations
saturation   [  95% ] 086/600 VUs  09m55.7s/10m30s  6.00 iters/s

running (09m56.9s), 091/600 VUs, 1914 complete and 0 interrupted iterations
saturation   [  95% ] 091/600 VUs  09m56.7s/10m30s  6.00 iters/s

running (09m57.9s), 088/600 VUs, 1923 complete and 0 interrupted iterations
saturation   [  95% ] 088/600 VUs  09m57.7s/10m30s  6.00 iters/s

running (09m58.9s), 085/600 VUs, 1932 complete and 0 interrupted iterations
saturation   [  95% ] 085/600 VUs  09m58.7s/10m30s  6.00 iters/s

running (09m59.9s), 085/600 VUs, 1938 complete and 0 interrupted iterations
saturation   [  95% ] 085/600 VUs  09m59.7s/10m30s  6.00 iters/s

running (10m00.9s), 083/600 VUs, 1946 complete and 0 interrupted iterations
saturation   [  95% ] 083/600 VUs  10m00.7s/10m30s  6.00 iters/s

running (10m01.9s), 084/600 VUs, 1951 complete and 0 interrupted iterations
saturation   [  96% ] 084/600 VUs  10m01.7s/10m30s  6.00 iters/s

running (10m02.9s), 089/600 VUs, 1952 complete and 0 interrupted iterations
saturation   [  96% ] 089/600 VUs  10m02.7s/10m30s  6.00 iters/s

running (10m03.9s), 085/600 VUs, 1962 complete and 0 interrupted iterations
saturation   [  96% ] 085/600 VUs  10m03.7s/10m30s  6.00 iters/s

running (10m04.9s), 083/600 VUs, 1970 complete and 0 interrupted iterations
saturation   [  96% ] 083/600 VUs  10m04.7s/10m30s  6.00 iters/s

running (10m05.9s), 083/600 VUs, 1976 complete and 0 interrupted iterations
saturation   [  96% ] 083/600 VUs  10m05.7s/10m30s  6.00 iters/s

running (10m06.9s), 085/600 VUs, 1980 complete and 0 interrupted iterations
saturation   [  96% ] 085/600 VUs  10m06.7s/10m30s  6.00 iters/s

running (10m07.9s), 084/600 VUs, 1987 complete and 0 interrupted iterations
saturation   [  96% ] 084/600 VUs  10m07.7s/10m30s  6.00 iters/s

running (10m08.9s), 086/600 VUs, 1991 complete and 0 interrupted iterations
saturation   [  97% ] 086/600 VUs  10m08.7s/10m30s  6.00 iters/s

running (10m09.9s), 079/600 VUs, 2004 complete and 0 interrupted iterations
saturation   [  97% ] 079/600 VUs  10m09.7s/10m30s  6.00 iters/s

running (10m10.9s), 076/600 VUs, 2013 complete and 0 interrupted iterations
saturation   [  97% ] 076/600 VUs  10m10.7s/10m30s  6.00 iters/s

running (10m11.9s), 079/600 VUs, 2016 complete and 0 interrupted iterations
saturation   [  97% ] 079/600 VUs  10m11.7s/10m30s  6.00 iters/s

running (10m12.9s), 079/600 VUs, 2022 complete and 0 interrupted iterations
saturation   [  97% ] 079/600 VUs  10m12.7s/10m30s  6.00 iters/s

running (10m13.9s), 082/600 VUs, 2025 complete and 0 interrupted iterations
saturation   [  97% ] 082/600 VUs  10m13.7s/10m30s  6.00 iters/s

running (10m14.9s), 077/600 VUs, 2036 complete and 0 interrupted iterations
saturation   [  98% ] 077/600 VUs  10m14.7s/10m30s  6.00 iters/s

running (10m15.9s), 077/600 VUs, 2042 complete and 0 interrupted iterations
saturation   [  98% ] 077/600 VUs  10m15.7s/10m30s  6.00 iters/s

running (10m16.9s), 079/600 VUs, 2046 complete and 0 interrupted iterations
saturation   [  98% ] 079/600 VUs  10m16.7s/10m30s  6.00 iters/s

running (10m17.9s), 079/600 VUs, 2052 complete and 0 interrupted iterations
saturation   [  98% ] 079/600 VUs  10m17.7s/10m30s  6.00 iters/s

running (10m18.9s), 075/600 VUs, 2062 complete and 0 interrupted iterations
saturation   [  98% ] 075/600 VUs  10m18.7s/10m30s  6.00 iters/s

running (10m19.9s), 080/600 VUs, 2063 complete and 0 interrupted iterations
saturation   [  98% ] 080/600 VUs  10m19.7s/10m30s  6.00 iters/s

running (10m20.9s), 078/600 VUs, 2071 complete and 0 interrupted iterations
saturation   [  99% ] 078/600 VUs  10m20.7s/10m30s  6.00 iters/s

running (10m21.9s), 079/600 VUs, 2076 complete and 0 interrupted iterations
saturation   [  99% ] 079/600 VUs  10m21.7s/10m30s  6.00 iters/s

running (10m22.9s), 080/600 VUs, 2081 complete and 0 interrupted iterations
saturation   [  99% ] 080/600 VUs  10m22.7s/10m30s  6.00 iters/s

running (10m23.9s), 079/600 VUs, 2088 complete and 0 interrupted iterations
saturation   [  99% ] 079/600 VUs  10m23.7s/10m30s  6.00 iters/s

running (10m24.9s), 074/600 VUs, 2099 complete and 0 interrupted iterations
saturation   [  99% ] 074/600 VUs  10m24.7s/10m30s  6.00 iters/s

running (10m25.9s), 075/600 VUs, 2104 complete and 0 interrupted iterations
saturation   [  99% ] 075/600 VUs  10m25.7s/10m30s  6.00 iters/s

running (10m26.9s), 074/600 VUs, 2111 complete and 0 interrupted iterations
saturation   [  99% ] 074/600 VUs  10m26.7s/10m30s  6.00 iters/s

running (10m27.9s), 072/600 VUs, 2119 complete and 0 interrupted iterations
saturation   [ 100% ] 072/600 VUs  10m27.7s/10m30s  6.00 iters/s

running (10m28.9s), 077/600 VUs, 2120 complete and 0 interrupted iterations
saturation   [ 100% ] 077/600 VUs  10m28.7s/10m30s  6.00 iters/s

running (10m29.9s), 080/600 VUs, 2123 complete and 0 interrupted iterations
saturation   [ 100% ] 080/600 VUs  10m29.7s/10m30s  6.00 iters/s

running (10m30.9s), 072/600 VUs, 2132 complete and 0 interrupted iterations
saturation ↓ [ 100% ] 075/600 VUs  10m30s  6.00 iters/s

running (10m31.9s), 061/600 VUs, 2143 complete and 0 interrupted iterations
saturation ↓ [ 100% ] 075/600 VUs  10m30s  6.00 iters/s

running (10m32.9s), 060/600 VUs, 2144 complete and 0 interrupted iterations
saturation ↓ [ 100% ] 075/600 VUs  10m30s  6.00 iters/s

running (10m33.9s), 057/600 VUs, 2147 complete and 0 interrupted iterations
saturation ↓ [ 100% ] 075/600 VUs  10m30s  6.00 iters/s

running (10m34.9s), 057/600 VUs, 2147 complete and 0 interrupted iterations
saturation ↓ [ 100% ] 075/600 VUs  10m30s  6.00 iters/s

running (10m35.9s), 056/600 VUs, 2148 complete and 0 interrupted iterations
saturation ↓ [ 100% ] 075/600 VUs  10m30s  6.00 iters/s

running (10m36.9s), 051/600 VUs, 2153 complete and 0 interrupted iterations
saturation ↓ [ 100% ] 075/600 VUs  10m30s  6.00 iters/s

running (10m37.9s), 050/600 VUs, 2154 complete and 0 interrupted iterations
saturation ↓ [ 100% ] 075/600 VUs  10m30s  6.00 iters/s

running (10m38.9s), 050/600 VUs, 2154 complete and 0 interrupted iterations
saturation ↓ [ 100% ] 075/600 VUs  10m30s  6.00 iters/s

running (10m39.9s), 049/600 VUs, 2155 complete and 0 interrupted iterations
saturation ↓ [ 100% ] 075/600 VUs  10m30s  6.00 iters/s

running (10m40.9s), 046/600 VUs, 2158 complete and 0 interrupted iterations
saturation ↓ [ 100% ] 075/600 VUs  10m30s  6.00 iters/s

running (10m41.9s), 044/600 VUs, 2160 complete and 0 interrupted iterations
saturation ↓ [ 100% ] 075/600 VUs  10m30s  6.00 iters/s

running (10m42.9s), 043/600 VUs, 2161 complete and 0 interrupted iterations
saturation ↓ [ 100% ] 075/600 VUs  10m30s  6.00 iters/s

running (10m43.9s), 041/600 VUs, 2163 complete and 0 interrupted iterations
saturation ↓ [ 100% ] 075/600 VUs  10m30s  6.00 iters/s

running (10m44.9s), 038/600 VUs, 2166 complete and 0 interrupted iterations
saturation ↓ [ 100% ] 075/600 VUs  10m30s  6.00 iters/s

running (10m45.9s), 034/600 VUs, 2170 complete and 0 interrupted iterations
saturation ↓ [ 100% ] 075/600 VUs  10m30s  6.00 iters/s

running (10m46.9s), 032/600 VUs, 2172 complete and 0 interrupted iterations
saturation ↓ [ 100% ] 075/600 VUs  10m30s  6.00 iters/s

running (10m47.9s), 030/600 VUs, 2174 complete and 0 interrupted iterations
saturation ↓ [ 100% ] 075/600 VUs  10m30s  6.00 iters/s

running (10m48.9s), 029/600 VUs, 2175 complete and 0 interrupted iterations
saturation ↓ [ 100% ] 075/600 VUs  10m30s  6.00 iters/s

running (10m49.9s), 026/600 VUs, 2178 complete and 0 interrupted iterations
saturation ↓ [ 100% ] 075/600 VUs  10m30s  6.00 iters/s

running (10m50.9s), 020/600 VUs, 2184 complete and 0 interrupted iterations
saturation ↓ [ 100% ] 075/600 VUs  10m30s  6.00 iters/s

running (10m51.9s), 020/600 VUs, 2184 complete and 0 interrupted iterations
saturation ↓ [ 100% ] 075/600 VUs  10m30s  6.00 iters/s

running (10m52.9s), 017/600 VUs, 2187 complete and 0 interrupted iterations
saturation ↓ [ 100% ] 075/600 VUs  10m30s  6.00 iters/s

running (10m53.9s), 014/600 VUs, 2190 complete and 0 interrupted iterations
saturation ↓ [ 100% ] 075/600 VUs  10m30s  6.00 iters/s

running (10m54.9s), 014/600 VUs, 2190 complete and 0 interrupted iterations
saturation ↓ [ 100% ] 075/600 VUs  10m30s  6.00 iters/s

running (10m55.9s), 012/600 VUs, 2192 complete and 0 interrupted iterations
saturation ↓ [ 100% ] 075/600 VUs  10m30s  6.00 iters/s

running (10m56.9s), 008/600 VUs, 2196 complete and 0 interrupted iterations
saturation ↓ [ 100% ] 075/600 VUs  10m30s  6.00 iters/s

running (10m57.9s), 005/600 VUs, 2199 complete and 0 interrupted iterations
saturation ↓ [ 100% ] 075/600 VUs  10m30s  6.00 iters/s

running (10m58.9s), 003/600 VUs, 2201 complete and 0 interrupted iterations
saturation ↓ [ 100% ] 075/600 VUs  10m30s  6.00 iters/s

running (10m59.9s), 001/600 VUs, 2203 complete and 0 interrupted iterations
saturation ↓ [ 100% ] 075/600 VUs  10m30s  6.00 iters/s

================ DSP benchmark summary ================
-- per-phase latency --
  catalog                    p50=64.1 ms  p95=76.1 ms  p99=86.1 ms  max=176.9 ms  n=2204
  negotiation init (POST)    p50=6.9 ms  p95=71.6 ms  p99=102.9 ms  max=301.4 ms  n=2198
  time-to-AGREED (async)     p50=1523.0 ms  p95=2311.0 ms  p99=2572.0 ms  max=2820.0 ms  n=1575
  transfer init (POST)       p50=11.8 ms  p95=82.5 ms  p99=108.2 ms  max=281.6 ms  n=1575
  time-to-EDR (async)        p50=766.0 ms  p95=1523.0 ms  p99=1781.0 ms  max=2538.0 ms  n=1451
  data pull                  p50=13.1 ms  p95=17.9 ms  p99=20.5 ms  max=27.7 ms  n=1451
-- end-to-end + throughput --
  e2e transaction            p50=2417.0 ms  p95=3469.0 ms  p99=3998.0 ms  max=4443.0 ms  n=1451
  data throughput (MB/s)     p50=0.0  p95=0.0  p99=0.0  max=0.0  n=1451
-- outcomes --
  transactions succeeded     count=1451  rate=2.198/s
  transactions failed        count=752  rate=1.139/s
  failed rate                rate=34.14%  (pass=752 fail=1451)
    of which TERMINATED      count=32  rate=0.048/s
    of which TIMED OUT       count=714  rate=1.082/s
    of which HTTP-FAILED     count=6  rate=0.009/s
  failure accounting       752/752 classified  (complete)
-- observer effect (poll load) --
  negotiation polls          count=81516  rate=123.487/s
  edr polls                  count=21300  rate=32.267/s
  polls per transaction     negotiation=37.0  edr=9.7  (timeout ceiling=120)
=======================================================
(full summary -> /home/rohitj/edc/benchmarking-dsp-native-basyx/k6-scripts/results/basyx/on/saturation-open/2026-08-11T18-34-14Z/k6-summary.json; POLL_INTERVAL_MS=250; IDENTITY_MODE=on)

running (11m00.1s), 000/600 VUs, 2203 complete and 1 interrupted iterations
saturation ✓ [ 100% ] 001/600 VUs  10m30s  6.00 iters/s
Prometheus snapshot [1786473337..1786474012] svc=(dsp-native-basyx|consumer-controlplane) win=1m -> /home/rohitj/edc/benchmarking-dsp-native-basyx/k6-scripts/results/basyx/on/saturation-open/2026-08-11T18-34-14Z
  jvm-heap.csv (272 rows)
  jvm-gc-rate.csv (272 rows)
  jvm-threads.csv (272 rows)
  http-throughput.csv (272 rows)
  http-p95.csv (272 rows)
  http-errors.csv (272 rows)
  http-errors-5xx.csv (136 rows)
  http-status.csv (1088 rows)
  host-cpu-busy.csv (136 rows)
  host-mem-used.csv (136 rows)
  5xx: 5xx PRESENT (136 samples) — connector-side faults, see http-errors-5xx.csv
  logs -> /home/rohitj/edc/benchmarking-dsp-native-basyx/k6-scripts/results/basyx/on/saturation-open/2026-08-11T18-34-14Z/logs (2 files)
    consumer-controlplane.log:5775
    dsp-native-basyx.log:2426
Settling 60s (this run stressed the connector; the next one must not inherit its backlog)
VALIDITY  ok=1451  failed=752  failed_rate=34%  dropped_iterations=0  <-- >5% FAILURES: past the knee, not a valid operating point
>>> done: /home/rohitj/edc/benchmarking-dsp-native-basyx/k6-scripts/results/basyx/on/saturation-open/2026-08-11T18-34-14Z  (k6 exit 0)
===== repetition 3/3 =====
----- basyx / saturation-open (rep 3) -----
>>> basyx / saturation-open  ->  /home/rohitj/edc/benchmarking-dsp-native-basyx/k6-scripts/results/basyx/on/saturation-open/2026-08-11T18-47-54Z
parity OK: lib/ + scenarios/ + orchestration/ + tools/ identical to /home/rohitj/edc/benchmarking-dsp-native-basyx/k6-scripts
Health: http://localhost:29010/management + prometheus  OK
Warmup 60s @ 1/s (discarded)
  (warmup non-zero exit ignored)
  draining 20s before the measured window opens
k6 -> Prometheus remote-write: http://localhost:9090/api/v1/write

         /\      Grafana   /‾‾/  
    /\  /  \     |\  __   /  /   
   /  \/    \    | |/ /  /   ‾‾\ 
  /          \   |   (  |  (‾)  |
 / __________ \  |_|\_\  \_____/ 


     execution: local
        script: /home/rohitj/edc/benchmarking-dsp-native-basyx/k6-scripts/scenarios/saturation-open.js
        output: Prometheus remote write (http://localhost:9090/api/v1/write)

     scenarios: (100.00%) 1 scenario, 800 max VUs, 11m0s max duration (incl. graceful stop):
              * saturation: Up to 6.00 iterations/s for 10m30s over 7 stages (maxVUs: 600-800, gracefulStop: 30s)


running (00m00.9s), 000/600 VUs, 0 complete and 0 interrupted iterations
saturation   [   0% ] 000/600 VUs  00m00.7s/10m30s  1.00 iters/s

running (00m01.9s), 001/600 VUs, 0 complete and 0 interrupted iterations
saturation   [   0% ] 001/600 VUs  00m01.7s/10m30s  1.00 iters/s

running (00m02.9s), 002/600 VUs, 0 complete and 0 interrupted iterations
saturation   [   0% ] 002/600 VUs  00m02.7s/10m30s  1.00 iters/s

running (00m03.9s), 003/600 VUs, 0 complete and 0 interrupted iterations
saturation   [   1% ] 003/600 VUs  00m03.7s/10m30s  1.00 iters/s

running (00m04.9s), 003/600 VUs, 1 complete and 0 interrupted iterations
saturation   [   1% ] 003/600 VUs  00m04.7s/10m30s  1.00 iters/s

running (00m05.9s), 002/600 VUs, 3 complete and 0 interrupted iterations
saturation   [   1% ] 002/600 VUs  00m05.7s/10m30s  1.00 iters/s

running (00m06.9s), 002/600 VUs, 4 complete and 0 interrupted iterations
saturation   [   1% ] 002/600 VUs  00m06.7s/10m30s  1.00 iters/s

running (00m07.9s), 002/600 VUs, 5 complete and 0 interrupted iterations
saturation   [   1% ] 002/600 VUs  00m07.7s/10m30s  1.00 iters/s

running (00m08.9s), 002/600 VUs, 6 complete and 0 interrupted iterations
saturation   [   1% ] 002/600 VUs  00m08.7s/10m30s  1.00 iters/s

running (00m09.9s), 002/600 VUs, 7 complete and 0 interrupted iterations
saturation   [   2% ] 002/600 VUs  00m09.7s/10m30s  1.00 iters/s

running (00m10.9s), 002/600 VUs, 8 complete and 0 interrupted iterations
saturation   [   2% ] 002/600 VUs  00m10.7s/10m30s  1.00 iters/s

running (00m11.9s), 002/600 VUs, 9 complete and 0 interrupted iterations
saturation   [   2% ] 002/600 VUs  00m11.7s/10m30s  1.00 iters/s

running (00m12.9s), 002/600 VUs, 10 complete and 0 interrupted iterations
saturation   [   2% ] 002/600 VUs  00m12.7s/10m30s  1.00 iters/s

running (00m13.9s), 002/600 VUs, 11 complete and 0 interrupted iterations
saturation   [   2% ] 002/600 VUs  00m13.7s/10m30s  1.00 iters/s

running (00m14.9s), 003/600 VUs, 11 complete and 0 interrupted iterations
saturation   [   2% ] 003/600 VUs  00m14.7s/10m30s  1.00 iters/s

running (00m15.9s), 003/600 VUs, 12 complete and 0 interrupted iterations
saturation   [   2% ] 003/600 VUs  00m15.7s/10m30s  1.00 iters/s

running (00m16.9s), 003/600 VUs, 13 complete and 0 interrupted iterations
saturation   [   3% ] 003/600 VUs  00m16.7s/10m30s  1.00 iters/s

running (00m17.9s), 003/600 VUs, 14 complete and 0 interrupted iterations
saturation   [   3% ] 003/600 VUs  00m17.7s/10m30s  1.00 iters/s

running (00m18.9s), 003/600 VUs, 15 complete and 0 interrupted iterations
saturation   [   3% ] 003/600 VUs  00m18.7s/10m30s  1.00 iters/s

running (00m19.9s), 002/600 VUs, 17 complete and 0 interrupted iterations
saturation   [   3% ] 002/600 VUs  00m19.7s/10m30s  1.00 iters/s

running (00m20.9s), 002/600 VUs, 18 complete and 0 interrupted iterations
saturation   [   3% ] 002/600 VUs  00m20.7s/10m30s  1.00 iters/s

running (00m21.9s), 002/600 VUs, 19 complete and 0 interrupted iterations
saturation   [   3% ] 002/600 VUs  00m21.7s/10m30s  1.00 iters/s

running (00m22.9s), 002/600 VUs, 20 complete and 0 interrupted iterations
saturation   [   4% ] 002/600 VUs  00m22.7s/10m30s  1.00 iters/s

running (00m23.9s), 002/600 VUs, 21 complete and 0 interrupted iterations
saturation   [   4% ] 002/600 VUs  00m23.7s/10m30s  1.00 iters/s

running (00m24.9s), 002/600 VUs, 22 complete and 0 interrupted iterations
saturation   [   4% ] 002/600 VUs  00m24.7s/10m30s  1.00 iters/s

running (00m25.9s), 002/600 VUs, 23 complete and 0 interrupted iterations
saturation   [   4% ] 002/600 VUs  00m25.7s/10m30s  1.00 iters/s

running (00m26.9s), 003/600 VUs, 23 complete and 0 interrupted iterations
saturation   [   4% ] 003/600 VUs  00m26.7s/10m30s  1.00 iters/s

running (00m27.9s), 003/600 VUs, 24 complete and 0 interrupted iterations
saturation   [   4% ] 003/600 VUs  00m27.7s/10m30s  1.00 iters/s

running (00m28.9s), 003/600 VUs, 25 complete and 0 interrupted iterations
saturation   [   5% ] 003/600 VUs  00m28.7s/10m30s  1.00 iters/s

running (00m29.9s), 003/600 VUs, 26 complete and 0 interrupted iterations
saturation   [   5% ] 003/600 VUs  00m29.7s/10m30s  1.00 iters/s

running (00m30.9s), 003/600 VUs, 27 complete and 0 interrupted iterations
saturation   [   5% ] 003/600 VUs  00m30.7s/10m30s  1.00 iters/s

running (00m31.9s), 003/600 VUs, 28 complete and 0 interrupted iterations
saturation   [   5% ] 003/600 VUs  00m31.7s/10m30s  1.00 iters/s

running (00m32.9s), 003/600 VUs, 29 complete and 0 interrupted iterations
saturation   [   5% ] 003/600 VUs  00m32.7s/10m30s  1.00 iters/s

running (00m33.9s), 003/600 VUs, 30 complete and 0 interrupted iterations
saturation   [   5% ] 003/600 VUs  00m33.7s/10m30s  1.00 iters/s

running (00m34.9s), 002/600 VUs, 32 complete and 0 interrupted iterations
saturation   [   6% ] 002/600 VUs  00m34.7s/10m30s  1.00 iters/s

running (00m35.9s), 002/600 VUs, 33 complete and 0 interrupted iterations
saturation   [   6% ] 002/600 VUs  00m35.7s/10m30s  1.00 iters/s

running (00m36.9s), 002/600 VUs, 34 complete and 0 interrupted iterations
saturation   [   6% ] 002/600 VUs  00m36.7s/10m30s  1.00 iters/s

running (00m37.9s), 002/600 VUs, 35 complete and 0 interrupted iterations
saturation   [   6% ] 002/600 VUs  00m37.7s/10m30s  1.00 iters/s

running (00m38.9s), 003/600 VUs, 35 complete and 0 interrupted iterations
saturation   [   6% ] 003/600 VUs  00m38.7s/10m30s  1.00 iters/s

running (00m39.9s), 003/600 VUs, 36 complete and 0 interrupted iterations
saturation   [   6% ] 003/600 VUs  00m39.7s/10m30s  1.00 iters/s

running (00m40.9s), 003/600 VUs, 37 complete and 0 interrupted iterations
saturation   [   6% ] 003/600 VUs  00m40.7s/10m30s  1.00 iters/s

running (00m41.9s), 003/600 VUs, 38 complete and 0 interrupted iterations
saturation   [   7% ] 003/600 VUs  00m41.7s/10m30s  1.00 iters/s

running (00m42.9s), 003/600 VUs, 39 complete and 0 interrupted iterations
saturation   [   7% ] 003/600 VUs  00m42.7s/10m30s  1.00 iters/s

running (00m43.9s), 003/600 VUs, 40 complete and 0 interrupted iterations
saturation   [   7% ] 003/600 VUs  00m43.7s/10m30s  1.00 iters/s

running (00m44.9s), 003/600 VUs, 41 complete and 0 interrupted iterations
saturation   [   7% ] 003/600 VUs  00m44.7s/10m30s  1.00 iters/s

running (00m45.9s), 003/600 VUs, 42 complete and 0 interrupted iterations
saturation   [   7% ] 003/600 VUs  00m45.7s/10m30s  1.00 iters/s

running (00m46.9s), 003/600 VUs, 43 complete and 0 interrupted iterations
saturation   [   7% ] 003/600 VUs  00m46.7s/10m30s  1.00 iters/s

running (00m47.9s), 003/600 VUs, 44 complete and 0 interrupted iterations
saturation   [   8% ] 003/600 VUs  00m47.7s/10m30s  1.00 iters/s

running (00m48.9s), 003/600 VUs, 45 complete and 0 interrupted iterations
saturation   [   8% ] 003/600 VUs  00m48.7s/10m30s  1.00 iters/s

running (00m49.9s), 003/600 VUs, 46 complete and 0 interrupted iterations
saturation   [   8% ] 003/600 VUs  00m49.7s/10m30s  1.00 iters/s

running (00m50.9s), 003/600 VUs, 47 complete and 0 interrupted iterations
saturation   [   8% ] 003/600 VUs  00m50.7s/10m30s  1.00 iters/s

running (00m51.9s), 003/600 VUs, 48 complete and 0 interrupted iterations
saturation   [   8% ] 003/600 VUs  00m51.7s/10m30s  1.00 iters/s

running (00m52.9s), 003/600 VUs, 49 complete and 0 interrupted iterations
saturation   [   8% ] 003/600 VUs  00m52.7s/10m30s  1.00 iters/s

running (00m53.9s), 004/600 VUs, 49 complete and 0 interrupted iterations
saturation   [   9% ] 004/600 VUs  00m53.7s/10m30s  1.00 iters/s

running (00m54.9s), 004/600 VUs, 50 complete and 0 interrupted iterations
saturation   [   9% ] 004/600 VUs  00m54.7s/10m30s  1.00 iters/s

running (00m55.9s), 004/600 VUs, 51 complete and 0 interrupted iterations
saturation   [   9% ] 004/600 VUs  00m55.7s/10m30s  1.00 iters/s

running (00m56.9s), 003/600 VUs, 53 complete and 0 interrupted iterations
saturation   [   9% ] 003/600 VUs  00m56.7s/10m30s  1.00 iters/s

running (00m57.9s), 003/600 VUs, 54 complete and 0 interrupted iterations
saturation   [   9% ] 003/600 VUs  00m57.7s/10m30s  1.00 iters/s

running (00m58.9s), 003/600 VUs, 55 complete and 0 interrupted iterations
saturation   [   9% ] 003/600 VUs  00m58.7s/10m30s  1.00 iters/s

running (00m59.9s), 003/600 VUs, 56 complete and 0 interrupted iterations
saturation   [   9% ] 003/600 VUs  00m59.7s/10m30s  1.00 iters/s

running (01m00.9s), 003/600 VUs, 57 complete and 0 interrupted iterations
saturation   [  10% ] 003/600 VUs  01m00.7s/10m30s  1.00 iters/s

running (01m01.9s), 003/600 VUs, 58 complete and 0 interrupted iterations
saturation   [  10% ] 003/600 VUs  01m01.7s/10m30s  1.00 iters/s

running (01m02.9s), 003/600 VUs, 59 complete and 0 interrupted iterations
saturation   [  10% ] 003/600 VUs  01m02.7s/10m30s  1.00 iters/s

running (01m03.9s), 003/600 VUs, 60 complete and 0 interrupted iterations
saturation   [  10% ] 003/600 VUs  01m03.7s/10m30s  1.00 iters/s

running (01m04.9s), 003/600 VUs, 61 complete and 0 interrupted iterations
saturation   [  10% ] 003/600 VUs  01m04.7s/10m30s  1.00 iters/s

running (01m05.9s), 003/600 VUs, 62 complete and 0 interrupted iterations
saturation   [  10% ] 003/600 VUs  01m05.7s/10m30s  1.00 iters/s

running (01m06.9s), 003/600 VUs, 63 complete and 0 interrupted iterations
saturation   [  11% ] 003/600 VUs  01m06.7s/10m30s  1.00 iters/s

running (01m07.9s), 004/600 VUs, 63 complete and 0 interrupted iterations
saturation   [  11% ] 004/600 VUs  01m07.7s/10m30s  1.00 iters/s

running (01m08.9s), 004/600 VUs, 64 complete and 0 interrupted iterations
saturation   [  11% ] 004/600 VUs  01m08.7s/10m30s  1.00 iters/s

running (01m09.9s), 004/600 VUs, 65 complete and 0 interrupted iterations
saturation   [  11% ] 004/600 VUs  01m09.7s/10m30s  1.00 iters/s

running (01m10.9s), 003/600 VUs, 67 complete and 0 interrupted iterations
saturation   [  11% ] 003/600 VUs  01m10.7s/10m30s  1.00 iters/s

running (01m11.9s), 002/600 VUs, 69 complete and 0 interrupted iterations
saturation   [  11% ] 002/600 VUs  01m11.7s/10m30s  1.00 iters/s

running (01m12.9s), 002/600 VUs, 70 complete and 0 interrupted iterations
saturation   [  12% ] 002/600 VUs  01m12.7s/10m30s  1.00 iters/s

running (01m13.9s), 002/600 VUs, 71 complete and 0 interrupted iterations
saturation   [  12% ] 002/600 VUs  01m13.7s/10m30s  1.00 iters/s

running (01m14.9s), 002/600 VUs, 72 complete and 0 interrupted iterations
saturation   [  12% ] 002/600 VUs  01m14.7s/10m30s  1.00 iters/s

running (01m15.9s), 002/600 VUs, 73 complete and 0 interrupted iterations
saturation   [  12% ] 002/600 VUs  01m15.7s/10m30s  1.00 iters/s

running (01m16.9s), 002/600 VUs, 74 complete and 0 interrupted iterations
saturation   [  12% ] 002/600 VUs  01m16.7s/10m30s  1.00 iters/s

running (01m17.9s), 002/600 VUs, 75 complete and 0 interrupted iterations
saturation   [  12% ] 002/600 VUs  01m17.7s/10m30s  1.00 iters/s

running (01m18.9s), 002/600 VUs, 76 complete and 0 interrupted iterations
saturation   [  12% ] 002/600 VUs  01m18.7s/10m30s  1.00 iters/s

running (01m19.9s), 002/600 VUs, 77 complete and 0 interrupted iterations
saturation   [  13% ] 002/600 VUs  01m19.7s/10m30s  1.00 iters/s

running (01m20.9s), 003/600 VUs, 77 complete and 0 interrupted iterations
saturation   [  13% ] 003/600 VUs  01m20.7s/10m30s  1.00 iters/s

running (01m21.9s), 003/600 VUs, 78 complete and 0 interrupted iterations
saturation   [  13% ] 003/600 VUs  01m21.7s/10m30s  1.00 iters/s

running (01m22.9s), 003/600 VUs, 79 complete and 0 interrupted iterations
saturation   [  13% ] 003/600 VUs  01m22.7s/10m30s  1.00 iters/s

running (01m23.9s), 003/600 VUs, 80 complete and 0 interrupted iterations
saturation   [  13% ] 003/600 VUs  01m23.7s/10m30s  1.00 iters/s

running (01m24.9s), 003/600 VUs, 81 complete and 0 interrupted iterations
saturation   [  13% ] 003/600 VUs  01m24.7s/10m30s  1.00 iters/s

running (01m25.9s), 002/600 VUs, 83 complete and 0 interrupted iterations
saturation   [  14% ] 002/600 VUs  01m25.7s/10m30s  1.00 iters/s

running (01m26.9s), 002/600 VUs, 84 complete and 0 interrupted iterations
saturation   [  14% ] 002/600 VUs  01m26.7s/10m30s  1.00 iters/s

running (01m27.9s), 002/600 VUs, 85 complete and 0 interrupted iterations
saturation   [  14% ] 002/600 VUs  01m27.7s/10m30s  1.00 iters/s

running (01m28.9s), 002/600 VUs, 86 complete and 0 interrupted iterations
saturation   [  14% ] 002/600 VUs  01m28.7s/10m30s  1.00 iters/s

running (01m29.9s), 002/600 VUs, 87 complete and 0 interrupted iterations
saturation   [  14% ] 002/600 VUs  01m29.7s/10m30s  1.00 iters/s

running (01m30.9s), 002/600 VUs, 88 complete and 0 interrupted iterations
saturation   [  14% ] 002/600 VUs  01m30.7s/10m30s  1.01 iters/s

running (01m31.9s), 002/600 VUs, 89 complete and 0 interrupted iterations
saturation   [  15% ] 002/600 VUs  01m31.7s/10m30s  1.02 iters/s

running (01m32.9s), 002/600 VUs, 90 complete and 0 interrupted iterations
saturation   [  15% ] 002/600 VUs  01m32.7s/10m30s  1.03 iters/s

running (01m33.9s), 002/600 VUs, 91 complete and 0 interrupted iterations
saturation   [  15% ] 002/600 VUs  01m33.7s/10m30s  1.04 iters/s

running (01m34.9s), 003/600 VUs, 91 complete and 0 interrupted iterations
saturation   [  15% ] 003/600 VUs  01m34.7s/10m30s  1.05 iters/s

running (01m35.9s), 003/600 VUs, 92 complete and 0 interrupted iterations
saturation   [  15% ] 003/600 VUs  01m35.7s/10m30s  1.06 iters/s

running (01m36.9s), 003/600 VUs, 93 complete and 0 interrupted iterations
saturation   [  15% ] 003/600 VUs  01m36.7s/10m30s  1.07 iters/s

running (01m37.9s), 004/600 VUs, 94 complete and 0 interrupted iterations
saturation   [  16% ] 004/600 VUs  01m37.7s/10m30s  1.09 iters/s

running (01m38.9s), 003/600 VUs, 96 complete and 0 interrupted iterations
saturation   [  16% ] 003/600 VUs  01m38.7s/10m30s  1.10 iters/s

running (01m39.9s), 003/600 VUs, 97 complete and 0 interrupted iterations
saturation   [  16% ] 003/600 VUs  01m39.7s/10m30s  1.11 iters/s

running (01m40.9s), 003/600 VUs, 98 complete and 0 interrupted iterations
saturation   [  16% ] 003/600 VUs  01m40.7s/10m30s  1.12 iters/s

running (01m41.9s), 003/600 VUs, 99 complete and 0 interrupted iterations
saturation   [  16% ] 003/600 VUs  01m41.7s/10m30s  1.13 iters/s

running (01m42.9s), 003/600 VUs, 100 complete and 0 interrupted iterations
saturation   [  16% ] 003/600 VUs  01m42.7s/10m30s  1.14 iters/s

running (01m43.9s), 003/600 VUs, 101 complete and 0 interrupted iterations
saturation   [  16% ] 003/600 VUs  01m43.7s/10m30s  1.15 iters/s

running (01m44.9s), 002/600 VUs, 103 complete and 0 interrupted iterations
saturation   [  17% ] 002/600 VUs  01m44.7s/10m30s  1.16 iters/s

running (01m45.9s), 003/600 VUs, 104 complete and 0 interrupted iterations
saturation   [  17% ] 003/600 VUs  01m45.7s/10m30s  1.18 iters/s

running (01m46.9s), 003/600 VUs, 105 complete and 0 interrupted iterations
saturation   [  17% ] 003/600 VUs  01m46.7s/10m30s  1.19 iters/s

running (01m47.9s), 003/600 VUs, 106 complete and 0 interrupted iterations
saturation   [  17% ] 003/600 VUs  01m47.7s/10m30s  1.20 iters/s

running (01m48.9s), 004/600 VUs, 106 complete and 0 interrupted iterations
saturation   [  17% ] 004/600 VUs  01m48.7s/10m30s  1.21 iters/s

running (01m49.9s), 003/600 VUs, 108 complete and 0 interrupted iterations
saturation   [  17% ] 003/600 VUs  01m49.7s/10m30s  1.22 iters/s

running (01m50.9s), 004/600 VUs, 109 complete and 0 interrupted iterations
saturation   [  18% ] 004/600 VUs  01m50.7s/10m30s  1.23 iters/s

running (01m51.9s), 004/600 VUs, 110 complete and 0 interrupted iterations
saturation   [  18% ] 004/600 VUs  01m51.7s/10m30s  1.24 iters/s

running (01m52.9s), 003/600 VUs, 112 complete and 0 interrupted iterations
saturation   [  18% ] 003/600 VUs  01m52.7s/10m30s  1.25 iters/s

running (01m53.9s), 003/600 VUs, 113 complete and 0 interrupted iterations
saturation   [  18% ] 003/600 VUs  01m53.7s/10m30s  1.26 iters/s

running (01m54.9s), 004/600 VUs, 114 complete and 0 interrupted iterations
saturation   [  18% ] 004/600 VUs  01m54.7s/10m30s  1.28 iters/s

running (01m55.9s), 003/600 VUs, 116 complete and 0 interrupted iterations
saturation   [  18% ] 003/600 VUs  01m55.7s/10m30s  1.29 iters/s

running (01m56.9s), 003/600 VUs, 117 complete and 0 interrupted iterations
saturation   [  19% ] 003/600 VUs  01m56.7s/10m30s  1.30 iters/s

running (01m57.9s), 003/600 VUs, 118 complete and 0 interrupted iterations
saturation   [  19% ] 003/600 VUs  01m57.7s/10m30s  1.30 iters/s

running (01m58.9s), 003/600 VUs, 120 complete and 0 interrupted iterations
saturation   [  19% ] 003/600 VUs  01m58.7s/10m30s  1.32 iters/s

running (01m59.9s), 003/600 VUs, 121 complete and 0 interrupted iterations
saturation   [  19% ] 003/600 VUs  01m59.7s/10m30s  1.33 iters/s

running (02m00.9s), 004/600 VUs, 121 complete and 0 interrupted iterations
saturation   [  19% ] 004/600 VUs  02m00.7s/10m30s  1.34 iters/s

running (02m01.9s), 004/600 VUs, 123 complete and 0 interrupted iterations
saturation   [  19% ] 004/600 VUs  02m01.7s/10m30s  1.35 iters/s

running (02m02.9s), 004/600 VUs, 124 complete and 0 interrupted iterations
saturation   [  19% ] 004/600 VUs  02m02.7s/10m30s  1.36 iters/s

running (02m03.9s), 004/600 VUs, 126 complete and 0 interrupted iterations
saturation   [  20% ] 004/600 VUs  02m03.7s/10m30s  1.38 iters/s

running (02m04.9s), 004/600 VUs, 127 complete and 0 interrupted iterations
saturation   [  20% ] 004/600 VUs  02m04.7s/10m30s  1.39 iters/s

running (02m05.9s), 003/600 VUs, 129 complete and 0 interrupted iterations
saturation   [  20% ] 003/600 VUs  02m05.7s/10m30s  1.39 iters/s

running (02m06.9s), 004/600 VUs, 130 complete and 0 interrupted iterations
saturation   [  20% ] 004/600 VUs  02m06.7s/10m30s  1.41 iters/s

running (02m07.9s), 003/600 VUs, 132 complete and 0 interrupted iterations
saturation   [  20% ] 003/600 VUs  02m07.7s/10m30s  1.42 iters/s

running (02m08.9s), 004/600 VUs, 133 complete and 0 interrupted iterations
saturation   [  20% ] 004/600 VUs  02m08.7s/10m30s  1.43 iters/s

running (02m09.9s), 003/600 VUs, 135 complete and 0 interrupted iterations
saturation   [  21% ] 003/600 VUs  02m09.7s/10m30s  1.44 iters/s

running (02m10.9s), 003/600 VUs, 136 complete and 0 interrupted iterations
saturation   [  21% ] 003/600 VUs  02m10.7s/10m30s  1.45 iters/s

running (02m11.9s), 004/600 VUs, 137 complete and 0 interrupted iterations
saturation   [  21% ] 004/600 VUs  02m11.7s/10m30s  1.46 iters/s

running (02m12.9s), 004/600 VUs, 138 complete and 0 interrupted iterations
saturation   [  21% ] 004/600 VUs  02m12.7s/10m30s  1.47 iters/s

running (02m13.9s), 004/600 VUs, 140 complete and 0 interrupted iterations
saturation   [  21% ] 004/600 VUs  02m13.7s/10m30s  1.49 iters/s

running (02m14.9s), 004/600 VUs, 141 complete and 0 interrupted iterations
saturation   [  21% ] 004/600 VUs  02m14.7s/10m30s  1.49 iters/s

running (02m15.9s), 004/600 VUs, 143 complete and 0 interrupted iterations
saturation   [  22% ] 004/600 VUs  02m15.7s/10m30s  1.51 iters/s

running (02m16.9s), 004/600 VUs, 144 complete and 0 interrupted iterations
saturation   [  22% ] 004/600 VUs  02m16.7s/10m30s  1.52 iters/s

running (02m17.9s), 004/600 VUs, 146 complete and 0 interrupted iterations
saturation   [  22% ] 004/600 VUs  02m17.7s/10m30s  1.53 iters/s

running (02m18.9s), 003/600 VUs, 148 complete and 0 interrupted iterations
saturation   [  22% ] 003/600 VUs  02m18.7s/10m30s  1.54 iters/s

running (02m19.9s), 004/600 VUs, 149 complete and 0 interrupted iterations
saturation   [  22% ] 004/600 VUs  02m19.7s/10m30s  1.55 iters/s

running (02m20.9s), 004/600 VUs, 151 complete and 0 interrupted iterations
saturation   [  22% ] 004/600 VUs  02m20.7s/10m30s  1.57 iters/s

running (02m21.9s), 003/600 VUs, 153 complete and 0 interrupted iterations
saturation   [  22% ] 003/600 VUs  02m21.7s/10m30s  1.57 iters/s

running (02m22.9s), 004/600 VUs, 154 complete and 0 interrupted iterations
saturation   [  23% ] 004/600 VUs  02m22.7s/10m30s  1.59 iters/s

running (02m23.9s), 005/600 VUs, 154 complete and 0 interrupted iterations
saturation   [  23% ] 005/600 VUs  02m23.7s/10m30s  1.60 iters/s

running (02m24.9s), 005/600 VUs, 156 complete and 0 interrupted iterations
saturation   [  23% ] 005/600 VUs  02m24.7s/10m30s  1.61 iters/s

running (02m25.9s), 004/600 VUs, 158 complete and 0 interrupted iterations
saturation   [  23% ] 004/600 VUs  02m25.7s/10m30s  1.62 iters/s

running (02m26.9s), 004/600 VUs, 160 complete and 0 interrupted iterations
saturation   [  23% ] 004/600 VUs  02m26.7s/10m30s  1.63 iters/s

running (02m27.9s), 005/600 VUs, 161 complete and 0 interrupted iterations
saturation   [  23% ] 005/600 VUs  02m27.7s/10m30s  1.64 iters/s

running (02m28.9s), 004/600 VUs, 163 complete and 0 interrupted iterations
saturation   [  24% ] 004/600 VUs  02m28.7s/10m30s  1.65 iters/s

running (02m29.9s), 004/600 VUs, 165 complete and 0 interrupted iterations
saturation   [  24% ] 004/600 VUs  02m29.7s/10m30s  1.66 iters/s

running (02m30.9s), 004/600 VUs, 167 complete and 0 interrupted iterations
saturation   [  24% ] 004/600 VUs  02m30.7s/10m30s  1.68 iters/s

running (02m31.9s), 004/600 VUs, 168 complete and 0 interrupted iterations
saturation   [  24% ] 004/600 VUs  02m31.7s/10m30s  1.68 iters/s

running (02m32.9s), 004/600 VUs, 170 complete and 0 interrupted iterations
saturation   [  24% ] 004/600 VUs  02m32.7s/10m30s  1.70 iters/s

running (02m33.9s), 005/600 VUs, 171 complete and 0 interrupted iterations
saturation   [  24% ] 005/600 VUs  02m33.7s/10m30s  1.71 iters/s

running (02m34.9s), 005/600 VUs, 172 complete and 0 interrupted iterations
saturation   [  25% ] 005/600 VUs  02m34.7s/10m30s  1.72 iters/s

running (02m35.9s), 005/600 VUs, 174 complete and 0 interrupted iterations
saturation   [  25% ] 005/600 VUs  02m35.7s/10m30s  1.73 iters/s

running (02m36.9s), 005/600 VUs, 176 complete and 0 interrupted iterations
saturation   [  25% ] 005/600 VUs  02m36.7s/10m30s  1.74 iters/s

running (02m37.9s), 005/600 VUs, 178 complete and 0 interrupted iterations
saturation   [  25% ] 005/600 VUs  02m37.7s/10m30s  1.75 iters/s

running (02m38.9s), 004/600 VUs, 180 complete and 0 interrupted iterations
saturation   [  25% ] 004/600 VUs  02m38.7s/10m30s  1.76 iters/s

running (02m39.9s), 004/600 VUs, 182 complete and 0 interrupted iterations
saturation   [  25% ] 004/600 VUs  02m39.7s/10m30s  1.77 iters/s

running (02m40.9s), 004/600 VUs, 184 complete and 0 interrupted iterations
saturation   [  26% ] 004/600 VUs  02m40.7s/10m30s  1.79 iters/s

running (02m41.9s), 004/600 VUs, 186 complete and 0 interrupted iterations
saturation   [  26% ] 004/600 VUs  02m41.7s/10m30s  1.80 iters/s

running (02m42.9s), 006/600 VUs, 186 complete and 0 interrupted iterations
saturation   [  26% ] 006/600 VUs  02m42.7s/10m30s  1.81 iters/s

running (02m43.9s), 005/600 VUs, 188 complete and 0 interrupted iterations
saturation   [  26% ] 005/600 VUs  02m43.7s/10m30s  1.82 iters/s

running (02m44.9s), 005/600 VUs, 190 complete and 0 interrupted iterations
saturation   [  26% ] 005/600 VUs  02m44.7s/10m30s  1.83 iters/s

running (02m45.9s), 005/600 VUs, 192 complete and 0 interrupted iterations
saturation   [  26% ] 005/600 VUs  02m45.7s/10m30s  1.84 iters/s

running (02m46.9s), 005/600 VUs, 194 complete and 0 interrupted iterations
saturation   [  26% ] 005/600 VUs  02m46.7s/10m30s  1.85 iters/s

running (02m47.9s), 005/600 VUs, 196 complete and 0 interrupted iterations
saturation   [  27% ] 005/600 VUs  02m47.7s/10m30s  1.86 iters/s

running (02m48.9s), 005/600 VUs, 198 complete and 0 interrupted iterations
saturation   [  27% ] 005/600 VUs  02m48.7s/10m30s  1.88 iters/s

running (02m49.9s), 005/600 VUs, 200 complete and 0 interrupted iterations
saturation   [  27% ] 005/600 VUs  02m49.7s/10m30s  1.89 iters/s

running (02m50.9s), 006/600 VUs, 200 complete and 0 interrupted iterations
saturation   [  27% ] 006/600 VUs  02m50.7s/10m30s  1.89 iters/s

running (02m51.9s), 007/600 VUs, 201 complete and 0 interrupted iterations
saturation   [  27% ] 007/600 VUs  02m51.7s/10m30s  1.91 iters/s

running (02m52.9s), 007/600 VUs, 203 complete and 0 interrupted iterations
saturation   [  27% ] 007/600 VUs  02m52.7s/10m30s  1.92 iters/s

running (02m53.9s), 007/600 VUs, 205 complete and 0 interrupted iterations
saturation   [  28% ] 007/600 VUs  02m53.7s/10m30s  1.93 iters/s

running (02m54.9s), 007/600 VUs, 207 complete and 0 interrupted iterations
saturation   [  28% ] 007/600 VUs  02m54.7s/10m30s  1.94 iters/s

running (02m55.9s), 007/600 VUs, 209 complete and 0 interrupted iterations
saturation   [  28% ] 007/600 VUs  02m55.7s/10m30s  1.95 iters/s

running (02m56.9s), 007/600 VUs, 211 complete and 0 interrupted iterations
saturation   [  28% ] 007/600 VUs  02m56.7s/10m30s  1.96 iters/s

running (02m57.9s), 007/600 VUs, 213 complete and 0 interrupted iterations
saturation   [  28% ] 007/600 VUs  02m57.7s/10m30s  1.97 iters/s

running (02m58.9s), 007/600 VUs, 215 complete and 0 interrupted iterations
saturation   [  28% ] 007/600 VUs  02m58.7s/10m30s  1.99 iters/s

running (02m59.9s), 005/600 VUs, 219 complete and 0 interrupted iterations
saturation   [  29% ] 005/600 VUs  02m59.7s/10m30s  2.00 iters/s

running (03m00.9s), 007/600 VUs, 219 complete and 0 interrupted iterations
saturation   [  29% ] 007/600 VUs  03m00.7s/10m30s  2.01 iters/s

running (03m01.9s), 009/600 VUs, 219 complete and 0 interrupted iterations
saturation   [  29% ] 009/600 VUs  03m01.7s/10m30s  2.02 iters/s

running (03m02.9s), 008/600 VUs, 222 complete and 0 interrupted iterations
saturation   [  29% ] 008/600 VUs  03m02.7s/10m30s  2.03 iters/s

running (03m03.9s), 010/600 VUs, 222 complete and 0 interrupted iterations
saturation   [  29% ] 010/600 VUs  03m03.7s/10m30s  2.04 iters/s

running (03m04.9s), 009/600 VUs, 225 complete and 0 interrupted iterations
saturation   [  29% ] 009/600 VUs  03m04.7s/10m30s  2.05 iters/s

running (03m05.9s), 009/600 VUs, 227 complete and 0 interrupted iterations
saturation   [  29% ] 009/600 VUs  03m05.7s/10m30s  2.06 iters/s

running (03m06.9s), 009/600 VUs, 229 complete and 0 interrupted iterations
saturation   [  30% ] 009/600 VUs  03m06.7s/10m30s  2.07 iters/s

running (03m07.9s), 011/600 VUs, 229 complete and 0 interrupted iterations
saturation   [  30% ] 011/600 VUs  03m07.7s/10m30s  2.08 iters/s

running (03m08.9s), 008/600 VUs, 234 complete and 0 interrupted iterations
saturation   [  30% ] 008/600 VUs  03m08.7s/10m30s  2.09 iters/s

running (03m09.9s), 008/600 VUs, 236 complete and 0 interrupted iterations
saturation   [  30% ] 008/600 VUs  03m09.7s/10m30s  2.11 iters/s

running (03m10.9s), 009/600 VUs, 238 complete and 0 interrupted iterations
saturation   [  30% ] 009/600 VUs  03m10.7s/10m30s  2.12 iters/s

running (03m11.9s), 010/600 VUs, 239 complete and 0 interrupted iterations
saturation   [  30% ] 010/600 VUs  03m11.7s/10m30s  2.13 iters/s

running (03m12.9s), 010/600 VUs, 241 complete and 0 interrupted iterations
saturation   [  31% ] 010/600 VUs  03m12.7s/10m30s  2.14 iters/s

running (03m13.9s), 010/600 VUs, 243 complete and 0 interrupted iterations
saturation   [  31% ] 010/600 VUs  03m13.7s/10m30s  2.15 iters/s

running (03m14.9s), 009/600 VUs, 246 complete and 0 interrupted iterations
saturation   [  31% ] 009/600 VUs  03m14.7s/10m30s  2.16 iters/s

running (03m15.9s), 009/600 VUs, 248 complete and 0 interrupted iterations
saturation   [  31% ] 009/600 VUs  03m15.7s/10m30s  2.17 iters/s

running (03m16.9s), 008/600 VUs, 251 complete and 0 interrupted iterations
saturation   [  31% ] 008/600 VUs  03m16.7s/10m30s  2.18 iters/s

running (03m17.9s), 009/600 VUs, 253 complete and 0 interrupted iterations
saturation   [  31% ] 009/600 VUs  03m17.7s/10m30s  2.20 iters/s

running (03m18.9s), 009/600 VUs, 255 complete and 0 interrupted iterations
saturation   [  32% ] 009/600 VUs  03m18.7s/10m30s  2.21 iters/s

running (03m19.9s), 009/600 VUs, 257 complete and 0 interrupted iterations
saturation   [  32% ] 009/600 VUs  03m19.7s/10m30s  2.22 iters/s

running (03m20.9s), 009/600 VUs, 259 complete and 0 interrupted iterations
saturation   [  32% ] 009/600 VUs  03m20.7s/10m30s  2.23 iters/s

running (03m21.9s), 009/600 VUs, 262 complete and 0 interrupted iterations
saturation   [  32% ] 009/600 VUs  03m21.7s/10m30s  2.24 iters/s

running (03m22.9s), 009/600 VUs, 264 complete and 0 interrupted iterations
saturation   [  32% ] 009/600 VUs  03m22.7s/10m30s  2.25 iters/s

running (03m23.9s), 007/600 VUs, 268 complete and 0 interrupted iterations
saturation   [  32% ] 007/600 VUs  03m23.7s/10m30s  2.26 iters/s

running (03m24.9s), 007/600 VUs, 270 complete and 0 interrupted iterations
saturation   [  32% ] 007/600 VUs  03m24.7s/10m30s  2.27 iters/s

running (03m25.9s), 008/600 VUs, 272 complete and 0 interrupted iterations
saturation   [  33% ] 008/600 VUs  03m25.7s/10m30s  2.29 iters/s

running (03m26.9s), 009/600 VUs, 273 complete and 0 interrupted iterations
saturation   [  33% ] 009/600 VUs  03m26.7s/10m30s  2.30 iters/s

running (03m27.9s), 009/600 VUs, 275 complete and 0 interrupted iterations
saturation   [  33% ] 009/600 VUs  03m27.7s/10m30s  2.31 iters/s

running (03m28.9s), 008/600 VUs, 279 complete and 0 interrupted iterations
saturation   [  33% ] 008/600 VUs  03m28.7s/10m30s  2.32 iters/s

running (03m29.9s), 009/600 VUs, 280 complete and 0 interrupted iterations
saturation   [  33% ] 009/600 VUs  03m29.7s/10m30s  2.33 iters/s

running (03m30.9s), 008/600 VUs, 283 complete and 0 interrupted iterations
saturation   [  33% ] 008/600 VUs  03m30.7s/10m30s  2.34 iters/s

running (03m31.9s), 008/600 VUs, 286 complete and 0 interrupted iterations
saturation   [  34% ] 008/600 VUs  03m31.7s/10m30s  2.35 iters/s

running (03m32.9s), 005/600 VUs, 291 complete and 0 interrupted iterations
saturation   [  34% ] 005/600 VUs  03m32.7s/10m30s  2.36 iters/s

running (03m33.9s), 006/600 VUs, 292 complete and 0 interrupted iterations
saturation   [  34% ] 006/600 VUs  03m33.7s/10m30s  2.37 iters/s

running (03m34.9s), 009/600 VUs, 292 complete and 0 interrupted iterations
saturation   [  34% ] 009/600 VUs  03m34.7s/10m30s  2.39 iters/s

running (03m35.9s), 011/600 VUs, 292 complete and 0 interrupted iterations
saturation   [  34% ] 011/600 VUs  03m35.7s/10m30s  2.40 iters/s

running (03m36.9s), 010/600 VUs, 295 complete and 0 interrupted iterations
saturation   [  34% ] 010/600 VUs  03m36.7s/10m30s  2.41 iters/s

running (03m37.9s), 013/600 VUs, 295 complete and 0 interrupted iterations
saturation   [  35% ] 013/600 VUs  03m37.7s/10m30s  2.42 iters/s

running (03m38.9s), 010/600 VUs, 300 complete and 0 interrupted iterations
saturation   [  35% ] 010/600 VUs  03m38.7s/10m30s  2.43 iters/s

running (03m39.9s), 013/600 VUs, 300 complete and 0 interrupted iterations
saturation   [  35% ] 013/600 VUs  03m39.7s/10m30s  2.44 iters/s

running (03m40.9s), 011/600 VUs, 304 complete and 0 interrupted iterations
saturation   [  35% ] 011/600 VUs  03m40.7s/10m30s  2.45 iters/s

running (03m41.9s), 012/600 VUs, 306 complete and 0 interrupted iterations
saturation   [  35% ] 012/600 VUs  03m41.7s/10m30s  2.47 iters/s

running (03m42.9s), 014/600 VUs, 306 complete and 0 interrupted iterations
saturation   [  35% ] 014/600 VUs  03m42.7s/10m30s  2.47 iters/s

running (03m43.9s), 015/600 VUs, 308 complete and 0 interrupted iterations
saturation   [  36% ] 015/600 VUs  03m43.7s/10m30s  2.49 iters/s

running (03m44.9s), 015/600 VUs, 310 complete and 0 interrupted iterations
saturation   [  36% ] 015/600 VUs  03m44.7s/10m30s  2.50 iters/s

running (03m45.9s), 016/600 VUs, 312 complete and 0 interrupted iterations
saturation   [  36% ] 016/600 VUs  03m45.7s/10m30s  2.51 iters/s

running (03m46.9s), 015/600 VUs, 315 complete and 0 interrupted iterations
saturation   [  36% ] 015/600 VUs  03m46.7s/10m30s  2.52 iters/s

running (03m47.9s), 013/600 VUs, 320 complete and 0 interrupted iterations
saturation   [  36% ] 013/600 VUs  03m47.7s/10m30s  2.53 iters/s

running (03m48.9s), 014/600 VUs, 321 complete and 0 interrupted iterations
saturation   [  36% ] 014/600 VUs  03m48.7s/10m30s  2.54 iters/s

running (03m49.9s), 017/600 VUs, 321 complete and 0 interrupted iterations
saturation   [  36% ] 017/600 VUs  03m49.7s/10m30s  2.55 iters/s

running (03m50.9s), 016/600 VUs, 324 complete and 0 interrupted iterations
saturation   [  37% ] 016/600 VUs  03m50.7s/10m30s  2.56 iters/s

running (03m51.9s), 017/600 VUs, 326 complete and 0 interrupted iterations
saturation   [  37% ] 017/600 VUs  03m51.7s/10m30s  2.58 iters/s

running (03m52.9s), 018/600 VUs, 327 complete and 0 interrupted iterations
saturation   [  37% ] 018/600 VUs  03m52.7s/10m30s  2.58 iters/s

running (03m53.9s), 018/600 VUs, 330 complete and 0 interrupted iterations
saturation   [  37% ] 018/600 VUs  03m53.7s/10m30s  2.60 iters/s

running (03m54.9s), 019/600 VUs, 332 complete and 0 interrupted iterations
saturation   [  37% ] 019/600 VUs  03m54.7s/10m30s  2.61 iters/s

running (03m55.9s), 018/600 VUs, 335 complete and 0 interrupted iterations
saturation   [  37% ] 018/600 VUs  03m55.7s/10m30s  2.62 iters/s

running (03m56.9s), 021/600 VUs, 335 complete and 0 interrupted iterations
saturation   [  38% ] 021/600 VUs  03m56.7s/10m30s  2.63 iters/s

running (03m57.9s), 021/600 VUs, 337 complete and 0 interrupted iterations
saturation   [  38% ] 021/600 VUs  03m57.7s/10m30s  2.64 iters/s

running (03m58.9s), 023/600 VUs, 338 complete and 0 interrupted iterations
saturation   [  38% ] 023/600 VUs  03m58.7s/10m30s  2.65 iters/s

running (03m59.9s), 023/600 VUs, 341 complete and 0 interrupted iterations
saturation   [  38% ] 023/600 VUs  03m59.7s/10m30s  2.66 iters/s

running (04m00.9s), 025/600 VUs, 341 complete and 0 interrupted iterations
saturation   [  38% ] 025/600 VUs  04m00.7s/10m30s  2.67 iters/s

running (04m01.9s), 025/600 VUs, 344 complete and 0 interrupted iterations
saturation   [  38% ] 025/600 VUs  04m01.7s/10m30s  2.69 iters/s

running (04m02.9s), 023/600 VUs, 349 complete and 0 interrupted iterations
saturation   [  39% ] 023/600 VUs  04m02.7s/10m30s  2.70 iters/s

running (04m03.9s), 025/600 VUs, 350 complete and 0 interrupted iterations
saturation   [  39% ] 025/600 VUs  04m03.7s/10m30s  2.71 iters/s

running (04m04.9s), 024/600 VUs, 353 complete and 0 interrupted iterations
saturation   [  39% ] 024/600 VUs  04m04.7s/10m30s  2.72 iters/s

running (04m05.9s), 023/600 VUs, 357 complete and 0 interrupted iterations
saturation   [  39% ] 023/600 VUs  04m05.7s/10m30s  2.73 iters/s

running (04m06.9s), 025/600 VUs, 358 complete and 0 interrupted iterations
saturation   [  39% ] 025/600 VUs  04m06.7s/10m30s  2.74 iters/s

running (04m07.9s), 021/600 VUs, 364 complete and 0 interrupted iterations
saturation   [  39% ] 021/600 VUs  04m07.7s/10m30s  2.75 iters/s

running (04m08.9s), 024/600 VUs, 364 complete and 0 interrupted iterations
saturation   [  39% ] 024/600 VUs  04m08.7s/10m30s  2.76 iters/s

running (04m09.9s), 022/600 VUs, 369 complete and 0 interrupted iterations
saturation   [  40% ] 022/600 VUs  04m09.7s/10m30s  2.77 iters/s

running (04m10.9s), 024/600 VUs, 370 complete and 0 interrupted iterations
saturation   [  40% ] 024/600 VUs  04m10.7s/10m30s  2.79 iters/s

running (04m11.9s), 022/600 VUs, 375 complete and 0 interrupted iterations
saturation   [  40% ] 022/600 VUs  04m11.7s/10m30s  2.80 iters/s

running (04m12.9s), 021/600 VUs, 378 complete and 0 interrupted iterations
saturation   [  40% ] 021/600 VUs  04m12.7s/10m30s  2.81 iters/s

running (04m13.9s), 024/600 VUs, 378 complete and 0 interrupted iterations
saturation   [  40% ] 024/600 VUs  04m13.7s/10m30s  2.82 iters/s

running (04m14.9s), 024/600 VUs, 381 complete and 0 interrupted iterations
saturation   [  40% ] 024/600 VUs  04m14.7s/10m30s  2.83 iters/s

running (04m15.9s), 026/600 VUs, 382 complete and 0 interrupted iterations
saturation   [  41% ] 026/600 VUs  04m15.7s/10m30s  2.84 iters/s

running (04m16.9s), 027/600 VUs, 384 complete and 0 interrupted iterations
saturation   [  41% ] 027/600 VUs  04m16.7s/10m30s  2.85 iters/s

running (04m17.9s), 029/600 VUs, 385 complete and 0 interrupted iterations
saturation   [  41% ] 029/600 VUs  04m17.7s/10m30s  2.87 iters/s

running (04m18.9s), 026/600 VUs, 390 complete and 0 interrupted iterations
saturation   [  41% ] 026/600 VUs  04m18.7s/10m30s  2.87 iters/s

running (04m19.9s), 024/600 VUs, 395 complete and 0 interrupted iterations
saturation   [  41% ] 024/600 VUs  04m19.7s/10m30s  2.88 iters/s

running (04m20.9s), 024/600 VUs, 398 complete and 0 interrupted iterations
saturation   [  41% ] 024/600 VUs  04m20.7s/10m30s  2.90 iters/s

running (04m21.9s), 026/600 VUs, 399 complete and 0 interrupted iterations
saturation   [  42% ] 026/600 VUs  04m21.7s/10m30s  2.91 iters/s

running (04m22.9s), 028/600 VUs, 400 complete and 0 interrupted iterations
saturation   [  42% ] 028/600 VUs  04m22.7s/10m30s  2.92 iters/s

running (04m23.9s), 028/600 VUs, 403 complete and 0 interrupted iterations
saturation   [  42% ] 028/600 VUs  04m23.7s/10m30s  2.93 iters/s

running (04m24.9s), 026/600 VUs, 408 complete and 0 interrupted iterations
saturation   [  42% ] 026/600 VUs  04m24.7s/10m30s  2.94 iters/s

running (04m25.9s), 028/600 VUs, 409 complete and 0 interrupted iterations
saturation   [  42% ] 028/600 VUs  04m25.7s/10m30s  2.95 iters/s

running (04m26.9s), 030/600 VUs, 410 complete and 0 interrupted iterations
saturation   [  42% ] 030/600 VUs  04m26.7s/10m30s  2.96 iters/s

running (04m27.9s), 028/600 VUs, 415 complete and 0 interrupted iterations
saturation   [  42% ] 028/600 VUs  04m27.7s/10m30s  2.98 iters/s

running (04m28.9s), 030/600 VUs, 416 complete and 0 interrupted iterations
saturation   [  43% ] 030/600 VUs  04m28.7s/10m30s  2.99 iters/s

running (04m29.9s), 032/600 VUs, 417 complete and 0 interrupted iterations
saturation   [  43% ] 032/600 VUs  04m29.7s/10m30s  3.00 iters/s

running (04m30.9s), 030/600 VUs, 422 complete and 0 interrupted iterations
saturation   [  43% ] 030/600 VUs  04m30.7s/10m30s  3.01 iters/s

running (04m31.9s), 032/600 VUs, 423 complete and 0 interrupted iterations
saturation   [  43% ] 032/600 VUs  04m31.7s/10m30s  3.02 iters/s

running (04m32.9s), 033/600 VUs, 425 complete and 0 interrupted iterations
saturation   [  43% ] 033/600 VUs  04m32.7s/10m30s  3.03 iters/s

running (04m33.9s), 030/600 VUs, 431 complete and 0 interrupted iterations
saturation   [  43% ] 030/600 VUs  04m33.7s/10m30s  3.04 iters/s

running (04m34.9s), 032/600 VUs, 432 complete and 0 interrupted iterations
saturation   [  44% ] 032/600 VUs  04m34.7s/10m30s  3.05 iters/s

running (04m35.9s), 031/600 VUs, 436 complete and 0 interrupted iterations
saturation   [  44% ] 031/600 VUs  04m35.7s/10m30s  3.06 iters/s

running (04m36.9s), 032/600 VUs, 438 complete and 0 interrupted iterations
saturation   [  44% ] 032/600 VUs  04m36.7s/10m30s  3.07 iters/s

running (04m37.9s), 034/600 VUs, 439 complete and 0 interrupted iterations
saturation   [  44% ] 034/600 VUs  04m37.7s/10m30s  3.09 iters/s

running (04m38.9s), 030/600 VUs, 446 complete and 0 interrupted iterations
saturation   [  44% ] 030/600 VUs  04m38.7s/10m30s  3.10 iters/s

running (04m39.9s), 032/600 VUs, 447 complete and 0 interrupted iterations
saturation   [  44% ] 032/600 VUs  04m39.7s/10m30s  3.11 iters/s

running (04m40.9s), 029/600 VUs, 453 complete and 0 interrupted iterations
saturation   [  45% ] 029/600 VUs  04m40.7s/10m30s  3.12 iters/s

running (04m41.9s), 032/600 VUs, 453 complete and 0 interrupted iterations
saturation   [  45% ] 032/600 VUs  04m41.7s/10m30s  3.13 iters/s

running (04m42.9s), 034/600 VUs, 455 complete and 0 interrupted iterations
saturation   [  45% ] 034/600 VUs  04m42.7s/10m30s  3.14 iters/s

running (04m43.9s), 031/600 VUs, 461 complete and 0 interrupted iterations
saturation   [  45% ] 031/600 VUs  04m43.7s/10m30s  3.15 iters/s

running (04m44.9s), 032/600 VUs, 463 complete and 0 interrupted iterations
saturation   [  45% ] 032/600 VUs  04m44.7s/10m30s  3.16 iters/s

running (04m45.9s), 029/600 VUs, 469 complete and 0 interrupted iterations
saturation   [  45% ] 029/600 VUs  04m45.7s/10m30s  3.17 iters/s

running (04m46.9s), 032/600 VUs, 469 complete and 0 interrupted iterations
saturation   [  46% ] 032/600 VUs  04m46.7s/10m30s  3.19 iters/s

running (04m47.9s), 035/600 VUs, 469 complete and 0 interrupted iterations
saturation   [  46% ] 035/600 VUs  04m47.7s/10m30s  3.20 iters/s

running (04m48.9s), 030/600 VUs, 478 complete and 0 interrupted iterations
saturation   [  46% ] 030/600 VUs  04m48.7s/10m30s  3.21 iters/s

running (04m49.9s), 033/600 VUs, 478 complete and 0 interrupted iterations
saturation   [  46% ] 033/600 VUs  04m49.7s/10m30s  3.22 iters/s

running (04m50.9s), 031/600 VUs, 483 complete and 0 interrupted iterations
saturation   [  46% ] 031/600 VUs  04m50.7s/10m30s  3.23 iters/s

running (04m51.9s), 029/600 VUs, 488 complete and 0 interrupted iterations
saturation   [  46% ] 029/600 VUs  04m51.7s/10m30s  3.24 iters/s

running (04m52.9s), 033/600 VUs, 488 complete and 0 interrupted iterations
saturation   [  46% ] 033/600 VUs  04m52.7s/10m30s  3.25 iters/s

running (04m53.9s), 034/600 VUs, 490 complete and 0 interrupted iterations
saturation   [  47% ] 034/600 VUs  04m53.7s/10m30s  3.26 iters/s

running (04m54.9s), 033/600 VUs, 494 complete and 0 interrupted iterations
saturation   [  47% ] 033/600 VUs  04m54.7s/10m30s  3.27 iters/s

running (04m55.9s), 030/600 VUs, 500 complete and 0 interrupted iterations
saturation   [  47% ] 030/600 VUs  04m55.7s/10m30s  3.28 iters/s

running (04m56.9s), 029/600 VUs, 505 complete and 0 interrupted iterations
saturation   [  47% ] 029/600 VUs  04m56.7s/10m30s  3.30 iters/s

running (04m57.9s), 026/600 VUs, 511 complete and 0 interrupted iterations
saturation   [  47% ] 026/600 VUs  04m57.7s/10m30s  3.31 iters/s

running (04m58.9s), 028/600 VUs, 512 complete and 0 interrupted iterations
saturation   [  47% ] 028/600 VUs  04m58.7s/10m30s  3.32 iters/s

running (04m59.9s), 031/600 VUs, 513 complete and 0 interrupted iterations
saturation   [  48% ] 031/600 VUs  04m59.7s/10m30s  3.33 iters/s

running (05m00.9s), 026/600 VUs, 521 complete and 0 interrupted iterations
saturation   [  48% ] 026/600 VUs  05m00.7s/10m30s  3.34 iters/s

running (05m01.9s), 028/600 VUs, 522 complete and 0 interrupted iterations
saturation   [  48% ] 028/600 VUs  05m01.7s/10m30s  3.35 iters/s

running (05m02.9s), 023/600 VUs, 531 complete and 0 interrupted iterations
saturation   [  48% ] 023/600 VUs  05m02.7s/10m30s  3.36 iters/s

running (05m03.9s), 025/600 VUs, 532 complete and 0 interrupted iterations
saturation   [  48% ] 025/600 VUs  05m03.7s/10m30s  3.37 iters/s

running (05m04.9s), 027/600 VUs, 533 complete and 0 interrupted iterations
saturation   [  48% ] 027/600 VUs  05m04.7s/10m30s  3.38 iters/s

running (05m05.9s), 024/600 VUs, 540 complete and 0 interrupted iterations
saturation   [  49% ] 024/600 VUs  05m05.7s/10m30s  3.40 iters/s

running (05m06.9s), 025/600 VUs, 542 complete and 0 interrupted iterations
saturation   [  49% ] 025/600 VUs  05m06.7s/10m30s  3.41 iters/s

running (05m07.9s), 024/600 VUs, 547 complete and 0 interrupted iterations
saturation   [  49% ] 024/600 VUs  05m07.7s/10m30s  3.42 iters/s

running (05m08.9s), 026/600 VUs, 548 complete and 0 interrupted iterations
saturation   [  49% ] 026/600 VUs  05m08.7s/10m30s  3.43 iters/s

running (05m09.9s), 029/600 VUs, 548 complete and 0 interrupted iterations
saturation   [  49% ] 029/600 VUs  05m09.7s/10m30s  3.44 iters/s

running (05m10.9s), 025/600 VUs, 556 complete and 0 interrupted iterations
saturation   [  49% ] 025/600 VUs  05m10.7s/10m30s  3.45 iters/s

running (05m11.9s), 028/600 VUs, 556 complete and 0 interrupted iterations
saturation   [  49% ] 028/600 VUs  05m11.7s/10m30s  3.46 iters/s

running (05m12.9s), 026/600 VUs, 562 complete and 0 interrupted iterations
saturation   [  50% ] 026/600 VUs  05m12.7s/10m30s  3.48 iters/s

running (05m13.9s), 027/600 VUs, 564 complete and 0 interrupted iterations
saturation   [  50% ] 027/600 VUs  05m13.7s/10m30s  3.48 iters/s

running (05m14.9s), 031/600 VUs, 564 complete and 0 interrupted iterations
saturation   [  50% ] 031/600 VUs  05m14.7s/10m30s  3.50 iters/s

running (05m15.9s), 027/600 VUs, 571 complete and 0 interrupted iterations
saturation   [  50% ] 027/600 VUs  05m15.7s/10m30s  3.51 iters/s

running (05m16.9s), 030/600 VUs, 572 complete and 0 interrupted iterations
saturation   [  50% ] 030/600 VUs  05m16.7s/10m30s  3.52 iters/s

running (05m17.9s), 032/600 VUs, 573 complete and 0 interrupted iterations
saturation   [  50% ] 032/600 VUs  05m17.7s/10m30s  3.53 iters/s

running (05m18.9s), 036/600 VUs, 573 complete and 0 interrupted iterations
saturation   [  51% ] 036/600 VUs  05m18.7s/10m30s  3.54 iters/s

running (05m19.9s), 036/600 VUs, 576 complete and 0 interrupted iterations
saturation   [  51% ] 036/600 VUs  05m19.7s/10m30s  3.55 iters/s

running (05m20.9s), 032/600 VUs, 584 complete and 0 interrupted iterations
saturation   [  51% ] 032/600 VUs  05m20.7s/10m30s  3.56 iters/s

running (05m21.9s), 030/600 VUs, 590 complete and 0 interrupted iterations
saturation   [  51% ] 030/600 VUs  05m21.7s/10m30s  3.58 iters/s

running (05m22.9s), 031/600 VUs, 592 complete and 0 interrupted iterations
saturation   [  51% ] 031/600 VUs  05m22.7s/10m30s  3.59 iters/s

running (05m23.9s), 031/600 VUs, 596 complete and 0 interrupted iterations
saturation   [  51% ] 031/600 VUs  05m23.7s/10m30s  3.60 iters/s

running (05m24.9s), 030/600 VUs, 600 complete and 0 interrupted iterations
saturation   [  52% ] 030/600 VUs  05m24.7s/10m30s  3.61 iters/s

running (05m25.9s), 033/600 VUs, 601 complete and 0 interrupted iterations
saturation   [  52% ] 033/600 VUs  05m25.7s/10m30s  3.62 iters/s

running (05m26.9s), 037/600 VUs, 601 complete and 0 interrupted iterations
saturation   [  52% ] 037/600 VUs  05m26.7s/10m30s  3.63 iters/s

running (05m27.9s), 032/600 VUs, 609 complete and 0 interrupted iterations
saturation   [  52% ] 032/600 VUs  05m27.7s/10m30s  3.64 iters/s

running (05m28.9s), 036/600 VUs, 609 complete and 0 interrupted iterations
saturation   [  52% ] 036/600 VUs  05m28.7s/10m30s  3.65 iters/s

running (05m29.9s), 038/600 VUs, 610 complete and 0 interrupted iterations
saturation   [  52% ] 038/600 VUs  05m29.7s/10m30s  3.66 iters/s

running (05m30.9s), 035/600 VUs, 617 complete and 0 interrupted iterations
saturation   [  52% ] 035/600 VUs  05m30.7s/10m30s  3.67 iters/s

running (05m31.9s), 038/600 VUs, 618 complete and 0 interrupted iterations
saturation   [  53% ] 038/600 VUs  05m31.7s/10m30s  3.69 iters/s

running (05m32.9s), 039/600 VUs, 621 complete and 0 interrupted iterations
saturation   [  53% ] 039/600 VUs  05m32.7s/10m30s  3.70 iters/s

running (05m33.9s), 037/600 VUs, 626 complete and 0 interrupted iterations
saturation   [  53% ] 037/600 VUs  05m33.7s/10m30s  3.71 iters/s

running (05m34.9s), 041/600 VUs, 626 complete and 0 interrupted iterations
saturation   [  53% ] 041/600 VUs  05m34.7s/10m30s  3.72 iters/s

running (05m35.9s), 044/600 VUs, 627 complete and 0 interrupted iterations
saturation   [  53% ] 044/600 VUs  05m35.7s/10m30s  3.73 iters/s

running (05m36.9s), 040/600 VUs, 634 complete and 0 interrupted iterations
saturation   [  53% ] 040/600 VUs  05m36.7s/10m30s  3.74 iters/s

running (05m37.9s), 041/600 VUs, 637 complete and 0 interrupted iterations
saturation   [  54% ] 041/600 VUs  05m37.7s/10m30s  3.75 iters/s

running (05m38.9s), 041/600 VUs, 641 complete and 0 interrupted iterations
saturation   [  54% ] 041/600 VUs  05m38.7s/10m30s  3.76 iters/s

running (05m39.9s), 044/600 VUs, 642 complete and 0 interrupted iterations
saturation   [  54% ] 044/600 VUs  05m39.7s/10m30s  3.78 iters/s

running (05m40.9s), 047/600 VUs, 642 complete and 0 interrupted iterations
saturation   [  54% ] 047/600 VUs  05m40.7s/10m30s  3.78 iters/s

running (05m41.9s), 047/600 VUs, 646 complete and 0 interrupted iterations
saturation   [  54% ] 047/600 VUs  05m41.7s/10m30s  3.80 iters/s

running (05m42.9s), 047/600 VUs, 650 complete and 0 interrupted iterations
saturation   [  54% ] 047/600 VUs  05m42.7s/10m30s  3.81 iters/s

running (05m43.9s), 045/600 VUs, 656 complete and 0 interrupted iterations
saturation   [  55% ] 045/600 VUs  05m43.7s/10m30s  3.82 iters/s

running (05m44.9s), 047/600 VUs, 658 complete and 0 interrupted iterations
saturation   [  55% ] 047/600 VUs  05m44.7s/10m30s  3.83 iters/s

running (05m45.9s), 043/600 VUs, 666 complete and 0 interrupted iterations
saturation   [  55% ] 043/600 VUs  05m45.7s/10m30s  3.84 iters/s

running (05m46.9s), 044/600 VUs, 668 complete and 0 interrupted iterations
saturation   [  55% ] 044/600 VUs  05m46.7s/10m30s  3.85 iters/s

running (05m47.9s), 045/600 VUs, 671 complete and 0 interrupted iterations
saturation   [  55% ] 045/600 VUs  05m47.7s/10m30s  3.86 iters/s

running (05m48.9s), 041/600 VUs, 679 complete and 0 interrupted iterations
saturation   [  55% ] 041/600 VUs  05m48.7s/10m30s  3.87 iters/s

running (05m49.9s), 043/600 VUs, 681 complete and 0 interrupted iterations
saturation   [  56% ] 043/600 VUs  05m49.7s/10m30s  3.89 iters/s

running (05m50.9s), 045/600 VUs, 683 complete and 0 interrupted iterations
saturation   [  56% ] 045/600 VUs  05m50.7s/10m30s  3.90 iters/s

running (05m51.9s), 042/600 VUs, 690 complete and 0 interrupted iterations
saturation   [  56% ] 042/600 VUs  05m51.7s/10m30s  3.91 iters/s

running (05m52.9s), 044/600 VUs, 692 complete and 0 interrupted iterations
saturation   [  56% ] 044/600 VUs  05m52.7s/10m30s  3.92 iters/s

running (05m53.9s), 044/600 VUs, 696 complete and 0 interrupted iterations
saturation   [  56% ] 044/600 VUs  05m53.7s/10m30s  3.93 iters/s

running (05m54.9s), 047/600 VUs, 697 complete and 0 interrupted iterations
saturation   [  56% ] 047/600 VUs  05m54.7s/10m30s  3.94 iters/s

running (05m55.9s), 042/600 VUs, 705 complete and 0 interrupted iterations
saturation   [  56% ] 042/600 VUs  05m55.7s/10m30s  3.95 iters/s

running (05m56.9s), 046/600 VUs, 705 complete and 0 interrupted iterations
saturation   [  57% ] 046/600 VUs  05m56.7s/10m30s  3.96 iters/s

running (05m57.9s), 042/600 VUs, 713 complete and 0 interrupted iterations
saturation   [  57% ] 042/600 VUs  05m57.7s/10m30s  3.97 iters/s

running (05m58.9s), 041/600 VUs, 718 complete and 0 interrupted iterations
saturation   [  57% ] 041/600 VUs  05m58.7s/10m30s  3.98 iters/s

running (05m59.9s), 040/600 VUs, 723 complete and 0 interrupted iterations
saturation   [  57% ] 040/600 VUs  05m59.7s/10m30s  4.00 iters/s

running (06m00.9s), 040/600 VUs, 727 complete and 0 interrupted iterations
saturation   [  57% ] 040/600 VUs  06m00.7s/10m30s  4.01 iters/s

running (06m01.9s), 044/600 VUs, 727 complete and 0 interrupted iterations
saturation   [  57% ] 044/600 VUs  06m01.7s/10m30s  4.02 iters/s

running (06m02.9s), 042/600 VUs, 733 complete and 0 interrupted iterations
saturation   [  58% ] 042/600 VUs  06m02.7s/10m30s  4.03 iters/s

running (06m03.9s), 041/600 VUs, 738 complete and 0 interrupted iterations
saturation   [  58% ] 041/600 VUs  06m03.7s/10m30s  4.04 iters/s

running (06m04.9s), 046/600 VUs, 738 complete and 0 interrupted iterations
saturation   [  58% ] 046/600 VUs  06m04.7s/10m30s  4.05 iters/s

running (06m05.9s), 041/600 VUs, 747 complete and 0 interrupted iterations
saturation   [  58% ] 041/600 VUs  06m05.7s/10m30s  4.06 iters/s

running (06m06.9s), 037/600 VUs, 755 complete and 0 interrupted iterations
saturation   [  58% ] 037/600 VUs  06m06.7s/10m30s  4.08 iters/s

running (06m07.9s), 038/600 VUs, 758 complete and 0 interrupted iterations
saturation   [  58% ] 038/600 VUs  06m07.7s/10m30s  4.09 iters/s

running (06m08.9s), 039/600 VUs, 761 complete and 0 interrupted iterations
saturation   [  59% ] 039/600 VUs  06m08.7s/10m30s  4.10 iters/s

running (06m09.9s), 042/600 VUs, 762 complete and 0 interrupted iterations
saturation   [  59% ] 042/600 VUs  06m09.7s/10m30s  4.11 iters/s

running (06m10.9s), 042/600 VUs, 766 complete and 0 interrupted iterations
saturation   [  59% ] 042/600 VUs  06m10.7s/10m30s  4.12 iters/s

running (06m11.9s), 039/600 VUs, 773 complete and 0 interrupted iterations
saturation   [  59% ] 039/600 VUs  06m11.7s/10m30s  4.13 iters/s

running (06m12.9s), 038/600 VUs, 778 complete and 0 interrupted iterations
saturation   [  59% ] 038/600 VUs  06m12.7s/10m30s  4.14 iters/s

running (06m13.9s), 037/600 VUs, 783 complete and 0 interrupted iterations
saturation   [  59% ] 037/600 VUs  06m13.7s/10m30s  4.15 iters/s

running (06m14.9s), 039/600 VUs, 786 complete and 0 interrupted iterations
saturation   [  59% ] 039/600 VUs  06m14.7s/10m30s  4.16 iters/s

running (06m15.9s), 043/600 VUs, 786 complete and 0 interrupted iterations
saturation   [  60% ] 043/600 VUs  06m15.7s/10m30s  4.18 iters/s

running (06m16.9s), 047/600 VUs, 786 complete and 0 interrupted iterations
saturation   [  60% ] 047/600 VUs  06m16.7s/10m30s  4.19 iters/s

running (06m17.9s), 043/600 VUs, 794 complete and 0 interrupted iterations
saturation   [  60% ] 043/600 VUs  06m17.7s/10m30s  4.20 iters/s

running (06m18.9s), 041/600 VUs, 800 complete and 0 interrupted iterations
saturation   [  60% ] 041/600 VUs  06m18.7s/10m30s  4.21 iters/s

running (06m19.9s), 044/600 VUs, 802 complete and 0 interrupted iterations
saturation   [  60% ] 044/600 VUs  06m19.7s/10m30s  4.22 iters/s

running (06m20.9s), 045/600 VUs, 805 complete and 0 interrupted iterations
saturation   [  60% ] 045/600 VUs  06m20.7s/10m30s  4.23 iters/s

running (06m21.9s), 048/600 VUs, 806 complete and 0 interrupted iterations
saturation   [  61% ] 048/600 VUs  06m21.7s/10m30s  4.24 iters/s

running (06m22.9s), 046/600 VUs, 812 complete and 0 interrupted iterations
saturation   [  61% ] 046/600 VUs  06m22.7s/10m30s  4.25 iters/s

running (06m23.9s), 046/600 VUs, 817 complete and 0 interrupted iterations
saturation   [  61% ] 046/600 VUs  06m23.7s/10m30s  4.26 iters/s

running (06m24.9s), 044/600 VUs, 823 complete and 0 interrupted iterations
saturation   [  61% ] 044/600 VUs  06m24.7s/10m30s  4.28 iters/s

running (06m25.9s), 046/600 VUs, 825 complete and 0 interrupted iterations
saturation   [  61% ] 046/600 VUs  06m25.7s/10m30s  4.29 iters/s

running (06m26.9s), 045/600 VUs, 830 complete and 0 interrupted iterations
saturation   [  61% ] 045/600 VUs  06m26.7s/10m30s  4.30 iters/s

running (06m27.9s), 046/600 VUs, 834 complete and 0 interrupted iterations
saturation   [  62% ] 046/600 VUs  06m27.7s/10m30s  4.31 iters/s

running (06m28.9s), 048/600 VUs, 836 complete and 0 interrupted iterations
saturation   [  62% ] 048/600 VUs  06m28.7s/10m30s  4.32 iters/s

running (06m29.9s), 048/600 VUs, 840 complete and 0 interrupted iterations
saturation   [  62% ] 048/600 VUs  06m29.7s/10m30s  4.33 iters/s

running (06m30.9s), 053/600 VUs, 840 complete and 0 interrupted iterations
saturation   [  62% ] 053/600 VUs  06m30.7s/10m30s  4.34 iters/s

running (06m31.9s), 046/600 VUs, 851 complete and 0 interrupted iterations
saturation   [  62% ] 046/600 VUs  06m31.7s/10m30s  4.35 iters/s

running (06m32.9s), 043/600 VUs, 858 complete and 0 interrupted iterations
saturation   [  62% ] 043/600 VUs  06m32.7s/10m30s  4.36 iters/s

running (06m33.9s), 047/600 VUs, 859 complete and 0 interrupted iterations
saturation   [  62% ] 047/600 VUs  06m33.7s/10m30s  4.38 iters/s

running (06m34.9s), 048/600 VUs, 862 complete and 0 interrupted iterations
saturation   [  63% ] 048/600 VUs  06m34.7s/10m30s  4.39 iters/s

running (06m35.9s), 045/600 VUs, 869 complete and 0 interrupted iterations
saturation   [  63% ] 045/600 VUs  06m35.7s/10m30s  4.40 iters/s

running (06m36.9s), 042/600 VUs, 877 complete and 0 interrupted iterations
saturation   [  63% ] 042/600 VUs  06m36.7s/10m30s  4.41 iters/s

running (06m37.9s), 044/600 VUs, 879 complete and 0 interrupted iterations
saturation   [  63% ] 044/600 VUs  06m37.7s/10m30s  4.42 iters/s

running (06m38.9s), 044/600 VUs, 884 complete and 0 interrupted iterations
saturation   [  63% ] 044/600 VUs  06m38.7s/10m30s  4.43 iters/s

running (06m39.9s), 046/600 VUs, 886 complete and 0 interrupted iterations
saturation   [  63% ] 046/600 VUs  06m39.7s/10m30s  4.44 iters/s

running (06m40.9s), 041/600 VUs, 896 complete and 0 interrupted iterations
saturation   [  64% ] 041/600 VUs  06m40.7s/10m30s  4.45 iters/s

running (06m41.9s), 043/600 VUs, 898 complete and 0 interrupted iterations
saturation   [  64% ] 043/600 VUs  06m41.7s/10m30s  4.46 iters/s

running (06m42.9s), 045/600 VUs, 901 complete and 0 interrupted iterations
saturation   [  64% ] 045/600 VUs  06m42.7s/10m30s  4.48 iters/s

running (06m43.9s), 046/600 VUs, 904 complete and 0 interrupted iterations
saturation   [  64% ] 046/600 VUs  06m43.7s/10m30s  4.49 iters/s

running (06m44.9s), 043/600 VUs, 912 complete and 0 interrupted iterations
saturation   [  64% ] 043/600 VUs  06m44.7s/10m30s  4.50 iters/s

running (06m45.9s), 044/600 VUs, 915 complete and 0 interrupted iterations
saturation   [  64% ] 044/600 VUs  06m45.7s/10m30s  4.51 iters/s

running (06m46.9s), 045/600 VUs, 919 complete and 0 interrupted iterations
saturation   [  65% ] 045/600 VUs  06m46.7s/10m30s  4.52 iters/s

running (06m47.9s), 039/600 VUs, 929 complete and 0 interrupted iterations
saturation   [  65% ] 039/600 VUs  06m47.7s/10m30s  4.53 iters/s

running (06m48.9s), 043/600 VUs, 930 complete and 0 interrupted iterations
saturation   [  65% ] 043/600 VUs  06m48.7s/10m30s  4.54 iters/s

running (06m49.9s), 043/600 VUs, 934 complete and 0 interrupted iterations
saturation   [  65% ] 043/600 VUs  06m49.7s/10m30s  4.55 iters/s

running (06m50.9s), 042/600 VUs, 940 complete and 0 interrupted iterations
saturation   [  65% ] 042/600 VUs  06m50.7s/10m30s  4.56 iters/s

running (06m51.9s), 043/600 VUs, 943 complete and 0 interrupted iterations
saturation   [  65% ] 043/600 VUs  06m51.7s/10m30s  4.57 iters/s

running (06m52.9s), 046/600 VUs, 945 complete and 0 interrupted iterations
saturation   [  66% ] 046/600 VUs  06m52.7s/10m30s  4.59 iters/s

running (06m53.9s), 049/600 VUs, 946 complete and 0 interrupted iterations
saturation   [  66% ] 049/600 VUs  06m53.7s/10m30s  4.60 iters/s

running (06m54.9s), 052/600 VUs, 948 complete and 0 interrupted iterations
saturation   [  66% ] 052/600 VUs  06m54.7s/10m30s  4.61 iters/s

running (06m55.9s), 050/600 VUs, 955 complete and 0 interrupted iterations
saturation   [  66% ] 050/600 VUs  06m55.7s/10m30s  4.62 iters/s

running (06m56.9s), 050/600 VUs, 959 complete and 0 interrupted iterations
saturation   [  66% ] 050/600 VUs  06m56.7s/10m30s  4.63 iters/s

running (06m57.9s), 053/600 VUs, 961 complete and 0 interrupted iterations
saturation   [  66% ] 053/600 VUs  06m57.7s/10m30s  4.64 iters/s

running (06m58.9s), 054/600 VUs, 965 complete and 0 interrupted iterations
saturation   [  66% ] 054/600 VUs  06m58.7s/10m30s  4.65 iters/s

running (06m59.9s), 052/600 VUs, 971 complete and 0 interrupted iterations
saturation   [  67% ] 052/600 VUs  06m59.7s/10m30s  4.66 iters/s

running (07m00.9s), 051/600 VUs, 977 complete and 0 interrupted iterations
saturation   [  67% ] 051/600 VUs  07m00.7s/10m30s  4.67 iters/s

running (07m01.9s), 050/600 VUs, 983 complete and 0 interrupted iterations
saturation   [  67% ] 050/600 VUs  07m01.7s/10m30s  4.69 iters/s

running (07m02.9s), 052/600 VUs, 985 complete and 0 interrupted iterations
saturation   [  67% ] 052/600 VUs  07m02.7s/10m30s  4.70 iters/s

running (07m03.9s), 056/600 VUs, 986 complete and 0 interrupted iterations
saturation   [  67% ] 056/600 VUs  07m03.7s/10m30s  4.71 iters/s

running (07m04.9s), 053/600 VUs, 994 complete and 0 interrupted iterations
saturation   [  67% ] 053/600 VUs  07m04.7s/10m30s  4.72 iters/s

running (07m05.9s), 055/600 VUs, 996 complete and 0 interrupted iterations
saturation   [  68% ] 055/600 VUs  07m05.7s/10m30s  4.73 iters/s

running (07m06.9s), 060/600 VUs, 996 complete and 0 interrupted iterations
saturation   [  68% ] 060/600 VUs  07m06.7s/10m30s  4.74 iters/s

running (07m07.9s), 051/600 VUs, 1010 complete and 0 interrupted iterations
saturation   [  68% ] 051/600 VUs  07m07.7s/10m30s  4.75 iters/s

running (07m08.9s), 055/600 VUs, 1011 complete and 0 interrupted iterations
saturation   [  68% ] 055/600 VUs  07m08.7s/10m30s  4.76 iters/s

running (07m09.9s), 051/600 VUs, 1019 complete and 0 interrupted iterations
saturation   [  68% ] 051/600 VUs  07m09.7s/10m30s  4.77 iters/s

running (07m10.9s), 052/600 VUs, 1023 complete and 0 interrupted iterations
saturation   [  68% ] 052/600 VUs  07m10.7s/10m30s  4.79 iters/s

running (07m11.9s), 051/600 VUs, 1029 complete and 0 interrupted iterations
saturation   [  69% ] 051/600 VUs  07m11.7s/10m30s  4.80 iters/s

running (07m12.9s), 056/600 VUs, 1029 complete and 0 interrupted iterations
saturation   [  69% ] 056/600 VUs  07m12.7s/10m30s  4.81 iters/s

running (07m13.9s), 058/600 VUs, 1032 complete and 0 interrupted iterations
saturation   [  69% ] 058/600 VUs  07m13.7s/10m30s  4.82 iters/s

running (07m14.9s), 062/600 VUs, 1032 complete and 0 interrupted iterations
saturation   [  69% ] 062/600 VUs  07m14.7s/10m30s  4.83 iters/s

running (07m15.9s), 067/600 VUs, 1032 complete and 0 interrupted iterations
saturation   [  69% ] 067/600 VUs  07m15.7s/10m30s  4.84 iters/s

running (07m16.9s), 065/600 VUs, 1039 complete and 0 interrupted iterations
saturation   [  69% ] 065/600 VUs  07m16.7s/10m30s  4.85 iters/s

running (07m17.9s), 059/600 VUs, 1050 complete and 0 interrupted iterations
saturation   [  69% ] 059/600 VUs  07m17.7s/10m30s  4.86 iters/s

running (07m18.9s), 060/600 VUs, 1054 complete and 0 interrupted iterations
saturation   [  70% ] 060/600 VUs  07m18.7s/10m30s  4.88 iters/s

running (07m19.9s), 060/600 VUs, 1059 complete and 0 interrupted iterations
saturation   [  70% ] 060/600 VUs  07m19.7s/10m30s  4.89 iters/s

running (07m20.9s), 059/600 VUs, 1065 complete and 0 interrupted iterations
saturation   [  70% ] 059/600 VUs  07m20.7s/10m30s  4.90 iters/s

running (07m21.9s), 061/600 VUs, 1067 complete and 0 interrupted iterations
saturation   [  70% ] 061/600 VUs  07m21.7s/10m30s  4.91 iters/s

running (07m22.9s), 064/600 VUs, 1069 complete and 0 interrupted iterations
saturation   [  70% ] 064/600 VUs  07m22.7s/10m30s  4.92 iters/s

running (07m23.9s), 060/600 VUs, 1078 complete and 0 interrupted iterations
saturation   [  70% ] 060/600 VUs  07m23.7s/10m30s  4.93 iters/s

running (07m24.9s), 060/600 VUs, 1083 complete and 0 interrupted iterations
saturation   [  71% ] 060/600 VUs  07m24.7s/10m30s  4.94 iters/s

running (07m25.9s), 057/600 VUs, 1091 complete and 0 interrupted iterations
saturation   [  71% ] 057/600 VUs  07m25.7s/10m30s  4.95 iters/s

running (07m26.9s), 060/600 VUs, 1093 complete and 0 interrupted iterations
saturation   [  71% ] 060/600 VUs  07m26.7s/10m30s  4.96 iters/s

running (07m27.9s), 059/600 VUs, 1099 complete and 0 interrupted iterations
saturation   [  71% ] 059/600 VUs  07m27.7s/10m30s  4.97 iters/s

running (07m28.9s), 061/600 VUs, 1102 complete and 0 interrupted iterations
saturation   [  71% ] 061/600 VUs  07m28.7s/10m30s  4.99 iters/s

running (07m29.9s), 064/600 VUs, 1104 complete and 0 interrupted iterations
saturation   [  71% ] 064/600 VUs  07m29.7s/10m30s  5.00 iters/s

running (07m30.9s), 063/600 VUs, 1110 complete and 0 interrupted iterations
saturation   [  72% ] 063/600 VUs  07m30.7s/10m30s  5.01 iters/s

running (07m31.9s), 068/600 VUs, 1110 complete and 0 interrupted iterations
saturation   [  72% ] 068/600 VUs  07m31.7s/10m30s  5.02 iters/s

running (07m32.9s), 072/600 VUs, 1111 complete and 0 interrupted iterations
saturation   [  72% ] 072/600 VUs  07m32.7s/10m30s  5.03 iters/s

running (07m33.9s), 072/600 VUs, 1116 complete and 0 interrupted iterations
saturation   [  72% ] 072/600 VUs  07m33.7s/10m30s  5.04 iters/s

running (07m34.9s), 073/600 VUs, 1120 complete and 0 interrupted iterations
saturation   [  72% ] 073/600 VUs  07m34.7s/10m30s  5.05 iters/s

running (07m35.9s), 070/600 VUs, 1128 complete and 0 interrupted iterations
saturation   [  72% ] 070/600 VUs  07m35.7s/10m30s  5.06 iters/s

running (07m36.9s), 073/600 VUs, 1130 complete and 0 interrupted iterations
saturation   [  72% ] 073/600 VUs  07m36.7s/10m30s  5.07 iters/s

running (07m37.9s), 072/600 VUs, 1136 complete and 0 interrupted iterations
saturation   [  73% ] 072/600 VUs  07m37.7s/10m30s  5.08 iters/s

running (07m38.9s), 076/600 VUs, 1138 complete and 0 interrupted iterations
saturation   [  73% ] 076/600 VUs  07m38.7s/10m30s  5.10 iters/s

running (07m39.9s), 077/600 VUs, 1142 complete and 0 interrupted iterations
saturation   [  73% ] 077/600 VUs  07m39.7s/10m30s  5.11 iters/s

running (07m40.9s), 074/600 VUs, 1150 complete and 0 interrupted iterations
saturation   [  73% ] 074/600 VUs  07m40.7s/10m30s  5.12 iters/s

running (07m41.9s), 073/600 VUs, 1156 complete and 0 interrupted iterations
saturation   [  73% ] 073/600 VUs  07m41.7s/10m30s  5.13 iters/s

running (07m42.9s), 073/600 VUs, 1161 complete and 0 interrupted iterations
saturation   [  73% ] 073/600 VUs  07m42.7s/10m30s  5.14 iters/s

running (07m43.9s), 077/600 VUs, 1162 complete and 0 interrupted iterations
saturation   [  74% ] 077/600 VUs  07m43.7s/10m30s  5.15 iters/s

running (07m44.9s), 072/600 VUs, 1172 complete and 0 interrupted iterations
saturation   [  74% ] 072/600 VUs  07m44.7s/10m30s  5.16 iters/s

running (07m45.9s), 076/600 VUs, 1173 complete and 0 interrupted iterations
saturation   [  74% ] 076/600 VUs  07m45.7s/10m30s  5.17 iters/s

running (07m46.9s), 081/600 VUs, 1174 complete and 0 interrupted iterations
saturation   [  74% ] 081/600 VUs  07m46.7s/10m30s  5.19 iters/s

running (07m47.9s), 076/600 VUs, 1184 complete and 0 interrupted iterations
saturation   [  74% ] 076/600 VUs  07m47.7s/10m30s  5.20 iters/s

running (07m48.9s), 073/600 VUs, 1192 complete and 0 interrupted iterations
saturation   [  74% ] 073/600 VUs  07m48.7s/10m30s  5.21 iters/s

running (07m49.9s), 075/600 VUs, 1195 complete and 0 interrupted iterations
saturation   [  75% ] 075/600 VUs  07m49.7s/10m30s  5.22 iters/s

running (07m50.9s), 076/600 VUs, 1199 complete and 0 interrupted iterations
saturation   [  75% ] 076/600 VUs  07m50.7s/10m30s  5.23 iters/s

running (07m51.9s), 078/600 VUs, 1203 complete and 0 interrupted iterations
saturation   [  75% ] 078/600 VUs  07m51.7s/10m30s  5.24 iters/s

running (07m52.9s), 081/600 VUs, 1205 complete and 0 interrupted iterations
saturation   [  75% ] 081/600 VUs  07m52.7s/10m30s  5.25 iters/s

running (07m53.9s), 082/600 VUs, 1209 complete and 0 interrupted iterations
saturation   [  75% ] 082/600 VUs  07m53.7s/10m30s  5.26 iters/s

running (07m54.9s), 077/600 VUs, 1220 complete and 0 interrupted iterations
saturation   [  75% ] 077/600 VUs  07m54.7s/10m30s  5.28 iters/s

running (07m55.9s), 079/600 VUs, 1223 complete and 0 interrupted iterations
saturation   [  76% ] 079/600 VUs  07m55.7s/10m30s  5.29 iters/s

running (07m56.9s), 081/600 VUs, 1226 complete and 0 interrupted iterations
saturation   [  76% ] 081/600 VUs  07m56.7s/10m30s  5.30 iters/s

running (07m57.9s), 085/600 VUs, 1227 complete and 0 interrupted iterations
saturation   [  76% ] 085/600 VUs  07m57.7s/10m30s  5.31 iters/s

running (07m58.9s), 078/600 VUs, 1240 complete and 0 interrupted iterations
saturation   [  76% ] 078/600 VUs  07m58.7s/10m30s  5.32 iters/s

running (07m59.9s), 067/600 VUs, 1256 complete and 0 interrupted iterations
saturation   [  76% ] 067/600 VUs  07m59.7s/10m30s  5.33 iters/s

running (08m00.9s), 071/600 VUs, 1257 complete and 0 interrupted iterations
saturation   [  76% ] 071/600 VUs  08m00.7s/10m30s  5.34 iters/s

running (08m01.9s), 073/600 VUs, 1261 complete and 0 interrupted iterations
saturation   [  76% ] 073/600 VUs  08m01.7s/10m30s  5.35 iters/s

running (08m02.9s), 065/600 VUs, 1274 complete and 0 interrupted iterations
saturation   [  77% ] 065/600 VUs  08m02.7s/10m30s  5.36 iters/s

running (08m03.9s), 069/600 VUs, 1275 complete and 0 interrupted iterations
saturation   [  77% ] 069/600 VUs  08m03.7s/10m30s  5.37 iters/s

running (08m04.9s), 066/600 VUs, 1284 complete and 0 interrupted iterations
saturation   [  77% ] 066/600 VUs  08m04.7s/10m30s  5.39 iters/s

running (08m05.9s), 069/600 VUs, 1286 complete and 0 interrupted iterations
saturation   [  77% ] 069/600 VUs  08m05.7s/10m30s  5.40 iters/s

running (08m06.9s), 073/600 VUs, 1288 complete and 0 interrupted iterations
saturation   [  77% ] 073/600 VUs  08m06.7s/10m30s  5.41 iters/s

running (08m07.9s), 070/600 VUs, 1296 complete and 0 interrupted iterations
saturation   [  77% ] 070/600 VUs  08m07.7s/10m30s  5.42 iters/s

running (08m08.9s), 071/600 VUs, 1300 complete and 0 interrupted iterations
saturation   [  78% ] 071/600 VUs  08m08.7s/10m30s  5.43 iters/s

running (08m09.9s), 070/600 VUs, 1307 complete and 0 interrupted iterations
saturation   [  78% ] 070/600 VUs  08m09.7s/10m30s  5.44 iters/s

running (08m10.9s), 074/600 VUs, 1308 complete and 0 interrupted iterations
saturation   [  78% ] 074/600 VUs  08m10.7s/10m30s  5.45 iters/s

running (08m11.9s), 071/600 VUs, 1317 complete and 0 interrupted iterations
saturation   [  78% ] 071/600 VUs  08m11.7s/10m30s  5.46 iters/s

running (08m12.9s), 067/600 VUs, 1326 complete and 0 interrupted iterations
saturation   [  78% ] 067/600 VUs  08m12.7s/10m30s  5.47 iters/s

running (08m13.9s), 067/600 VUs, 1332 complete and 0 interrupted iterations
saturation   [  78% ] 067/600 VUs  08m13.7s/10m30s  5.49 iters/s

running (08m14.9s), 061/600 VUs, 1343 complete and 0 interrupted iterations
saturation   [  79% ] 061/600 VUs  08m14.7s/10m30s  5.50 iters/s

running (08m15.9s), 066/600 VUs, 1344 complete and 0 interrupted iterations
saturation   [  79% ] 066/600 VUs  08m15.7s/10m30s  5.51 iters/s

running (08m16.9s), 071/600 VUs, 1344 complete and 0 interrupted iterations
saturation   [  79% ] 071/600 VUs  08m16.7s/10m30s  5.52 iters/s

running (08m17.9s), 072/600 VUs, 1349 complete and 0 interrupted iterations
saturation   [  79% ] 072/600 VUs  08m17.7s/10m30s  5.53 iters/s

running (08m18.9s), 073/600 VUs, 1353 complete and 0 interrupted iterations
saturation   [  79% ] 073/600 VUs  08m18.7s/10m30s  5.54 iters/s

running (08m19.9s), 069/600 VUs, 1363 complete and 0 interrupted iterations
saturation   [  79% ] 069/600 VUs  08m19.7s/10m30s  5.55 iters/s

running (08m20.9s), 066/600 VUs, 1371 complete and 0 interrupted iterations
saturation   [  79% ] 066/600 VUs  08m20.7s/10m30s  5.56 iters/s

running (08m21.9s), 067/600 VUs, 1376 complete and 0 interrupted iterations
saturation   [  80% ] 067/600 VUs  08m21.7s/10m30s  5.57 iters/s

running (08m22.9s), 070/600 VUs, 1379 complete and 0 interrupted iterations
saturation   [  80% ] 070/600 VUs  08m22.7s/10m30s  5.59 iters/s

running (08m23.9s), 063/600 VUs, 1391 complete and 0 interrupted iterations
saturation   [  80% ] 063/600 VUs  08m23.7s/10m30s  5.60 iters/s

running (08m24.9s), 064/600 VUs, 1396 complete and 0 interrupted iterations
saturation   [  80% ] 064/600 VUs  08m24.7s/10m30s  5.61 iters/s

running (08m25.9s), 066/600 VUs, 1399 complete and 0 interrupted iterations
saturation   [  80% ] 066/600 VUs  08m25.7s/10m30s  5.62 iters/s

running (08m26.9s), 059/600 VUs, 1412 complete and 0 interrupted iterations
saturation   [  80% ] 059/600 VUs  08m26.7s/10m30s  5.63 iters/s

running (08m27.9s), 060/600 VUs, 1417 complete and 0 interrupted iterations
saturation   [  81% ] 060/600 VUs  08m27.7s/10m30s  5.64 iters/s

running (08m28.9s), 063/600 VUs, 1419 complete and 0 interrupted iterations
saturation   [  81% ] 063/600 VUs  08m28.7s/10m30s  5.65 iters/s

running (08m29.9s), 065/600 VUs, 1423 complete and 0 interrupted iterations
saturation   [  81% ] 065/600 VUs  08m29.7s/10m30s  5.66 iters/s

running (08m30.9s), 070/600 VUs, 1424 complete and 0 interrupted iterations
saturation   [  81% ] 070/600 VUs  08m30.7s/10m30s  5.68 iters/s

running (08m31.9s), 062/600 VUs, 1437 complete and 0 interrupted iterations
saturation   [  81% ] 062/600 VUs  08m31.7s/10m30s  5.69 iters/s

running (08m32.9s), 066/600 VUs, 1439 complete and 0 interrupted iterations
saturation   [  81% ] 066/600 VUs  08m32.7s/10m30s  5.70 iters/s

running (08m33.9s), 060/600 VUs, 1451 complete and 0 interrupted iterations
saturation   [  82% ] 060/600 VUs  08m33.7s/10m30s  5.71 iters/s

running (08m34.9s), 056/600 VUs, 1460 complete and 0 interrupted iterations
saturation   [  82% ] 056/600 VUs  08m34.7s/10m30s  5.72 iters/s

running (08m35.9s), 060/600 VUs, 1462 complete and 0 interrupted iterations
saturation   [  82% ] 060/600 VUs  08m35.7s/10m30s  5.73 iters/s

running (08m36.9s), 063/600 VUs, 1465 complete and 0 interrupted iterations
saturation   [  82% ] 063/600 VUs  08m36.7s/10m30s  5.74 iters/s

running (08m37.9s), 060/600 VUs, 1474 complete and 0 interrupted iterations
saturation   [  82% ] 060/600 VUs  08m37.7s/10m30s  5.75 iters/s

running (08m38.9s), 064/600 VUs, 1475 complete and 0 interrupted iterations
saturation   [  82% ] 064/600 VUs  08m38.7s/10m30s  5.76 iters/s

running (08m39.9s), 064/600 VUs, 1481 complete and 0 interrupted iterations
saturation   [  82% ] 064/600 VUs  08m39.7s/10m30s  5.77 iters/s

running (08m40.9s), 069/600 VUs, 1482 complete and 0 interrupted iterations
saturation   [  83% ] 069/600 VUs  08m40.7s/10m30s  5.79 iters/s

running (08m41.9s), 070/600 VUs, 1487 complete and 0 interrupted iterations
saturation   [  83% ] 070/600 VUs  08m41.7s/10m30s  5.80 iters/s

running (08m42.9s), 067/600 VUs, 1495 complete and 0 interrupted iterations
saturation   [  83% ] 067/600 VUs  08m42.7s/10m30s  5.81 iters/s

running (08m43.9s), 068/600 VUs, 1500 complete and 0 interrupted iterations
saturation   [  83% ] 068/600 VUs  08m43.7s/10m30s  5.82 iters/s

running (08m44.9s), 072/600 VUs, 1502 complete and 0 interrupted iterations
saturation   [  83% ] 072/600 VUs  08m44.7s/10m30s  5.83 iters/s

running (08m45.9s), 064/600 VUs, 1516 complete and 0 interrupted iterations
saturation   [  83% ] 064/600 VUs  08m45.7s/10m30s  5.84 iters/s

running (08m46.9s), 064/600 VUs, 1522 complete and 0 interrupted iterations
saturation   [  84% ] 064/600 VUs  08m46.7s/10m30s  5.85 iters/s

running (08m47.9s), 069/600 VUs, 1523 complete and 0 interrupted iterations
saturation   [  84% ] 069/600 VUs  08m47.7s/10m30s  5.86 iters/s

running (08m48.9s), 074/600 VUs, 1524 complete and 0 interrupted iterations
saturation   [  84% ] 074/600 VUs  08m48.7s/10m30s  5.88 iters/s

running (08m49.9s), 068/600 VUs, 1535 complete and 0 interrupted iterations
saturation   [  84% ] 068/600 VUs  08m49.7s/10m30s  5.89 iters/s

running (08m50.9s), 065/600 VUs, 1544 complete and 0 interrupted iterations
saturation   [  84% ] 065/600 VUs  08m50.7s/10m30s  5.90 iters/s

running (08m51.9s), 069/600 VUs, 1546 complete and 0 interrupted iterations
saturation   [  84% ] 069/600 VUs  08m51.7s/10m30s  5.91 iters/s

running (08m52.9s), 075/600 VUs, 1546 complete and 0 interrupted iterations
saturation   [  85% ] 075/600 VUs  08m52.7s/10m30s  5.92 iters/s

running (08m53.9s), 074/600 VUs, 1553 complete and 0 interrupted iterations
saturation   [  85% ] 074/600 VUs  08m53.7s/10m30s  5.93 iters/s

running (08m54.9s), 080/600 VUs, 1553 complete and 0 interrupted iterations
saturation   [  85% ] 080/600 VUs  08m54.7s/10m30s  5.94 iters/s

running (08m55.9s), 078/600 VUs, 1561 complete and 0 interrupted iterations
saturation   [  85% ] 078/600 VUs  08m55.7s/10m30s  5.95 iters/s

running (08m56.9s), 081/600 VUs, 1564 complete and 0 interrupted iterations
saturation   [  85% ] 081/600 VUs  08m56.7s/10m30s  5.96 iters/s

running (08m57.9s), 080/600 VUs, 1571 complete and 0 interrupted iterations
saturation   [  85% ] 080/600 VUs  08m57.7s/10m30s  5.97 iters/s

running (08m58.9s), 080/600 VUs, 1577 complete and 0 interrupted iterations
saturation   [  86% ] 080/600 VUs  08m58.7s/10m30s  5.99 iters/s

running (08m59.9s), 081/600 VUs, 1582 complete and 0 interrupted iterations
saturation   [  86% ] 081/600 VUs  08m59.7s/10m30s  6.00 iters/s

running (09m00.9s), 078/600 VUs, 1591 complete and 0 interrupted iterations
saturation   [  86% ] 078/600 VUs  09m00.7s/10m30s  6.00 iters/s

running (09m01.9s), 082/600 VUs, 1593 complete and 0 interrupted iterations
saturation   [  86% ] 082/600 VUs  09m01.7s/10m30s  6.00 iters/s

running (09m02.9s), 085/600 VUs, 1596 complete and 0 interrupted iterations
saturation   [  86% ] 085/600 VUs  09m02.7s/10m30s  6.00 iters/s

running (09m03.9s), 088/600 VUs, 1599 complete and 0 interrupted iterations
saturation   [  86% ] 088/600 VUs  09m03.7s/10m30s  6.00 iters/s

running (09m04.9s), 084/600 VUs, 1609 complete and 0 interrupted iterations
saturation   [  86% ] 084/600 VUs  09m04.7s/10m30s  6.00 iters/s

running (09m05.9s), 085/600 VUs, 1614 complete and 0 interrupted iterations
saturation   [  87% ] 085/600 VUs  09m05.7s/10m30s  6.00 iters/s

running (09m06.9s), 084/600 VUs, 1621 complete and 0 interrupted iterations
saturation   [  87% ] 084/600 VUs  09m06.7s/10m30s  6.00 iters/s

running (09m07.9s), 080/600 VUs, 1631 complete and 0 interrupted iterations
saturation   [  87% ] 080/600 VUs  09m07.7s/10m30s  6.00 iters/s

running (09m08.9s), 081/600 VUs, 1636 complete and 0 interrupted iterations
saturation   [  87% ] 081/600 VUs  09m08.7s/10m30s  6.00 iters/s

running (09m09.9s), 085/600 VUs, 1638 complete and 0 interrupted iterations
saturation   [  87% ] 085/600 VUs  09m09.7s/10m30s  6.00 iters/s

running (09m10.9s), 087/600 VUs, 1642 complete and 0 interrupted iterations
saturation   [  87% ] 087/600 VUs  09m10.7s/10m30s  6.00 iters/s

running (09m11.9s), 081/600 VUs, 1654 complete and 0 interrupted iterations
saturation   [  88% ] 081/600 VUs  09m11.7s/10m30s  6.00 iters/s

running (09m12.9s), 081/600 VUs, 1660 complete and 0 interrupted iterations
saturation   [  88% ] 081/600 VUs  09m12.7s/10m30s  6.00 iters/s

running (09m13.9s), 080/600 VUs, 1667 complete and 0 interrupted iterations
saturation   [  88% ] 080/600 VUs  09m13.7s/10m30s  6.00 iters/s

running (09m14.9s), 083/600 VUs, 1670 complete and 0 interrupted iterations
saturation   [  88% ] 083/600 VUs  09m14.7s/10m30s  6.00 iters/s

running (09m15.9s), 085/600 VUs, 1674 complete and 0 interrupted iterations
saturation   [  88% ] 085/600 VUs  09m15.7s/10m30s  6.00 iters/s

running (09m16.9s), 085/600 VUs, 1680 complete and 0 interrupted iterations
saturation   [  88% ] 085/600 VUs  09m16.7s/10m30s  6.00 iters/s

running (09m17.9s), 087/600 VUs, 1684 complete and 0 interrupted iterations
saturation   [  89% ] 087/600 VUs  09m17.7s/10m30s  6.00 iters/s

running (09m18.9s), 084/600 VUs, 1693 complete and 0 interrupted iterations
saturation   [  89% ] 084/600 VUs  09m18.7s/10m30s  6.00 iters/s

running (09m19.9s), 089/600 VUs, 1694 complete and 0 interrupted iterations
saturation   [  89% ] 089/600 VUs  09m19.7s/10m30s  6.00 iters/s

running (09m20.9s), 085/600 VUs, 1704 complete and 0 interrupted iterations
saturation   [  89% ] 085/600 VUs  09m20.7s/10m30s  6.00 iters/s

running (09m21.9s), 085/600 VUs, 1710 complete and 0 interrupted iterations
saturation   [  89% ] 085/600 VUs  09m21.7s/10m30s  6.00 iters/s

running (09m22.9s), 088/600 VUs, 1713 complete and 0 interrupted iterations
saturation   [  89% ] 088/600 VUs  09m22.7s/10m30s  6.00 iters/s

running (09m23.9s), 089/600 VUs, 1718 complete and 0 interrupted iterations
saturation   [  89% ] 089/600 VUs  09m23.7s/10m30s  6.00 iters/s

running (09m24.9s), 090/600 VUs, 1723 complete and 0 interrupted iterations
saturation   [  90% ] 090/600 VUs  09m24.7s/10m30s  6.00 iters/s

running (09m25.9s), 088/600 VUs, 1731 complete and 0 interrupted iterations
saturation   [  90% ] 088/600 VUs  09m25.7s/10m30s  6.00 iters/s

running (09m26.9s), 083/600 VUs, 1742 complete and 0 interrupted iterations
saturation   [  90% ] 083/600 VUs  09m26.7s/10m30s  6.00 iters/s

running (09m27.9s), 088/600 VUs, 1743 complete and 0 interrupted iterations
saturation   [  90% ] 088/600 VUs  09m27.7s/10m30s  6.00 iters/s

running (09m28.9s), 088/600 VUs, 1749 complete and 0 interrupted iterations
saturation   [  90% ] 088/600 VUs  09m28.7s/10m30s  6.00 iters/s

running (09m29.9s), 090/600 VUs, 1753 complete and 0 interrupted iterations
saturation   [  90% ] 090/600 VUs  09m29.7s/10m30s  6.00 iters/s

running (09m30.9s), 093/600 VUs, 1756 complete and 0 interrupted iterations
saturation   [  91% ] 093/600 VUs  09m30.7s/10m30s  6.00 iters/s

running (09m31.9s), 089/600 VUs, 1766 complete and 0 interrupted iterations
saturation   [  91% ] 089/600 VUs  09m31.7s/10m30s  6.00 iters/s

running (09m32.9s), 084/600 VUs, 1777 complete and 0 interrupted iterations
saturation   [  91% ] 084/600 VUs  09m32.7s/10m30s  6.00 iters/s

running (09m33.9s), 084/600 VUs, 1783 complete and 0 interrupted iterations
saturation   [  91% ] 084/600 VUs  09m33.7s/10m30s  6.00 iters/s

running (09m34.9s), 087/600 VUs, 1786 complete and 0 interrupted iterations
saturation   [  91% ] 087/600 VUs  09m34.7s/10m30s  6.00 iters/s

running (09m35.9s), 089/600 VUs, 1790 complete and 0 interrupted iterations
saturation   [  91% ] 089/600 VUs  09m35.7s/10m30s  6.00 iters/s

running (09m36.9s), 086/600 VUs, 1799 complete and 0 interrupted iterations
saturation   [  92% ] 086/600 VUs  09m36.7s/10m30s  6.00 iters/s

running (09m37.9s), 085/600 VUs, 1806 complete and 0 interrupted iterations
saturation   [  92% ] 085/600 VUs  09m37.7s/10m30s  6.00 iters/s

running (09m38.9s), 085/600 VUs, 1812 complete and 0 interrupted iterations
saturation   [  92% ] 085/600 VUs  09m38.7s/10m30s  6.00 iters/s

running (09m39.9s), 081/600 VUs, 1822 complete and 0 interrupted iterations
saturation   [  92% ] 081/600 VUs  09m39.7s/10m30s  6.00 iters/s

running (09m40.9s), 080/600 VUs, 1829 complete and 0 interrupted iterations
saturation   [  92% ] 080/600 VUs  09m40.7s/10m30s  6.00 iters/s

running (09m41.9s), 084/600 VUs, 1831 complete and 0 interrupted iterations
saturation   [  92% ] 084/600 VUs  09m41.7s/10m30s  6.00 iters/s

running (09m42.9s), 084/600 VUs, 1837 complete and 0 interrupted iterations
saturation   [  92% ] 084/600 VUs  09m42.7s/10m30s  6.00 iters/s

running (09m43.9s), 083/600 VUs, 1844 complete and 0 interrupted iterations
saturation   [  93% ] 083/600 VUs  09m43.7s/10m30s  6.00 iters/s

running (09m44.9s), 081/600 VUs, 1852 complete and 0 interrupted iterations
saturation   [  93% ] 081/600 VUs  09m44.7s/10m30s  6.00 iters/s

running (09m45.9s), 084/600 VUs, 1855 complete and 0 interrupted iterations
saturation   [  93% ] 084/600 VUs  09m45.7s/10m30s  6.00 iters/s

running (09m46.9s), 083/600 VUs, 1862 complete and 0 interrupted iterations
saturation   [  93% ] 083/600 VUs  09m46.7s/10m30s  6.00 iters/s

running (09m47.9s), 087/600 VUs, 1864 complete and 0 interrupted iterations
saturation   [  93% ] 087/600 VUs  09m47.7s/10m30s  6.00 iters/s

running (09m48.9s), 082/600 VUs, 1875 complete and 0 interrupted iterations
saturation   [  93% ] 082/600 VUs  09m48.7s/10m30s  6.00 iters/s

running (09m49.9s), 083/600 VUs, 1880 complete and 0 interrupted iterations
saturation   [  94% ] 083/600 VUs  09m49.7s/10m30s  6.00 iters/s

running (09m50.9s), 085/600 VUs, 1884 complete and 0 interrupted iterations
saturation   [  94% ] 085/600 VUs  09m50.7s/10m30s  6.00 iters/s

running (09m51.9s), 089/600 VUs, 1886 complete and 0 interrupted iterations
saturation   [  94% ] 089/600 VUs  09m51.7s/10m30s  6.00 iters/s

running (09m52.9s), 079/600 VUs, 1902 complete and 0 interrupted iterations
saturation   [  94% ] 079/600 VUs  09m52.7s/10m30s  6.00 iters/s

running (09m53.9s), 074/600 VUs, 1913 complete and 0 interrupted iterations
saturation   [  94% ] 074/600 VUs  09m53.7s/10m30s  6.00 iters/s

running (09m54.9s), 077/600 VUs, 1916 complete and 0 interrupted iterations
saturation   [  94% ] 077/600 VUs  09m54.7s/10m30s  6.00 iters/s

running (09m55.9s), 073/600 VUs, 1926 complete and 0 interrupted iterations
saturation   [  95% ] 073/600 VUs  09m55.7s/10m30s  6.00 iters/s

running (09m56.9s), 078/600 VUs, 1927 complete and 0 interrupted iterations
saturation   [  95% ] 078/600 VUs  09m56.7s/10m30s  6.00 iters/s

running (09m57.9s), 076/600 VUs, 1935 complete and 0 interrupted iterations
saturation   [  95% ] 076/600 VUs  09m57.7s/10m30s  6.00 iters/s

running (09m58.9s), 080/600 VUs, 1937 complete and 0 interrupted iterations
saturation   [  95% ] 080/600 VUs  09m58.7s/10m30s  6.00 iters/s

running (09m59.9s), 078/600 VUs, 1945 complete and 0 interrupted iterations
saturation   [  95% ] 078/600 VUs  09m59.7s/10m30s  6.00 iters/s

running (10m00.9s), 076/600 VUs, 1953 complete and 0 interrupted iterations
saturation   [  95% ] 076/600 VUs  10m00.7s/10m30s  6.00 iters/s

running (10m01.9s), 079/600 VUs, 1956 complete and 0 interrupted iterations
saturation   [  96% ] 079/600 VUs  10m01.7s/10m30s  6.00 iters/s

running (10m02.9s), 077/600 VUs, 1964 complete and 0 interrupted iterations
saturation   [  96% ] 077/600 VUs  10m02.7s/10m30s  6.00 iters/s

running (10m03.9s), 081/600 VUs, 1966 complete and 0 interrupted iterations
saturation   [  96% ] 081/600 VUs  10m03.7s/10m30s  6.00 iters/s

running (10m04.9s), 075/600 VUs, 1978 complete and 0 interrupted iterations
saturation   [  96% ] 075/600 VUs  10m04.7s/10m30s  6.00 iters/s

running (10m05.9s), 079/600 VUs, 1980 complete and 0 interrupted iterations
saturation   [  96% ] 079/600 VUs  10m05.7s/10m30s  6.00 iters/s

running (10m06.9s), 077/600 VUs, 1988 complete and 0 interrupted iterations
saturation   [  96% ] 077/600 VUs  10m06.7s/10m30s  6.00 iters/s

running (10m07.9s), 074/600 VUs, 1997 complete and 0 interrupted iterations
saturation   [  96% ] 074/600 VUs  10m07.7s/10m30s  6.00 iters/s

running (10m08.9s), 077/600 VUs, 2000 complete and 0 interrupted iterations
saturation   [  97% ] 077/600 VUs  10m08.7s/10m30s  6.00 iters/s

running (10m09.9s), 074/600 VUs, 2009 complete and 0 interrupted iterations
saturation   [  97% ] 074/600 VUs  10m09.7s/10m30s  6.00 iters/s

running (10m10.9s), 070/600 VUs, 2019 complete and 0 interrupted iterations
saturation   [  97% ] 070/600 VUs  10m10.7s/10m30s  6.00 iters/s

running (10m11.9s), 071/600 VUs, 2024 complete and 0 interrupted iterations
saturation   [  97% ] 071/600 VUs  10m11.7s/10m30s  6.00 iters/s

running (10m12.9s), 076/600 VUs, 2025 complete and 0 interrupted iterations
saturation   [  97% ] 076/600 VUs  10m12.7s/10m30s  6.00 iters/s

running (10m13.9s), 075/600 VUs, 2032 complete and 0 interrupted iterations
saturation   [  97% ] 075/600 VUs  10m13.7s/10m30s  6.00 iters/s

running (10m14.9s), 075/600 VUs, 2038 complete and 0 interrupted iterations
saturation   [  98% ] 075/600 VUs  10m14.7s/10m30s  6.00 iters/s

running (10m15.9s), 075/600 VUs, 2044 complete and 0 interrupted iterations
saturation   [  98% ] 075/600 VUs  10m15.7s/10m30s  6.00 iters/s

running (10m16.9s), 073/600 VUs, 2052 complete and 0 interrupted iterations
saturation   [  98% ] 073/600 VUs  10m16.7s/10m30s  6.00 iters/s

running (10m17.9s), 074/600 VUs, 2057 complete and 0 interrupted iterations
saturation   [  98% ] 074/600 VUs  10m17.7s/10m30s  6.00 iters/s

running (10m18.9s), 074/600 VUs, 2063 complete and 0 interrupted iterations
saturation   [  98% ] 074/600 VUs  10m18.7s/10m30s  6.00 iters/s

running (10m19.9s), 080/600 VUs, 2063 complete and 0 interrupted iterations
saturation   [  98% ] 080/600 VUs  10m19.7s/10m30s  6.00 iters/s

running (10m20.9s), 076/600 VUs, 2073 complete and 0 interrupted iterations
saturation   [  99% ] 076/600 VUs  10m20.7s/10m30s  6.00 iters/s

running (10m21.9s), 076/600 VUs, 2079 complete and 0 interrupted iterations
saturation   [  99% ] 076/600 VUs  10m21.7s/10m30s  6.00 iters/s

running (10m22.9s), 081/600 VUs, 2080 complete and 0 interrupted iterations
saturation   [  99% ] 081/600 VUs  10m22.7s/10m30s  6.00 iters/s

running (10m23.9s), 083/600 VUs, 2084 complete and 0 interrupted iterations
saturation   [  99% ] 083/600 VUs  10m23.7s/10m30s  6.00 iters/s

running (10m24.9s), 084/600 VUs, 2089 complete and 0 interrupted iterations
saturation   [  99% ] 084/600 VUs  10m24.7s/10m30s  6.00 iters/s

running (10m25.9s), 081/600 VUs, 2098 complete and 0 interrupted iterations
saturation   [  99% ] 081/600 VUs  10m25.7s/10m30s  6.00 iters/s

running (10m26.9s), 081/600 VUs, 2104 complete and 0 interrupted iterations
saturation   [  99% ] 081/600 VUs  10m26.7s/10m30s  6.00 iters/s

running (10m27.9s), 084/600 VUs, 2107 complete and 0 interrupted iterations
saturation   [ 100% ] 084/600 VUs  10m27.7s/10m30s  6.00 iters/s

running (10m28.9s), 080/600 VUs, 2117 complete and 0 interrupted iterations
saturation   [ 100% ] 080/600 VUs  10m28.7s/10m30s  6.00 iters/s

running (10m29.9s), 082/600 VUs, 2121 complete and 0 interrupted iterations
saturation   [ 100% ] 082/600 VUs  10m29.7s/10m30s  6.00 iters/s

running (10m30.9s), 075/600 VUs, 2129 complete and 0 interrupted iterations
saturation ↓ [ 100% ] 075/600 VUs  10m30s  6.00 iters/s

running (10m31.9s), 067/600 VUs, 2137 complete and 0 interrupted iterations
saturation ↓ [ 100% ] 075/600 VUs  10m30s  6.00 iters/s

running (10m32.9s), 066/600 VUs, 2138 complete and 0 interrupted iterations
saturation ↓ [ 100% ] 075/600 VUs  10m30s  6.00 iters/s

running (10m33.9s), 064/600 VUs, 2140 complete and 0 interrupted iterations
saturation ↓ [ 100% ] 075/600 VUs  10m30s  6.00 iters/s

running (10m34.9s), 061/600 VUs, 2143 complete and 0 interrupted iterations
saturation ↓ [ 100% ] 075/600 VUs  10m30s  6.00 iters/s

running (10m35.9s), 059/600 VUs, 2145 complete and 0 interrupted iterations
saturation ↓ [ 100% ] 075/600 VUs  10m30s  6.00 iters/s

running (10m36.9s), 056/600 VUs, 2148 complete and 0 interrupted iterations
saturation ↓ [ 100% ] 075/600 VUs  10m30s  6.00 iters/s

running (10m37.9s), 056/600 VUs, 2148 complete and 0 interrupted iterations
saturation ↓ [ 100% ] 075/600 VUs  10m30s  6.00 iters/s

running (10m38.9s), 054/600 VUs, 2150 complete and 0 interrupted iterations
saturation ↓ [ 100% ] 075/600 VUs  10m30s  6.00 iters/s

running (10m39.9s), 053/600 VUs, 2151 complete and 0 interrupted iterations
saturation ↓ [ 100% ] 075/600 VUs  10m30s  6.00 iters/s

running (10m40.9s), 051/600 VUs, 2153 complete and 0 interrupted iterations
saturation ↓ [ 100% ] 075/600 VUs  10m30s  6.00 iters/s

running (10m41.9s), 049/600 VUs, 2155 complete and 0 interrupted iterations
saturation ↓ [ 100% ] 075/600 VUs  10m30s  6.00 iters/s

running (10m42.9s), 045/600 VUs, 2159 complete and 0 interrupted iterations
saturation ↓ [ 100% ] 075/600 VUs  10m30s  6.00 iters/s

running (10m43.9s), 043/600 VUs, 2161 complete and 0 interrupted iterations
saturation ↓ [ 100% ] 075/600 VUs  10m30s  6.00 iters/s

running (10m44.9s), 039/600 VUs, 2165 complete and 0 interrupted iterations
saturation ↓ [ 100% ] 075/600 VUs  10m30s  6.00 iters/s

running (10m45.9s), 036/600 VUs, 2168 complete and 0 interrupted iterations
saturation ↓ [ 100% ] 075/600 VUs  10m30s  6.00 iters/s

running (10m46.9s), 031/600 VUs, 2173 complete and 0 interrupted iterations
saturation ↓ [ 100% ] 075/600 VUs  10m30s  6.00 iters/s

running (10m47.9s), 030/600 VUs, 2174 complete and 0 interrupted iterations
saturation ↓ [ 100% ] 075/600 VUs  10m30s  6.00 iters/s

running (10m48.9s), 027/600 VUs, 2177 complete and 0 interrupted iterations
saturation ↓ [ 100% ] 075/600 VUs  10m30s  6.00 iters/s

running (10m49.9s), 025/600 VUs, 2179 complete and 0 interrupted iterations
saturation ↓ [ 100% ] 075/600 VUs  10m30s  6.00 iters/s

running (10m50.9s), 022/600 VUs, 2182 complete and 0 interrupted iterations
saturation ↓ [ 100% ] 075/600 VUs  10m30s  6.00 iters/s

running (10m51.9s), 016/600 VUs, 2188 complete and 0 interrupted iterations
saturation ↓ [ 100% ] 075/600 VUs  10m30s  6.00 iters/s

running (10m52.9s), 014/600 VUs, 2190 complete and 0 interrupted iterations
saturation ↓ [ 100% ] 075/600 VUs  10m30s  6.00 iters/s

running (10m53.9s), 014/600 VUs, 2190 complete and 0 interrupted iterations
saturation ↓ [ 100% ] 075/600 VUs  10m30s  6.00 iters/s

running (10m54.9s), 012/600 VUs, 2192 complete and 0 interrupted iterations
saturation ↓ [ 100% ] 075/600 VUs  10m30s  6.00 iters/s

running (10m55.9s), 010/600 VUs, 2194 complete and 0 interrupted iterations
saturation ↓ [ 100% ] 075/600 VUs  10m30s  6.00 iters/s

running (10m56.9s), 007/600 VUs, 2197 complete and 0 interrupted iterations
saturation ↓ [ 100% ] 075/600 VUs  10m30s  6.00 iters/s

running (10m57.9s), 006/600 VUs, 2198 complete and 0 interrupted iterations
saturation ↓ [ 100% ] 075/600 VUs  10m30s  6.00 iters/s

running (10m58.9s), 003/600 VUs, 2201 complete and 0 interrupted iterations
saturation ↓ [ 100% ] 075/600 VUs  10m30s  6.00 iters/s

running (10m59.9s), 003/600 VUs, 2201 complete and 0 interrupted iterations
saturation ↓ [ 100% ] 075/600 VUs  10m30s  6.00 iters/s

================ DSP benchmark summary ================
-- per-phase latency --
  catalog                    p50=64.3 ms  p95=76.2 ms  p99=86.4 ms  max=256.4 ms  n=2204
  negotiation init (POST)    p50=7.0 ms  p95=74.4 ms  p99=111.4 ms  max=292.0 ms  n=2198
  time-to-AGREED (async)     p50=1524.0 ms  p95=2303.0 ms  p99=2570.8 ms  max=2856.0 ms  n=1641
  transfer init (POST)       p50=12.8 ms  p95=81.4 ms  p99=112.0 ms  max=358.5 ms  n=1641
  time-to-EDR (async)        p50=765.0 ms  p95=1523.0 ms  p99=1782.0 ms  max=2052.0 ms  n=1500
  data pull                  p50=15.4 ms  p95=21.2 ms  p99=25.4 ms  max=31.5 ms  n=1500
-- end-to-end + throughput --
  e2e transaction            p50=2405.0 ms  p95=3456.1 ms  p99=4010.1 ms  max=4439.0 ms  n=1500
  data throughput (MB/s)     p50=0.0  p95=0.0  p99=0.0  max=0.0  n=1500
-- outcomes --
  transactions succeeded     count=1500  rate=2.272/s
  transactions failed        count=703  rate=1.065/s
  failed rate                rate=31.91%  (pass=703 fail=1500)
    of which TERMINATED      count=26  rate=0.039/s
    of which TIMED OUT       count=671  rate=1.016/s
    of which HTTP-FAILED     count=6  rate=0.009/s
  failure accounting       703/703 classified  (complete)
-- observer effect (poll load) --
  negotiation polls          count=74482  rate=112.830/s
  edr polls                  count=23388  rate=35.430/s
  polls per transaction     negotiation=33.8  edr=10.6  (timeout ceiling=120)
=======================================================
(full summary -> /home/rohitj/edc/benchmarking-dsp-native-basyx/k6-scripts/results/basyx/on/saturation-open/2026-08-11T18-47-54Z/k6-summary.json; POLL_INTERVAL_MS=250; IDENTITY_MODE=on)

running (11m00.1s), 000/600 VUs, 2203 complete and 1 interrupted iterations
saturation ✓ [ 100% ] 001/600 VUs  10m30s  6.00 iters/s
Prometheus snapshot [1786474156..1786474832] svc=(dsp-native-basyx|consumer-controlplane) win=1m -> /home/rohitj/edc/benchmarking-dsp-native-basyx/k6-scripts/results/basyx/on/saturation-open/2026-08-11T18-47-54Z
  jvm-heap.csv (272 rows)
  jvm-gc-rate.csv (272 rows)
  jvm-threads.csv (272 rows)
  http-throughput.csv (272 rows)
  http-p95.csv (272 rows)
  http-errors.csv (272 rows)
  http-errors-5xx.csv (136 rows)
  http-status.csv (1088 rows)
  host-cpu-busy.csv (136 rows)
  host-mem-used.csv (136 rows)
  5xx: 5xx PRESENT (136 samples) — connector-side faults, see http-errors-5xx.csv
  logs -> /home/rohitj/edc/benchmarking-dsp-native-basyx/k6-scripts/results/basyx/on/saturation-open/2026-08-11T18-47-54Z/logs (2 files)
    consumer-controlplane.log:5421
    dsp-native-basyx.log:2199
Settling 60s (this run stressed the connector; the next one must not inherit its backlog)
VALIDITY  ok=1500  failed=703  failed_rate=31%  dropped_iterations=0  <-- >5% FAILURES: past the knee, not a valid operating point
>>> done: /home/rohitj/edc/benchmarking-dsp-native-basyx/k6-scripts/results/basyx/on/saturation-open/2026-08-11T18-47-54Z  (k6 exit 0)
Matrix done. Index: /home/rohitj/edc/benchmarking-dsp-native-basyx/k6-scripts/results/basyx/matrix-2026-08-11T18-20-12Z.log
TIP: aggregate the per-run k6-summary.json across reps into median+IQR before plotting.
19:01:34 |     done (exit 0)
19:01:34 |   … settling 120s before the next scenario
19:03:34 | --> export figures
renderer OK -> /home/rohitj/edc/benchmarking-dsp-native-basyx/k6-scripts/figures (profile=thesis theme=dark 1200x450)
  figures/basyx_on_concurrency-closed_rq2-closed-tx-outcome.png
  figures/basyx_on_concurrency-closed_rq2-closed-api-latency.png
  figures/basyx_on_poll-sensitivity_ctl-request-rate.png
  figures/basyx_on_saturation-open_rq2-tx-outcome.png
  figures/basyx_on_saturation-open_rq2-api-latency.png
  figures/basyx_on_saturation-open_rq2-failures-by-reason.png
  figures/basyx_on_saturation-open_rq2-host-cpu.png
  figures/basyx_on_soak_rq3-jvm-heap.png
  figures/basyx_on_soak_rq3-jvm-gc.png
  figures/basyx_on_soak_rq3-jvm-threads.png
  figures/basyx_on_soak_rq3-host-mem.png
  figures/basyx_on_steady_rq1-tx-outcome.png
  figures/basyx_on_steady_rq1-async-latency.png
  figures/basyx_on_steady_rq1-api-latency.png
  figures/basyx_on_steady_rq4-polls-per-tx.png

exported 15 panel(s) to /home/rohitj/edc/benchmarking-dsp-native-basyx/k6-scripts/figures, 0 failed, 1 run(s) skipped as gates

Use in LaTeX:
  \includegraphics[width=\textwidth]{figures/factoryx_on_steady_tx-outcome}
Export one connector/scenario only:   /home/rohitj/edc/benchmarking-dsp-native-basyx/k6-scripts/orchestration/export-panels.sh factoryx steady
Every repetition, not just the first: ALL_RUNS=1 /home/rohitj/edc/benchmarking-dsp-native-basyx/k6-scripts/orchestration/export-panels.sh
Every panel for every run:            PROFILE=all /home/rohitj/edc/benchmarking-dsp-native-basyx/k6-scripts/orchestration/export-panels.sh
A specific panel set:                 PANELS="edc-api-red:200:tx-outcome" /home/rohitj/edc/benchmarking-dsp-native-basyx/k6-scripts/orchestration/export-panels.sh
A light-theme variant instead:        THEME=light /home/rohitj/edc/benchmarking-dsp-native-basyx/k6-scripts/orchestration/export-panels.sh
19:04:49 |     done (exit 0)
19:04:49 | 
19:04:49 | === campaign done: basyx / identity-on in 116 min ===
19:04:49 | --- validity of every run (exit code is NOT the signal) ---
  concurrency-closed  VALIDITY  ok=991  failed=299  failed_rate=23%  dropped_iterations=0  <-- >5% FAILURES: past the knee, not a valid operating point
  poll-sensitivity    VALIDITY  ok=296  failed=5  failed_rate=1%  dropped_iterations=0
  poll-sensitivity    VALIDITY  ok=292  failed=9  failed_rate=2%  dropped_iterations=0
  saturation-open     VALIDITY  ok=1513  failed=691  failed_rate=31%  dropped_iterations=0  <-- >5% FAILURES: past the knee, not a valid operating point
  saturation-open     VALIDITY  ok=1451  failed=752  failed_rate=34%  dropped_iterations=0  <-- >5% FAILURES: past the knee, not a valid operating point
  saturation-open     VALIDITY  ok=1500  failed=703  failed_rate=31%  dropped_iterations=0  <-- >5% FAILURES: past the knee, not a valid operating point
  smoke               VALIDITY  ok=5  failed=0  failed_rate=0%  dropped_iterations=0
  steady              VALIDITY  ok=298  failed=3  failed_rate=0%  dropped_iterations=0
  steady              VALIDITY  ok=288  failed=13  failed_rate=4%  dropped_iterations=0
  steady              VALIDITY  ok=287  failed=13  failed_rate=4%  dropped_iterations=0
  steady              VALIDITY  ok=299  failed=1  failed_rate=0%  dropped_iterations=0
  steady              VALIDITY  ok=291  failed=10  failed_rate=3%  dropped_iterations=0
19:04:49 | 
19:04:49 | runs flagged by the validity check: 8 (ramps are EXPECTED to flag — they overload by design)
19:04:49 | campaign log: /home/rohitj/edc/benchmarking-dsp-native-basyx/k6-scripts/results/basyx/campaign-on-2026-08-11T17-08-01Z.log
19:04:49 | 
19:04:49 | Next: take the arm down (./cleanup.sh on) — it wipes Prometheus, so export first.
