----- basyx / saturation-open (rep 1) -----
>>> basyx / saturation-open  ->  /home/rohitj/edc/benchmarking-dsp-native-basyx/k6-scripts/results/basyx/on/saturation-open/2026-08-11T18-20-12Z
parity OK: lib/ + scenarios/ + orchestration/ + tools/ identical to /home/rohitj/edc/benchmarking-dsp-native-basyx/k6-scripts
Health: http://localhost:29010/management + prometheus  OK
Warmup 60s @ 1/s (discarded)
  (warmup non-zero exit ignored)
  draining 20s before the measured window opens
k6 -> Prometheus remote-write: http://localhost:9090/api/v1/write

         /\      Grafana   /‾‾/  
    /\  /  \     |\  __   /  /   
   /  \/    \    | |/ /  /   ‾‾\ 
  /          \   |   (  |  (‾)  |
 / __________ \  |_|\_\  \_____/ 


     execution: local
        script: /home/rohitj/edc/benchmarking-dsp-native-basyx/k6-scripts/scenarios/saturation-open.js
        output: Prometheus remote write (http://localhost:9090/api/v1/write)

     scenarios: (100.00%) 1 scenario, 800 max VUs, 11m0s max duration (incl. graceful stop):
              * saturation: Up to 6.00 iterations/s for 10m30s over 7 stages (maxVUs: 600-800, gracefulStop: 30s)


running (00m00.8s), 000/600 VUs, 0 complete and 0 interrupted iterations
saturation   [   0% ] 000/600 VUs  00m00.7s/10m30s  1.00 iters/s

running (00m01.8s), 001/600 VUs, 0 complete and 0 interrupted iterations
saturation   [   0% ] 001/600 VUs  00m01.7s/10m30s  1.00 iters/s

running (00m02.8s), 002/600 VUs, 0 complete and 0 interrupted iterations
saturation   [   0% ] 002/600 VUs  00m02.7s/10m30s  1.00 iters/s

running (00m03.8s), 003/600 VUs, 0 complete and 0 interrupted iterations
saturation   [   1% ] 003/600 VUs  00m03.7s/10m30s  1.00 iters/s

running (00m04.8s), 003/600 VUs, 1 complete and 0 interrupted iterations
saturation   [   1% ] 003/600 VUs  00m04.7s/10m30s  1.00 iters/s

running (00m05.8s), 002/600 VUs, 3 complete and 0 interrupted iterations
saturation   [   1% ] 002/600 VUs  00m05.7s/10m30s  1.00 iters/s

running (00m06.8s), 003/600 VUs, 3 complete and 0 interrupted iterations
saturation   [   1% ] 003/600 VUs  00m06.7s/10m30s  1.00 iters/s

running (00m07.8s), 003/600 VUs, 4 complete and 0 interrupted iterations
saturation   [   1% ] 003/600 VUs  00m07.7s/10m30s  1.00 iters/s

running (00m08.8s), 004/600 VUs, 4 complete and 0 interrupted iterations
saturation   [   1% ] 004/600 VUs  00m08.7s/10m30s  1.00 iters/s

running (00m09.8s), 003/600 VUs, 6 complete and 0 interrupted iterations
saturation   [   2% ] 003/600 VUs  00m09.7s/10m30s  1.00 iters/s

running (00m10.8s), 004/600 VUs, 6 complete and 0 interrupted iterations
saturation   [   2% ] 004/600 VUs  00m10.7s/10m30s  1.00 iters/s

running (00m11.8s), 004/600 VUs, 7 complete and 0 interrupted iterations
saturation   [   2% ] 004/600 VUs  00m11.7s/10m30s  1.00 iters/s

running (00m12.8s), 003/600 VUs, 9 complete and 0 interrupted iterations
saturation   [   2% ] 003/600 VUs  00m12.7s/10m30s  1.00 iters/s

running (00m13.8s), 004/600 VUs, 9 complete and 0 interrupted iterations
saturation   [   2% ] 004/600 VUs  00m13.7s/10m30s  1.00 iters/s

running (00m14.8s), 004/600 VUs, 10 complete and 0 interrupted iterations
saturation   [   2% ] 004/600 VUs  00m14.7s/10m30s  1.00 iters/s

running (00m15.8s), 003/600 VUs, 12 complete and 0 interrupted iterations
saturation   [   2% ] 003/600 VUs  00m15.7s/10m30s  1.00 iters/s

running (00m16.8s), 003/600 VUs, 13 complete and 0 interrupted iterations
saturation   [   3% ] 003/600 VUs  00m16.7s/10m30s  1.00 iters/s

running (00m17.8s), 004/600 VUs, 13 complete and 0 interrupted iterations
saturation   [   3% ] 004/600 VUs  00m17.7s/10m30s  1.00 iters/s

running (00m18.8s), 004/600 VUs, 14 complete and 0 interrupted iterations
saturation   [   3% ] 004/600 VUs  00m18.7s/10m30s  1.00 iters/s

running (00m19.8s), 003/600 VUs, 16 complete and 0 interrupted iterations
saturation   [   3% ] 003/600 VUs  00m19.7s/10m30s  1.00 iters/s

running (00m20.8s), 003/600 VUs, 17 complete and 0 interrupted iterations
saturation   [   3% ] 003/600 VUs  00m20.7s/10m30s  1.00 iters/s

running (00m21.8s), 004/600 VUs, 17 complete and 0 interrupted iterations
saturation   [   3% ] 004/600 VUs  00m21.7s/10m30s  1.00 iters/s

running (00m22.8s), 003/600 VUs, 19 complete and 0 interrupted iterations
saturation   [   4% ] 003/600 VUs  00m22.7s/10m30s  1.00 iters/s

running (00m23.8s), 003/600 VUs, 20 complete and 0 interrupted iterations
saturation   [   4% ] 003/600 VUs  00m23.7s/10m30s  1.00 iters/s

running (00m24.8s), 004/600 VUs, 20 complete and 0 interrupted iterations
saturation   [   4% ] 004/600 VUs  00m24.7s/10m30s  1.00 iters/s

running (00m25.8s), 004/600 VUs, 21 complete and 0 interrupted iterations
saturation   [   4% ] 004/600 VUs  00m25.7s/10m30s  1.00 iters/s

running (00m26.8s), 003/600 VUs, 23 complete and 0 interrupted iterations
saturation   [   4% ] 003/600 VUs  00m26.7s/10m30s  1.00 iters/s

running (00m27.8s), 003/600 VUs, 24 complete and 0 interrupted iterations
saturation   [   4% ] 003/600 VUs  00m27.7s/10m30s  1.00 iters/s

running (00m28.8s), 003/600 VUs, 25 complete and 0 interrupted iterations
saturation   [   5% ] 003/600 VUs  00m28.7s/10m30s  1.00 iters/s

running (00m29.8s), 004/600 VUs, 25 complete and 0 interrupted iterations
saturation   [   5% ] 004/600 VUs  00m29.7s/10m30s  1.00 iters/s

running (00m30.8s), 004/600 VUs, 26 complete and 0 interrupted iterations
saturation   [   5% ] 004/600 VUs  00m30.7s/10m30s  1.00 iters/s

running (00m31.8s), 003/600 VUs, 28 complete and 0 interrupted iterations
saturation   [   5% ] 003/600 VUs  00m31.7s/10m30s  1.00 iters/s

running (00m32.8s), 004/600 VUs, 28 complete and 0 interrupted iterations
saturation   [   5% ] 004/600 VUs  00m32.7s/10m30s  1.00 iters/s

running (00m33.8s), 004/600 VUs, 29 complete and 0 interrupted iterations
saturation   [   5% ] 004/600 VUs  00m33.7s/10m30s  1.00 iters/s

running (00m34.8s), 003/600 VUs, 31 complete and 0 interrupted iterations
saturation   [   6% ] 003/600 VUs  00m34.7s/10m30s  1.00 iters/s

running (00m35.8s), 004/600 VUs, 31 complete and 0 interrupted iterations
saturation   [   6% ] 004/600 VUs  00m35.7s/10m30s  1.00 iters/s

running (00m36.8s), 004/600 VUs, 32 complete and 0 interrupted iterations
saturation   [   6% ] 004/600 VUs  00m36.7s/10m30s  1.00 iters/s

running (00m37.8s), 002/600 VUs, 35 complete and 0 interrupted iterations
saturation   [   6% ] 002/600 VUs  00m37.7s/10m30s  1.00 iters/s

running (00m38.8s), 002/600 VUs, 36 complete and 0 interrupted iterations
saturation   [   6% ] 002/600 VUs  00m38.7s/10m30s  1.00 iters/s

running (00m39.8s), 003/600 VUs, 36 complete and 0 interrupted iterations
saturation   [   6% ] 003/600 VUs  00m39.7s/10m30s  1.00 iters/s

running (00m40.8s), 003/600 VUs, 37 complete and 0 interrupted iterations
saturation   [   6% ] 003/600 VUs  00m40.7s/10m30s  1.00 iters/s

running (00m41.8s), 002/600 VUs, 39 complete and 0 interrupted iterations
saturation   [   7% ] 002/600 VUs  00m41.7s/10m30s  1.00 iters/s

running (00m42.8s), 003/600 VUs, 39 complete and 0 interrupted iterations
saturation   [   7% ] 003/600 VUs  00m42.7s/10m30s  1.00 iters/s

running (00m43.8s), 003/600 VUs, 40 complete and 0 interrupted iterations
saturation   [   7% ] 003/600 VUs  00m43.7s/10m30s  1.00 iters/s

running (00m44.8s), 003/600 VUs, 41 complete and 0 interrupted iterations
saturation   [   7% ] 003/600 VUs  00m44.7s/10m30s  1.00 iters/s

running (00m45.8s), 003/600 VUs, 42 complete and 0 interrupted iterations
saturation   [   7% ] 003/600 VUs  00m45.7s/10m30s  1.00 iters/s

running (00m46.8s), 003/600 VUs, 43 complete and 0 interrupted iterations
saturation   [   7% ] 003/600 VUs  00m46.7s/10m30s  1.00 iters/s

running (00m47.8s), 004/600 VUs, 43 complete and 0 interrupted iterations
saturation   [   8% ] 004/600 VUs  00m47.7s/10m30s  1.00 iters/s

running (00m48.8s), 004/600 VUs, 44 complete and 0 interrupted iterations
saturation   [   8% ] 004/600 VUs  00m48.7s/10m30s  1.00 iters/s

running (00m49.8s), 004/600 VUs, 45 complete and 0 interrupted iterations
saturation   [   8% ] 004/600 VUs  00m49.7s/10m30s  1.00 iters/s

running (00m50.8s), 004/600 VUs, 46 complete and 0 interrupted iterations
saturation   [   8% ] 004/600 VUs  00m50.7s/10m30s  1.00 iters/s

running (00m51.8s), 003/600 VUs, 48 complete and 0 interrupted iterations
saturation   [   8% ] 003/600 VUs  00m51.7s/10m30s  1.00 iters/s

running (00m52.8s), 004/600 VUs, 48 complete and 0 interrupted iterations
saturation   [   8% ] 004/600 VUs  00m52.7s/10m30s  1.00 iters/s

running (00m53.8s), 004/600 VUs, 49 complete and 0 interrupted iterations
saturation   [   9% ] 004/600 VUs  00m53.7s/10m30s  1.00 iters/s

running (00m54.8s), 003/600 VUs, 51 complete and 0 interrupted iterations
saturation   [   9% ] 003/600 VUs  00m54.7s/10m30s  1.00 iters/s

running (00m55.8s), 003/600 VUs, 52 complete and 0 interrupted iterations
saturation   [   9% ] 003/600 VUs  00m55.7s/10m30s  1.00 iters/s

running (00m56.8s), 004/600 VUs, 52 complete and 0 interrupted iterations
saturation   [   9% ] 004/600 VUs  00m56.7s/10m30s  1.00 iters/s

running (00m57.8s), 003/600 VUs, 54 complete and 0 interrupted iterations
saturation   [   9% ] 003/600 VUs  00m57.7s/10m30s  1.00 iters/s

running (00m58.8s), 004/600 VUs, 54 complete and 0 interrupted iterations
saturation   [   9% ] 004/600 VUs  00m58.7s/10m30s  1.00 iters/s

running (00m59.8s), 005/600 VUs, 54 complete and 0 interrupted iterations
saturation   [   9% ] 005/600 VUs  00m59.7s/10m30s  1.00 iters/s

running (01m00.8s), 005/600 VUs, 55 complete and 0 interrupted iterations
saturation   [  10% ] 005/600 VUs  01m00.7s/10m30s  1.00 iters/s

running (01m01.8s), 004/600 VUs, 57 complete and 0 interrupted iterations
saturation   [  10% ] 004/600 VUs  01m01.7s/10m30s  1.00 iters/s

running (01m02.8s), 004/600 VUs, 58 complete and 0 interrupted iterations
saturation   [  10% ] 004/600 VUs  01m02.7s/10m30s  1.00 iters/s

running (01m03.8s), 005/600 VUs, 58 complete and 0 interrupted iterations
saturation   [  10% ] 005/600 VUs  01m03.7s/10m30s  1.00 iters/s

running (01m04.8s), 004/600 VUs, 60 complete and 0 interrupted iterations
saturation   [  10% ] 004/600 VUs  01m04.7s/10m30s  1.00 iters/s

running (01m05.8s), 004/600 VUs, 61 complete and 0 interrupted iterations
saturation   [  10% ] 004/600 VUs  01m05.7s/10m30s  1.00 iters/s

running (01m06.8s), 004/600 VUs, 62 complete and 0 interrupted iterations
saturation   [  11% ] 004/600 VUs  01m06.7s/10m30s  1.00 iters/s

running (01m07.8s), 005/600 VUs, 62 complete and 0 interrupted iterations
saturation   [  11% ] 005/600 VUs  01m07.7s/10m30s  1.00 iters/s

running (01m08.8s), 005/600 VUs, 63 complete and 0 interrupted iterations
saturation   [  11% ] 005/600 VUs  01m08.7s/10m30s  1.00 iters/s

running (01m09.8s), 005/600 VUs, 64 complete and 0 interrupted iterations
saturation   [  11% ] 005/600 VUs  01m09.7s/10m30s  1.00 iters/s

running (01m10.8s), 004/600 VUs, 66 complete and 0 interrupted iterations
saturation   [  11% ] 004/600 VUs  01m10.7s/10m30s  1.00 iters/s

running (01m11.8s), 005/600 VUs, 66 complete and 0 interrupted iterations
saturation   [  11% ] 005/600 VUs  01m11.7s/10m30s  1.00 iters/s

running (01m12.8s), 005/600 VUs, 67 complete and 0 interrupted iterations
saturation   [  12% ] 005/600 VUs  01m12.7s/10m30s  1.00 iters/s

running (01m13.8s), 005/600 VUs, 68 complete and 0 interrupted iterations
saturation   [  12% ] 005/600 VUs  01m13.7s/10m30s  1.00 iters/s

running (01m14.8s), 004/600 VUs, 70 complete and 0 interrupted iterations
saturation   [  12% ] 004/600 VUs  01m14.7s/10m30s  1.00 iters/s

running (01m15.8s), 004/600 VUs, 71 complete and 0 interrupted iterations
saturation   [  12% ] 004/600 VUs  01m15.7s/10m30s  1.00 iters/s

running (01m16.8s), 004/600 VUs, 72 complete and 0 interrupted iterations
saturation   [  12% ] 004/600 VUs  01m16.7s/10m30s  1.00 iters/s

running (01m17.8s), 004/600 VUs, 73 complete and 0 interrupted iterations
saturation   [  12% ] 004/600 VUs  01m17.7s/10m30s  1.00 iters/s

running (01m18.8s), 004/600 VUs, 74 complete and 0 interrupted iterations
saturation   [  12% ] 004/600 VUs  01m18.7s/10m30s  1.00 iters/s

running (01m19.8s), 004/600 VUs, 75 complete and 0 interrupted iterations
saturation   [  13% ] 004/600 VUs  01m19.7s/10m30s  1.00 iters/s

running (01m20.8s), 004/600 VUs, 76 complete and 0 interrupted iterations
saturation   [  13% ] 004/600 VUs  01m20.7s/10m30s  1.00 iters/s

running (01m21.8s), 004/600 VUs, 77 complete and 0 interrupted iterations
saturation   [  13% ] 004/600 VUs  01m21.7s/10m30s  1.00 iters/s

running (01m22.8s), 004/600 VUs, 78 complete and 0 interrupted iterations
saturation   [  13% ] 004/600 VUs  01m22.7s/10m30s  1.00 iters/s

running (01m23.8s), 003/600 VUs, 80 complete and 0 interrupted iterations
saturation   [  13% ] 003/600 VUs  01m23.7s/10m30s  1.00 iters/s

running (01m24.8s), 004/600 VUs, 80 complete and 0 interrupted iterations
saturation   [  13% ] 004/600 VUs  01m24.7s/10m30s  1.00 iters/s

running (01m25.8s), 004/600 VUs, 81 complete and 0 interrupted iterations
saturation   [  14% ] 004/600 VUs  01m25.7s/10m30s  1.00 iters/s

running (01m26.8s), 003/600 VUs, 83 complete and 0 interrupted iterations
saturation   [  14% ] 003/600 VUs  01m26.7s/10m30s  1.00 iters/s

running (01m27.8s), 003/600 VUs, 84 complete and 0 interrupted iterations
saturation   [  14% ] 003/600 VUs  01m27.7s/10m30s  1.00 iters/s

running (01m28.8s), 003/600 VUs, 85 complete and 0 interrupted iterations
saturation   [  14% ] 003/600 VUs  01m28.7s/10m30s  1.00 iters/s

running (01m29.8s), 003/600 VUs, 86 complete and 0 interrupted iterations
saturation   [  14% ] 003/600 VUs  01m29.7s/10m30s  1.00 iters/s

running (01m30.8s), 002/600 VUs, 88 complete and 0 interrupted iterations
saturation   [  14% ] 002/600 VUs  01m30.7s/10m30s  1.01 iters/s

running (01m31.8s), 003/600 VUs, 88 complete and 0 interrupted iterations
saturation   [  15% ] 003/600 VUs  01m31.7s/10m30s  1.02 iters/s

running (01m32.8s), 003/600 VUs, 89 complete and 0 interrupted iterations
saturation   [  15% ] 003/600 VUs  01m32.7s/10m30s  1.03 iters/s

running (01m33.8s), 003/600 VUs, 90 complete and 0 interrupted iterations
saturation   [  15% ] 003/600 VUs  01m33.7s/10m30s  1.04 iters/s

running (01m34.8s), 002/600 VUs, 92 complete and 0 interrupted iterations
saturation   [  15% ] 002/600 VUs  01m34.7s/10m30s  1.05 iters/s

running (01m35.8s), 001/600 VUs, 94 complete and 0 interrupted iterations
saturation   [  15% ] 001/600 VUs  01m35.7s/10m30s  1.06 iters/s

running (01m36.8s), 002/600 VUs, 94 complete and 0 interrupted iterations
saturation   [  15% ] 002/600 VUs  01m36.7s/10m30s  1.07 iters/s

running (01m37.8s), 003/600 VUs, 95 complete and 0 interrupted iterations
saturation   [  16% ] 003/600 VUs  01m37.7s/10m30s  1.09 iters/s

running (01m38.8s), 003/600 VUs, 96 complete and 0 interrupted iterations
saturation   [  16% ] 003/600 VUs  01m38.7s/10m30s  1.10 iters/s

running (01m39.8s), 004/600 VUs, 96 complete and 0 interrupted iterations
saturation   [  16% ] 004/600 VUs  01m39.7s/10m30s  1.11 iters/s

running (01m40.8s), 003/600 VUs, 98 complete and 0 interrupted iterations
saturation   [  16% ] 003/600 VUs  01m40.7s/10m30s  1.12 iters/s

running (01m41.8s), 004/600 VUs, 98 complete and 0 interrupted iterations
saturation   [  16% ] 004/600 VUs  01m41.7s/10m30s  1.13 iters/s

running (01m42.8s), 004/600 VUs, 99 complete and 0 interrupted iterations
saturation   [  16% ] 004/600 VUs  01m42.7s/10m30s  1.14 iters/s

running (01m43.8s), 003/600 VUs, 101 complete and 0 interrupted iterations
saturation   [  16% ] 003/600 VUs  01m43.7s/10m30s  1.15 iters/s

running (01m44.8s), 003/600 VUs, 102 complete and 0 interrupted iterations
saturation   [  17% ] 003/600 VUs  01m44.7s/10m30s  1.16 iters/s

running (01m45.8s), 003/600 VUs, 104 complete and 0 interrupted iterations
saturation   [  17% ] 003/600 VUs  01m45.7s/10m30s  1.18 iters/s

running (01m46.8s), 004/600 VUs, 104 complete and 0 interrupted iterations
saturation   [  17% ] 004/600 VUs  01m46.7s/10m30s  1.19 iters/s

running (01m47.8s), 004/600 VUs, 105 complete and 0 interrupted iterations
saturation   [  17% ] 004/600 VUs  01m47.7s/10m30s  1.20 iters/s

running (01m48.8s), 003/600 VUs, 107 complete and 0 interrupted iterations
saturation   [  17% ] 003/600 VUs  01m48.7s/10m30s  1.21 iters/s

running (01m49.8s), 004/600 VUs, 107 complete and 0 interrupted iterations
saturation   [  17% ] 004/600 VUs  01m49.7s/10m30s  1.22 iters/s

running (01m50.8s), 006/600 VUs, 107 complete and 0 interrupted iterations
saturation   [  18% ] 006/600 VUs  01m50.7s/10m30s  1.23 iters/s

running (01m51.8s), 005/600 VUs, 109 complete and 0 interrupted iterations
saturation   [  18% ] 005/600 VUs  01m51.7s/10m30s  1.24 iters/s

running (01m52.8s), 006/600 VUs, 109 complete and 0 interrupted iterations
saturation   [  18% ] 006/600 VUs  01m52.7s/10m30s  1.25 iters/s

running (01m53.8s), 006/600 VUs, 110 complete and 0 interrupted iterations
saturation   [  18% ] 006/600 VUs  01m53.7s/10m30s  1.26 iters/s

running (01m54.8s), 007/600 VUs, 111 complete and 0 interrupted iterations
saturation   [  18% ] 007/600 VUs  01m54.7s/10m30s  1.28 iters/s

running (01m55.8s), 006/600 VUs, 113 complete and 0 interrupted iterations
saturation   [  18% ] 006/600 VUs  01m55.7s/10m30s  1.29 iters/s

running (01m56.8s), 006/600 VUs, 114 complete and 0 interrupted iterations
saturation   [  19% ] 006/600 VUs  01m56.7s/10m30s  1.30 iters/s

running (01m57.8s), 006/600 VUs, 115 complete and 0 interrupted iterations
saturation   [  19% ] 006/600 VUs  01m57.7s/10m30s  1.30 iters/s

running (01m58.8s), 007/600 VUs, 116 complete and 0 interrupted iterations
saturation   [  19% ] 007/600 VUs  01m58.7s/10m30s  1.32 iters/s

running (01m59.8s), 007/600 VUs, 117 complete and 0 interrupted iterations
saturation   [  19% ] 007/600 VUs  01m59.7s/10m30s  1.33 iters/s

running (02m00.8s), 006/600 VUs, 119 complete and 0 interrupted iterations
saturation   [  19% ] 006/600 VUs  02m00.7s/10m30s  1.34 iters/s

running (02m01.8s), 007/600 VUs, 120 complete and 0 interrupted iterations
saturation   [  19% ] 007/600 VUs  02m01.7s/10m30s  1.35 iters/s

running (02m02.8s), 006/600 VUs, 122 complete and 0 interrupted iterations
saturation   [  19% ] 006/600 VUs  02m02.7s/10m30s  1.36 iters/s

running (02m03.8s), 008/600 VUs, 122 complete and 0 interrupted iterations
saturation   [  20% ] 008/600 VUs  02m03.7s/10m30s  1.38 iters/s

running (02m04.8s), 008/600 VUs, 123 complete and 0 interrupted iterations
saturation   [  20% ] 008/600 VUs  02m04.7s/10m30s  1.39 iters/s

running (02m05.8s), 007/600 VUs, 125 complete and 0 interrupted iterations
saturation   [  20% ] 007/600 VUs  02m05.7s/10m30s  1.39 iters/s

running (02m06.8s), 008/600 VUs, 126 complete and 0 interrupted iterations
saturation   [  20% ] 008/600 VUs  02m06.7s/10m30s  1.41 iters/s

running (02m07.8s), 007/600 VUs, 128 complete and 0 interrupted iterations
saturation   [  20% ] 007/600 VUs  02m07.7s/10m30s  1.42 iters/s

running (02m08.8s), 008/600 VUs, 129 complete and 0 interrupted iterations
saturation   [  20% ] 008/600 VUs  02m08.7s/10m30s  1.43 iters/s

running (02m09.8s), 008/600 VUs, 130 complete and 0 interrupted iterations
saturation   [  21% ] 008/600 VUs  02m09.7s/10m30s  1.44 iters/s

running (02m10.8s), 007/600 VUs, 132 complete and 0 interrupted iterations
saturation   [  21% ] 007/600 VUs  02m10.7s/10m30s  1.45 iters/s

running (02m11.8s), 008/600 VUs, 133 complete and 0 interrupted iterations
saturation   [  21% ] 008/600 VUs  02m11.7s/10m30s  1.46 iters/s

running (02m12.8s), 007/600 VUs, 135 complete and 0 interrupted iterations
saturation   [  21% ] 007/600 VUs  02m12.7s/10m30s  1.47 iters/s

running (02m13.8s), 008/600 VUs, 136 complete and 0 interrupted iterations
saturation   [  21% ] 008/600 VUs  02m13.7s/10m30s  1.49 iters/s

running (02m14.8s), 007/600 VUs, 138 complete and 0 interrupted iterations
saturation   [  21% ] 007/600 VUs  02m14.7s/10m30s  1.49 iters/s

running (02m15.8s), 008/600 VUs, 139 complete and 0 interrupted iterations
saturation   [  22% ] 008/600 VUs  02m15.7s/10m30s  1.51 iters/s

running (02m16.8s), 008/600 VUs, 140 complete and 0 interrupted iterations
saturation   [  22% ] 008/600 VUs  02m16.7s/10m30s  1.52 iters/s

running (02m17.8s), 008/600 VUs, 142 complete and 0 interrupted iterations
saturation   [  22% ] 008/600 VUs  02m17.7s/10m30s  1.53 iters/s

running (02m18.8s), 006/600 VUs, 145 complete and 0 interrupted iterations
saturation   [  22% ] 006/600 VUs  02m18.7s/10m30s  1.54 iters/s

running (02m19.8s), 007/600 VUs, 146 complete and 0 interrupted iterations
saturation   [  22% ] 007/600 VUs  02m19.7s/10m30s  1.55 iters/s

running (02m20.8s), 006/600 VUs, 148 complete and 0 interrupted iterations
saturation   [  22% ] 006/600 VUs  02m20.7s/10m30s  1.56 iters/s

running (02m21.8s), 006/600 VUs, 150 complete and 0 interrupted iterations
saturation   [  22% ] 006/600 VUs  02m21.7s/10m30s  1.57 iters/s

running (02m22.8s), 006/600 VUs, 152 complete and 0 interrupted iterations
saturation   [  23% ] 006/600 VUs  02m22.7s/10m30s  1.59 iters/s

running (02m23.8s), 006/600 VUs, 153 complete and 0 interrupted iterations
saturation   [  23% ] 006/600 VUs  02m23.7s/10m30s  1.60 iters/s

running (02m24.8s), 005/600 VUs, 156 complete and 0 interrupted iterations
saturation   [  23% ] 005/600 VUs  02m24.7s/10m30s  1.61 iters/s

running (02m25.8s), 004/600 VUs, 158 complete and 0 interrupted iterations
saturation   [  23% ] 004/600 VUs  02m25.7s/10m30s  1.62 iters/s

running (02m26.8s), 005/600 VUs, 159 complete and 0 interrupted iterations
saturation   [  23% ] 005/600 VUs  02m26.7s/10m30s  1.63 iters/s

running (02m27.8s), 006/600 VUs, 160 complete and 0 interrupted iterations
saturation   [  23% ] 006/600 VUs  02m27.7s/10m30s  1.64 iters/s

running (02m28.8s), 006/600 VUs, 161 complete and 0 interrupted iterations
saturation   [  24% ] 006/600 VUs  02m28.7s/10m30s  1.65 iters/s

running (02m29.8s), 006/600 VUs, 163 complete and 0 interrupted iterations
saturation   [  24% ] 006/600 VUs  02m29.7s/10m30s  1.66 iters/s

running (02m30.8s), 006/600 VUs, 165 complete and 0 interrupted iterations
saturation   [  24% ] 006/600 VUs  02m30.7s/10m30s  1.68 iters/s

running (02m31.8s), 005/600 VUs, 167 complete and 0 interrupted iterations
saturation   [  24% ] 005/600 VUs  02m31.7s/10m30s  1.68 iters/s

running (02m32.8s), 005/600 VUs, 169 complete and 0 interrupted iterations
saturation   [  24% ] 005/600 VUs  02m32.7s/10m30s  1.70 iters/s

running (02m33.8s), 006/600 VUs, 170 complete and 0 interrupted iterations
saturation   [  24% ] 006/600 VUs  02m33.7s/10m30s  1.71 iters/s

running (02m34.8s), 005/600 VUs, 172 complete and 0 interrupted iterations
saturation   [  25% ] 005/600 VUs  02m34.7s/10m30s  1.72 iters/s

running (02m35.8s), 003/600 VUs, 176 complete and 0 interrupted iterations
saturation   [  25% ] 003/600 VUs  02m35.7s/10m30s  1.73 iters/s

running (02m36.8s), 005/600 VUs, 176 complete and 0 interrupted iterations
saturation   [  25% ] 005/600 VUs  02m36.7s/10m30s  1.74 iters/s

running (02m37.8s), 005/600 VUs, 178 complete and 0 interrupted iterations
saturation   [  25% ] 005/600 VUs  02m37.7s/10m30s  1.75 iters/s

running (02m38.8s), 006/600 VUs, 178 complete and 0 interrupted iterations
saturation   [  25% ] 006/600 VUs  02m38.7s/10m30s  1.76 iters/s

running (02m39.8s), 006/600 VUs, 180 complete and 0 interrupted iterations
saturation   [  25% ] 006/600 VUs  02m39.7s/10m30s  1.77 iters/s

running (02m40.8s), 006/600 VUs, 182 complete and 0 interrupted iterations
saturation   [  26% ] 006/600 VUs  02m40.7s/10m30s  1.79 iters/s

running (02m41.8s), 006/600 VUs, 184 complete and 0 interrupted iterations
saturation   [  26% ] 006/600 VUs  02m41.7s/10m30s  1.80 iters/s

running (02m42.8s), 006/600 VUs, 186 complete and 0 interrupted iterations
saturation   [  26% ] 006/600 VUs  02m42.7s/10m30s  1.81 iters/s

running (02m43.8s), 005/600 VUs, 188 complete and 0 interrupted iterations
saturation   [  26% ] 005/600 VUs  02m43.7s/10m30s  1.82 iters/s

running (02m44.8s), 005/600 VUs, 190 complete and 0 interrupted iterations
saturation   [  26% ] 005/600 VUs  02m44.7s/10m30s  1.83 iters/s

running (02m45.8s), 005/600 VUs, 192 complete and 0 interrupted iterations
saturation   [  26% ] 005/600 VUs  02m45.7s/10m30s  1.84 iters/s

running (02m46.8s), 004/600 VUs, 195 complete and 0 interrupted iterations
saturation   [  26% ] 004/600 VUs  02m46.7s/10m30s  1.85 iters/s

running (02m47.8s), 005/600 VUs, 196 complete and 0 interrupted iterations
saturation   [  27% ] 005/600 VUs  02m47.7s/10m30s  1.86 iters/s

running (02m48.8s), 006/600 VUs, 197 complete and 0 interrupted iterations
saturation   [  27% ] 006/600 VUs  02m48.7s/10m30s  1.88 iters/s

running (02m49.8s), 007/600 VUs, 197 complete and 0 interrupted iterations
saturation   [  27% ] 007/600 VUs  02m49.7s/10m30s  1.88 iters/s

running (02m50.8s), 007/600 VUs, 199 complete and 0 interrupted iterations
saturation   [  27% ] 007/600 VUs  02m50.7s/10m30s  1.89 iters/s

running (02m51.8s), 005/600 VUs, 203 complete and 0 interrupted iterations
saturation   [  27% ] 005/600 VUs  02m51.7s/10m30s  1.91 iters/s

running (02m52.8s), 005/600 VUs, 205 complete and 0 interrupted iterations
saturation   [  27% ] 005/600 VUs  02m52.7s/10m30s  1.92 iters/s

running (02m53.8s), 005/600 VUs, 207 complete and 0 interrupted iterations
saturation   [  28% ] 005/600 VUs  02m53.7s/10m30s  1.93 iters/s

running (02m54.8s), 007/600 VUs, 207 complete and 0 interrupted iterations
saturation   [  28% ] 007/600 VUs  02m54.7s/10m30s  1.94 iters/s

running (02m55.8s), 007/600 VUs, 209 complete and 0 interrupted iterations
saturation   [  28% ] 007/600 VUs  02m55.7s/10m30s  1.95 iters/s

running (02m56.8s), 007/600 VUs, 211 complete and 0 interrupted iterations
saturation   [  28% ] 007/600 VUs  02m56.7s/10m30s  1.96 iters/s

running (02m57.8s), 006/600 VUs, 214 complete and 0 interrupted iterations
saturation   [  28% ] 006/600 VUs  02m57.7s/10m30s  1.97 iters/s

running (02m58.8s), 006/600 VUs, 216 complete and 0 interrupted iterations
saturation   [  28% ] 006/600 VUs  02m58.7s/10m30s  1.99 iters/s

running (02m59.8s), 006/600 VUs, 218 complete and 0 interrupted iterations
saturation   [  29% ] 006/600 VUs  02m59.7s/10m30s  2.00 iters/s

running (03m00.8s), 008/600 VUs, 218 complete and 0 interrupted iterations
saturation   [  29% ] 008/600 VUs  03m00.7s/10m30s  2.01 iters/s

running (03m01.8s), 006/600 VUs, 222 complete and 0 interrupted iterations
saturation   [  29% ] 006/600 VUs  03m01.7s/10m30s  2.02 iters/s

running (03m02.8s), 008/600 VUs, 222 complete and 0 interrupted iterations
saturation   [  29% ] 008/600 VUs  03m02.7s/10m30s  2.03 iters/s

running (03m03.8s), 005/600 VUs, 227 complete and 0 interrupted iterations
saturation   [  29% ] 005/600 VUs  03m03.7s/10m30s  2.04 iters/s

running (03m04.8s), 003/600 VUs, 231 complete and 0 interrupted iterations
saturation   [  29% ] 003/600 VUs  03m04.7s/10m30s  2.05 iters/s

running (03m05.8s), 005/600 VUs, 231 complete and 0 interrupted iterations
saturation   [  29% ] 005/600 VUs  03m05.7s/10m30s  2.06 iters/s

running (03m06.8s), 005/600 VUs, 233 complete and 0 interrupted iterations
saturation   [  30% ] 005/600 VUs  03m06.7s/10m30s  2.07 iters/s

running (03m07.8s), 007/600 VUs, 233 complete and 0 interrupted iterations
saturation   [  30% ] 007/600 VUs  03m07.7s/10m30s  2.08 iters/s

running (03m08.8s), 004/600 VUs, 238 complete and 0 interrupted iterations
saturation   [  30% ] 004/600 VUs  03m08.7s/10m30s  2.09 iters/s

running (03m09.8s), 004/600 VUs, 240 complete and 0 interrupted iterations
saturation   [  30% ] 004/600 VUs  03m09.7s/10m30s  2.11 iters/s

running (03m10.8s), 005/600 VUs, 242 complete and 0 interrupted iterations
saturation   [  30% ] 005/600 VUs  03m10.7s/10m30s  2.12 iters/s

running (03m11.8s), 006/600 VUs, 243 complete and 0 interrupted iterations
saturation   [  30% ] 006/600 VUs  03m11.7s/10m30s  2.13 iters/s

running (03m12.8s), 008/600 VUs, 243 complete and 0 interrupted iterations
saturation   [  31% ] 008/600 VUs  03m12.7s/10m30s  2.14 iters/s

running (03m13.8s), 004/600 VUs, 249 complete and 0 interrupted iterations
saturation   [  31% ] 004/600 VUs  03m13.7s/10m30s  2.15 iters/s

running (03m14.8s), 005/600 VUs, 250 complete and 0 interrupted iterations
saturation   [  31% ] 005/600 VUs  03m14.7s/10m30s  2.16 iters/s

running (03m15.8s), 005/600 VUs, 252 complete and 0 interrupted iterations
saturation   [  31% ] 005/600 VUs  03m15.7s/10m30s  2.17 iters/s

running (03m16.8s), 005/600 VUs, 254 complete and 0 interrupted iterations
saturation   [  31% ] 005/600 VUs  03m16.7s/10m30s  2.18 iters/s

running (03m17.8s), 005/600 VUs, 257 complete and 0 interrupted iterations
saturation   [  31% ] 005/600 VUs  03m17.7s/10m30s  2.20 iters/s

running (03m18.8s), 005/600 VUs, 259 complete and 0 interrupted iterations
saturation   [  32% ] 005/600 VUs  03m18.7s/10m30s  2.21 iters/s

running (03m19.8s), 007/600 VUs, 259 complete and 0 interrupted iterations
saturation   [  32% ] 007/600 VUs  03m19.7s/10m30s  2.22 iters/s

running (03m20.8s), 004/600 VUs, 264 complete and 0 interrupted iterations
saturation   [  32% ] 004/600 VUs  03m20.7s/10m30s  2.23 iters/s

running (03m21.8s), 006/600 VUs, 265 complete and 0 interrupted iterations
saturation   [  32% ] 006/600 VUs  03m21.7s/10m30s  2.24 iters/s

running (03m22.8s), 004/600 VUs, 269 complete and 0 interrupted iterations
saturation   [  32% ] 004/600 VUs  03m22.7s/10m30s  2.25 iters/s

running (03m23.8s), 005/600 VUs, 270 complete and 0 interrupted iterations
saturation   [  32% ] 005/600 VUs  03m23.7s/10m30s  2.26 iters/s

running (03m24.8s), 005/600 VUs, 272 complete and 0 interrupted iterations
saturation   [  32% ] 005/600 VUs  03m24.7s/10m30s  2.27 iters/s

running (03m25.8s), 005/600 VUs, 275 complete and 0 interrupted iterations
saturation   [  33% ] 005/600 VUs  03m25.7s/10m30s  2.29 iters/s

running (03m26.8s), 007/600 VUs, 275 complete and 0 interrupted iterations
saturation   [  33% ] 007/600 VUs  03m26.7s/10m30s  2.30 iters/s

running (03m27.8s), 007/600 VUs, 277 complete and 0 interrupted iterations
saturation   [  33% ] 007/600 VUs  03m27.7s/10m30s  2.31 iters/s

running (03m28.8s), 006/600 VUs, 280 complete and 0 interrupted iterations
saturation   [  33% ] 006/600 VUs  03m28.7s/10m30s  2.32 iters/s

running (03m29.8s), 007/600 VUs, 282 complete and 0 interrupted iterations
saturation   [  33% ] 007/600 VUs  03m29.7s/10m30s  2.33 iters/s

running (03m30.8s), 007/600 VUs, 284 complete and 0 interrupted iterations
saturation   [  33% ] 007/600 VUs  03m30.7s/10m30s  2.34 iters/s

running (03m31.8s), 004/600 VUs, 289 complete and 0 interrupted iterations
saturation   [  34% ] 004/600 VUs  03m31.7s/10m30s  2.35 iters/s

running (03m32.8s), 007/600 VUs, 289 complete and 0 interrupted iterations
saturation   [  34% ] 007/600 VUs  03m32.7s/10m30s  2.36 iters/s

running (03m33.8s), 006/600 VUs, 292 complete and 0 interrupted iterations
saturation   [  34% ] 006/600 VUs  03m33.7s/10m30s  2.37 iters/s

running (03m34.8s), 006/600 VUs, 295 complete and 0 interrupted iterations
saturation   [  34% ] 006/600 VUs  03m34.7s/10m30s  2.39 iters/s

running (03m35.8s), 008/600 VUs, 295 complete and 0 interrupted iterations
saturation   [  34% ] 008/600 VUs  03m35.7s/10m30s  2.40 iters/s

running (03m36.8s), 007/600 VUs, 298 complete and 0 interrupted iterations
saturation   [  34% ] 007/600 VUs  03m36.7s/10m30s  2.41 iters/s

running (03m37.8s), 008/600 VUs, 300 complete and 0 interrupted iterations
saturation   [  35% ] 008/600 VUs  03m37.7s/10m30s  2.42 iters/s

running (03m38.8s), 006/600 VUs, 304 complete and 0 interrupted iterations
saturation   [  35% ] 006/600 VUs  03m38.7s/10m30s  2.43 iters/s

running (03m39.8s), 009/600 VUs, 304 complete and 0 interrupted iterations
saturation   [  35% ] 009/600 VUs  03m39.7s/10m30s  2.44 iters/s

running (03m40.8s), 009/600 VUs, 306 complete and 0 interrupted iterations
saturation   [  35% ] 009/600 VUs  03m40.7s/10m30s  2.45 iters/s

running (03m41.8s), 010/600 VUs, 308 complete and 0 interrupted iterations
saturation   [  35% ] 010/600 VUs  03m41.7s/10m30s  2.47 iters/s

running (03m42.8s), 011/600 VUs, 309 complete and 0 interrupted iterations
saturation   [  35% ] 011/600 VUs  03m42.7s/10m30s  2.47 iters/s

running (03m43.8s), 009/600 VUs, 314 complete and 0 interrupted iterations
saturation   [  36% ] 009/600 VUs  03m43.7s/10m30s  2.49 iters/s

running (03m44.8s), 011/600 VUs, 314 complete and 0 interrupted iterations
saturation   [  36% ] 011/600 VUs  03m44.7s/10m30s  2.50 iters/s

running (03m45.8s), 014/600 VUs, 314 complete and 0 interrupted iterations
saturation   [  36% ] 014/600 VUs  03m45.7s/10m30s  2.51 iters/s

running (03m46.8s), 013/600 VUs, 317 complete and 0 interrupted iterations
saturation   [  36% ] 013/600 VUs  03m46.7s/10m30s  2.52 iters/s

running (03m47.8s), 016/600 VUs, 317 complete and 0 interrupted iterations
saturation   [  36% ] 016/600 VUs  03m47.7s/10m30s  2.53 iters/s

running (03m48.8s), 014/600 VUs, 321 complete and 0 interrupted iterations
saturation   [  36% ] 014/600 VUs  03m48.7s/10m30s  2.54 iters/s

running (03m49.8s), 017/600 VUs, 321 complete and 0 interrupted iterations
saturation   [  36% ] 017/600 VUs  03m49.7s/10m30s  2.55 iters/s

running (03m50.8s), 019/600 VUs, 321 complete and 0 interrupted iterations
saturation   [  37% ] 019/600 VUs  03m50.7s/10m30s  2.56 iters/s

running (03m51.8s), 021/600 VUs, 322 complete and 0 interrupted iterations
saturation   [  37% ] 021/600 VUs  03m51.7s/10m30s  2.58 iters/s

running (03m52.8s), 018/600 VUs, 327 complete and 0 interrupted iterations
saturation   [  37% ] 018/600 VUs  03m52.7s/10m30s  2.58 iters/s

running (03m53.8s), 020/600 VUs, 328 complete and 0 interrupted iterations
saturation   [  37% ] 020/600 VUs  03m53.7s/10m30s  2.60 iters/s

running (03m54.8s), 021/600 VUs, 330 complete and 0 interrupted iterations
saturation   [  37% ] 021/600 VUs  03m54.7s/10m30s  2.61 iters/s

running (03m55.8s), 020/600 VUs, 333 complete and 0 interrupted iterations
saturation   [  37% ] 020/600 VUs  03m55.7s/10m30s  2.62 iters/s

running (03m56.8s), 022/600 VUs, 334 complete and 0 interrupted iterations
saturation   [  38% ] 022/600 VUs  03m56.7s/10m30s  2.63 iters/s

running (03m57.8s), 019/600 VUs, 339 complete and 0 interrupted iterations
saturation   [  38% ] 019/600 VUs  03m57.7s/10m30s  2.64 iters/s

running (03m58.8s), 021/600 VUs, 340 complete and 0 interrupted iterations
saturation   [  38% ] 021/600 VUs  03m58.7s/10m30s  2.65 iters/s

running (03m59.8s), 020/600 VUs, 344 complete and 0 interrupted iterations
saturation   [  38% ] 020/600 VUs  03m59.7s/10m30s  2.66 iters/s

running (04m00.8s), 022/600 VUs, 344 complete and 0 interrupted iterations
saturation   [  38% ] 022/600 VUs  04m00.7s/10m30s  2.67 iters/s

running (04m01.8s), 020/600 VUs, 349 complete and 0 interrupted iterations
saturation   [  38% ] 020/600 VUs  04m01.7s/10m30s  2.69 iters/s

running (04m02.8s), 022/600 VUs, 350 complete and 0 interrupted iterations
saturation   [  39% ] 022/600 VUs  04m02.7s/10m30s  2.70 iters/s

running (04m03.8s), 024/600 VUs, 350 complete and 0 interrupted iterations
saturation   [  39% ] 024/600 VUs  04m03.7s/10m30s  2.71 iters/s

running (04m04.8s), 024/600 VUs, 353 complete and 0 interrupted iterations
saturation   [  39% ] 024/600 VUs  04m04.7s/10m30s  2.72 iters/s

running (04m05.8s), 026/600 VUs, 354 complete and 0 interrupted iterations
saturation   [  39% ] 026/600 VUs  04m05.7s/10m30s  2.73 iters/s

running (04m06.8s), 024/600 VUs, 359 complete and 0 interrupted iterations
saturation   [  39% ] 024/600 VUs  04m06.7s/10m30s  2.74 iters/s

running (04m07.8s), 025/600 VUs, 360 complete and 0 interrupted iterations
saturation   [  39% ] 025/600 VUs  04m07.7s/10m30s  2.75 iters/s

running (04m08.8s), 023/600 VUs, 365 complete and 0 interrupted iterations
saturation   [  39% ] 023/600 VUs  04m08.7s/10m30s  2.76 iters/s

running (04m09.8s), 026/600 VUs, 365 complete and 0 interrupted iterations
saturation   [  40% ] 026/600 VUs  04m09.7s/10m30s  2.77 iters/s

running (04m10.8s), 023/600 VUs, 371 complete and 0 interrupted iterations
saturation   [  40% ] 023/600 VUs  04m10.7s/10m30s  2.79 iters/s

running (04m11.8s), 024/600 VUs, 372 complete and 0 interrupted iterations
saturation   [  40% ] 024/600 VUs  04m11.7s/10m30s  2.79 iters/s

running (04m12.8s), 021/600 VUs, 378 complete and 0 interrupted iterations
saturation   [  40% ] 021/600 VUs  04m12.7s/10m30s  2.81 iters/s

running (04m13.8s), 020/600 VUs, 382 complete and 0 interrupted iterations
saturation   [  40% ] 020/600 VUs  04m13.7s/10m30s  2.82 iters/s

running (04m14.8s), 020/600 VUs, 385 complete and 0 interrupted iterations
saturation   [  40% ] 020/600 VUs  04m14.7s/10m30s  2.83 iters/s

running (04m15.8s), 022/600 VUs, 386 complete and 0 interrupted iterations
saturation   [  41% ] 022/600 VUs  04m15.7s/10m30s  2.84 iters/s

running (04m16.8s), 022/600 VUs, 389 complete and 0 interrupted iterations
saturation   [  41% ] 022/600 VUs  04m16.7s/10m30s  2.85 iters/s

running (04m17.8s), 023/600 VUs, 390 complete and 0 interrupted iterations
saturation   [  41% ] 023/600 VUs  04m17.7s/10m30s  2.86 iters/s

running (04m18.8s), 018/600 VUs, 398 complete and 0 interrupted iterations
saturation   [  41% ] 018/600 VUs  04m18.7s/10m30s  2.87 iters/s

running (04m19.8s), 021/600 VUs, 398 complete and 0 interrupted iterations
saturation   [  41% ] 021/600 VUs  04m19.7s/10m30s  2.88 iters/s

running (04m20.8s), 024/600 VUs, 398 complete and 0 interrupted iterations
saturation   [  41% ] 024/600 VUs  04m20.7s/10m30s  2.90 iters/s

running (04m21.8s), 022/600 VUs, 403 complete and 0 interrupted iterations
saturation   [  42% ] 022/600 VUs  04m21.7s/10m30s  2.91 iters/s

running (04m22.8s), 022/600 VUs, 406 complete and 0 interrupted iterations
saturation   [  42% ] 022/600 VUs  04m22.7s/10m30s  2.92 iters/s

running (04m23.8s), 025/600 VUs, 406 complete and 0 interrupted iterations
saturation   [  42% ] 025/600 VUs  04m23.7s/10m30s  2.93 iters/s

running (04m24.8s), 022/600 VUs, 412 complete and 0 interrupted iterations
saturation   [  42% ] 022/600 VUs  04m24.7s/10m30s  2.94 iters/s

running (04m25.8s), 024/600 VUs, 413 complete and 0 interrupted iterations
saturation   [  42% ] 024/600 VUs  04m25.7s/10m30s  2.95 iters/s

running (04m26.8s), 026/600 VUs, 414 complete and 0 interrupted iterations
saturation   [  42% ] 026/600 VUs  04m26.7s/10m30s  2.96 iters/s

running (04m27.8s), 025/600 VUs, 418 complete and 0 interrupted iterations
saturation   [  42% ] 025/600 VUs  04m27.7s/10m30s  2.98 iters/s

running (04m28.8s), 026/600 VUs, 420 complete and 0 interrupted iterations
saturation   [  43% ] 026/600 VUs  04m28.7s/10m30s  2.99 iters/s

running (04m29.8s), 024/600 VUs, 425 complete and 0 interrupted iterations
saturation   [  43% ] 024/600 VUs  04m29.7s/10m30s  3.00 iters/s

running (04m30.8s), 026/600 VUs, 426 complete and 0 interrupted iterations
saturation   [  43% ] 026/600 VUs  04m30.7s/10m30s  3.01 iters/s

running (04m31.8s), 021/600 VUs, 434 complete and 0 interrupted iterations
saturation   [  43% ] 021/600 VUs  04m31.7s/10m30s  3.02 iters/s

running (04m32.8s), 022/600 VUs, 436 complete and 0 interrupted iterations
saturation   [  43% ] 022/600 VUs  04m32.7s/10m30s  3.03 iters/s

running (04m33.8s), 019/600 VUs, 442 complete and 0 interrupted iterations
saturation   [  43% ] 019/600 VUs  04m33.7s/10m30s  3.04 iters/s

running (04m34.8s), 022/600 VUs, 442 complete and 0 interrupted iterations
saturation   [  44% ] 022/600 VUs  04m34.7s/10m30s  3.05 iters/s

running (04m35.8s), 024/600 VUs, 443 complete and 0 interrupted iterations
saturation   [  44% ] 024/600 VUs  04m35.7s/10m30s  3.06 iters/s

running (04m36.8s), 020/600 VUs, 450 complete and 0 interrupted iterations
saturation   [  44% ] 020/600 VUs  04m36.7s/10m30s  3.07 iters/s

running (04m37.8s), 022/600 VUs, 451 complete and 0 interrupted iterations
saturation   [  44% ] 022/600 VUs  04m37.7s/10m30s  3.09 iters/s

running (04m38.8s), 020/600 VUs, 456 complete and 0 interrupted iterations
saturation   [  44% ] 020/600 VUs  04m38.7s/10m30s  3.10 iters/s

running (04m39.8s), 023/600 VUs, 456 complete and 0 interrupted iterations
saturation   [  44% ] 023/600 VUs  04m39.7s/10m30s  3.11 iters/s

running (04m40.8s), 024/600 VUs, 458 complete and 0 interrupted iterations
saturation   [  45% ] 024/600 VUs  04m40.7s/10m30s  3.12 iters/s

running (04m41.8s), 023/600 VUs, 462 complete and 0 interrupted iterations
saturation   [  45% ] 023/600 VUs  04m41.7s/10m30s  3.13 iters/s

running (04m42.8s), 027/600 VUs, 462 complete and 0 interrupted iterations
saturation   [  45% ] 027/600 VUs  04m42.7s/10m30s  3.14 iters/s

running (04m43.8s), 029/600 VUs, 463 complete and 0 interrupted iterations
saturation   [  45% ] 029/600 VUs  04m43.7s/10m30s  3.15 iters/s

running (04m44.8s), 027/600 VUs, 468 complete and 0 interrupted iterations
saturation   [  45% ] 027/600 VUs  04m44.7s/10m30s  3.16 iters/s

running (04m45.8s), 029/600 VUs, 469 complete and 0 interrupted iterations
saturation   [  45% ] 029/600 VUs  04m45.7s/10m30s  3.17 iters/s

running (04m46.8s), 031/600 VUs, 470 complete and 0 interrupted iterations
saturation   [  46% ] 031/600 VUs  04m46.7s/10m30s  3.19 iters/s

running (04m47.8s), 030/600 VUs, 474 complete and 0 interrupted iterations
saturation   [  46% ] 030/600 VUs  04m47.7s/10m30s  3.20 iters/s

running (04m48.8s), 027/600 VUs, 481 complete and 0 interrupted iterations
saturation   [  46% ] 027/600 VUs  04m48.7s/10m30s  3.21 iters/s

running (04m49.8s), 030/600 VUs, 481 complete and 0 interrupted iterations
saturation   [  46% ] 030/600 VUs  04m49.7s/10m30s  3.22 iters/s

running (04m50.8s), 029/600 VUs, 485 complete and 0 interrupted iterations
saturation   [  46% ] 029/600 VUs  04m50.7s/10m30s  3.23 iters/s

running (04m51.8s), 031/600 VUs, 486 complete and 0 interrupted iterations
saturation   [  46% ] 031/600 VUs  04m51.7s/10m30s  3.24 iters/s

running (04m52.8s), 029/600 VUs, 491 complete and 0 interrupted iterations
saturation   [  46% ] 029/600 VUs  04m52.7s/10m30s  3.25 iters/s

running (04m53.8s), 025/600 VUs, 499 complete and 0 interrupted iterations
saturation   [  47% ] 025/600 VUs  04m53.7s/10m30s  3.26 iters/s

running (04m54.8s), 026/600 VUs, 501 complete and 0 interrupted iterations
saturation   [  47% ] 026/600 VUs  04m54.7s/10m30s  3.27 iters/s

running (04m55.8s), 024/600 VUs, 506 complete and 0 interrupted iterations
saturation   [  47% ] 024/600 VUs  04m55.7s/10m30s  3.28 iters/s

running (04m56.8s), 026/600 VUs, 508 complete and 0 interrupted iterations
saturation   [  47% ] 026/600 VUs  04m56.7s/10m30s  3.30 iters/s

running (04m57.8s), 023/600 VUs, 514 complete and 0 interrupted iterations
saturation   [  47% ] 023/600 VUs  04m57.7s/10m30s  3.31 iters/s

running (04m58.8s), 025/600 VUs, 515 complete and 0 interrupted iterations
saturation   [  47% ] 025/600 VUs  04m58.7s/10m30s  3.32 iters/s

running (04m59.8s), 029/600 VUs, 515 complete and 0 interrupted iterations
saturation   [  48% ] 029/600 VUs  04m59.7s/10m30s  3.33 iters/s

running (05m00.8s), 025/600 VUs, 522 complete and 0 interrupted iterations
saturation   [  48% ] 025/600 VUs  05m00.7s/10m30s  3.34 iters/s

running (05m01.8s), 027/600 VUs, 523 complete and 0 interrupted iterations
saturation   [  48% ] 027/600 VUs  05m01.7s/10m30s  3.35 iters/s

running (05m02.8s), 028/600 VUs, 526 complete and 0 interrupted iterations
saturation   [  48% ] 028/600 VUs  05m02.7s/10m30s  3.36 iters/s

running (05m03.8s), 027/600 VUs, 530 complete and 0 interrupted iterations
saturation   [  48% ] 027/600 VUs  05m03.7s/10m30s  3.37 iters/s

running (05m04.8s), 028/600 VUs, 532 complete and 0 interrupted iterations
saturation   [  48% ] 028/600 VUs  05m04.7s/10m30s  3.38 iters/s

running (05m05.8s), 025/600 VUs, 539 complete and 0 interrupted iterations
saturation   [  49% ] 025/600 VUs  05m05.7s/10m30s  3.40 iters/s

running (05m06.8s), 027/600 VUs, 540 complete and 0 interrupted iterations
saturation   [  49% ] 027/600 VUs  05m06.7s/10m30s  3.41 iters/s

running (05m07.8s), 030/600 VUs, 541 complete and 0 interrupted iterations
saturation   [  49% ] 030/600 VUs  05m07.7s/10m30s  3.42 iters/s

running (05m08.8s), 026/600 VUs, 548 complete and 0 interrupted iterations
saturation   [  49% ] 026/600 VUs  05m08.7s/10m30s  3.43 iters/s

running (05m09.8s), 026/600 VUs, 551 complete and 0 interrupted iterations
saturation   [  49% ] 026/600 VUs  05m09.7s/10m30s  3.44 iters/s

running (05m10.8s), 030/600 VUs, 551 complete and 0 interrupted iterations
saturation   [  49% ] 030/600 VUs  05m10.7s/10m30s  3.45 iters/s

running (05m11.8s), 027/600 VUs, 557 complete and 0 interrupted iterations
saturation   [  49% ] 027/600 VUs  05m11.7s/10m30s  3.46 iters/s

running (05m12.8s), 027/600 VUs, 561 complete and 0 interrupted iterations
saturation   [  50% ] 027/600 VUs  05m12.7s/10m30s  3.48 iters/s

running (05m13.8s), 026/600 VUs, 565 complete and 0 interrupted iterations
saturation   [  50% ] 026/600 VUs  05m13.7s/10m30s  3.48 iters/s

running (05m14.8s), 028/600 VUs, 567 complete and 0 interrupted iterations
saturation   [  50% ] 028/600 VUs  05m14.7s/10m30s  3.50 iters/s

running (05m15.8s), 029/600 VUs, 569 complete and 0 interrupted iterations
saturation   [  50% ] 029/600 VUs  05m15.7s/10m30s  3.51 iters/s

running (05m16.8s), 027/600 VUs, 575 complete and 0 interrupted iterations
saturation   [  50% ] 027/600 VUs  05m16.7s/10m30s  3.52 iters/s

running (05m17.8s), 027/600 VUs, 578 complete and 0 interrupted iterations
saturation   [  50% ] 027/600 VUs  05m17.7s/10m30s  3.53 iters/s

running (05m18.8s), 023/600 VUs, 586 complete and 0 interrupted iterations
saturation   [  51% ] 023/600 VUs  05m18.7s/10m30s  3.54 iters/s

running (05m19.8s), 024/600 VUs, 588 complete and 0 interrupted iterations
saturation   [  51% ] 024/600 VUs  05m19.7s/10m30s  3.55 iters/s

running (05m20.8s), 027/600 VUs, 589 complete and 0 interrupted iterations
saturation   [  51% ] 027/600 VUs  05m20.7s/10m30s  3.56 iters/s

running (05m21.8s), 029/600 VUs, 590 complete and 0 interrupted iterations
saturation   [  51% ] 029/600 VUs  05m21.7s/10m30s  3.57 iters/s

running (05m22.8s), 027/600 VUs, 596 complete and 0 interrupted iterations
saturation   [  51% ] 027/600 VUs  05m22.7s/10m30s  3.59 iters/s

running (05m23.8s), 030/600 VUs, 597 complete and 0 interrupted iterations
saturation   [  51% ] 030/600 VUs  05m23.7s/10m30s  3.60 iters/s

running (05m24.8s), 029/600 VUs, 601 complete and 0 interrupted iterations
saturation   [  52% ] 029/600 VUs  05m24.7s/10m30s  3.61 iters/s

running (05m25.8s), 027/600 VUs, 607 complete and 0 interrupted iterations
saturation   [  52% ] 027/600 VUs  05m25.7s/10m30s  3.62 iters/s

running (05m26.8s), 030/600 VUs, 607 complete and 0 interrupted iterations
saturation   [  52% ] 030/600 VUs  05m26.7s/10m30s  3.63 iters/s

running (05m27.8s), 032/600 VUs, 609 complete and 0 interrupted iterations
saturation   [  52% ] 032/600 VUs  05m27.7s/10m30s  3.64 iters/s

running (05m28.8s), 030/600 VUs, 615 complete and 0 interrupted iterations
saturation   [  52% ] 030/600 VUs  05m28.7s/10m30s  3.65 iters/s

running (05m29.8s), 032/600 VUs, 616 complete and 0 interrupted iterations
saturation   [  52% ] 032/600 VUs  05m29.7s/10m30s  3.66 iters/s

running (05m30.8s), 029/600 VUs, 623 complete and 0 interrupted iterations
saturation   [  52% ] 029/600 VUs  05m30.7s/10m30s  3.67 iters/s

running (05m31.8s), 032/600 VUs, 624 complete and 0 interrupted iterations
saturation   [  53% ] 032/600 VUs  05m31.7s/10m30s  3.69 iters/s

running (05m32.8s), 034/600 VUs, 625 complete and 0 interrupted iterations
saturation   [  53% ] 034/600 VUs  05m32.7s/10m30s  3.70 iters/s

running (05m33.8s), 038/600 VUs, 625 complete and 0 interrupted iterations
saturation   [  53% ] 038/600 VUs  05m33.7s/10m30s  3.71 iters/s

running (05m34.8s), 034/600 VUs, 633 complete and 0 interrupted iterations
saturation   [  53% ] 034/600 VUs  05m34.7s/10m30s  3.72 iters/s

running (05m35.8s), 035/600 VUs, 636 complete and 0 interrupted iterations
saturation   [  53% ] 035/600 VUs  05m35.7s/10m30s  3.73 iters/s

running (05m36.8s), 037/600 VUs, 637 complete and 0 interrupted iterations
saturation   [  53% ] 037/600 VUs  05m36.7s/10m30s  3.74 iters/s

running (05m37.8s), 038/600 VUs, 640 complete and 0 interrupted iterations
saturation   [  54% ] 038/600 VUs  05m37.7s/10m30s  3.75 iters/s

running (05m38.8s), 033/600 VUs, 649 complete and 0 interrupted iterations
saturation   [  54% ] 033/600 VUs  05m38.7s/10m30s  3.76 iters/s

running (05m39.8s), 036/600 VUs, 650 complete and 0 interrupted iterations
saturation   [  54% ] 036/600 VUs  05m39.7s/10m30s  3.78 iters/s

running (05m40.8s), 031/600 VUs, 658 complete and 0 interrupted iterations
saturation   [  54% ] 031/600 VUs  05m40.7s/10m30s  3.78 iters/s

running (05m41.8s), 035/600 VUs, 658 complete and 0 interrupted iterations
saturation   [  54% ] 035/600 VUs  05m41.7s/10m30s  3.80 iters/s

running (05m42.8s), 034/600 VUs, 663 complete and 0 interrupted iterations
saturation   [  54% ] 034/600 VUs  05m42.7s/10m30s  3.81 iters/s

running (05m43.8s), 035/600 VUs, 666 complete and 0 interrupted iterations
saturation   [  55% ] 035/600 VUs  05m43.7s/10m30s  3.82 iters/s

running (05m44.8s), 038/600 VUs, 667 complete and 0 interrupted iterations
saturation   [  55% ] 038/600 VUs  05m44.7s/10m30s  3.83 iters/s

running (05m45.8s), 034/600 VUs, 674 complete and 0 interrupted iterations
saturation   [  55% ] 034/600 VUs  05m45.7s/10m30s  3.84 iters/s

running (05m46.8s), 038/600 VUs, 674 complete and 0 interrupted iterations
saturation   [  55% ] 038/600 VUs  05m46.7s/10m30s  3.85 iters/s

running (05m47.8s), 037/600 VUs, 679 complete and 0 interrupted iterations
saturation   [  55% ] 037/600 VUs  05m47.7s/10m30s  3.86 iters/s

running (05m48.8s), 040/600 VUs, 680 complete and 0 interrupted iterations
saturation   [  55% ] 040/600 VUs  05m48.7s/10m30s  3.87 iters/s

running (05m49.8s), 039/600 VUs, 685 complete and 0 interrupted iterations
saturation   [  56% ] 039/600 VUs  05m49.7s/10m30s  3.89 iters/s

running (05m50.8s), 037/600 VUs, 691 complete and 0 interrupted iterations
saturation   [  56% ] 037/600 VUs  05m50.7s/10m30s  3.90 iters/s

running (05m51.8s), 039/600 VUs, 693 complete and 0 interrupted iterations
saturation   [  56% ] 039/600 VUs  05m51.7s/10m30s  3.91 iters/s

running (05m52.8s), 037/600 VUs, 699 complete and 0 interrupted iterations
saturation   [  56% ] 037/600 VUs  05m52.7s/10m30s  3.92 iters/s

running (05m53.8s), 038/600 VUs, 702 complete and 0 interrupted iterations
saturation   [  56% ] 038/600 VUs  05m53.7s/10m30s  3.93 iters/s

running (05m54.8s), 034/600 VUs, 709 complete and 0 interrupted iterations
saturation   [  56% ] 034/600 VUs  05m54.7s/10m30s  3.94 iters/s

running (05m55.8s), 035/600 VUs, 712 complete and 0 interrupted iterations
saturation   [  56% ] 035/600 VUs  05m55.7s/10m30s  3.95 iters/s

running (05m56.8s), 032/600 VUs, 719 complete and 0 interrupted iterations
saturation   [  57% ] 032/600 VUs  05m56.7s/10m30s  3.96 iters/s

running (05m57.8s), 036/600 VUs, 719 complete and 0 interrupted iterations
saturation   [  57% ] 036/600 VUs  05m57.7s/10m30s  3.97 iters/s

running (05m58.8s), 038/600 VUs, 721 complete and 0 interrupted iterations
saturation   [  57% ] 038/600 VUs  05m58.7s/10m30s  3.98 iters/s

running (05m59.8s), 038/600 VUs, 725 complete and 0 interrupted iterations
saturation   [  57% ] 038/600 VUs  05m59.7s/10m30s  4.00 iters/s

running (06m00.8s), 040/600 VUs, 727 complete and 0 interrupted iterations
saturation   [  57% ] 040/600 VUs  06m00.7s/10m30s  4.01 iters/s

running (06m01.8s), 044/600 VUs, 727 complete and 0 interrupted iterations
saturation   [  57% ] 044/600 VUs  06m01.7s/10m30s  4.02 iters/s

running (06m02.8s), 043/600 VUs, 732 complete and 0 interrupted iterations
saturation   [  58% ] 043/600 VUs  06m02.7s/10m30s  4.03 iters/s

running (06m03.8s), 044/600 VUs, 735 complete and 0 interrupted iterations
saturation   [  58% ] 044/600 VUs  06m03.7s/10m30s  4.04 iters/s

running (06m04.8s), 042/600 VUs, 741 complete and 0 interrupted iterations
saturation   [  58% ] 042/600 VUs  06m04.7s/10m30s  4.05 iters/s

running (06m05.8s), 046/600 VUs, 741 complete and 0 interrupted iterations
saturation   [  58% ] 046/600 VUs  06m05.7s/10m30s  4.06 iters/s

running (06m06.8s), 044/600 VUs, 748 complete and 0 interrupted iterations
saturation   [  58% ] 044/600 VUs  06m06.7s/10m30s  4.08 iters/s

running (06m07.8s), 047/600 VUs, 749 complete and 0 interrupted iterations
saturation   [  58% ] 047/600 VUs  06m07.7s/10m30s  4.09 iters/s

running (06m08.8s), 051/600 VUs, 749 complete and 0 interrupted iterations
saturation   [  59% ] 051/600 VUs  06m08.7s/10m30s  4.10 iters/s

running (06m09.8s), 043/600 VUs, 761 complete and 0 interrupted iterations
saturation   [  59% ] 043/600 VUs  06m09.7s/10m30s  4.11 iters/s

running (06m10.8s), 045/600 VUs, 763 complete and 0 interrupted iterations
saturation   [  59% ] 045/600 VUs  06m10.7s/10m30s  4.12 iters/s

running (06m11.8s), 044/600 VUs, 768 complete and 0 interrupted iterations
saturation   [  59% ] 044/600 VUs  06m11.7s/10m30s  4.13 iters/s

running (06m12.8s), 047/600 VUs, 769 complete and 0 interrupted iterations
saturation   [  59% ] 047/600 VUs  06m12.7s/10m30s  4.14 iters/s

running (06m13.8s), 046/600 VUs, 774 complete and 0 interrupted iterations
saturation   [  59% ] 046/600 VUs  06m13.7s/10m30s  4.15 iters/s

running (06m14.8s), 048/600 VUs, 777 complete and 0 interrupted iterations
saturation   [  59% ] 048/600 VUs  06m14.7s/10m30s  4.16 iters/s

running (06m15.8s), 048/600 VUs, 781 complete and 0 interrupted iterations
saturation   [  60% ] 048/600 VUs  06m15.7s/10m30s  4.18 iters/s

running (06m16.8s), 050/600 VUs, 783 complete and 0 interrupted iterations
saturation   [  60% ] 050/600 VUs  06m16.7s/10m30s  4.19 iters/s

running (06m17.8s), 053/600 VUs, 784 complete and 0 interrupted iterations
saturation   [  60% ] 053/600 VUs  06m17.7s/10m30s  4.20 iters/s

running (06m18.8s), 044/600 VUs, 797 complete and 0 interrupted iterations
saturation   [  60% ] 044/600 VUs  06m18.7s/10m30s  4.21 iters/s

running (06m19.8s), 047/600 VUs, 798 complete and 0 interrupted iterations
saturation   [  60% ] 047/600 VUs  06m19.7s/10m30s  4.22 iters/s

running (06m20.8s), 047/600 VUs, 803 complete and 0 interrupted iterations
saturation   [  60% ] 047/600 VUs  06m20.7s/10m30s  4.23 iters/s

running (06m21.8s), 051/600 VUs, 803 complete and 0 interrupted iterations
saturation   [  61% ] 051/600 VUs  06m21.7s/10m30s  4.24 iters/s

running (06m22.8s), 045/600 VUs, 813 complete and 0 interrupted iterations
saturation   [  61% ] 045/600 VUs  06m22.7s/10m30s  4.25 iters/s

running (06m23.8s), 049/600 VUs, 813 complete and 0 interrupted iterations
saturation   [  61% ] 049/600 VUs  06m23.7s/10m30s  4.26 iters/s

running (06m24.8s), 048/600 VUs, 819 complete and 0 interrupted iterations
saturation   [  61% ] 048/600 VUs  06m24.7s/10m30s  4.28 iters/s

running (06m25.8s), 048/600 VUs, 823 complete and 0 interrupted iterations
saturation   [  61% ] 048/600 VUs  06m25.7s/10m30s  4.29 iters/s

running (06m26.8s), 044/600 VUs, 831 complete and 0 interrupted iterations
saturation   [  61% ] 044/600 VUs  06m26.7s/10m30s  4.30 iters/s

running (06m27.8s), 044/600 VUs, 836 complete and 0 interrupted iterations
saturation   [  62% ] 044/600 VUs  06m27.7s/10m30s  4.31 iters/s

running (06m28.8s), 046/600 VUs, 838 complete and 0 interrupted iterations
saturation   [  62% ] 046/600 VUs  06m28.7s/10m30s  4.32 iters/s

running (06m29.8s), 043/600 VUs, 845 complete and 0 interrupted iterations
saturation   [  62% ] 043/600 VUs  06m29.7s/10m30s  4.33 iters/s

running (06m30.8s), 040/600 VUs, 853 complete and 0 interrupted iterations
saturation   [  62% ] 040/600 VUs  06m30.7s/10m30s  4.34 iters/s

running (06m31.8s), 042/600 VUs, 855 complete and 0 interrupted iterations
saturation   [  62% ] 042/600 VUs  06m31.7s/10m30s  4.35 iters/s

running (06m32.8s), 045/600 VUs, 856 complete and 0 interrupted iterations
saturation   [  62% ] 045/600 VUs  06m32.7s/10m30s  4.36 iters/s

running (06m33.8s), 040/600 VUs, 866 complete and 0 interrupted iterations
saturation   [  62% ] 040/600 VUs  06m33.7s/10m30s  4.38 iters/s

running (06m34.8s), 040/600 VUs, 870 complete and 0 interrupted iterations
saturation   [  63% ] 040/600 VUs  06m34.7s/10m30s  4.39 iters/s

running (06m35.8s), 041/600 VUs, 873 complete and 0 interrupted iterations
saturation   [  63% ] 041/600 VUs  06m35.7s/10m30s  4.40 iters/s

running (06m36.8s), 042/600 VUs, 877 complete and 0 interrupted iterations
saturation   [  63% ] 042/600 VUs  06m36.7s/10m30s  4.41 iters/s

running (06m37.8s), 044/600 VUs, 879 complete and 0 interrupted iterations
saturation   [  63% ] 044/600 VUs  06m37.7s/10m30s  4.42 iters/s

running (06m38.8s), 038/600 VUs, 890 complete and 0 interrupted iterations
saturation   [  63% ] 038/600 VUs  06m38.7s/10m30s  4.43 iters/s

running (06m39.8s), 040/600 VUs, 892 complete and 0 interrupted iterations
saturation   [  63% ] 040/600 VUs  06m39.7s/10m30s  4.44 iters/s

running (06m40.8s), 042/600 VUs, 895 complete and 0 interrupted iterations
saturation   [  64% ] 042/600 VUs  06m40.7s/10m30s  4.45 iters/s

running (06m41.8s), 037/600 VUs, 904 complete and 0 interrupted iterations
saturation   [  64% ] 037/600 VUs  06m41.7s/10m30s  4.46 iters/s

running (06m42.8s), 039/600 VUs, 906 complete and 0 interrupted iterations
saturation   [  64% ] 039/600 VUs  06m42.7s/10m30s  4.47 iters/s

running (06m43.8s), 037/600 VUs, 913 complete and 0 interrupted iterations
saturation   [  64% ] 037/600 VUs  06m43.7s/10m30s  4.49 iters/s

running (06m44.8s), 038/600 VUs, 916 complete and 0 interrupted iterations
saturation   [  64% ] 038/600 VUs  06m44.7s/10m30s  4.50 iters/s

running (06m45.8s), 042/600 VUs, 917 complete and 0 interrupted iterations
saturation   [  64% ] 042/600 VUs  06m45.7s/10m30s  4.51 iters/s

running (06m46.8s), 038/600 VUs, 925 complete and 0 interrupted iterations
saturation   [  65% ] 038/600 VUs  06m46.7s/10m30s  4.52 iters/s

running (06m47.8s), 042/600 VUs, 926 complete and 0 interrupted iterations
saturation   [  65% ] 042/600 VUs  06m47.7s/10m30s  4.53 iters/s

running (06m48.8s), 040/600 VUs, 932 complete and 0 interrupted iterations
saturation   [  65% ] 040/600 VUs  06m48.7s/10m30s  4.54 iters/s

running (06m49.8s), 038/600 VUs, 939 complete and 0 interrupted iterations
saturation   [  65% ] 038/600 VUs  06m49.7s/10m30s  4.55 iters/s

running (06m50.8s), 042/600 VUs, 940 complete and 0 interrupted iterations
saturation   [  65% ] 042/600 VUs  06m50.7s/10m30s  4.56 iters/s

running (06m51.8s), 040/600 VUs, 946 complete and 0 interrupted iterations
saturation   [  65% ] 040/600 VUs  06m51.7s/10m30s  4.57 iters/s

running (06m52.8s), 044/600 VUs, 947 complete and 0 interrupted iterations
saturation   [  66% ] 044/600 VUs  06m52.7s/10m30s  4.59 iters/s

running (06m53.8s), 044/600 VUs, 951 complete and 0 interrupted iterations
saturation   [  66% ] 044/600 VUs  06m53.7s/10m30s  4.60 iters/s

running (06m54.8s), 044/600 VUs, 956 complete and 0 interrupted iterations
saturation   [  66% ] 044/600 VUs  06m54.7s/10m30s  4.61 iters/s

running (06m55.8s), 049/600 VUs, 956 complete and 0 interrupted iterations
saturation   [  66% ] 049/600 VUs  06m55.7s/10m30s  4.62 iters/s

running (06m56.8s), 046/600 VUs, 963 complete and 0 interrupted iterations
saturation   [  66% ] 046/600 VUs  06m56.7s/10m30s  4.63 iters/s

running (06m57.8s), 050/600 VUs, 964 complete and 0 interrupted iterations
saturation   [  66% ] 050/600 VUs  06m57.7s/10m30s  4.64 iters/s

running (06m58.8s), 051/600 VUs, 967 complete and 0 interrupted iterations
saturation   [  66% ] 051/600 VUs  06m58.7s/10m30s  4.65 iters/s

running (06m59.8s), 048/600 VUs, 975 complete and 0 interrupted iterations
saturation   [  67% ] 048/600 VUs  06m59.7s/10m30s  4.66 iters/s

running (07m00.8s), 051/600 VUs, 977 complete and 0 interrupted iterations
saturation   [  67% ] 051/600 VUs  07m00.7s/10m30s  4.67 iters/s

running (07m01.8s), 050/600 VUs, 982 complete and 0 interrupted iterations
saturation   [  67% ] 050/600 VUs  07m01.7s/10m30s  4.68 iters/s

running (07m02.8s), 048/600 VUs, 989 complete and 0 interrupted iterations
saturation   [  67% ] 048/600 VUs  07m02.7s/10m30s  4.70 iters/s

running (07m03.8s), 049/600 VUs, 993 complete and 0 interrupted iterations
saturation   [  67% ] 049/600 VUs  07m03.7s/10m30s  4.71 iters/s

running (07m04.8s), 053/600 VUs, 994 complete and 0 interrupted iterations
saturation   [  67% ] 053/600 VUs  07m04.7s/10m30s  4.72 iters/s

running (07m05.8s), 050/600 VUs, 1001 complete and 0 interrupted iterations
saturation   [  68% ] 050/600 VUs  07m05.7s/10m30s  4.73 iters/s

running (07m06.8s), 053/600 VUs, 1003 complete and 0 interrupted iterations
saturation   [  68% ] 053/600 VUs  07m06.7s/10m30s  4.74 iters/s

running (07m07.8s), 056/600 VUs, 1005 complete and 0 interrupted iterations
saturation   [  68% ] 056/600 VUs  07m07.7s/10m30s  4.75 iters/s

running (07m08.8s), 055/600 VUs, 1011 complete and 0 interrupted iterations
saturation   [  68% ] 055/600 VUs  07m08.7s/10m30s  4.76 iters/s

running (07m09.8s), 057/600 VUs, 1013 complete and 0 interrupted iterations
saturation   [  68% ] 057/600 VUs  07m09.7s/10m30s  4.77 iters/s

running (07m10.8s), 054/600 VUs, 1021 complete and 0 interrupted iterations
saturation   [  68% ] 054/600 VUs  07m10.7s/10m30s  4.79 iters/s

running (07m11.8s), 057/600 VUs, 1023 complete and 0 interrupted iterations
saturation   [  69% ] 057/600 VUs  07m11.7s/10m30s  4.80 iters/s

running (07m12.8s), 054/600 VUs, 1031 complete and 0 interrupted iterations
saturation   [  69% ] 054/600 VUs  07m12.7s/10m30s  4.81 iters/s

running (07m13.8s), 052/600 VUs, 1037 complete and 0 interrupted iterations
saturation   [  69% ] 052/600 VUs  07m13.7s/10m30s  4.82 iters/s

running (07m14.8s), 055/600 VUs, 1039 complete and 0 interrupted iterations
saturation   [  69% ] 055/600 VUs  07m14.7s/10m30s  4.83 iters/s

running (07m15.8s), 057/600 VUs, 1042 complete and 0 interrupted iterations
saturation   [  69% ] 057/600 VUs  07m15.7s/10m30s  4.84 iters/s

running (07m16.8s), 057/600 VUs, 1047 complete and 0 interrupted iterations
saturation   [  69% ] 057/600 VUs  07m16.7s/10m30s  4.85 iters/s

running (07m17.8s), 056/600 VUs, 1053 complete and 0 interrupted iterations
saturation   [  69% ] 056/600 VUs  07m17.7s/10m30s  4.86 iters/s

running (07m18.8s), 056/600 VUs, 1058 complete and 0 interrupted iterations
saturation   [  70% ] 056/600 VUs  07m18.7s/10m30s  4.88 iters/s

running (07m19.8s), 056/600 VUs, 1063 complete and 0 interrupted iterations
saturation   [  70% ] 056/600 VUs  07m19.7s/10m30s  4.89 iters/s

running (07m20.8s), 059/600 VUs, 1064 complete and 0 interrupted iterations
saturation   [  70% ] 059/600 VUs  07m20.7s/10m30s  4.90 iters/s

running (07m21.8s), 062/600 VUs, 1066 complete and 0 interrupted iterations
saturation   [  70% ] 062/600 VUs  07m21.7s/10m30s  4.91 iters/s

running (07m22.8s), 059/600 VUs, 1074 complete and 0 interrupted iterations
saturation   [  70% ] 059/600 VUs  07m22.7s/10m30s  4.92 iters/s

running (07m23.8s), 061/600 VUs, 1077 complete and 0 interrupted iterations
saturation   [  70% ] 061/600 VUs  07m23.7s/10m30s  4.93 iters/s

running (07m24.8s), 062/600 VUs, 1081 complete and 0 interrupted iterations
saturation   [  71% ] 062/600 VUs  07m24.7s/10m30s  4.94 iters/s

running (07m25.8s), 063/600 VUs, 1085 complete and 0 interrupted iterations
saturation   [  71% ] 063/600 VUs  07m25.7s/10m30s  4.95 iters/s

running (07m26.8s), 065/600 VUs, 1088 complete and 0 interrupted iterations
saturation   [  71% ] 065/600 VUs  07m26.7s/10m30s  4.96 iters/s

running (07m27.8s), 062/600 VUs, 1096 complete and 0 interrupted iterations
saturation   [  71% ] 062/600 VUs  07m27.7s/10m30s  4.97 iters/s

running (07m28.8s), 058/600 VUs, 1105 complete and 0 interrupted iterations
saturation   [  71% ] 058/600 VUs  07m28.7s/10m30s  4.99 iters/s

running (07m29.8s), 061/600 VUs, 1107 complete and 0 interrupted iterations
saturation   [  71% ] 061/600 VUs  07m29.7s/10m30s  5.00 iters/s

running (07m30.8s), 060/600 VUs, 1113 complete and 0 interrupted iterations
saturation   [  72% ] 060/600 VUs  07m30.7s/10m30s  5.01 iters/s

running (07m31.8s), 063/600 VUs, 1115 complete and 0 interrupted iterations
saturation   [  72% ] 063/600 VUs  07m31.7s/10m30s  5.02 iters/s

running (07m32.8s), 060/600 VUs, 1123 complete and 0 interrupted iterations
saturation   [  72% ] 060/600 VUs  07m32.7s/10m30s  5.03 iters/s

running (07m33.8s), 058/600 VUs, 1130 complete and 0 interrupted iterations
saturation   [  72% ] 058/600 VUs  07m33.7s/10m30s  5.04 iters/s

running (07m34.8s), 061/600 VUs, 1132 complete and 0 interrupted iterations
saturation   [  72% ] 061/600 VUs  07m34.7s/10m30s  5.05 iters/s

running (07m35.8s), 064/600 VUs, 1134 complete and 0 interrupted iterations
saturation   [  72% ] 064/600 VUs  07m35.7s/10m30s  5.06 iters/s

running (07m36.8s), 060/600 VUs, 1143 complete and 0 interrupted iterations
saturation   [  72% ] 060/600 VUs  07m36.7s/10m30s  5.07 iters/s

running (07m37.8s), 061/600 VUs, 1147 complete and 0 interrupted iterations
saturation   [  73% ] 061/600 VUs  07m37.7s/10m30s  5.08 iters/s

running (07m38.8s), 060/600 VUs, 1153 complete and 0 interrupted iterations
saturation   [  73% ] 060/600 VUs  07m38.7s/10m30s  5.10 iters/s

running (07m39.8s), 064/600 VUs, 1155 complete and 0 interrupted iterations
saturation   [  73% ] 064/600 VUs  07m39.7s/10m30s  5.11 iters/s

running (07m40.8s), 064/600 VUs, 1160 complete and 0 interrupted iterations
saturation   [  73% ] 064/600 VUs  07m40.7s/10m30s  5.12 iters/s

running (07m41.8s), 061/600 VUs, 1168 complete and 0 interrupted iterations
saturation   [  73% ] 061/600 VUs  07m41.7s/10m30s  5.13 iters/s

running (07m42.8s), 064/600 VUs, 1170 complete and 0 interrupted iterations
saturation   [  73% ] 064/600 VUs  07m42.7s/10m30s  5.14 iters/s

running (07m43.8s), 062/600 VUs, 1177 complete and 0 interrupted iterations
saturation   [  74% ] 062/600 VUs  07m43.7s/10m30s  5.15 iters/s

running (07m44.8s), 064/600 VUs, 1180 complete and 0 interrupted iterations
saturation   [  74% ] 064/600 VUs  07m44.7s/10m30s  5.16 iters/s

running (07m45.8s), 060/600 VUs, 1189 complete and 0 interrupted iterations
saturation   [  74% ] 060/600 VUs  07m45.7s/10m30s  5.17 iters/s

running (07m46.8s), 062/600 VUs, 1193 complete and 0 interrupted iterations
saturation   [  74% ] 062/600 VUs  07m46.7s/10m30s  5.19 iters/s

running (07m47.8s), 066/600 VUs, 1194 complete and 0 interrupted iterations
saturation   [  74% ] 066/600 VUs  07m47.7s/10m30s  5.20 iters/s

running (07m48.8s), 064/600 VUs, 1201 complete and 0 interrupted iterations
saturation   [  74% ] 064/600 VUs  07m48.7s/10m30s  5.21 iters/s

running (07m49.8s), 064/600 VUs, 1206 complete and 0 interrupted iterations
saturation   [  75% ] 064/600 VUs  07m49.7s/10m30s  5.22 iters/s

running (07m50.8s), 062/600 VUs, 1213 complete and 0 interrupted iterations
saturation   [  75% ] 062/600 VUs  07m50.7s/10m30s  5.23 iters/s

running (07m51.8s), 059/600 VUs, 1222 complete and 0 interrupted iterations
saturation   [  75% ] 059/600 VUs  07m51.7s/10m30s  5.24 iters/s

running (07m52.8s), 061/600 VUs, 1225 complete and 0 interrupted iterations
saturation   [  75% ] 061/600 VUs  07m52.7s/10m30s  5.25 iters/s

running (07m53.8s), 063/600 VUs, 1228 complete and 0 interrupted iterations
saturation   [  75% ] 063/600 VUs  07m53.7s/10m30s  5.26 iters/s

running (07m54.8s), 060/600 VUs, 1236 complete and 0 interrupted iterations
saturation   [  75% ] 060/600 VUs  07m54.7s/10m30s  5.27 iters/s

running (07m55.8s), 061/600 VUs, 1241 complete and 0 interrupted iterations
saturation   [  76% ] 061/600 VUs  07m55.7s/10m30s  5.29 iters/s

running (07m56.8s), 064/600 VUs, 1243 complete and 0 interrupted iterations
saturation   [  76% ] 064/600 VUs  07m56.7s/10m30s  5.30 iters/s

running (07m57.8s), 059/600 VUs, 1253 complete and 0 interrupted iterations
saturation   [  76% ] 059/600 VUs  07m57.7s/10m30s  5.31 iters/s

running (07m58.8s), 061/600 VUs, 1257 complete and 0 interrupted iterations
saturation   [  76% ] 061/600 VUs  07m58.7s/10m30s  5.32 iters/s

running (07m59.8s), 061/600 VUs, 1262 complete and 0 interrupted iterations
saturation   [  76% ] 061/600 VUs  07m59.7s/10m30s  5.33 iters/s

running (08m00.8s), 059/600 VUs, 1269 complete and 0 interrupted iterations
saturation   [  76% ] 059/600 VUs  08m00.7s/10m30s  5.34 iters/s

running (08m01.8s), 063/600 VUs, 1271 complete and 0 interrupted iterations
saturation   [  76% ] 063/600 VUs  08m01.7s/10m30s  5.35 iters/s

running (08m02.8s), 067/600 VUs, 1272 complete and 0 interrupted iterations
saturation   [  77% ] 067/600 VUs  08m02.7s/10m30s  5.36 iters/s

running (08m03.8s), 064/600 VUs, 1280 complete and 0 interrupted iterations
saturation   [  77% ] 064/600 VUs  08m03.7s/10m30s  5.37 iters/s

running (08m04.8s), 067/600 VUs, 1283 complete and 0 interrupted iterations
saturation   [  77% ] 067/600 VUs  08m04.7s/10m30s  5.39 iters/s

running (08m05.8s), 066/600 VUs, 1289 complete and 0 interrupted iterations
saturation   [  77% ] 066/600 VUs  08m05.7s/10m30s  5.40 iters/s

running (08m06.8s), 062/600 VUs, 1299 complete and 0 interrupted iterations
saturation   [  77% ] 062/600 VUs  08m06.7s/10m30s  5.41 iters/s

running (08m07.8s), 064/600 VUs, 1302 complete and 0 interrupted iterations
saturation   [  77% ] 064/600 VUs  08m07.7s/10m30s  5.42 iters/s

running (08m08.8s), 063/600 VUs, 1308 complete and 0 interrupted iterations
saturation   [  78% ] 063/600 VUs  08m08.7s/10m30s  5.43 iters/s

running (08m09.8s), 068/600 VUs, 1309 complete and 0 interrupted iterations
saturation   [  78% ] 068/600 VUs  08m09.7s/10m30s  5.44 iters/s

running (08m10.8s), 063/600 VUs, 1319 complete and 0 interrupted iterations
saturation   [  78% ] 063/600 VUs  08m10.7s/10m30s  5.45 iters/s

running (08m11.8s), 062/600 VUs, 1326 complete and 0 interrupted iterations
saturation   [  78% ] 062/600 VUs  08m11.7s/10m30s  5.46 iters/s

running (08m12.8s), 063/600 VUs, 1330 complete and 0 interrupted iterations
saturation   [  78% ] 063/600 VUs  08m12.7s/10m30s  5.47 iters/s

running (08m13.8s), 069/600 VUs, 1330 complete and 0 interrupted iterations
saturation   [  78% ] 069/600 VUs  08m13.7s/10m30s  5.49 iters/s

running (08m14.8s), 072/600 VUs, 1332 complete and 0 interrupted iterations
saturation   [  79% ] 072/600 VUs  08m14.7s/10m30s  5.50 iters/s

running (08m15.8s), 072/600 VUs, 1338 complete and 0 interrupted iterations
saturation   [  79% ] 072/600 VUs  08m15.7s/10m30s  5.51 iters/s

running (08m16.8s), 071/600 VUs, 1344 complete and 0 interrupted iterations
saturation   [  79% ] 071/600 VUs  08m16.7s/10m30s  5.52 iters/s

running (08m17.8s), 071/600 VUs, 1350 complete and 0 interrupted iterations
saturation   [  79% ] 071/600 VUs  08m17.7s/10m30s  5.53 iters/s

running (08m18.8s), 067/600 VUs, 1359 complete and 0 interrupted iterations
saturation   [  79% ] 067/600 VUs  08m18.7s/10m30s  5.54 iters/s

running (08m19.8s), 066/600 VUs, 1366 complete and 0 interrupted iterations
saturation   [  79% ] 066/600 VUs  08m19.7s/10m30s  5.55 iters/s

running (08m20.8s), 069/600 VUs, 1368 complete and 0 interrupted iterations
saturation   [  79% ] 069/600 VUs  08m20.7s/10m30s  5.56 iters/s

running (08m21.8s), 065/600 VUs, 1378 complete and 0 interrupted iterations
saturation   [  80% ] 065/600 VUs  08m21.7s/10m30s  5.57 iters/s

running (08m22.8s), 070/600 VUs, 1378 complete and 0 interrupted iterations
saturation   [  80% ] 070/600 VUs  08m22.7s/10m30s  5.58 iters/s

running (08m23.8s), 069/600 VUs, 1385 complete and 0 interrupted iterations
saturation   [  80% ] 069/600 VUs  08m23.7s/10m30s  5.60 iters/s

running (08m24.8s), 067/600 VUs, 1393 complete and 0 interrupted iterations
saturation   [  80% ] 067/600 VUs  08m24.7s/10m30s  5.61 iters/s

running (08m25.8s), 072/600 VUs, 1393 complete and 0 interrupted iterations
saturation   [  80% ] 072/600 VUs  08m25.7s/10m30s  5.62 iters/s

running (08m26.8s), 068/600 VUs, 1403 complete and 0 interrupted iterations
saturation   [  80% ] 068/600 VUs  08m26.7s/10m30s  5.63 iters/s

running (08m27.8s), 073/600 VUs, 1404 complete and 0 interrupted iterations
saturation   [  81% ] 073/600 VUs  08m27.7s/10m30s  5.64 iters/s

running (08m28.8s), 075/600 VUs, 1407 complete and 0 interrupted iterations
saturation   [  81% ] 075/600 VUs  08m28.7s/10m30s  5.65 iters/s

running (08m29.8s), 077/600 VUs, 1411 complete and 0 interrupted iterations
saturation   [  81% ] 077/600 VUs  08m29.7s/10m30s  5.66 iters/s

running (08m30.8s), 072/600 VUs, 1421 complete and 0 interrupted iterations
saturation   [  81% ] 072/600 VUs  08m30.7s/10m30s  5.67 iters/s

running (08m31.8s), 072/600 VUs, 1427 complete and 0 interrupted iterations
saturation   [  81% ] 072/600 VUs  08m31.7s/10m30s  5.69 iters/s

running (08m32.8s), 073/600 VUs, 1432 complete and 0 interrupted iterations
saturation   [  81% ] 073/600 VUs  08m32.7s/10m30s  5.70 iters/s

running (08m33.8s), 078/600 VUs, 1433 complete and 0 interrupted iterations
saturation   [  82% ] 078/600 VUs  08m33.7s/10m30s  5.71 iters/s

running (08m34.8s), 071/600 VUs, 1445 complete and 0 interrupted iterations
saturation   [  82% ] 071/600 VUs  08m34.7s/10m30s  5.72 iters/s

running (08m35.8s), 066/600 VUs, 1456 complete and 0 interrupted iterations
saturation   [  82% ] 066/600 VUs  08m35.7s/10m30s  5.73 iters/s

running (08m36.8s), 071/600 VUs, 1457 complete and 0 interrupted iterations
saturation   [  82% ] 071/600 VUs  08m36.7s/10m30s  5.74 iters/s

running (08m37.8s), 068/600 VUs, 1465 complete and 0 interrupted iterations
saturation   [  82% ] 068/600 VUs  08m37.7s/10m30s  5.75 iters/s

running (08m38.8s), 074/600 VUs, 1465 complete and 0 interrupted iterations
saturation   [  82% ] 074/600 VUs  08m38.7s/10m30s  5.76 iters/s

running (08m39.8s), 073/600 VUs, 1472 complete and 0 interrupted iterations
saturation   [  82% ] 073/600 VUs  08m39.7s/10m30s  5.77 iters/s

running (08m40.8s), 072/600 VUs, 1479 complete and 0 interrupted iterations
saturation   [  83% ] 072/600 VUs  08m40.7s/10m30s  5.79 iters/s

running (08m41.8s), 070/600 VUs, 1487 complete and 0 interrupted iterations
saturation   [  83% ] 070/600 VUs  08m41.7s/10m30s  5.80 iters/s

running (08m42.8s), 074/600 VUs, 1488 complete and 0 interrupted iterations
saturation   [  83% ] 074/600 VUs  08m42.7s/10m30s  5.81 iters/s

running (08m43.8s), 077/600 VUs, 1491 complete and 0 interrupted iterations
saturation   [  83% ] 077/600 VUs  08m43.7s/10m30s  5.82 iters/s

running (08m44.8s), 075/600 VUs, 1499 complete and 0 interrupted iterations
saturation   [  83% ] 075/600 VUs  08m44.7s/10m30s  5.83 iters/s

running (08m45.8s), 072/600 VUs, 1508 complete and 0 interrupted iterations
saturation   [  83% ] 072/600 VUs  08m45.7s/10m30s  5.84 iters/s

running (08m46.8s), 076/600 VUs, 1510 complete and 0 interrupted iterations
saturation   [  84% ] 076/600 VUs  08m46.7s/10m30s  5.85 iters/s

running (08m47.8s), 076/600 VUs, 1516 complete and 0 interrupted iterations
saturation   [  84% ] 076/600 VUs  08m47.7s/10m30s  5.86 iters/s

running (08m48.8s), 079/600 VUs, 1518 complete and 0 interrupted iterations
saturation   [  84% ] 079/600 VUs  08m48.7s/10m30s  5.87 iters/s

running (08m49.8s), 075/600 VUs, 1528 complete and 0 interrupted iterations
saturation   [  84% ] 075/600 VUs  08m49.7s/10m30s  5.89 iters/s

running (08m50.8s), 077/600 VUs, 1532 complete and 0 interrupted iterations
saturation   [  84% ] 077/600 VUs  08m50.7s/10m30s  5.90 iters/s

running (08m51.8s), 075/600 VUs, 1540 complete and 0 interrupted iterations
saturation   [  84% ] 075/600 VUs  08m51.7s/10m30s  5.91 iters/s

running (08m52.8s), 073/600 VUs, 1548 complete and 0 interrupted iterations
saturation   [  85% ] 073/600 VUs  08m52.7s/10m30s  5.92 iters/s

running (08m53.8s), 077/600 VUs, 1550 complete and 0 interrupted iterations
saturation   [  85% ] 077/600 VUs  08m53.7s/10m30s  5.93 iters/s

running (08m54.8s), 082/600 VUs, 1551 complete and 0 interrupted iterations
saturation   [  85% ] 082/600 VUs  08m54.7s/10m30s  5.94 iters/s

running (08m55.8s), 072/600 VUs, 1567 complete and 0 interrupted iterations
saturation   [  85% ] 072/600 VUs  08m55.7s/10m30s  5.95 iters/s

running (08m56.8s), 074/600 VUs, 1571 complete and 0 interrupted iterations
saturation   [  85% ] 074/600 VUs  08m56.7s/10m30s  5.96 iters/s

running (08m57.8s), 072/600 VUs, 1579 complete and 0 interrupted iterations
saturation   [  85% ] 072/600 VUs  08m57.7s/10m30s  5.97 iters/s

running (08m58.8s), 070/600 VUs, 1587 complete and 0 interrupted iterations
saturation   [  86% ] 070/600 VUs  08m58.7s/10m30s  5.99 iters/s

running (08m59.8s), 072/600 VUs, 1591 complete and 0 interrupted iterations
saturation   [  86% ] 072/600 VUs  08m59.7s/10m30s  6.00 iters/s

running (09m00.8s), 073/600 VUs, 1596 complete and 0 interrupted iterations
saturation   [  86% ] 073/600 VUs  09m00.7s/10m30s  6.00 iters/s

running (09m01.8s), 073/600 VUs, 1602 complete and 0 interrupted iterations
saturation   [  86% ] 073/600 VUs  09m01.7s/10m30s  6.00 iters/s

running (09m02.8s), 074/600 VUs, 1607 complete and 0 interrupted iterations
saturation   [  86% ] 074/600 VUs  09m02.7s/10m30s  6.00 iters/s

running (09m03.8s), 079/600 VUs, 1608 complete and 0 interrupted iterations
saturation   [  86% ] 079/600 VUs  09m03.7s/10m30s  6.00 iters/s

running (09m04.8s), 075/600 VUs, 1618 complete and 0 interrupted iterations
saturation   [  86% ] 075/600 VUs  09m04.7s/10m30s  6.00 iters/s

running (09m05.8s), 071/600 VUs, 1628 complete and 0 interrupted iterations
saturation   [  87% ] 071/600 VUs  09m05.7s/10m30s  6.00 iters/s

running (09m06.8s), 075/600 VUs, 1630 complete and 0 interrupted iterations
saturation   [  87% ] 075/600 VUs  09m06.7s/10m30s  6.00 iters/s

running (09m07.8s), 079/600 VUs, 1632 complete and 0 interrupted iterations
saturation   [  87% ] 079/600 VUs  09m07.7s/10m30s  6.00 iters/s

running (09m08.8s), 080/600 VUs, 1637 complete and 0 interrupted iterations
saturation   [  87% ] 080/600 VUs  09m08.7s/10m30s  6.00 iters/s

running (09m09.8s), 075/600 VUs, 1648 complete and 0 interrupted iterations
saturation   [  87% ] 075/600 VUs  09m09.7s/10m30s  6.00 iters/s

running (09m10.8s), 075/600 VUs, 1654 complete and 0 interrupted iterations
saturation   [  87% ] 075/600 VUs  09m10.7s/10m30s  6.00 iters/s

running (09m11.8s), 076/600 VUs, 1659 complete and 0 interrupted iterations
saturation   [  88% ] 076/600 VUs  09m11.7s/10m30s  6.00 iters/s

running (09m12.8s), 074/600 VUs, 1667 complete and 0 interrupted iterations
saturation   [  88% ] 074/600 VUs  09m12.7s/10m30s  6.00 iters/s

running (09m13.8s), 076/600 VUs, 1671 complete and 0 interrupted iterations
saturation   [  88% ] 076/600 VUs  09m13.7s/10m30s  6.00 iters/s

running (09m14.8s), 081/600 VUs, 1672 complete and 0 interrupted iterations
saturation   [  88% ] 081/600 VUs  09m14.7s/10m30s  6.00 iters/s

running (09m15.8s), 077/600 VUs, 1682 complete and 0 interrupted iterations
saturation   [  88% ] 077/600 VUs  09m15.7s/10m30s  6.00 iters/s

running (09m16.8s), 073/600 VUs, 1692 complete and 0 interrupted iterations
saturation   [  88% ] 073/600 VUs  09m16.7s/10m30s  6.00 iters/s

running (09m17.8s), 077/600 VUs, 1694 complete and 0 interrupted iterations
saturation   [  89% ] 077/600 VUs  09m17.7s/10m30s  6.00 iters/s

running (09m18.8s), 081/600 VUs, 1696 complete and 0 interrupted iterations
saturation   [  89% ] 081/600 VUs  09m18.7s/10m30s  6.00 iters/s

running (09m19.8s), 081/600 VUs, 1702 complete and 0 interrupted iterations
saturation   [  89% ] 081/600 VUs  09m19.7s/10m30s  6.00 iters/s

running (09m20.8s), 078/600 VUs, 1711 complete and 0 interrupted iterations
saturation   [  89% ] 078/600 VUs  09m20.7s/10m30s  6.00 iters/s

running (09m21.8s), 077/600 VUs, 1718 complete and 0 interrupted iterations
saturation   [  89% ] 077/600 VUs  09m21.7s/10m30s  6.00 iters/s

running (09m22.8s), 078/600 VUs, 1723 complete and 0 interrupted iterations
saturation   [  89% ] 078/600 VUs  09m22.7s/10m30s  6.00 iters/s

running (09m23.8s), 079/600 VUs, 1728 complete and 0 interrupted iterations
saturation   [  89% ] 079/600 VUs  09m23.7s/10m30s  6.00 iters/s

running (09m24.8s), 082/600 VUs, 1731 complete and 0 interrupted iterations
saturation   [  90% ] 082/600 VUs  09m24.7s/10m30s  6.00 iters/s

running (09m25.8s), 086/600 VUs, 1733 complete and 0 interrupted iterations
saturation   [  90% ] 086/600 VUs  09m25.7s/10m30s  6.00 iters/s

running (09m26.8s), 090/600 VUs, 1735 complete and 0 interrupted iterations
saturation   [  90% ] 090/600 VUs  09m26.7s/10m30s  6.00 iters/s

running (09m27.8s), 088/600 VUs, 1743 complete and 0 interrupted iterations
saturation   [  90% ] 088/600 VUs  09m27.7s/10m30s  6.00 iters/s

running (09m28.8s), 088/600 VUs, 1749 complete and 0 interrupted iterations
saturation   [  90% ] 088/600 VUs  09m28.7s/10m30s  6.00 iters/s

running (09m29.8s), 086/600 VUs, 1757 complete and 0 interrupted iterations
saturation   [  90% ] 086/600 VUs  09m29.7s/10m30s  6.00 iters/s

running (09m30.8s), 087/600 VUs, 1762 complete and 0 interrupted iterations
saturation   [  91% ] 087/600 VUs  09m30.7s/10m30s  6.00 iters/s

running (09m31.8s), 090/600 VUs, 1765 complete and 0 interrupted iterations
saturation   [  91% ] 090/600 VUs  09m31.7s/10m30s  6.00 iters/s

running (09m32.8s), 092/600 VUs, 1769 complete and 0 interrupted iterations
saturation   [  91% ] 092/600 VUs  09m32.7s/10m30s  6.00 iters/s

running (09m33.8s), 087/600 VUs, 1780 complete and 0 interrupted iterations
saturation   [  91% ] 087/600 VUs  09m33.7s/10m30s  6.00 iters/s

running (09m34.8s), 089/600 VUs, 1784 complete and 0 interrupted iterations
saturation   [  91% ] 089/600 VUs  09m34.7s/10m30s  6.00 iters/s

running (09m35.8s), 086/600 VUs, 1793 complete and 0 interrupted iterations
saturation   [  91% ] 086/600 VUs  09m35.7s/10m30s  6.00 iters/s

running (09m36.8s), 085/600 VUs, 1800 complete and 0 interrupted iterations
saturation   [  92% ] 085/600 VUs  09m36.7s/10m30s  6.00 iters/s

running (09m37.8s), 086/600 VUs, 1805 complete and 0 interrupted iterations
saturation   [  92% ] 086/600 VUs  09m37.7s/10m30s  6.00 iters/s

running (09m38.8s), 088/600 VUs, 1809 complete and 0 interrupted iterations
saturation   [  92% ] 088/600 VUs  09m38.7s/10m30s  6.00 iters/s

running (09m39.8s), 088/600 VUs, 1815 complete and 0 interrupted iterations
saturation   [  92% ] 088/600 VUs  09m39.7s/10m30s  6.00 iters/s

running (09m40.8s), 091/600 VUs, 1818 complete and 0 interrupted iterations
saturation   [  92% ] 091/600 VUs  09m40.7s/10m30s  6.00 iters/s

running (09m41.8s), 087/600 VUs, 1828 complete and 0 interrupted iterations
saturation   [  92% ] 087/600 VUs  09m41.7s/10m30s  6.00 iters/s

running (09m42.8s), 086/600 VUs, 1835 complete and 0 interrupted iterations
saturation   [  92% ] 086/600 VUs  09m42.7s/10m30s  6.00 iters/s

running (09m43.8s), 083/600 VUs, 1844 complete and 0 interrupted iterations
saturation   [  93% ] 083/600 VUs  09m43.7s/10m30s  6.00 iters/s

running (09m44.8s), 082/600 VUs, 1851 complete and 0 interrupted iterations
saturation   [  93% ] 082/600 VUs  09m44.7s/10m30s  6.00 iters/s

running (09m45.8s), 085/600 VUs, 1854 complete and 0 interrupted iterations
saturation   [  93% ] 085/600 VUs  09m45.7s/10m30s  6.00 iters/s

running (09m46.8s), 088/600 VUs, 1857 complete and 0 interrupted iterations
saturation   [  93% ] 088/600 VUs  09m46.7s/10m30s  6.00 iters/s

running (09m47.8s), 091/600 VUs, 1860 complete and 0 interrupted iterations
saturation   [  93% ] 091/600 VUs  09m47.7s/10m30s  6.00 iters/s

running (09m48.8s), 087/600 VUs, 1870 complete and 0 interrupted iterations
saturation   [  93% ] 087/600 VUs  09m48.7s/10m30s  6.00 iters/s

running (09m49.8s), 082/600 VUs, 1881 complete and 0 interrupted iterations
saturation   [  94% ] 082/600 VUs  09m49.7s/10m30s  6.00 iters/s

running (09m50.8s), 084/600 VUs, 1885 complete and 0 interrupted iterations
saturation   [  94% ] 084/600 VUs  09m50.7s/10m30s  6.00 iters/s

running (09m51.8s), 084/600 VUs, 1891 complete and 0 interrupted iterations
saturation   [  94% ] 084/600 VUs  09m51.7s/10m30s  6.00 iters/s

running (09m52.8s), 083/600 VUs, 1898 complete and 0 interrupted iterations
saturation   [  94% ] 083/600 VUs  09m52.7s/10m30s  6.00 iters/s

running (09m53.8s), 082/600 VUs, 1905 complete and 0 interrupted iterations
saturation   [  94% ] 082/600 VUs  09m53.7s/10m30s  6.00 iters/s

running (09m54.8s), 084/600 VUs, 1909 complete and 0 interrupted iterations
saturation   [  94% ] 084/600 VUs  09m54.7s/10m30s  6.00 iters/s

running (09m55.8s), 082/600 VUs, 1917 complete and 0 interrupted iterations
saturation   [  95% ] 082/600 VUs  09m55.7s/10m30s  6.00 iters/s

running (09m56.8s), 081/600 VUs, 1924 complete and 0 interrupted iterations
saturation   [  95% ] 081/600 VUs  09m56.7s/10m30s  6.00 iters/s

running (09m57.8s), 085/600 VUs, 1926 complete and 0 interrupted iterations
saturation   [  95% ] 085/600 VUs  09m57.7s/10m30s  6.00 iters/s

running (09m58.8s), 087/600 VUs, 1930 complete and 0 interrupted iterations
saturation   [  95% ] 087/600 VUs  09m58.7s/10m30s  6.00 iters/s

running (09m59.8s), 080/600 VUs, 1943 complete and 0 interrupted iterations
saturation   [  95% ] 080/600 VUs  09m59.7s/10m30s  6.00 iters/s

running (10m00.8s), 085/600 VUs, 1944 complete and 0 interrupted iterations
saturation   [  95% ] 085/600 VUs  10m00.7s/10m30s  6.00 iters/s

running (10m01.8s), 086/600 VUs, 1949 complete and 0 interrupted iterations
saturation   [  96% ] 086/600 VUs  10m01.7s/10m30s  6.00 iters/s

running (10m02.8s), 079/600 VUs, 1962 complete and 0 interrupted iterations
saturation   [  96% ] 079/600 VUs  10m02.7s/10m30s  6.00 iters/s

running (10m03.8s), 083/600 VUs, 1964 complete and 0 interrupted iterations
saturation   [  96% ] 083/600 VUs  10m03.7s/10m30s  6.00 iters/s

running (10m04.8s), 086/600 VUs, 1967 complete and 0 interrupted iterations
saturation   [  96% ] 086/600 VUs  10m04.7s/10m30s  6.00 iters/s

running (10m05.8s), 080/600 VUs, 1979 complete and 0 interrupted iterations
saturation   [  96% ] 080/600 VUs  10m05.7s/10m30s  6.00 iters/s

running (10m06.8s), 079/600 VUs, 1986 complete and 0 interrupted iterations
saturation   [  96% ] 079/600 VUs  10m06.7s/10m30s  6.00 iters/s

running (10m07.8s), 084/600 VUs, 1987 complete and 0 interrupted iterations
saturation   [  96% ] 084/600 VUs  10m07.7s/10m30s  6.00 iters/s

running (10m08.8s), 086/600 VUs, 1991 complete and 0 interrupted iterations
saturation   [  97% ] 086/600 VUs  10m08.7s/10m30s  6.00 iters/s

running (10m09.8s), 089/600 VUs, 1994 complete and 0 interrupted iterations
saturation   [  97% ] 089/600 VUs  10m09.7s/10m30s  6.00 iters/s

running (10m10.8s), 086/600 VUs, 2003 complete and 0 interrupted iterations
saturation   [  97% ] 086/600 VUs  10m10.7s/10m30s  6.00 iters/s

running (10m11.8s), 090/600 VUs, 2005 complete and 0 interrupted iterations
saturation   [  97% ] 090/600 VUs  10m11.7s/10m30s  6.00 iters/s

running (10m12.8s), 091/600 VUs, 2010 complete and 0 interrupted iterations
saturation   [  97% ] 091/600 VUs  10m12.7s/10m30s  6.00 iters/s

running (10m13.8s), 094/600 VUs, 2013 complete and 0 interrupted iterations
saturation   [  97% ] 094/600 VUs  10m13.7s/10m30s  6.00 iters/s

running (10m14.8s), 088/600 VUs, 2025 complete and 0 interrupted iterations
saturation   [  98% ] 088/600 VUs  10m14.7s/10m30s  6.00 iters/s

running (10m15.8s), 086/600 VUs, 2033 complete and 0 interrupted iterations
saturation   [  98% ] 086/600 VUs  10m15.7s/10m30s  6.00 iters/s

running (10m16.8s), 088/600 VUs, 2037 complete and 0 interrupted iterations
saturation   [  98% ] 088/600 VUs  10m16.7s/10m30s  6.00 iters/s

running (10m17.8s), 083/600 VUs, 2048 complete and 0 interrupted iterations
saturation   [  98% ] 083/600 VUs  10m17.7s/10m30s  6.00 iters/s

running (10m18.8s), 083/600 VUs, 2054 complete and 0 interrupted iterations
saturation   [  98% ] 083/600 VUs  10m18.7s/10m30s  6.00 iters/s

running (10m19.8s), 085/600 VUs, 2058 complete and 0 interrupted iterations
saturation   [  98% ] 085/600 VUs  10m19.7s/10m30s  6.00 iters/s

running (10m20.8s), 085/600 VUs, 2064 complete and 0 interrupted iterations
saturation   [  99% ] 085/600 VUs  10m20.7s/10m30s  6.00 iters/s

running (10m21.8s), 083/600 VUs, 2072 complete and 0 interrupted iterations
saturation   [  99% ] 083/600 VUs  10m21.7s/10m30s  6.00 iters/s

running (10m22.8s), 083/600 VUs, 2078 complete and 0 interrupted iterations
saturation   [  99% ] 083/600 VUs  10m22.7s/10m30s  6.00 iters/s

running (10m23.8s), 082/600 VUs, 2085 complete and 0 interrupted iterations
saturation   [  99% ] 082/600 VUs  10m23.7s/10m30s  6.00 iters/s

running (10m24.8s), 082/600 VUs, 2091 complete and 0 interrupted iterations
saturation   [  99% ] 082/600 VUs  10m24.7s/10m30s  6.00 iters/s

running (10m25.8s), 083/600 VUs, 2096 complete and 0 interrupted iterations
saturation   [  99% ] 083/600 VUs  10m25.7s/10m30s  6.00 iters/s

running (10m26.8s), 087/600 VUs, 2098 complete and 0 interrupted iterations
saturation   [  99% ] 087/600 VUs  10m26.7s/10m30s  6.00 iters/s

running (10m27.8s), 084/600 VUs, 2107 complete and 0 interrupted iterations
saturation   [ 100% ] 084/600 VUs  10m27.7s/10m30s  6.00 iters/s

running (10m28.8s), 080/600 VUs, 2117 complete and 0 interrupted iterations
saturation   [ 100% ] 080/600 VUs  10m28.7s/10m30s  6.00 iters/s

running (10m29.8s), 084/600 VUs, 2119 complete and 0 interrupted iterations
saturation   [ 100% ] 084/600 VUs  10m29.7s/10m30s  6.00 iters/s

running (10m30.8s), 076/600 VUs, 2128 complete and 0 interrupted iterations
saturation ↓ [ 100% ] 079/600 VUs  10m30s  6.00 iters/s

running (10m31.8s), 072/600 VUs, 2132 complete and 0 interrupted iterations
saturation ↓ [ 100% ] 079/600 VUs  10m30s  6.00 iters/s

running (10m32.8s), 065/600 VUs, 2139 complete and 0 interrupted iterations
saturation ↓ [ 100% ] 079/600 VUs  10m30s  6.00 iters/s

running (10m33.8s), 064/600 VUs, 2140 complete and 0 interrupted iterations
saturation ↓ [ 100% ] 079/600 VUs  10m30s  6.00 iters/s

running (10m34.8s), 061/600 VUs, 2143 complete and 0 interrupted iterations
saturation ↓ [ 100% ] 079/600 VUs  10m30s  6.00 iters/s

running (10m35.8s), 057/600 VUs, 2147 complete and 0 interrupted iterations
saturation ↓ [ 100% ] 079/600 VUs  10m30s  6.00 iters/s

running (10m36.8s), 055/600 VUs, 2149 complete and 0 interrupted iterations
saturation ↓ [ 100% ] 079/600 VUs  10m30s  6.00 iters/s

running (10m37.8s), 048/600 VUs, 2156 complete and 0 interrupted iterations
saturation ↓ [ 100% ] 079/600 VUs  10m30s  6.00 iters/s

running (10m38.8s), 047/600 VUs, 2157 complete and 0 interrupted iterations
saturation ↓ [ 100% ] 079/600 VUs  10m30s  6.00 iters/s

running (10m39.8s), 044/600 VUs, 2160 complete and 0 interrupted iterations
saturation ↓ [ 100% ] 079/600 VUs  10m30s  6.00 iters/s

running (10m40.8s), 043/600 VUs, 2161 complete and 0 interrupted iterations
saturation ↓ [ 100% ] 079/600 VUs  10m30s  6.00 iters/s

running (10m41.8s), 039/600 VUs, 2165 complete and 0 interrupted iterations
saturation ↓ [ 100% ] 079/600 VUs  10m30s  6.00 iters/s

running (10m42.8s), 038/600 VUs, 2166 complete and 0 interrupted iterations
saturation ↓ [ 100% ] 079/600 VUs  10m30s  6.00 iters/s

running (10m43.8s), 037/600 VUs, 2167 complete and 0 interrupted iterations
saturation ↓ [ 100% ] 079/600 VUs  10m30s  6.00 iters/s

running (10m44.8s), 034/600 VUs, 2170 complete and 0 interrupted iterations
saturation ↓ [ 100% ] 079/600 VUs  10m30s  6.00 iters/s

running (10m45.8s), 034/600 VUs, 2170 complete and 0 interrupted iterations
saturation ↓ [ 100% ] 079/600 VUs  10m30s  6.00 iters/s

running (10m46.8s), 032/600 VUs, 2172 complete and 0 interrupted iterations
saturation ↓ [ 100% ] 079/600 VUs  10m30s  6.00 iters/s

running (10m47.8s), 029/600 VUs, 2175 complete and 0 interrupted iterations
saturation ↓ [ 100% ] 079/600 VUs  10m30s  6.00 iters/s

running (10m48.8s), 027/600 VUs, 2177 complete and 0 interrupted iterations
saturation ↓ [ 100% ] 079/600 VUs  10m30s  6.00 iters/s

running (10m49.8s), 025/600 VUs, 2179 complete and 0 interrupted iterations
saturation ↓ [ 100% ] 079/600 VUs  10m30s  6.00 iters/s

running (10m50.8s), 024/600 VUs, 2180 complete and 0 interrupted iterations
saturation ↓ [ 100% ] 079/600 VUs  10m30s  6.00 iters/s

running (10m51.8s), 022/600 VUs, 2182 complete and 0 interrupted iterations
saturation ↓ [ 100% ] 079/600 VUs  10m30s  6.00 iters/s

running (10m52.8s), 019/600 VUs, 2185 complete and 0 interrupted iterations
saturation ↓ [ 100% ] 079/600 VUs  10m30s  6.00 iters/s

running (10m53.8s), 017/600 VUs, 2187 complete and 0 interrupted iterations
saturation ↓ [ 100% ] 079/600 VUs  10m30s  6.00 iters/s

running (10m54.8s), 014/600 VUs, 2190 complete and 0 interrupted iterations
saturation ↓ [ 100% ] 079/600 VUs  10m30s  6.00 iters/s

running (10m55.8s), 012/600 VUs, 2192 complete and 0 interrupted iterations
saturation ↓ [ 100% ] 079/600 VUs  10m30s  6.00 iters/s

running (10m56.8s), 008/600 VUs, 2196 complete and 0 interrupted iterations
saturation ↓ [ 100% ] 079/600 VUs  10m30s  6.00 iters/s

running (10m57.8s), 005/600 VUs, 2199 complete and 0 interrupted iterations
saturation ↓ [ 100% ] 079/600 VUs  10m30s  6.00 iters/s

running (10m58.8s), 004/600 VUs, 2200 complete and 0 interrupted iterations
saturation ↓ [ 100% ] 079/600 VUs  10m30s  6.00 iters/s

================ DSP benchmark summary ================
-- per-phase latency --
  catalog                    p50=64.5 ms  p95=76.1 ms  p99=87.6 ms  max=256.3 ms  n=2204
  negotiation init (POST)    p50=7.0 ms  p95=77.0 ms  p99=107.0 ms  max=285.8 ms  n=2190
  time-to-AGREED (async)     p50=1523.0 ms  p95=2309.4 ms  p99=2571.3 ms  max=2832.0 ms  n=1637
  transfer init (POST)       p50=11.0 ms  p95=82.0 ms  p99=107.1 ms  max=203.7 ms  n=1637
  time-to-EDR (async)        p50=765.0 ms  p95=1524.0 ms  p99=1773.9 ms  max=1845.0 ms  n=1513
  data pull                  p50=9.9 ms  p95=14.0 ms  p99=17.0 ms  max=23.7 ms  n=1513
-- end-to-end + throughput --
  e2e transaction            p50=2387.0 ms  p95=3615.6 ms  p99=4005.9 ms  max=4526.0 ms  n=1513
  data throughput (MB/s)     p50=0.0  p95=0.0  p99=0.0  max=0.0  n=1513
-- outcomes --
  transactions succeeded     count=1513  rate=2.293/s
  transactions failed        count=691  rate=1.047/s
  failed rate                rate=31.35%  (pass=691 fail=1513)
    of which TERMINATED      count=28  rate=0.042/s
    of which TIMED OUT       count=649  rate=0.984/s
    of which HTTP-FAILED     count=14  rate=0.021/s
  failure accounting       691/691 classified  (complete)
-- observer effect (poll load) --
  negotiation polls          count=74020  rate=112.201/s
  edr polls                  count=21383  rate=32.413/s
  polls per transaction     negotiation=33.6  edr=9.7  (timeout ceiling=120)
=======================================================
(full summary -> /home/rohitj/edc/benchmarking-dsp-native-basyx/k6-scripts/results/basyx/on/saturation-open/2026-08-11T18-20-12Z/k6-summary.json; POLL_INTERVAL_MS=250; IDENTITY_MODE=on)

running (10m59.7s), 000/600 VUs, 2204 complete and 0 interrupted iterations
saturation ✓ [ 100% ] 000/600 VUs  10m30s  6.00 iters/s
Prometheus snapshot [1786472517..1786473193] svc=(dsp-native-basyx|consumer-controlplane) win=1m -> /home/rohitj/edc/benchmarking-dsp-native-basyx/k6-scripts/results/basyx/on/saturation-open/2026-08-11T18-20-12Z
  jvm-heap.csv (272 rows)
  jvm-gc-rate.csv (272 rows)
  jvm-threads.csv (272 rows)
  http-throughput.csv (272 rows)
  http-p95.csv (272 rows)
  http-errors.csv (272 rows)
  http-errors-5xx.csv (136 rows)
  http-status.csv (1088 rows)
  host-cpu-busy.csv (136 rows)
  host-mem-used.csv (136 rows)
  5xx: 5xx PRESENT (136 samples) — connector-side faults, see http-errors-5xx.csv
  logs -> /home/rohitj/edc/benchmarking-dsp-native-basyx/k6-scripts/results/basyx/on/saturation-open/2026-08-11T18-20-12Z/logs (2 files)
    consumer-controlplane.log:5240
    dsp-native-basyx.log:2318
Settling 60s (this run stressed the connector; the next one must not inherit its backlog)
VALIDITY  ok=1513  failed=691  failed_rate=31%  dropped_iterations=0  <-- >5% FAILURES: past the knee, not a valid operating point
>>> done: /home/rohitj/edc/benchmarking-dsp-native-basyx/k6-scripts/results/basyx/on/saturation-open/2026-08-11T18-20-12Z  (k6 exit 0)
----- basyx / saturation-open (rep 2) -----
>>> basyx / saturation-open  ->  /home/rohitj/edc/benchmarking-dsp-native-basyx/k6-scripts/results/basyx/on/saturation-open/2026-08-11T18-34-14Z
parity OK: lib/ + scenarios/ + orchestration/ + tools/ identical to /home/rohitj/edc/benchmarking-dsp-native-basyx/k6-scripts
Health: http://localhost:29010/management + prometheus  OK
Warmup 60s @ 1/s (discarded)
  draining 20s before the measured window opens
k6 -> Prometheus remote-write: http://localhost:9090/api/v1/write

         /\      Grafana   /‾‾/  
    /\  /  \     |\  __   /  /   
   /  \/    \    | |/ /  /   ‾‾\ 
  /          \   |   (  |  (‾)  |
 / __________ \  |_|\_\  \_____/ 


     execution: local
        script: /home/rohitj/edc/benchmarking-dsp-native-basyx/k6-scripts/scenarios/saturation-open.js
        output: Prometheus remote write (http://localhost:9090/api/v1/write)

     scenarios: (100.00%) 1 scenario, 800 max VUs, 11m0s max duration (incl. graceful stop):
              * saturation: Up to 6.00 iterations/s for 10m30s over 7 stages (maxVUs: 600-800, gracefulStop: 30s)


running (00m00.9s), 000/600 VUs, 0 complete and 0 interrupted iterations
saturation   [   0% ] 000/600 VUs  00m00.7s/10m30s  1.00 iters/s

running (00m01.9s), 001/600 VUs, 0 complete and 0 interrupted iterations
saturation   [   0% ] 001/600 VUs  00m01.7s/10m30s  1.00 iters/s

running (00m02.9s), 002/600 VUs, 0 complete and 0 interrupted iterations
saturation   [   0% ] 002/600 VUs  00m02.7s/10m30s  1.00 iters/s

running (00m03.9s), 003/600 VUs, 0 complete and 0 interrupted iterations
saturation   [   1% ] 003/600 VUs  00m03.7s/10m30s  1.00 iters/s

running (00m04.9s), 003/600 VUs, 1 complete and 0 interrupted iterations
saturation   [   1% ] 003/600 VUs  00m04.7s/10m30s  1.00 iters/s

running (00m05.9s), 003/600 VUs, 2 complete and 0 interrupted iterations
saturation   [   1% ] 003/600 VUs  00m05.7s/10m30s  1.00 iters/s

running (00m06.9s), 003/600 VUs, 3 complete and 0 interrupted iterations
saturation   [   1% ] 003/600 VUs  00m06.7s/10m30s  1.00 iters/s

running (00m07.9s), 003/600 VUs, 4 complete and 0 interrupted iterations
saturation   [   1% ] 003/600 VUs  00m07.7s/10m30s  1.00 iters/s

running (00m08.9s), 003/600 VUs, 5 complete and 0 interrupted iterations
saturation   [   1% ] 003/600 VUs  00m08.7s/10m30s  1.00 iters/s

running (00m09.9s), 003/600 VUs, 6 complete and 0 interrupted iterations
saturation   [   2% ] 003/600 VUs  00m09.7s/10m30s  1.00 iters/s

running (00m10.9s), 003/600 VUs, 7 complete and 0 interrupted iterations
saturation   [   2% ] 003/600 VUs  00m10.7s/10m30s  1.00 iters/s

running (00m11.9s), 002/600 VUs, 9 complete and 0 interrupted iterations
saturation   [   2% ] 002/600 VUs  00m11.7s/10m30s  1.00 iters/s

running (00m12.9s), 002/600 VUs, 10 complete and 0 interrupted iterations
saturation   [   2% ] 002/600 VUs  00m12.7s/10m30s  1.00 iters/s

running (00m13.9s), 002/600 VUs, 11 complete and 0 interrupted iterations
saturation   [   2% ] 002/600 VUs  00m13.7s/10m30s  1.00 iters/s

running (00m14.9s), 002/600 VUs, 12 complete and 0 interrupted iterations
saturation   [   2% ] 002/600 VUs  00m14.7s/10m30s  1.00 iters/s

running (00m15.9s), 003/600 VUs, 12 complete and 0 interrupted iterations
saturation   [   2% ] 003/600 VUs  00m15.7s/10m30s  1.00 iters/s

running (00m16.9s), 003/600 VUs, 13 complete and 0 interrupted iterations
saturation   [   3% ] 003/600 VUs  00m16.7s/10m30s  1.00 iters/s

running (00m17.9s), 003/600 VUs, 14 complete and 0 interrupted iterations
saturation   [   3% ] 003/600 VUs  00m17.7s/10m30s  1.00 iters/s

running (00m18.9s), 003/600 VUs, 15 complete and 0 interrupted iterations
saturation   [   3% ] 003/600 VUs  00m18.7s/10m30s  1.00 iters/s

running (00m19.9s), 003/600 VUs, 16 complete and 0 interrupted iterations
saturation   [   3% ] 003/600 VUs  00m19.7s/10m30s  1.00 iters/s

running (00m20.9s), 003/600 VUs, 17 complete and 0 interrupted iterations
saturation   [   3% ] 003/600 VUs  00m20.7s/10m30s  1.00 iters/s

running (00m21.9s), 003/600 VUs, 18 complete and 0 interrupted iterations
saturation   [   3% ] 003/600 VUs  00m21.7s/10m30s  1.00 iters/s

running (00m22.9s), 004/600 VUs, 18 complete and 0 interrupted iterations
saturation   [   4% ] 004/600 VUs  00m22.7s/10m30s  1.00 iters/s

running (00m23.9s), 004/600 VUs, 19 complete and 0 interrupted iterations
saturation   [   4% ] 004/600 VUs  00m23.7s/10m30s  1.00 iters/s

running (00m24.9s), 004/600 VUs, 20 complete and 0 interrupted iterations
saturation   [   4% ] 004/600 VUs  00m24.7s/10m30s  1.00 iters/s

running (00m25.9s), 003/600 VUs, 22 complete and 0 interrupted iterations
saturation   [   4% ] 003/600 VUs  00m25.7s/10m30s  1.00 iters/s

running (00m26.9s), 003/600 VUs, 23 complete and 0 interrupted iterations
saturation   [   4% ] 003/600 VUs  00m26.7s/10m30s  1.00 iters/s

running (00m27.9s), 003/600 VUs, 24 complete and 0 interrupted iterations
saturation   [   4% ] 003/600 VUs  00m27.7s/10m30s  1.00 iters/s

running (00m28.9s), 003/600 VUs, 25 complete and 0 interrupted iterations
saturation   [   5% ] 003/600 VUs  00m28.7s/10m30s  1.00 iters/s

running (00m29.9s), 003/600 VUs, 26 complete and 0 interrupted iterations
saturation   [   5% ] 003/600 VUs  00m29.7s/10m30s  1.00 iters/s

running (00m30.9s), 004/600 VUs, 26 complete and 0 interrupted iterations
saturation   [   5% ] 004/600 VUs  00m30.7s/10m30s  1.00 iters/s

running (00m31.9s), 004/600 VUs, 27 complete and 0 interrupted iterations
saturation   [   5% ] 004/600 VUs  00m31.7s/10m30s  1.00 iters/s

running (00m32.9s), 004/600 VUs, 28 complete and 0 interrupted iterations
saturation   [   5% ] 004/600 VUs  00m32.7s/10m30s  1.00 iters/s

running (00m33.9s), 004/600 VUs, 29 complete and 0 interrupted iterations
saturation   [   5% ] 004/600 VUs  00m33.7s/10m30s  1.00 iters/s

running (00m34.9s), 004/600 VUs, 30 complete and 0 interrupted iterations
saturation   [   6% ] 004/600 VUs  00m34.7s/10m30s  1.00 iters/s

running (00m35.9s), 004/600 VUs, 31 complete and 0 interrupted iterations
saturation   [   6% ] 004/600 VUs  00m35.7s/10m30s  1.00 iters/s

running (00m36.9s), 004/600 VUs, 32 complete and 0 interrupted iterations
saturation   [   6% ] 004/600 VUs  00m36.7s/10m30s  1.00 iters/s

running (00m37.9s), 004/600 VUs, 33 complete and 0 interrupted iterations
saturation   [   6% ] 004/600 VUs  00m37.7s/10m30s  1.00 iters/s

running (00m38.9s), 003/600 VUs, 35 complete and 0 interrupted iterations
saturation   [   6% ] 003/600 VUs  00m38.7s/10m30s  1.00 iters/s

running (00m39.9s), 003/600 VUs, 36 complete and 0 interrupted iterations
saturation   [   6% ] 003/600 VUs  00m39.7s/10m30s  1.00 iters/s

running (00m40.9s), 003/600 VUs, 37 complete and 0 interrupted iterations
saturation   [   6% ] 003/600 VUs  00m40.7s/10m30s  1.00 iters/s

running (00m41.9s), 003/600 VUs, 38 complete and 0 interrupted iterations
saturation   [   7% ] 003/600 VUs  00m41.7s/10m30s  1.00 iters/s

running (00m42.9s), 003/600 VUs, 39 complete and 0 interrupted iterations
saturation   [   7% ] 003/600 VUs  00m42.7s/10m30s  1.00 iters/s

running (00m43.9s), 003/600 VUs, 40 complete and 0 interrupted iterations
saturation   [   7% ] 003/600 VUs  00m43.7s/10m30s  1.00 iters/s

running (00m44.9s), 003/600 VUs, 41 complete and 0 interrupted iterations
saturation   [   7% ] 003/600 VUs  00m44.7s/10m30s  1.00 iters/s

running (00m45.9s), 004/600 VUs, 41 complete and 0 interrupted iterations
saturation   [   7% ] 004/600 VUs  00m45.7s/10m30s  1.00 iters/s

running (00m46.9s), 004/600 VUs, 42 complete and 0 interrupted iterations
saturation   [   7% ] 004/600 VUs  00m46.7s/10m30s  1.00 iters/s

running (00m47.9s), 004/600 VUs, 43 complete and 0 interrupted iterations
saturation   [   8% ] 004/600 VUs  00m47.7s/10m30s  1.00 iters/s

running (00m48.9s), 004/600 VUs, 44 complete and 0 interrupted iterations
saturation   [   8% ] 004/600 VUs  00m48.7s/10m30s  1.00 iters/s

running (00m49.9s), 003/600 VUs, 46 complete and 0 interrupted iterations
saturation   [   8% ] 003/600 VUs  00m49.7s/10m30s  1.00 iters/s

running (00m50.9s), 003/600 VUs, 47 complete and 0 interrupted iterations
saturation   [   8% ] 003/600 VUs  00m50.7s/10m30s  1.00 iters/s

running (00m51.9s), 003/600 VUs, 48 complete and 0 interrupted iterations
saturation   [   8% ] 003/600 VUs  00m51.7s/10m30s  1.00 iters/s

running (00m52.9s), 002/600 VUs, 50 complete and 0 interrupted iterations
saturation   [   8% ] 002/600 VUs  00m52.7s/10m30s  1.00 iters/s

running (00m53.9s), 002/600 VUs, 51 complete and 0 interrupted iterations
saturation   [   9% ] 002/600 VUs  00m53.7s/10m30s  1.00 iters/s

running (00m54.9s), 002/600 VUs, 52 complete and 0 interrupted iterations
saturation   [   9% ] 002/600 VUs  00m54.7s/10m30s  1.00 iters/s

running (00m55.9s), 002/600 VUs, 53 complete and 0 interrupted iterations
saturation   [   9% ] 002/600 VUs  00m55.7s/10m30s  1.00 iters/s

running (00m56.9s), 002/600 VUs, 54 complete and 0 interrupted iterations
saturation   [   9% ] 002/600 VUs  00m56.7s/10m30s  1.00 iters/s

running (00m57.9s), 002/600 VUs, 55 complete and 0 interrupted iterations
saturation   [   9% ] 002/600 VUs  00m57.7s/10m30s  1.00 iters/s

running (00m58.9s), 003/600 VUs, 55 complete and 0 interrupted iterations
saturation   [   9% ] 003/600 VUs  00m58.7s/10m30s  1.00 iters/s

running (00m59.9s), 003/600 VUs, 56 complete and 0 interrupted iterations
saturation   [   9% ] 003/600 VUs  00m59.7s/10m30s  1.00 iters/s

running (01m00.9s), 003/600 VUs, 57 complete and 0 interrupted iterations
saturation   [  10% ] 003/600 VUs  01m00.7s/10m30s  1.00 iters/s

running (01m01.9s), 003/600 VUs, 58 complete and 0 interrupted iterations
saturation   [  10% ] 003/600 VUs  01m01.7s/10m30s  1.00 iters/s

running (01m02.9s), 003/600 VUs, 59 complete and 0 interrupted iterations
saturation   [  10% ] 003/600 VUs  01m02.7s/10m30s  1.00 iters/s

running (01m03.9s), 003/600 VUs, 60 complete and 0 interrupted iterations
saturation   [  10% ] 003/600 VUs  01m03.7s/10m30s  1.00 iters/s

running (01m04.9s), 003/600 VUs, 61 complete and 0 interrupted iterations
saturation   [  10% ] 003/600 VUs  01m04.7s/10m30s  1.00 iters/s

running (01m05.9s), 003/600 VUs, 62 complete and 0 interrupted iterations
saturation   [  10% ] 003/600 VUs  01m05.7s/10m30s  1.00 iters/s

running (01m06.9s), 002/600 VUs, 64 complete and 0 interrupted iterations
saturation   [  11% ] 002/600 VUs  01m06.7s/10m30s  1.00 iters/s

running (01m07.9s), 002/600 VUs, 65 complete and 0 interrupted iterations
saturation   [  11% ] 002/600 VUs  01m07.7s/10m30s  1.00 iters/s

running (01m08.9s), 002/600 VUs, 66 complete and 0 interrupted iterations
saturation   [  11% ] 002/600 VUs  01m08.7s/10m30s  1.00 iters/s

running (01m09.9s), 003/600 VUs, 66 complete and 0 interrupted iterations
saturation   [  11% ] 003/600 VUs  01m09.7s/10m30s  1.00 iters/s

running (01m10.9s), 002/600 VUs, 68 complete and 0 interrupted iterations
saturation   [  11% ] 002/600 VUs  01m10.7s/10m30s  1.00 iters/s

running (01m11.9s), 003/600 VUs, 68 complete and 0 interrupted iterations
saturation   [  11% ] 003/600 VUs  01m11.7s/10m30s  1.00 iters/s

running (01m12.9s), 003/600 VUs, 69 complete and 0 interrupted iterations
saturation   [  12% ] 003/600 VUs  01m12.7s/10m30s  1.00 iters/s

running (01m13.9s), 003/600 VUs, 70 complete and 0 interrupted iterations
saturation   [  12% ] 003/600 VUs  01m13.7s/10m30s  1.00 iters/s

running (01m14.9s), 003/600 VUs, 71 complete and 0 interrupted iterations
saturation   [  12% ] 003/600 VUs  01m14.7s/10m30s  1.00 iters/s

running (01m15.9s), 003/600 VUs, 72 complete and 0 interrupted iterations
saturation   [  12% ] 003/600 VUs  01m15.7s/10m30s  1.00 iters/s

running (01m16.9s), 003/600 VUs, 73 complete and 0 interrupted iterations
saturation   [  12% ] 003/600 VUs  01m16.7s/10m30s  1.00 iters/s

running (01m17.9s), 003/600 VUs, 74 complete and 0 interrupted iterations
saturation   [  12% ] 003/600 VUs  01m17.7s/10m30s  1.00 iters/s

running (01m18.9s), 002/600 VUs, 76 complete and 0 interrupted iterations
saturation   [  12% ] 002/600 VUs  01m18.7s/10m30s  1.00 iters/s

running (01m19.9s), 002/600 VUs, 77 complete and 0 interrupted iterations
saturation   [  13% ] 002/600 VUs  01m19.7s/10m30s  1.00 iters/s

running (01m20.9s), 002/600 VUs, 78 complete and 0 interrupted iterations
saturation   [  13% ] 002/600 VUs  01m20.7s/10m30s  1.00 iters/s

running (01m21.9s), 002/600 VUs, 79 complete and 0 interrupted iterations
saturation   [  13% ] 002/600 VUs  01m21.7s/10m30s  1.00 iters/s

running (01m22.9s), 002/600 VUs, 80 complete and 0 interrupted iterations
saturation   [  13% ] 002/600 VUs  01m22.7s/10m30s  1.00 iters/s

running (01m23.9s), 002/600 VUs, 81 complete and 0 interrupted iterations
saturation   [  13% ] 002/600 VUs  01m23.7s/10m30s  1.00 iters/s

running (01m24.9s), 002/600 VUs, 82 complete and 0 interrupted iterations
saturation   [  13% ] 002/600 VUs  01m24.7s/10m30s  1.00 iters/s

running (01m25.9s), 002/600 VUs, 83 complete and 0 interrupted iterations
saturation   [  14% ] 002/600 VUs  01m25.7s/10m30s  1.00 iters/s

running (01m26.9s), 003/600 VUs, 83 complete and 0 interrupted iterations
saturation   [  14% ] 003/600 VUs  01m26.7s/10m30s  1.00 iters/s

running (01m27.9s), 003/600 VUs, 84 complete and 0 interrupted iterations
saturation   [  14% ] 003/600 VUs  01m27.7s/10m30s  1.00 iters/s

running (01m28.9s), 003/600 VUs, 85 complete and 0 interrupted iterations
saturation   [  14% ] 003/600 VUs  01m28.7s/10m30s  1.00 iters/s

running (01m29.9s), 003/600 VUs, 86 complete and 0 interrupted iterations
saturation   [  14% ] 003/600 VUs  01m29.7s/10m30s  1.00 iters/s

running (01m30.9s), 003/600 VUs, 87 complete and 0 interrupted iterations
saturation   [  14% ] 003/600 VUs  01m30.7s/10m30s  1.01 iters/s

running (01m31.9s), 003/600 VUs, 88 complete and 0 interrupted iterations
saturation   [  15% ] 003/600 VUs  01m31.7s/10m30s  1.02 iters/s

running (01m32.9s), 003/600 VUs, 89 complete and 0 interrupted iterations
saturation   [  15% ] 003/600 VUs  01m32.7s/10m30s  1.03 iters/s

running (01m33.9s), 002/600 VUs, 91 complete and 0 interrupted iterations
saturation   [  15% ] 002/600 VUs  01m33.7s/10m30s  1.04 iters/s

running (01m34.9s), 002/600 VUs, 92 complete and 0 interrupted iterations
saturation   [  15% ] 002/600 VUs  01m34.7s/10m30s  1.05 iters/s

running (01m35.9s), 002/600 VUs, 93 complete and 0 interrupted iterations
saturation   [  15% ] 002/600 VUs  01m35.7s/10m30s  1.06 iters/s

running (01m36.9s), 002/600 VUs, 94 complete and 0 interrupted iterations
saturation   [  15% ] 002/600 VUs  01m36.7s/10m30s  1.07 iters/s

running (01m37.9s), 003/600 VUs, 95 complete and 0 interrupted iterations
saturation   [  16% ] 003/600 VUs  01m37.7s/10m30s  1.09 iters/s

running (01m38.9s), 003/600 VUs, 96 complete and 0 interrupted iterations
saturation   [  16% ] 003/600 VUs  01m38.7s/10m30s  1.10 iters/s

running (01m39.9s), 004/600 VUs, 96 complete and 0 interrupted iterations
saturation   [  16% ] 004/600 VUs  01m39.7s/10m30s  1.11 iters/s

running (01m40.9s), 004/600 VUs, 97 complete and 0 interrupted iterations
saturation   [  16% ] 004/600 VUs  01m40.7s/10m30s  1.12 iters/s

running (01m41.9s), 003/600 VUs, 99 complete and 0 interrupted iterations
saturation   [  16% ] 003/600 VUs  01m41.7s/10m30s  1.13 iters/s

running (01m42.9s), 003/600 VUs, 100 complete and 0 interrupted iterations
saturation   [  16% ] 003/600 VUs  01m42.7s/10m30s  1.14 iters/s

running (01m43.9s), 003/600 VUs, 101 complete and 0 interrupted iterations
saturation   [  16% ] 003/600 VUs  01m43.7s/10m30s  1.15 iters/s

running (01m44.9s), 003/600 VUs, 102 complete and 0 interrupted iterations
saturation   [  17% ] 003/600 VUs  01m44.7s/10m30s  1.16 iters/s

running (01m45.9s), 004/600 VUs, 103 complete and 0 interrupted iterations
saturation   [  17% ] 004/600 VUs  01m45.7s/10m30s  1.18 iters/s

running (01m46.9s), 003/600 VUs, 105 complete and 0 interrupted iterations
saturation   [  17% ] 003/600 VUs  01m46.7s/10m30s  1.19 iters/s

running (01m47.9s), 003/600 VUs, 106 complete and 0 interrupted iterations
saturation   [  17% ] 003/600 VUs  01m47.7s/10m30s  1.20 iters/s

running (01m48.9s), 003/600 VUs, 107 complete and 0 interrupted iterations
saturation   [  17% ] 003/600 VUs  01m48.7s/10m30s  1.21 iters/s

running (01m49.9s), 003/600 VUs, 108 complete and 0 interrupted iterations
saturation   [  17% ] 003/600 VUs  01m49.7s/10m30s  1.22 iters/s

running (01m50.9s), 003/600 VUs, 110 complete and 0 interrupted iterations
saturation   [  18% ] 003/600 VUs  01m50.7s/10m30s  1.23 iters/s

running (01m51.9s), 003/600 VUs, 111 complete and 0 interrupted iterations
saturation   [  18% ] 003/600 VUs  01m51.7s/10m30s  1.24 iters/s

running (01m52.9s), 003/600 VUs, 112 complete and 0 interrupted iterations
saturation   [  18% ] 003/600 VUs  01m52.7s/10m30s  1.25 iters/s

running (01m53.9s), 004/600 VUs, 112 complete and 0 interrupted iterations
saturation   [  18% ] 004/600 VUs  01m53.7s/10m30s  1.26 iters/s

running (01m54.9s), 004/600 VUs, 114 complete and 0 interrupted iterations
saturation   [  18% ] 004/600 VUs  01m54.7s/10m30s  1.28 iters/s

running (01m55.9s), 004/600 VUs, 115 complete and 0 interrupted iterations
saturation   [  18% ] 004/600 VUs  01m55.7s/10m30s  1.29 iters/s

running (01m56.9s), 004/600 VUs, 116 complete and 0 interrupted iterations
saturation   [  19% ] 004/600 VUs  01m56.7s/10m30s  1.30 iters/s

running (01m57.9s), 003/600 VUs, 118 complete and 0 interrupted iterations
saturation   [  19% ] 003/600 VUs  01m57.7s/10m30s  1.30 iters/s

running (01m58.9s), 004/600 VUs, 119 complete and 0 interrupted iterations
saturation   [  19% ] 004/600 VUs  01m58.7s/10m30s  1.32 iters/s

running (01m59.9s), 003/600 VUs, 121 complete and 0 interrupted iterations
saturation   [  19% ] 003/600 VUs  01m59.7s/10m30s  1.33 iters/s

running (02m00.9s), 003/600 VUs, 122 complete and 0 interrupted iterations
saturation   [  19% ] 003/600 VUs  02m00.7s/10m30s  1.34 iters/s

running (02m01.9s), 004/600 VUs, 123 complete and 0 interrupted iterations
saturation   [  19% ] 004/600 VUs  02m01.7s/10m30s  1.35 iters/s

running (02m02.9s), 003/600 VUs, 125 complete and 0 interrupted iterations
saturation   [  19% ] 003/600 VUs  02m02.7s/10m30s  1.36 iters/s

running (02m03.9s), 004/600 VUs, 126 complete and 0 interrupted iterations
saturation   [  20% ] 004/600 VUs  02m03.7s/10m30s  1.38 iters/s

running (02m04.9s), 005/600 VUs, 126 complete and 0 interrupted iterations
saturation   [  20% ] 005/600 VUs  02m04.7s/10m30s  1.39 iters/s

running (02m05.9s), 004/600 VUs, 128 complete and 0 interrupted iterations
saturation   [  20% ] 004/600 VUs  02m05.7s/10m30s  1.39 iters/s

running (02m06.9s), 005/600 VUs, 129 complete and 0 interrupted iterations
saturation   [  20% ] 005/600 VUs  02m06.7s/10m30s  1.41 iters/s

running (02m07.9s), 004/600 VUs, 131 complete and 0 interrupted iterations
saturation   [  20% ] 004/600 VUs  02m07.7s/10m30s  1.42 iters/s

running (02m08.9s), 005/600 VUs, 132 complete and 0 interrupted iterations
saturation   [  20% ] 005/600 VUs  02m08.7s/10m30s  1.43 iters/s

running (02m09.9s), 004/600 VUs, 134 complete and 0 interrupted iterations
saturation   [  21% ] 004/600 VUs  02m09.7s/10m30s  1.44 iters/s

running (02m10.9s), 004/600 VUs, 135 complete and 0 interrupted iterations
saturation   [  21% ] 004/600 VUs  02m10.7s/10m30s  1.45 iters/s

running (02m11.9s), 004/600 VUs, 137 complete and 0 interrupted iterations
saturation   [  21% ] 004/600 VUs  02m11.7s/10m30s  1.46 iters/s

running (02m12.9s), 003/600 VUs, 139 complete and 0 interrupted iterations
saturation   [  21% ] 003/600 VUs  02m12.7s/10m30s  1.47 iters/s

running (02m13.9s), 005/600 VUs, 139 complete and 0 interrupted iterations
saturation   [  21% ] 005/600 VUs  02m13.7s/10m30s  1.49 iters/s

running (02m14.9s), 004/600 VUs, 141 complete and 0 interrupted iterations
saturation   [  21% ] 004/600 VUs  02m14.7s/10m30s  1.49 iters/s

running (02m15.9s), 005/600 VUs, 142 complete and 0 interrupted iterations
saturation   [  22% ] 005/600 VUs  02m15.7s/10m30s  1.51 iters/s

running (02m16.9s), 006/600 VUs, 142 complete and 0 interrupted iterations
saturation   [  22% ] 006/600 VUs  02m16.7s/10m30s  1.52 iters/s

running (02m17.9s), 006/600 VUs, 144 complete and 0 interrupted iterations
saturation   [  22% ] 006/600 VUs  02m17.7s/10m30s  1.53 iters/s

running (02m18.9s), 005/600 VUs, 146 complete and 0 interrupted iterations
saturation   [  22% ] 005/600 VUs  02m18.7s/10m30s  1.54 iters/s

running (02m19.9s), 006/600 VUs, 147 complete and 0 interrupted iterations
saturation   [  22% ] 006/600 VUs  02m19.7s/10m30s  1.55 iters/s

running (02m20.9s), 006/600 VUs, 149 complete and 0 interrupted iterations
saturation   [  22% ] 006/600 VUs  02m20.7s/10m30s  1.57 iters/s

running (02m21.9s), 005/600 VUs, 151 complete and 0 interrupted iterations
saturation   [  22% ] 005/600 VUs  02m21.7s/10m30s  1.57 iters/s

running (02m22.9s), 006/600 VUs, 152 complete and 0 interrupted iterations
saturation   [  23% ] 006/600 VUs  02m22.7s/10m30s  1.59 iters/s

running (02m23.9s), 007/600 VUs, 152 complete and 0 interrupted iterations
saturation   [  23% ] 007/600 VUs  02m23.7s/10m30s  1.60 iters/s

running (02m24.9s), 007/600 VUs, 154 complete and 0 interrupted iterations
saturation   [  23% ] 007/600 VUs  02m24.7s/10m30s  1.61 iters/s

running (02m25.9s), 006/600 VUs, 156 complete and 0 interrupted iterations
saturation   [  23% ] 006/600 VUs  02m25.7s/10m30s  1.62 iters/s

running (02m26.9s), 008/600 VUs, 156 complete and 0 interrupted iterations
saturation   [  23% ] 008/600 VUs  02m26.7s/10m30s  1.63 iters/s

running (02m27.9s), 009/600 VUs, 157 complete and 0 interrupted iterations
saturation   [  23% ] 009/600 VUs  02m27.7s/10m30s  1.64 iters/s

running (02m28.9s), 008/600 VUs, 159 complete and 0 interrupted iterations
saturation   [  24% ] 008/600 VUs  02m28.7s/10m30s  1.65 iters/s

running (02m29.9s), 008/600 VUs, 161 complete and 0 interrupted iterations
saturation   [  24% ] 008/600 VUs  02m29.7s/10m30s  1.66 iters/s

running (02m30.9s), 008/600 VUs, 163 complete and 0 interrupted iterations
saturation   [  24% ] 008/600 VUs  02m30.7s/10m30s  1.68 iters/s

running (02m31.9s), 007/600 VUs, 165 complete and 0 interrupted iterations
saturation   [  24% ] 007/600 VUs  02m31.7s/10m30s  1.68 iters/s

running (02m32.9s), 008/600 VUs, 166 complete and 0 interrupted iterations
saturation   [  24% ] 008/600 VUs  02m32.7s/10m30s  1.70 iters/s

running (02m33.9s), 008/600 VUs, 168 complete and 0 interrupted iterations
saturation   [  24% ] 008/600 VUs  02m33.7s/10m30s  1.71 iters/s

running (02m34.9s), 007/600 VUs, 170 complete and 0 interrupted iterations
saturation   [  25% ] 007/600 VUs  02m34.7s/10m30s  1.72 iters/s

running (02m35.9s), 007/600 VUs, 172 complete and 0 interrupted iterations
saturation   [  25% ] 007/600 VUs  02m35.7s/10m30s  1.73 iters/s

running (02m36.9s), 008/600 VUs, 173 complete and 0 interrupted iterations
saturation   [  25% ] 008/600 VUs  02m36.7s/10m30s  1.74 iters/s

running (02m37.9s), 008/600 VUs, 175 complete and 0 interrupted iterations
saturation   [  25% ] 008/600 VUs  02m37.7s/10m30s  1.75 iters/s

running (02m38.9s), 008/600 VUs, 176 complete and 0 interrupted iterations
saturation   [  25% ] 008/600 VUs  02m38.7s/10m30s  1.76 iters/s

running (02m39.9s), 008/600 VUs, 178 complete and 0 interrupted iterations
saturation   [  25% ] 008/600 VUs  02m39.7s/10m30s  1.77 iters/s

running (02m40.9s), 008/600 VUs, 180 complete and 0 interrupted iterations
saturation   [  26% ] 008/600 VUs  02m40.7s/10m30s  1.79 iters/s

running (02m41.9s), 007/600 VUs, 183 complete and 0 interrupted iterations
saturation   [  26% ] 007/600 VUs  02m41.7s/10m30s  1.80 iters/s

running (02m42.9s), 007/600 VUs, 185 complete and 0 interrupted iterations
saturation   [  26% ] 007/600 VUs  02m42.7s/10m30s  1.81 iters/s

running (02m43.9s), 006/600 VUs, 187 complete and 0 interrupted iterations
saturation   [  26% ] 006/600 VUs  02m43.7s/10m30s  1.82 iters/s

running (02m44.9s), 006/600 VUs, 189 complete and 0 interrupted iterations
saturation   [  26% ] 006/600 VUs  02m44.7s/10m30s  1.83 iters/s

running (02m45.9s), 006/600 VUs, 191 complete and 0 interrupted iterations
saturation   [  26% ] 006/600 VUs  02m45.7s/10m30s  1.84 iters/s

running (02m46.9s), 006/600 VUs, 193 complete and 0 interrupted iterations
saturation   [  26% ] 006/600 VUs  02m46.7s/10m30s  1.85 iters/s

running (02m47.9s), 008/600 VUs, 193 complete and 0 interrupted iterations
saturation   [  27% ] 008/600 VUs  02m47.7s/10m30s  1.86 iters/s

running (02m48.9s), 008/600 VUs, 195 complete and 0 interrupted iterations
saturation   [  27% ] 008/600 VUs  02m48.7s/10m30s  1.88 iters/s

running (02m49.9s), 008/600 VUs, 197 complete and 0 interrupted iterations
saturation   [  27% ] 008/600 VUs  02m49.7s/10m30s  1.89 iters/s

running (02m50.9s), 006/600 VUs, 200 complete and 0 interrupted iterations
saturation   [  27% ] 006/600 VUs  02m50.7s/10m30s  1.89 iters/s

running (02m51.9s), 005/600 VUs, 203 complete and 0 interrupted iterations
saturation   [  27% ] 005/600 VUs  02m51.7s/10m30s  1.91 iters/s

running (02m52.9s), 005/600 VUs, 205 complete and 0 interrupted iterations
saturation   [  27% ] 005/600 VUs  02m52.7s/10m30s  1.92 iters/s

running (02m53.9s), 005/600 VUs, 207 complete and 0 interrupted iterations
saturation   [  28% ] 005/600 VUs  02m53.7s/10m30s  1.93 iters/s

running (02m54.9s), 005/600 VUs, 209 complete and 0 interrupted iterations
saturation   [  28% ] 005/600 VUs  02m54.7s/10m30s  1.94 iters/s

running (02m55.9s), 005/600 VUs, 211 complete and 0 interrupted iterations
saturation   [  28% ] 005/600 VUs  02m55.7s/10m30s  1.95 iters/s

running (02m56.9s), 007/600 VUs, 211 complete and 0 interrupted iterations
saturation   [  28% ] 007/600 VUs  02m56.7s/10m30s  1.96 iters/s

running (02m57.9s), 007/600 VUs, 213 complete and 0 interrupted iterations
saturation   [  28% ] 007/600 VUs  02m57.7s/10m30s  1.97 iters/s

running (02m58.9s), 005/600 VUs, 217 complete and 0 interrupted iterations
saturation   [  28% ] 005/600 VUs  02m58.7s/10m30s  1.99 iters/s

running (02m59.9s), 007/600 VUs, 217 complete and 0 interrupted iterations
saturation   [  29% ] 007/600 VUs  02m59.7s/10m30s  2.00 iters/s

running (03m00.9s), 009/600 VUs, 217 complete and 0 interrupted iterations
saturation   [  29% ] 009/600 VUs  03m00.7s/10m30s  2.01 iters/s

running (03m01.9s), 006/600 VUs, 222 complete and 0 interrupted iterations
saturation   [  29% ] 006/600 VUs  03m01.7s/10m30s  2.02 iters/s

running (03m02.9s), 006/600 VUs, 224 complete and 0 interrupted iterations
saturation   [  29% ] 006/600 VUs  03m02.7s/10m30s  2.03 iters/s

running (03m03.9s), 008/600 VUs, 224 complete and 0 interrupted iterations
saturation   [  29% ] 008/600 VUs  03m03.7s/10m30s  2.04 iters/s

running (03m04.9s), 010/600 VUs, 224 complete and 0 interrupted iterations
saturation   [  29% ] 010/600 VUs  03m04.7s/10m30s  2.05 iters/s

running (03m05.9s), 008/600 VUs, 228 complete and 0 interrupted iterations
saturation   [  29% ] 008/600 VUs  03m05.7s/10m30s  2.06 iters/s

running (03m06.9s), 007/600 VUs, 231 complete and 0 interrupted iterations
saturation   [  30% ] 007/600 VUs  03m06.7s/10m30s  2.07 iters/s

running (03m07.9s), 009/600 VUs, 231 complete and 0 interrupted iterations
saturation   [  30% ] 009/600 VUs  03m07.7s/10m30s  2.08 iters/s

running (03m08.9s), 010/600 VUs, 232 complete and 0 interrupted iterations
saturation   [  30% ] 010/600 VUs  03m08.7s/10m30s  2.09 iters/s

running (03m09.9s), 010/600 VUs, 234 complete and 0 interrupted iterations
saturation   [  30% ] 010/600 VUs  03m09.7s/10m30s  2.11 iters/s

running (03m10.9s), 013/600 VUs, 234 complete and 0 interrupted iterations
saturation   [  30% ] 013/600 VUs  03m10.7s/10m30s  2.12 iters/s

running (03m11.9s), 014/600 VUs, 235 complete and 0 interrupted iterations
saturation   [  30% ] 014/600 VUs  03m11.7s/10m30s  2.13 iters/s

running (03m12.9s), 014/600 VUs, 237 complete and 0 interrupted iterations
saturation   [  31% ] 014/600 VUs  03m12.7s/10m30s  2.14 iters/s

running (03m13.9s), 015/600 VUs, 238 complete and 0 interrupted iterations
saturation   [  31% ] 015/600 VUs  03m13.7s/10m30s  2.15 iters/s

running (03m14.9s), 017/600 VUs, 238 complete and 0 interrupted iterations
saturation   [  31% ] 017/600 VUs  03m14.7s/10m30s  2.16 iters/s

running (03m15.9s), 017/600 VUs, 240 complete and 0 interrupted iterations
saturation   [  31% ] 017/600 VUs  03m15.7s/10m30s  2.17 iters/s

running (03m16.9s), 017/600 VUs, 243 complete and 0 interrupted iterations
saturation   [  31% ] 017/600 VUs  03m16.7s/10m30s  2.19 iters/s

running (03m17.9s), 016/600 VUs, 246 complete and 0 interrupted iterations
saturation   [  31% ] 016/600 VUs  03m17.7s/10m30s  2.20 iters/s

running (03m18.9s), 016/600 VUs, 248 complete and 0 interrupted iterations
saturation   [  32% ] 016/600 VUs  03m18.7s/10m30s  2.21 iters/s

running (03m19.9s), 014/600 VUs, 252 complete and 0 interrupted iterations
saturation   [  32% ] 014/600 VUs  03m19.7s/10m30s  2.22 iters/s

running (03m20.9s), 016/600 VUs, 252 complete and 0 interrupted iterations
saturation   [  32% ] 016/600 VUs  03m20.7s/10m30s  2.23 iters/s

running (03m21.9s), 016/600 VUs, 255 complete and 0 interrupted iterations
saturation   [  32% ] 016/600 VUs  03m21.7s/10m30s  2.24 iters/s

running (03m22.9s), 017/600 VUs, 256 complete and 0 interrupted iterations
saturation   [  32% ] 017/600 VUs  03m22.7s/10m30s  2.25 iters/s

running (03m23.9s), 016/600 VUs, 259 complete and 0 interrupted iterations
saturation   [  32% ] 016/600 VUs  03m23.7s/10m30s  2.26 iters/s

running (03m24.9s), 018/600 VUs, 259 complete and 0 interrupted iterations
saturation   [  32% ] 018/600 VUs  03m24.7s/10m30s  2.27 iters/s

running (03m25.9s), 020/600 VUs, 260 complete and 0 interrupted iterations
saturation   [  33% ] 020/600 VUs  03m25.7s/10m30s  2.29 iters/s

running (03m26.9s), 019/600 VUs, 263 complete and 0 interrupted iterations
saturation   [  33% ] 019/600 VUs  03m26.7s/10m30s  2.30 iters/s

running (03m27.9s), 020/600 VUs, 264 complete and 0 interrupted iterations
saturation   [  33% ] 020/600 VUs  03m27.7s/10m30s  2.31 iters/s

running (03m28.9s), 023/600 VUs, 264 complete and 0 interrupted iterations
saturation   [  33% ] 023/600 VUs  03m28.7s/10m30s  2.32 iters/s

running (03m29.9s), 024/600 VUs, 265 complete and 0 interrupted iterations
saturation   [  33% ] 024/600 VUs  03m29.7s/10m30s  2.33 iters/s

running (03m30.9s), 026/600 VUs, 265 complete and 0 interrupted iterations
saturation   [  33% ] 026/600 VUs  03m30.7s/10m30s  2.34 iters/s

running (03m31.9s), 024/600 VUs, 270 complete and 0 interrupted iterations
saturation   [  34% ] 024/600 VUs  03m31.7s/10m30s  2.35 iters/s

running (03m32.9s), 024/600 VUs, 272 complete and 0 interrupted iterations
saturation   [  34% ] 024/600 VUs  03m32.7s/10m30s  2.36 iters/s

running (03m33.9s), 025/600 VUs, 273 complete and 0 interrupted iterations
saturation   [  34% ] 025/600 VUs  03m33.7s/10m30s  2.37 iters/s

running (03m34.9s), 025/600 VUs, 276 complete and 0 interrupted iterations
saturation   [  34% ] 025/600 VUs  03m34.7s/10m30s  2.39 iters/s

running (03m35.9s), 025/600 VUs, 278 complete and 0 interrupted iterations
saturation   [  34% ] 025/600 VUs  03m35.7s/10m30s  2.40 iters/s

running (03m36.9s), 026/600 VUs, 279 complete and 0 interrupted iterations
saturation   [  34% ] 026/600 VUs  03m36.7s/10m30s  2.41 iters/s

running (03m37.9s), 024/600 VUs, 284 complete and 0 interrupted iterations
saturation   [  35% ] 024/600 VUs  03m37.7s/10m30s  2.42 iters/s

running (03m38.9s), 024/600 VUs, 286 complete and 0 interrupted iterations
saturation   [  35% ] 024/600 VUs  03m38.7s/10m30s  2.43 iters/s

running (03m39.9s), 023/600 VUs, 290 complete and 0 interrupted iterations
saturation   [  35% ] 023/600 VUs  03m39.7s/10m30s  2.44 iters/s

running (03m40.9s), 020/600 VUs, 295 complete and 0 interrupted iterations
saturation   [  35% ] 020/600 VUs  03m40.7s/10m30s  2.45 iters/s

running (03m41.9s), 022/600 VUs, 296 complete and 0 interrupted iterations
saturation   [  35% ] 022/600 VUs  03m41.7s/10m30s  2.47 iters/s

running (03m42.9s), 021/600 VUs, 299 complete and 0 interrupted iterations
saturation   [  35% ] 021/600 VUs  03m42.7s/10m30s  2.47 iters/s

running (03m43.9s), 019/600 VUs, 304 complete and 0 interrupted iterations
saturation   [  36% ] 019/600 VUs  03m43.7s/10m30s  2.49 iters/s

running (03m44.9s), 020/600 VUs, 305 complete and 0 interrupted iterations
saturation   [  36% ] 020/600 VUs  03m44.7s/10m30s  2.50 iters/s

running (03m45.9s), 023/600 VUs, 305 complete and 0 interrupted iterations
saturation   [  36% ] 023/600 VUs  03m45.7s/10m30s  2.51 iters/s

running (03m46.9s), 022/600 VUs, 308 complete and 0 interrupted iterations
saturation   [  36% ] 022/600 VUs  03m46.7s/10m30s  2.52 iters/s

running (03m47.9s), 019/600 VUs, 314 complete and 0 interrupted iterations
saturation   [  36% ] 019/600 VUs  03m47.7s/10m30s  2.53 iters/s

running (03m48.9s), 021/600 VUs, 314 complete and 0 interrupted iterations
saturation   [  36% ] 021/600 VUs  03m48.7s/10m30s  2.54 iters/s

running (03m49.9s), 021/600 VUs, 317 complete and 0 interrupted iterations
saturation   [  36% ] 021/600 VUs  03m49.7s/10m30s  2.55 iters/s

running (03m50.9s), 023/600 VUs, 317 complete and 0 interrupted iterations
saturation   [  37% ] 023/600 VUs  03m50.7s/10m30s  2.56 iters/s

running (03m51.9s), 023/600 VUs, 320 complete and 0 interrupted iterations
saturation   [  37% ] 023/600 VUs  03m51.7s/10m30s  2.58 iters/s

running (03m52.9s), 023/600 VUs, 322 complete and 0 interrupted iterations
saturation   [  37% ] 023/600 VUs  03m52.7s/10m30s  2.58 iters/s

running (03m53.9s), 021/600 VUs, 327 complete and 0 interrupted iterations
saturation   [  37% ] 021/600 VUs  03m53.7s/10m30s  2.60 iters/s

running (03m54.9s), 023/600 VUs, 328 complete and 0 interrupted iterations
saturation   [  37% ] 023/600 VUs  03m54.7s/10m30s  2.61 iters/s

running (03m55.9s), 022/600 VUs, 331 complete and 0 interrupted iterations
saturation   [  37% ] 022/600 VUs  03m55.7s/10m30s  2.62 iters/s

running (03m56.9s), 019/600 VUs, 337 complete and 0 interrupted iterations
saturation   [  38% ] 019/600 VUs  03m56.7s/10m30s  2.63 iters/s

running (03m57.9s), 017/600 VUs, 341 complete and 0 interrupted iterations
saturation   [  38% ] 017/600 VUs  03m57.7s/10m30s  2.64 iters/s

running (03m58.9s), 017/600 VUs, 344 complete and 0 interrupted iterations
saturation   [  38% ] 017/600 VUs  03m58.7s/10m30s  2.65 iters/s

running (03m59.9s), 015/600 VUs, 349 complete and 0 interrupted iterations
saturation   [  38% ] 015/600 VUs  03m59.7s/10m30s  2.66 iters/s

running (04m00.9s), 016/600 VUs, 350 complete and 0 interrupted iterations
saturation   [  38% ] 016/600 VUs  04m00.7s/10m30s  2.67 iters/s

running (04m01.9s), 019/600 VUs, 350 complete and 0 interrupted iterations
saturation   [  38% ] 019/600 VUs  04m01.7s/10m30s  2.69 iters/s

running (04m02.9s), 022/600 VUs, 350 complete and 0 interrupted iterations
saturation   [  39% ] 022/600 VUs  04m02.7s/10m30s  2.70 iters/s

running (04m03.9s), 020/600 VUs, 355 complete and 0 interrupted iterations
saturation   [  39% ] 020/600 VUs  04m03.7s/10m30s  2.71 iters/s

running (04m04.9s), 021/600 VUs, 356 complete and 0 interrupted iterations
saturation   [  39% ] 021/600 VUs  04m04.7s/10m30s  2.72 iters/s

running (04m05.9s), 023/600 VUs, 357 complete and 0 interrupted iterations
saturation   [  39% ] 023/600 VUs  04m05.7s/10m30s  2.73 iters/s

running (04m06.9s), 026/600 VUs, 357 complete and 0 interrupted iterations
saturation   [  39% ] 026/600 VUs  04m06.7s/10m30s  2.74 iters/s

running (04m07.9s), 023/600 VUs, 362 complete and 0 interrupted iterations
saturation   [  39% ] 023/600 VUs  04m07.7s/10m30s  2.75 iters/s

running (04m08.9s), 021/600 VUs, 367 complete and 0 interrupted iterations
saturation   [  39% ] 021/600 VUs  04m08.7s/10m30s  2.76 iters/s

running (04m09.9s), 023/600 VUs, 368 complete and 0 interrupted iterations
saturation   [  40% ] 023/600 VUs  04m09.7s/10m30s  2.77 iters/s

running (04m10.9s), 023/600 VUs, 371 complete and 0 interrupted iterations
saturation   [  40% ] 023/600 VUs  04m10.7s/10m30s  2.79 iters/s

running (04m11.9s), 022/600 VUs, 375 complete and 0 interrupted iterations
saturation   [  40% ] 022/600 VUs  04m11.7s/10m30s  2.80 iters/s

running (04m12.9s), 024/600 VUs, 375 complete and 0 interrupted iterations
saturation   [  40% ] 024/600 VUs  04m12.7s/10m30s  2.81 iters/s

running (04m13.9s), 027/600 VUs, 375 complete and 0 interrupted iterations
saturation   [  40% ] 027/600 VUs  04m13.7s/10m30s  2.82 iters/s

running (04m14.9s), 025/600 VUs, 380 complete and 0 interrupted iterations
saturation   [  40% ] 025/600 VUs  04m14.7s/10m30s  2.83 iters/s

running (04m15.9s), 028/600 VUs, 380 complete and 0 interrupted iterations
saturation   [  41% ] 028/600 VUs  04m15.7s/10m30s  2.84 iters/s

running (04m16.9s), 026/600 VUs, 385 complete and 0 interrupted iterations
saturation   [  41% ] 026/600 VUs  04m16.7s/10m30s  2.85 iters/s

running (04m17.9s), 027/600 VUs, 387 complete and 0 interrupted iterations
saturation   [  41% ] 027/600 VUs  04m17.7s/10m30s  2.87 iters/s

running (04m18.9s), 025/600 VUs, 391 complete and 0 interrupted iterations
saturation   [  41% ] 025/600 VUs  04m18.7s/10m30s  2.87 iters/s

running (04m19.9s), 028/600 VUs, 391 complete and 0 interrupted iterations
saturation   [  41% ] 028/600 VUs  04m19.7s/10m30s  2.88 iters/s

running (04m20.9s), 027/600 VUs, 395 complete and 0 interrupted iterations
saturation   [  41% ] 027/600 VUs  04m20.7s/10m30s  2.90 iters/s

running (04m21.9s), 029/600 VUs, 396 complete and 0 interrupted iterations
saturation   [  42% ] 029/600 VUs  04m21.7s/10m30s  2.91 iters/s

running (04m22.9s), 032/600 VUs, 396 complete and 0 interrupted iterations
saturation   [  42% ] 032/600 VUs  04m22.7s/10m30s  2.92 iters/s

running (04m23.9s), 031/600 VUs, 400 complete and 0 interrupted iterations
saturation   [  42% ] 031/600 VUs  04m23.7s/10m30s  2.93 iters/s

running (04m24.9s), 032/600 VUs, 402 complete and 0 interrupted iterations
saturation   [  42% ] 032/600 VUs  04m24.7s/10m30s  2.94 iters/s

running (04m25.9s), 030/600 VUs, 407 complete and 0 interrupted iterations
saturation   [  42% ] 030/600 VUs  04m25.7s/10m30s  2.95 iters/s

running (04m26.9s), 032/600 VUs, 408 complete and 0 interrupted iterations
saturation   [  42% ] 032/600 VUs  04m26.7s/10m30s  2.96 iters/s

running (04m27.9s), 031/600 VUs, 412 complete and 0 interrupted iterations
saturation   [  42% ] 031/600 VUs  04m27.7s/10m30s  2.98 iters/s

running (04m28.9s), 030/600 VUs, 416 complete and 0 interrupted iterations
saturation   [  43% ] 030/600 VUs  04m28.7s/10m30s  2.99 iters/s

running (04m29.9s), 031/600 VUs, 418 complete and 0 interrupted iterations
saturation   [  43% ] 031/600 VUs  04m29.7s/10m30s  3.00 iters/s

running (04m30.9s), 034/600 VUs, 418 complete and 0 interrupted iterations
saturation   [  43% ] 034/600 VUs  04m30.7s/10m30s  3.01 iters/s

running (04m31.9s), 031/600 VUs, 424 complete and 0 interrupted iterations
saturation   [  43% ] 031/600 VUs  04m31.7s/10m30s  3.02 iters/s

running (04m32.9s), 032/600 VUs, 426 complete and 0 interrupted iterations
saturation   [  43% ] 032/600 VUs  04m32.7s/10m30s  3.03 iters/s

running (04m33.9s), 027/600 VUs, 434 complete and 0 interrupted iterations
saturation   [  43% ] 027/600 VUs  04m33.7s/10m30s  3.04 iters/s

running (04m34.9s), 028/600 VUs, 436 complete and 0 interrupted iterations
saturation   [  44% ] 028/600 VUs  04m34.7s/10m30s  3.05 iters/s

running (04m35.9s), 030/600 VUs, 437 complete and 0 interrupted iterations
saturation   [  44% ] 030/600 VUs  04m35.7s/10m30s  3.06 iters/s

running (04m36.9s), 027/600 VUs, 443 complete and 0 interrupted iterations
saturation   [  44% ] 027/600 VUs  04m36.7s/10m30s  3.07 iters/s

running (04m37.9s), 028/600 VUs, 445 complete and 0 interrupted iterations
saturation   [  44% ] 028/600 VUs  04m37.7s/10m30s  3.09 iters/s

running (04m38.9s), 026/600 VUs, 450 complete and 0 interrupted iterations
saturation   [  44% ] 026/600 VUs  04m38.7s/10m30s  3.10 iters/s

running (04m39.9s), 028/600 VUs, 451 complete and 0 interrupted iterations
saturation   [  44% ] 028/600 VUs  04m39.7s/10m30s  3.11 iters/s

running (04m40.9s), 029/600 VUs, 453 complete and 0 interrupted iterations
saturation   [  45% ] 029/600 VUs  04m40.7s/10m30s  3.12 iters/s

running (04m41.9s), 032/600 VUs, 453 complete and 0 interrupted iterations
saturation   [  45% ] 032/600 VUs  04m41.7s/10m30s  3.13 iters/s

running (04m42.9s), 032/600 VUs, 457 complete and 0 interrupted iterations
saturation   [  45% ] 032/600 VUs  04m42.7s/10m30s  3.14 iters/s

running (04m43.9s), 033/600 VUs, 459 complete and 0 interrupted iterations
saturation   [  45% ] 033/600 VUs  04m43.7s/10m30s  3.15 iters/s

running (04m44.9s), 036/600 VUs, 459 complete and 0 interrupted iterations
saturation   [  45% ] 036/600 VUs  04m44.7s/10m30s  3.16 iters/s

running (04m45.9s), 031/600 VUs, 467 complete and 0 interrupted iterations
saturation   [  45% ] 031/600 VUs  04m45.7s/10m30s  3.17 iters/s

running (04m46.9s), 033/600 VUs, 468 complete and 0 interrupted iterations
saturation   [  46% ] 033/600 VUs  04m46.7s/10m30s  3.19 iters/s

running (04m47.9s), 036/600 VUs, 468 complete and 0 interrupted iterations
saturation   [  46% ] 036/600 VUs  04m47.7s/10m30s  3.20 iters/s

running (04m48.9s), 032/600 VUs, 476 complete and 0 interrupted iterations
saturation   [  46% ] 032/600 VUs  04m48.7s/10m30s  3.21 iters/s

running (04m49.9s), 034/600 VUs, 477 complete and 0 interrupted iterations
saturation   [  46% ] 034/600 VUs  04m49.7s/10m30s  3.22 iters/s

running (04m50.9s), 028/600 VUs, 486 complete and 0 interrupted iterations
saturation   [  46% ] 028/600 VUs  04m50.7s/10m30s  3.23 iters/s

running (04m51.9s), 030/600 VUs, 487 complete and 0 interrupted iterations
saturation   [  46% ] 030/600 VUs  04m51.7s/10m30s  3.24 iters/s

running (04m52.9s), 031/600 VUs, 490 complete and 0 interrupted iterations
saturation   [  46% ] 031/600 VUs  04m52.7s/10m30s  3.25 iters/s

running (04m53.9s), 031/600 VUs, 493 complete and 0 interrupted iterations
saturation   [  47% ] 031/600 VUs  04m53.7s/10m30s  3.26 iters/s

running (04m54.9s), 034/600 VUs, 493 complete and 0 interrupted iterations
saturation   [  47% ] 034/600 VUs  04m54.7s/10m30s  3.27 iters/s

running (04m55.9s), 032/600 VUs, 498 complete and 0 interrupted iterations
saturation   [  47% ] 032/600 VUs  04m55.7s/10m30s  3.28 iters/s

running (04m56.9s), 033/600 VUs, 501 complete and 0 interrupted iterations
saturation   [  47% ] 033/600 VUs  04m56.7s/10m30s  3.30 iters/s

running (04m57.9s), 030/600 VUs, 507 complete and 0 interrupted iterations
saturation   [  47% ] 030/600 VUs  04m57.7s/10m30s  3.31 iters/s

running (04m58.9s), 032/600 VUs, 508 complete and 0 interrupted iterations
saturation   [  47% ] 032/600 VUs  04m58.7s/10m30s  3.32 iters/s

running (04m59.9s), 035/600 VUs, 509 complete and 0 interrupted iterations
saturation   [  48% ] 035/600 VUs  04m59.7s/10m30s  3.33 iters/s

running (05m00.9s), 031/600 VUs, 516 complete and 0 interrupted iterations
saturation   [  48% ] 031/600 VUs  05m00.7s/10m30s  3.34 iters/s

running (05m01.9s), 032/600 VUs, 518 complete and 0 interrupted iterations
saturation   [  48% ] 032/600 VUs  05m01.7s/10m30s  3.35 iters/s

running (05m02.9s), 035/600 VUs, 519 complete and 0 interrupted iterations
saturation   [  48% ] 035/600 VUs  05m02.7s/10m30s  3.36 iters/s

running (05m03.9s), 035/600 VUs, 522 complete and 0 interrupted iterations
saturation   [  48% ] 035/600 VUs  05m03.7s/10m30s  3.37 iters/s

running (05m04.9s), 035/600 VUs, 525 complete and 0 interrupted iterations
saturation   [  48% ] 035/600 VUs  05m04.7s/10m30s  3.38 iters/s

running (05m05.9s), 034/600 VUs, 530 complete and 0 interrupted iterations
saturation   [  49% ] 034/600 VUs  05m05.7s/10m30s  3.40 iters/s

running (05m06.9s), 031/600 VUs, 536 complete and 0 interrupted iterations
saturation   [  49% ] 031/600 VUs  05m06.7s/10m30s  3.41 iters/s

running (05m07.9s), 035/600 VUs, 536 complete and 0 interrupted iterations
saturation   [  49% ] 035/600 VUs  05m07.7s/10m30s  3.42 iters/s

running (05m08.9s), 030/600 VUs, 544 complete and 0 interrupted iterations
saturation   [  49% ] 030/600 VUs  05m08.7s/10m30s  3.43 iters/s

running (05m09.9s), 032/600 VUs, 545 complete and 0 interrupted iterations
saturation   [  49% ] 032/600 VUs  05m09.7s/10m30s  3.44 iters/s

running (05m10.9s), 031/600 VUs, 550 complete and 0 interrupted iterations
saturation   [  49% ] 031/600 VUs  05m10.7s/10m30s  3.45 iters/s

running (05m11.9s), 030/600 VUs, 554 complete and 0 interrupted iterations
saturation   [  49% ] 030/600 VUs  05m11.7s/10m30s  3.46 iters/s

running (05m12.9s), 033/600 VUs, 555 complete and 0 interrupted iterations
saturation   [  50% ] 033/600 VUs  05m12.7s/10m30s  3.48 iters/s

running (05m13.9s), 032/600 VUs, 559 complete and 0 interrupted iterations
saturation   [  50% ] 032/600 VUs  05m13.7s/10m30s  3.48 iters/s

running (05m14.9s), 035/600 VUs, 560 complete and 0 interrupted iterations
saturation   [  50% ] 035/600 VUs  05m14.7s/10m30s  3.50 iters/s

running (05m15.9s), 035/600 VUs, 563 complete and 0 interrupted iterations
saturation   [  50% ] 035/600 VUs  05m15.7s/10m30s  3.51 iters/s

running (05m16.9s), 036/600 VUs, 566 complete and 0 interrupted iterations
saturation   [  50% ] 036/600 VUs  05m16.7s/10m30s  3.52 iters/s

running (05m17.9s), 039/600 VUs, 566 complete and 0 interrupted iterations
saturation   [  50% ] 039/600 VUs  05m17.7s/10m30s  3.53 iters/s

running (05m18.9s), 043/600 VUs, 566 complete and 0 interrupted iterations
saturation   [  51% ] 043/600 VUs  05m18.7s/10m30s  3.54 iters/s

running (05m19.9s), 042/600 VUs, 570 complete and 0 interrupted iterations
saturation   [  51% ] 042/600 VUs  05m19.7s/10m30s  3.55 iters/s

running (05m20.9s), 043/600 VUs, 573 complete and 0 interrupted iterations
saturation   [  51% ] 043/600 VUs  05m20.7s/10m30s  3.56 iters/s

running (05m21.9s), 041/600 VUs, 579 complete and 0 interrupted iterations
saturation   [  51% ] 041/600 VUs  05m21.7s/10m30s  3.58 iters/s

running (05m22.9s), 037/600 VUs, 586 complete and 0 interrupted iterations
saturation   [  51% ] 037/600 VUs  05m22.7s/10m30s  3.59 iters/s

running (05m23.9s), 039/600 VUs, 588 complete and 0 interrupted iterations
saturation   [  51% ] 039/600 VUs  05m23.7s/10m30s  3.60 iters/s

running (05m24.9s), 041/600 VUs, 589 complete and 0 interrupted iterations
saturation   [  52% ] 041/600 VUs  05m24.7s/10m30s  3.61 iters/s

running (05m25.9s), 045/600 VUs, 589 complete and 0 interrupted iterations
saturation   [  52% ] 045/600 VUs  05m25.7s/10m30s  3.62 iters/s

running (05m26.9s), 044/600 VUs, 594 complete and 0 interrupted iterations
saturation   [  52% ] 044/600 VUs  05m26.7s/10m30s  3.63 iters/s

running (05m27.9s), 044/600 VUs, 597 complete and 0 interrupted iterations
saturation   [  52% ] 044/600 VUs  05m27.7s/10m30s  3.64 iters/s

running (05m28.9s), 046/600 VUs, 599 complete and 0 interrupted iterations
saturation   [  52% ] 046/600 VUs  05m28.7s/10m30s  3.65 iters/s

running (05m29.9s), 043/600 VUs, 605 complete and 0 interrupted iterations
saturation   [  52% ] 043/600 VUs  05m29.7s/10m30s  3.66 iters/s

running (05m30.9s), 042/600 VUs, 610 complete and 0 interrupted iterations
saturation   [  52% ] 042/600 VUs  05m30.7s/10m30s  3.67 iters/s

running (05m31.9s), 044/600 VUs, 612 complete and 0 interrupted iterations
saturation   [  53% ] 044/600 VUs  05m31.7s/10m30s  3.69 iters/s

running (05m32.9s), 041/600 VUs, 619 complete and 0 interrupted iterations
saturation   [  53% ] 041/600 VUs  05m32.7s/10m30s  3.70 iters/s

running (05m33.9s), 042/600 VUs, 621 complete and 0 interrupted iterations
saturation   [  53% ] 042/600 VUs  05m33.7s/10m30s  3.71 iters/s

running (05m34.9s), 044/600 VUs, 623 complete and 0 interrupted iterations
saturation   [  53% ] 044/600 VUs  05m34.7s/10m30s  3.72 iters/s

running (05m35.9s), 047/600 VUs, 624 complete and 0 interrupted iterations
saturation   [  53% ] 047/600 VUs  05m35.7s/10m30s  3.73 iters/s

running (05m36.9s), 049/600 VUs, 625 complete and 0 interrupted iterations
saturation   [  53% ] 049/600 VUs  05m36.7s/10m30s  3.74 iters/s

running (05m37.9s), 048/600 VUs, 630 complete and 0 interrupted iterations
saturation   [  54% ] 048/600 VUs  05m37.7s/10m30s  3.75 iters/s

running (05m38.9s), 045/600 VUs, 637 complete and 0 interrupted iterations
saturation   [  54% ] 045/600 VUs  05m38.7s/10m30s  3.76 iters/s

running (05m39.9s), 047/600 VUs, 639 complete and 0 interrupted iterations
saturation   [  54% ] 047/600 VUs  05m39.7s/10m30s  3.78 iters/s

running (05m40.9s), 048/600 VUs, 641 complete and 0 interrupted iterations
saturation   [  54% ] 048/600 VUs  05m40.7s/10m30s  3.78 iters/s

running (05m41.9s), 044/600 VUs, 649 complete and 0 interrupted iterations
saturation   [  54% ] 044/600 VUs  05m41.7s/10m30s  3.80 iters/s

running (05m42.9s), 046/600 VUs, 651 complete and 0 interrupted iterations
saturation   [  54% ] 046/600 VUs  05m42.7s/10m30s  3.81 iters/s

running (05m43.9s), 043/600 VUs, 658 complete and 0 interrupted iterations
saturation   [  55% ] 043/600 VUs  05m43.7s/10m30s  3.82 iters/s

running (05m44.9s), 045/600 VUs, 660 complete and 0 interrupted iterations
saturation   [  55% ] 045/600 VUs  05m44.7s/10m30s  3.83 iters/s

running (05m45.9s), 046/600 VUs, 663 complete and 0 interrupted iterations
saturation   [  55% ] 046/600 VUs  05m45.7s/10m30s  3.84 iters/s

running (05m46.9s), 042/600 VUs, 670 complete and 0 interrupted iterations
saturation   [  55% ] 042/600 VUs  05m46.7s/10m30s  3.85 iters/s

running (05m47.9s), 042/600 VUs, 674 complete and 0 interrupted iterations
saturation   [  55% ] 042/600 VUs  05m47.7s/10m30s  3.86 iters/s

running (05m48.9s), 042/600 VUs, 678 complete and 0 interrupted iterations
saturation   [  55% ] 042/600 VUs  05m48.7s/10m30s  3.87 iters/s

running (05m49.9s), 039/600 VUs, 685 complete and 0 interrupted iterations
saturation   [  56% ] 039/600 VUs  05m49.7s/10m30s  3.89 iters/s

running (05m50.9s), 042/600 VUs, 686 complete and 0 interrupted iterations
saturation   [  56% ] 042/600 VUs  05m50.7s/10m30s  3.90 iters/s

running (05m51.9s), 043/600 VUs, 689 complete and 0 interrupted iterations
saturation   [  56% ] 043/600 VUs  05m51.7s/10m30s  3.91 iters/s

running (05m52.9s), 041/600 VUs, 695 complete and 0 interrupted iterations
saturation   [  56% ] 041/600 VUs  05m52.7s/10m30s  3.92 iters/s

running (05m53.9s), 045/600 VUs, 695 complete and 0 interrupted iterations
saturation   [  56% ] 045/600 VUs  05m53.7s/10m30s  3.93 iters/s

running (05m54.9s), 036/600 VUs, 708 complete and 0 interrupted iterations
saturation   [  56% ] 036/600 VUs  05m54.7s/10m30s  3.94 iters/s

running (05m55.9s), 038/600 VUs, 710 complete and 0 interrupted iterations
saturation   [  56% ] 038/600 VUs  05m55.7s/10m30s  3.95 iters/s

running (05m56.9s), 040/600 VUs, 711 complete and 0 interrupted iterations
saturation   [  57% ] 040/600 VUs  05m56.7s/10m30s  3.96 iters/s

running (05m57.9s), 035/600 VUs, 720 complete and 0 interrupted iterations
saturation   [  57% ] 035/600 VUs  05m57.7s/10m30s  3.97 iters/s

running (05m58.9s), 038/600 VUs, 721 complete and 0 interrupted iterations
saturation   [  57% ] 038/600 VUs  05m58.7s/10m30s  3.98 iters/s

running (05m59.9s), 039/600 VUs, 724 complete and 0 interrupted iterations
saturation   [  57% ] 039/600 VUs  05m59.7s/10m30s  4.00 iters/s

running (06m00.9s), 037/600 VUs, 730 complete and 0 interrupted iterations
saturation   [  57% ] 037/600 VUs  06m00.7s/10m30s  4.01 iters/s

running (06m01.9s), 036/600 VUs, 735 complete and 0 interrupted iterations
saturation   [  57% ] 036/600 VUs  06m01.7s/10m30s  4.02 iters/s

running (06m02.9s), 036/600 VUs, 739 complete and 0 interrupted iterations
saturation   [  58% ] 036/600 VUs  06m02.7s/10m30s  4.03 iters/s

running (06m03.9s), 038/600 VUs, 741 complete and 0 interrupted iterations
saturation   [  58% ] 038/600 VUs  06m03.7s/10m30s  4.04 iters/s

running (06m04.9s), 040/600 VUs, 744 complete and 0 interrupted iterations
saturation   [  58% ] 040/600 VUs  06m04.7s/10m30s  4.05 iters/s

running (06m05.9s), 039/600 VUs, 749 complete and 0 interrupted iterations
saturation   [  58% ] 039/600 VUs  06m05.7s/10m30s  4.06 iters/s

running (06m06.9s), 038/600 VUs, 754 complete and 0 interrupted iterations
saturation   [  58% ] 038/600 VUs  06m06.7s/10m30s  4.08 iters/s

running (06m07.9s), 040/600 VUs, 756 complete and 0 interrupted iterations
saturation   [  58% ] 040/600 VUs  06m07.7s/10m30s  4.09 iters/s

running (06m08.9s), 039/600 VUs, 761 complete and 0 interrupted iterations
saturation   [  59% ] 039/600 VUs  06m08.7s/10m30s  4.10 iters/s

running (06m09.9s), 041/600 VUs, 763 complete and 0 interrupted iterations
saturation   [  59% ] 041/600 VUs  06m09.7s/10m30s  4.11 iters/s

running (06m10.9s), 043/600 VUs, 765 complete and 0 interrupted iterations
saturation   [  59% ] 043/600 VUs  06m10.7s/10m30s  4.12 iters/s

running (06m11.9s), 038/600 VUs, 774 complete and 0 interrupted iterations
saturation   [  59% ] 038/600 VUs  06m11.7s/10m30s  4.13 iters/s

running (06m12.9s), 038/600 VUs, 778 complete and 0 interrupted iterations
saturation   [  59% ] 038/600 VUs  06m12.7s/10m30s  4.14 iters/s

running (06m13.9s), 038/600 VUs, 782 complete and 0 interrupted iterations
saturation   [  59% ] 038/600 VUs  06m13.7s/10m30s  4.15 iters/s

running (06m14.9s), 040/600 VUs, 785 complete and 0 interrupted iterations
saturation   [  59% ] 040/600 VUs  06m14.7s/10m30s  4.16 iters/s

running (06m15.9s), 038/600 VUs, 791 complete and 0 interrupted iterations
saturation   [  60% ] 038/600 VUs  06m15.7s/10m30s  4.18 iters/s

running (06m16.9s), 038/600 VUs, 795 complete and 0 interrupted iterations
saturation   [  60% ] 038/600 VUs  06m16.7s/10m30s  4.19 iters/s

running (06m17.9s), 040/600 VUs, 797 complete and 0 interrupted iterations
saturation   [  60% ] 040/600 VUs  06m17.7s/10m30s  4.20 iters/s

running (06m18.9s), 037/600 VUs, 804 complete and 0 interrupted iterations
saturation   [  60% ] 037/600 VUs  06m18.7s/10m30s  4.21 iters/s

running (06m19.9s), 042/600 VUs, 804 complete and 0 interrupted iterations
saturation   [  60% ] 042/600 VUs  06m19.7s/10m30s  4.22 iters/s

running (06m20.9s), 040/600 VUs, 810 complete and 0 interrupted iterations
saturation   [  60% ] 040/600 VUs  06m20.7s/10m30s  4.23 iters/s

running (06m21.9s), 039/600 VUs, 815 complete and 0 interrupted iterations
saturation   [  61% ] 039/600 VUs  06m21.7s/10m30s  4.24 iters/s

running (06m22.9s), 042/600 VUs, 816 complete and 0 interrupted iterations
saturation   [  61% ] 042/600 VUs  06m22.7s/10m30s  4.25 iters/s

running (06m23.9s), 039/600 VUs, 824 complete and 0 interrupted iterations
saturation   [  61% ] 039/600 VUs  06m23.7s/10m30s  4.26 iters/s

running (06m24.9s), 039/600 VUs, 828 complete and 0 interrupted iterations
saturation   [  61% ] 039/600 VUs  06m24.7s/10m30s  4.28 iters/s

running (06m25.9s), 043/600 VUs, 828 complete and 0 interrupted iterations
saturation   [  61% ] 043/600 VUs  06m25.7s/10m30s  4.29 iters/s

running (06m26.9s), 046/600 VUs, 829 complete and 0 interrupted iterations
saturation   [  61% ] 046/600 VUs  06m26.7s/10m30s  4.30 iters/s

running (06m27.9s), 045/600 VUs, 835 complete and 0 interrupted iterations
saturation   [  62% ] 045/600 VUs  06m27.7s/10m30s  4.31 iters/s

running (06m28.9s), 046/600 VUs, 838 complete and 0 interrupted iterations
saturation   [  62% ] 046/600 VUs  06m28.7s/10m30s  4.32 iters/s

running (06m29.9s), 049/600 VUs, 839 complete and 0 interrupted iterations
saturation   [  62% ] 049/600 VUs  06m29.7s/10m30s  4.33 iters/s

running (06m30.9s), 051/600 VUs, 842 complete and 0 interrupted iterations
saturation   [  62% ] 051/600 VUs  06m30.7s/10m30s  4.34 iters/s

running (06m31.9s), 052/600 VUs, 845 complete and 0 interrupted iterations
saturation   [  62% ] 052/600 VUs  06m31.7s/10m30s  4.35 iters/s

running (06m32.9s), 049/600 VUs, 852 complete and 0 interrupted iterations
saturation   [  62% ] 049/600 VUs  06m32.7s/10m30s  4.36 iters/s

running (06m33.9s), 052/600 VUs, 854 complete and 0 interrupted iterations
saturation   [  62% ] 052/600 VUs  06m33.7s/10m30s  4.38 iters/s

running (06m34.9s), 046/600 VUs, 864 complete and 0 interrupted iterations
saturation   [  63% ] 046/600 VUs  06m34.7s/10m30s  4.39 iters/s

running (06m35.9s), 047/600 VUs, 867 complete and 0 interrupted iterations
saturation   [  63% ] 047/600 VUs  06m35.7s/10m30s  4.40 iters/s

running (06m36.9s), 045/600 VUs, 874 complete and 0 interrupted iterations
saturation   [  63% ] 045/600 VUs  06m36.7s/10m30s  4.41 iters/s

running (06m37.9s), 046/600 VUs, 877 complete and 0 interrupted iterations
saturation   [  63% ] 046/600 VUs  06m37.7s/10m30s  4.42 iters/s

running (06m38.9s), 043/600 VUs, 885 complete and 0 interrupted iterations
saturation   [  63% ] 043/600 VUs  06m38.7s/10m30s  4.43 iters/s

running (06m39.9s), 047/600 VUs, 885 complete and 0 interrupted iterations
saturation   [  63% ] 047/600 VUs  06m39.7s/10m30s  4.44 iters/s

running (06m40.9s), 049/600 VUs, 888 complete and 0 interrupted iterations
saturation   [  64% ] 049/600 VUs  06m40.7s/10m30s  4.45 iters/s

running (06m41.9s), 050/600 VUs, 891 complete and 0 interrupted iterations
saturation   [  64% ] 050/600 VUs  06m41.7s/10m30s  4.46 iters/s

running (06m42.9s), 052/600 VUs, 894 complete and 0 interrupted iterations
saturation   [  64% ] 052/600 VUs  06m42.7s/10m30s  4.48 iters/s

running (06m43.9s), 052/600 VUs, 898 complete and 0 interrupted iterations
saturation   [  64% ] 052/600 VUs  06m43.7s/10m30s  4.49 iters/s

running (06m44.9s), 056/600 VUs, 899 complete and 0 interrupted iterations
saturation   [  64% ] 056/600 VUs  06m44.7s/10m30s  4.50 iters/s

running (06m45.9s), 055/600 VUs, 904 complete and 0 interrupted iterations
saturation   [  64% ] 055/600 VUs  06m45.7s/10m30s  4.51 iters/s

running (06m46.9s), 056/600 VUs, 908 complete and 0 interrupted iterations
saturation   [  65% ] 056/600 VUs  06m46.7s/10m30s  4.52 iters/s

running (06m47.9s), 058/600 VUs, 910 complete and 0 interrupted iterations
saturation   [  65% ] 058/600 VUs  06m47.7s/10m30s  4.53 iters/s

running (06m48.9s), 062/600 VUs, 911 complete and 0 interrupted iterations
saturation   [  65% ] 062/600 VUs  06m48.7s/10m30s  4.54 iters/s

running (06m49.9s), 062/600 VUs, 915 complete and 0 interrupted iterations
saturation   [  65% ] 062/600 VUs  06m49.7s/10m30s  4.55 iters/s

running (06m50.9s), 065/600 VUs, 917 complete and 0 interrupted iterations
saturation   [  65% ] 065/600 VUs  06m50.7s/10m30s  4.56 iters/s

running (06m51.9s), 059/600 VUs, 927 complete and 0 interrupted iterations
saturation   [  65% ] 059/600 VUs  06m51.7s/10m30s  4.57 iters/s

running (06m52.9s), 061/600 VUs, 930 complete and 0 interrupted iterations
saturation   [  66% ] 061/600 VUs  06m52.7s/10m30s  4.59 iters/s

running (06m53.9s), 063/600 VUs, 932 complete and 0 interrupted iterations
saturation   [  66% ] 063/600 VUs  06m53.7s/10m30s  4.60 iters/s

running (06m54.9s), 058/600 VUs, 942 complete and 0 interrupted iterations
saturation   [  66% ] 058/600 VUs  06m54.7s/10m30s  4.61 iters/s

running (06m55.9s), 057/600 VUs, 948 complete and 0 interrupted iterations
saturation   [  66% ] 057/600 VUs  06m55.7s/10m30s  4.62 iters/s

running (06m56.9s), 053/600 VUs, 956 complete and 0 interrupted iterations
saturation   [  66% ] 053/600 VUs  06m56.7s/10m30s  4.63 iters/s

running (06m57.9s), 054/600 VUs, 960 complete and 0 interrupted iterations
saturation   [  66% ] 054/600 VUs  06m57.7s/10m30s  4.64 iters/s

running (06m58.9s), 057/600 VUs, 962 complete and 0 interrupted iterations
saturation   [  66% ] 057/600 VUs  06m58.7s/10m30s  4.65 iters/s

running (06m59.9s), 060/600 VUs, 963 complete and 0 interrupted iterations
saturation   [  67% ] 060/600 VUs  06m59.7s/10m30s  4.66 iters/s

running (07m00.9s), 054/600 VUs, 974 complete and 0 interrupted iterations
saturation   [  67% ] 054/600 VUs  07m00.7s/10m30s  4.67 iters/s

running (07m01.9s), 059/600 VUs, 974 complete and 0 interrupted iterations
saturation   [  67% ] 059/600 VUs  07m01.7s/10m30s  4.69 iters/s

running (07m02.9s), 056/600 VUs, 981 complete and 0 interrupted iterations
saturation   [  67% ] 056/600 VUs  07m02.7s/10m30s  4.70 iters/s

running (07m03.9s), 055/600 VUs, 987 complete and 0 interrupted iterations
saturation   [  67% ] 055/600 VUs  07m03.7s/10m30s  4.71 iters/s

running (07m04.9s), 054/600 VUs, 993 complete and 0 interrupted iterations
saturation   [  67% ] 054/600 VUs  07m04.7s/10m30s  4.72 iters/s

running (07m05.9s), 053/600 VUs, 998 complete and 0 interrupted iterations
saturation   [  68% ] 053/600 VUs  07m05.7s/10m30s  4.73 iters/s

running (07m06.9s), 056/600 VUs, 1000 complete and 0 interrupted iterations
saturation   [  68% ] 056/600 VUs  07m06.7s/10m30s  4.74 iters/s

running (07m07.9s), 059/600 VUs, 1002 complete and 0 interrupted iterations
saturation   [  68% ] 059/600 VUs  07m07.7s/10m30s  4.75 iters/s

running (07m08.9s), 059/600 VUs, 1007 complete and 0 interrupted iterations
saturation   [  68% ] 059/600 VUs  07m08.7s/10m30s  4.76 iters/s

running (07m09.9s), 055/600 VUs, 1015 complete and 0 interrupted iterations
saturation   [  68% ] 055/600 VUs  07m09.7s/10m30s  4.77 iters/s

running (07m10.9s), 050/600 VUs, 1025 complete and 0 interrupted iterations
saturation   [  68% ] 050/600 VUs  07m10.7s/10m30s  4.79 iters/s

running (07m11.9s), 050/600 VUs, 1030 complete and 0 interrupted iterations
saturation   [  69% ] 050/600 VUs  07m11.7s/10m30s  4.80 iters/s

running (07m12.9s), 052/600 VUs, 1033 complete and 0 interrupted iterations
saturation   [  69% ] 052/600 VUs  07m12.7s/10m30s  4.81 iters/s

running (07m13.9s), 049/600 VUs, 1041 complete and 0 interrupted iterations
saturation   [  69% ] 049/600 VUs  07m13.7s/10m30s  4.82 iters/s

running (07m14.9s), 046/600 VUs, 1048 complete and 0 interrupted iterations
saturation   [  69% ] 046/600 VUs  07m14.7s/10m30s  4.83 iters/s

running (07m15.9s), 049/600 VUs, 1050 complete and 0 interrupted iterations
saturation   [  69% ] 049/600 VUs  07m15.7s/10m30s  4.84 iters/s

running (07m16.9s), 054/600 VUs, 1050 complete and 0 interrupted iterations
saturation   [  69% ] 054/600 VUs  07m16.7s/10m30s  4.85 iters/s

running (07m17.9s), 054/600 VUs, 1055 complete and 0 interrupted iterations
saturation   [  69% ] 054/600 VUs  07m17.7s/10m30s  4.86 iters/s

running (07m18.9s), 056/600 VUs, 1058 complete and 0 interrupted iterations
saturation   [  70% ] 056/600 VUs  07m18.7s/10m30s  4.88 iters/s

running (07m19.9s), 055/600 VUs, 1064 complete and 0 interrupted iterations
saturation   [  70% ] 055/600 VUs  07m19.7s/10m30s  4.89 iters/s

running (07m20.9s), 059/600 VUs, 1065 complete and 0 interrupted iterations
saturation   [  70% ] 059/600 VUs  07m20.7s/10m30s  4.90 iters/s

running (07m21.9s), 063/600 VUs, 1066 complete and 0 interrupted iterations
saturation   [  70% ] 063/600 VUs  07m21.7s/10m30s  4.91 iters/s

running (07m22.9s), 057/600 VUs, 1076 complete and 0 interrupted iterations
saturation   [  70% ] 057/600 VUs  07m22.7s/10m30s  4.92 iters/s

running (07m23.9s), 058/600 VUs, 1080 complete and 0 interrupted iterations
saturation   [  70% ] 058/600 VUs  07m23.7s/10m30s  4.93 iters/s

running (07m24.9s), 055/600 VUs, 1088 complete and 0 interrupted iterations
saturation   [  71% ] 055/600 VUs  07m24.7s/10m30s  4.94 iters/s

running (07m25.9s), 057/600 VUs, 1091 complete and 0 interrupted iterations
saturation   [  71% ] 057/600 VUs  07m25.7s/10m30s  4.95 iters/s

running (07m26.9s), 060/600 VUs, 1093 complete and 0 interrupted iterations
saturation   [  71% ] 060/600 VUs  07m26.7s/10m30s  4.96 iters/s

running (07m27.9s), 060/600 VUs, 1098 complete and 0 interrupted iterations
saturation   [  71% ] 060/600 VUs  07m27.7s/10m30s  4.97 iters/s

running (07m28.9s), 058/600 VUs, 1105 complete and 0 interrupted iterations
saturation   [  71% ] 058/600 VUs  07m28.7s/10m30s  4.99 iters/s

running (07m29.9s), 060/600 VUs, 1108 complete and 0 interrupted iterations
saturation   [  71% ] 060/600 VUs  07m29.7s/10m30s  5.00 iters/s

running (07m30.9s), 059/600 VUs, 1114 complete and 0 interrupted iterations
saturation   [  72% ] 059/600 VUs  07m30.7s/10m30s  5.01 iters/s

running (07m31.9s), 064/600 VUs, 1114 complete and 0 interrupted iterations
saturation   [  72% ] 064/600 VUs  07m31.7s/10m30s  5.02 iters/s

running (07m32.9s), 069/600 VUs, 1114 complete and 0 interrupted iterations
saturation   [  72% ] 069/600 VUs  07m32.7s/10m30s  5.03 iters/s

running (07m33.9s), 070/600 VUs, 1118 complete and 0 interrupted iterations
saturation   [  72% ] 070/600 VUs  07m33.7s/10m30s  5.04 iters/s

running (07m34.9s), 069/600 VUs, 1124 complete and 0 interrupted iterations
saturation   [  72% ] 069/600 VUs  07m34.7s/10m30s  5.05 iters/s

running (07m35.9s), 072/600 VUs, 1126 complete and 0 interrupted iterations
saturation   [  72% ] 072/600 VUs  07m35.7s/10m30s  5.06 iters/s

running (07m36.9s), 069/600 VUs, 1134 complete and 0 interrupted iterations
saturation   [  72% ] 069/600 VUs  07m36.7s/10m30s  5.07 iters/s

running (07m37.9s), 065/600 VUs, 1143 complete and 0 interrupted iterations
saturation   [  73% ] 065/600 VUs  07m37.7s/10m30s  5.08 iters/s

running (07m38.9s), 070/600 VUs, 1144 complete and 0 interrupted iterations
saturation   [  73% ] 070/600 VUs  07m38.7s/10m30s  5.10 iters/s

running (07m39.9s), 067/600 VUs, 1152 complete and 0 interrupted iterations
saturation   [  73% ] 067/600 VUs  07m39.7s/10m30s  5.11 iters/s

running (07m40.9s), 072/600 VUs, 1152 complete and 0 interrupted iterations
saturation   [  73% ] 072/600 VUs  07m40.7s/10m30s  5.12 iters/s

running (07m41.9s), 077/600 VUs, 1152 complete and 0 interrupted iterations
saturation   [  73% ] 077/600 VUs  07m41.7s/10m30s  5.13 iters/s

running (07m42.9s), 080/600 VUs, 1154 complete and 0 interrupted iterations
saturation   [  73% ] 080/600 VUs  07m42.7s/10m30s  5.14 iters/s

running (07m43.9s), 073/600 VUs, 1166 complete and 0 interrupted iterations
saturation   [  74% ] 073/600 VUs  07m43.7s/10m30s  5.15 iters/s

running (07m44.9s), 069/600 VUs, 1175 complete and 0 interrupted iterations
saturation   [  74% ] 069/600 VUs  07m44.7s/10m30s  5.16 iters/s

running (07m45.9s), 070/600 VUs, 1179 complete and 0 interrupted iterations
saturation   [  74% ] 070/600 VUs  07m45.7s/10m30s  5.17 iters/s

running (07m46.9s), 067/600 VUs, 1188 complete and 0 interrupted iterations
saturation   [  74% ] 067/600 VUs  07m46.7s/10m30s  5.19 iters/s

running (07m47.9s), 065/600 VUs, 1195 complete and 0 interrupted iterations
saturation   [  74% ] 065/600 VUs  07m47.7s/10m30s  5.20 iters/s

running (07m48.9s), 068/600 VUs, 1197 complete and 0 interrupted iterations
saturation   [  74% ] 068/600 VUs  07m48.7s/10m30s  5.21 iters/s

running (07m49.9s), 072/600 VUs, 1198 complete and 0 interrupted iterations
saturation   [  75% ] 072/600 VUs  07m49.7s/10m30s  5.22 iters/s

running (07m50.9s), 070/600 VUs, 1206 complete and 0 interrupted iterations
saturation   [  75% ] 070/600 VUs  07m50.7s/10m30s  5.23 iters/s

running (07m51.9s), 075/600 VUs, 1206 complete and 0 interrupted iterations
saturation   [  75% ] 075/600 VUs  07m51.7s/10m30s  5.24 iters/s

running (07m52.9s), 073/600 VUs, 1213 complete and 0 interrupted iterations
saturation   [  75% ] 073/600 VUs  07m52.7s/10m30s  5.25 iters/s

running (07m53.9s), 069/600 VUs, 1222 complete and 0 interrupted iterations
saturation   [  75% ] 069/600 VUs  07m53.7s/10m30s  5.26 iters/s

running (07m54.9s), 067/600 VUs, 1230 complete and 0 interrupted iterations
saturation   [  75% ] 067/600 VUs  07m54.7s/10m30s  5.28 iters/s

running (07m55.9s), 072/600 VUs, 1230 complete and 0 interrupted iterations
saturation   [  76% ] 072/600 VUs  07m55.7s/10m30s  5.29 iters/s

running (07m56.9s), 072/600 VUs, 1235 complete and 0 interrupted iterations
saturation   [  76% ] 072/600 VUs  07m56.7s/10m30s  5.30 iters/s

running (07m57.9s), 069/600 VUs, 1243 complete and 0 interrupted iterations
saturation   [  76% ] 069/600 VUs  07m57.7s/10m30s  5.31 iters/s

running (07m58.9s), 074/600 VUs, 1244 complete and 0 interrupted iterations
saturation   [  76% ] 074/600 VUs  07m58.7s/10m30s  5.32 iters/s

running (07m59.9s), 073/600 VUs, 1250 complete and 0 interrupted iterations
saturation   [  76% ] 073/600 VUs  07m59.7s/10m30s  5.33 iters/s

running (08m00.9s), 066/600 VUs, 1262 complete and 0 interrupted iterations
saturation   [  76% ] 066/600 VUs  08m00.7s/10m30s  5.34 iters/s

running (08m01.9s), 068/600 VUs, 1266 complete and 0 interrupted iterations
saturation   [  76% ] 068/600 VUs  08m01.7s/10m30s  5.35 iters/s

running (08m02.9s), 067/600 VUs, 1272 complete and 0 interrupted iterations
saturation   [  77% ] 067/600 VUs  08m02.7s/10m30s  5.36 iters/s

running (08m03.9s), 063/600 VUs, 1281 complete and 0 interrupted iterations
saturation   [  77% ] 063/600 VUs  08m03.7s/10m30s  5.37 iters/s

running (08m04.9s), 069/600 VUs, 1281 complete and 0 interrupted iterations
saturation   [  77% ] 069/600 VUs  08m04.7s/10m30s  5.39 iters/s

running (08m05.9s), 072/600 VUs, 1283 complete and 0 interrupted iterations
saturation   [  77% ] 072/600 VUs  08m05.7s/10m30s  5.40 iters/s

running (08m06.9s), 077/600 VUs, 1284 complete and 0 interrupted iterations
saturation   [  77% ] 077/600 VUs  08m06.7s/10m30s  5.41 iters/s

running (08m07.9s), 069/600 VUs, 1297 complete and 0 interrupted iterations
saturation   [  77% ] 069/600 VUs  08m07.7s/10m30s  5.42 iters/s

running (08m08.9s), 067/600 VUs, 1304 complete and 0 interrupted iterations
saturation   [  78% ] 067/600 VUs  08m08.7s/10m30s  5.43 iters/s

running (08m09.9s), 069/600 VUs, 1308 complete and 0 interrupted iterations
saturation   [  78% ] 069/600 VUs  08m09.7s/10m30s  5.44 iters/s

running (08m10.9s), 072/600 VUs, 1310 complete and 0 interrupted iterations
saturation   [  78% ] 072/600 VUs  08m10.7s/10m30s  5.45 iters/s

running (08m11.9s), 069/600 VUs, 1319 complete and 0 interrupted iterations
saturation   [  78% ] 069/600 VUs  08m11.7s/10m30s  5.46 iters/s

running (08m12.9s), 069/600 VUs, 1324 complete and 0 interrupted iterations
saturation   [  78% ] 069/600 VUs  08m12.7s/10m30s  5.47 iters/s

running (08m13.9s), 069/600 VUs, 1330 complete and 0 interrupted iterations
saturation   [  78% ] 069/600 VUs  08m13.7s/10m30s  5.49 iters/s

running (08m14.9s), 072/600 VUs, 1332 complete and 0 interrupted iterations
saturation   [  79% ] 072/600 VUs  08m14.7s/10m30s  5.50 iters/s

running (08m15.9s), 076/600 VUs, 1334 complete and 0 interrupted iterations
saturation   [  79% ] 076/600 VUs  08m15.7s/10m30s  5.51 iters/s

running (08m16.9s), 073/600 VUs, 1342 complete and 0 interrupted iterations
saturation   [  79% ] 073/600 VUs  08m16.7s/10m30s  5.52 iters/s

running (08m17.9s), 072/600 VUs, 1349 complete and 0 interrupted iterations
saturation   [  79% ] 072/600 VUs  08m17.7s/10m30s  5.53 iters/s

running (08m18.9s), 076/600 VUs, 1350 complete and 0 interrupted iterations
saturation   [  79% ] 076/600 VUs  08m18.7s/10m30s  5.54 iters/s

running (08m19.9s), 076/600 VUs, 1356 complete and 0 interrupted iterations
saturation   [  79% ] 076/600 VUs  08m19.7s/10m30s  5.55 iters/s

running (08m20.9s), 075/600 VUs, 1362 complete and 0 interrupted iterations
saturation   [  79% ] 075/600 VUs  08m20.7s/10m30s  5.56 iters/s

running (08m21.9s), 081/600 VUs, 1362 complete and 0 interrupted iterations
saturation   [  80% ] 081/600 VUs  08m21.7s/10m30s  5.57 iters/s

running (08m22.9s), 084/600 VUs, 1365 complete and 0 interrupted iterations
saturation   [  80% ] 084/600 VUs  08m22.7s/10m30s  5.59 iters/s

running (08m23.9s), 080/600 VUs, 1374 complete and 0 interrupted iterations
saturation   [  80% ] 080/600 VUs  08m23.7s/10m30s  5.60 iters/s

running (08m24.9s), 078/600 VUs, 1382 complete and 0 interrupted iterations
saturation   [  80% ] 078/600 VUs  08m24.7s/10m30s  5.61 iters/s

running (08m25.9s), 078/600 VUs, 1387 complete and 0 interrupted iterations
saturation   [  80% ] 078/600 VUs  08m25.7s/10m30s  5.62 iters/s

running (08m26.9s), 080/600 VUs, 1391 complete and 0 interrupted iterations
saturation   [  80% ] 080/600 VUs  08m26.7s/10m30s  5.63 iters/s

running (08m27.9s), 082/600 VUs, 1395 complete and 0 interrupted iterations
saturation   [  81% ] 082/600 VUs  08m27.7s/10m30s  5.64 iters/s

running (08m28.9s), 087/600 VUs, 1395 complete and 0 interrupted iterations
saturation   [  81% ] 087/600 VUs  08m28.7s/10m30s  5.65 iters/s

running (08m29.9s), 082/600 VUs, 1406 complete and 0 interrupted iterations
saturation   [  81% ] 082/600 VUs  08m29.7s/10m30s  5.66 iters/s

running (08m30.9s), 085/600 VUs, 1409 complete and 0 interrupted iterations
saturation   [  81% ] 085/600 VUs  08m30.7s/10m30s  5.68 iters/s

running (08m31.9s), 083/600 VUs, 1416 complete and 0 interrupted iterations
saturation   [  81% ] 083/600 VUs  08m31.7s/10m30s  5.69 iters/s

running (08m32.9s), 088/600 VUs, 1417 complete and 0 interrupted iterations
saturation   [  81% ] 088/600 VUs  08m32.7s/10m30s  5.70 iters/s

running (08m33.9s), 083/600 VUs, 1428 complete and 0 interrupted iterations
saturation   [  82% ] 083/600 VUs  08m33.7s/10m30s  5.71 iters/s

running (08m34.9s), 080/600 VUs, 1436 complete and 0 interrupted iterations
saturation   [  82% ] 080/600 VUs  08m34.7s/10m30s  5.72 iters/s

running (08m35.9s), 085/600 VUs, 1437 complete and 0 interrupted iterations
saturation   [  82% ] 085/600 VUs  08m35.7s/10m30s  5.73 iters/s

running (08m36.9s), 084/600 VUs, 1444 complete and 0 interrupted iterations
saturation   [  82% ] 084/600 VUs  08m36.7s/10m30s  5.74 iters/s

running (08m37.9s), 086/600 VUs, 1448 complete and 0 interrupted iterations
saturation   [  82% ] 086/600 VUs  08m37.7s/10m30s  5.75 iters/s

running (08m38.9s), 091/600 VUs, 1448 complete and 0 interrupted iterations
saturation   [  82% ] 091/600 VUs  08m38.7s/10m30s  5.76 iters/s

running (08m39.9s), 087/600 VUs, 1458 complete and 0 interrupted iterations
saturation   [  82% ] 087/600 VUs  08m39.7s/10m30s  5.77 iters/s

running (08m40.9s), 091/600 VUs, 1460 complete and 0 interrupted iterations
saturation   [  83% ] 091/600 VUs  08m40.7s/10m30s  5.79 iters/s

running (08m41.9s), 085/600 VUs, 1472 complete and 0 interrupted iterations
saturation   [  83% ] 085/600 VUs  08m41.7s/10m30s  5.80 iters/s

running (08m42.9s), 086/600 VUs, 1477 complete and 0 interrupted iterations
saturation   [  83% ] 086/600 VUs  08m42.7s/10m30s  5.81 iters/s

running (08m43.9s), 084/600 VUs, 1484 complete and 0 interrupted iterations
saturation   [  83% ] 084/600 VUs  08m43.7s/10m30s  5.82 iters/s

running (08m44.9s), 080/600 VUs, 1494 complete and 0 interrupted iterations
saturation   [  83% ] 080/600 VUs  08m44.7s/10m30s  5.83 iters/s

running (08m45.9s), 080/600 VUs, 1500 complete and 0 interrupted iterations
saturation   [  83% ] 080/600 VUs  08m45.7s/10m30s  5.84 iters/s

running (08m46.9s), 079/600 VUs, 1507 complete and 0 interrupted iterations
saturation   [  84% ] 079/600 VUs  08m46.7s/10m30s  5.85 iters/s

running (08m47.9s), 073/600 VUs, 1519 complete and 0 interrupted iterations
saturation   [  84% ] 073/600 VUs  08m47.7s/10m30s  5.86 iters/s

running (08m48.9s), 076/600 VUs, 1522 complete and 0 interrupted iterations
saturation   [  84% ] 076/600 VUs  08m48.7s/10m30s  5.88 iters/s

running (08m49.9s), 073/600 VUs, 1530 complete and 0 interrupted iterations
saturation   [  84% ] 073/600 VUs  08m49.7s/10m30s  5.89 iters/s

running (08m50.9s), 070/600 VUs, 1539 complete and 0 interrupted iterations
saturation   [  84% ] 070/600 VUs  08m50.7s/10m30s  5.90 iters/s

running (08m51.9s), 076/600 VUs, 1539 complete and 0 interrupted iterations
saturation   [  84% ] 076/600 VUs  08m51.7s/10m30s  5.91 iters/s

running (08m52.9s), 074/600 VUs, 1547 complete and 0 interrupted iterations
saturation   [  85% ] 074/600 VUs  08m52.7s/10m30s  5.92 iters/s

running (08m53.9s), 075/600 VUs, 1552 complete and 0 interrupted iterations
saturation   [  85% ] 075/600 VUs  08m53.7s/10m30s  5.93 iters/s

running (08m54.9s), 078/600 VUs, 1555 complete and 0 interrupted iterations
saturation   [  85% ] 078/600 VUs  08m54.7s/10m30s  5.94 iters/s

running (08m55.9s), 081/600 VUs, 1558 complete and 0 interrupted iterations
saturation   [  85% ] 081/600 VUs  08m55.7s/10m30s  5.95 iters/s

running (08m56.9s), 080/600 VUs, 1565 complete and 0 interrupted iterations
saturation   [  85% ] 080/600 VUs  08m56.7s/10m30s  5.96 iters/s

running (08m57.9s), 077/600 VUs, 1574 complete and 0 interrupted iterations
saturation   [  85% ] 077/600 VUs  08m57.7s/10m30s  5.97 iters/s

running (08m58.9s), 075/600 VUs, 1582 complete and 0 interrupted iterations
saturation   [  86% ] 075/600 VUs  08m58.7s/10m30s  5.99 iters/s

running (08m59.9s), 073/600 VUs, 1590 complete and 0 interrupted iterations
saturation   [  86% ] 073/600 VUs  08m59.7s/10m30s  6.00 iters/s

running (09m00.9s), 078/600 VUs, 1591 complete and 0 interrupted iterations
saturation   [  86% ] 078/600 VUs  09m00.7s/10m30s  6.00 iters/s

running (09m01.9s), 074/600 VUs, 1601 complete and 0 interrupted iterations
saturation   [  86% ] 074/600 VUs  09m01.7s/10m30s  6.00 iters/s

running (09m02.9s), 078/600 VUs, 1603 complete and 0 interrupted iterations
saturation   [  86% ] 078/600 VUs  09m02.7s/10m30s  6.00 iters/s

running (09m03.9s), 074/600 VUs, 1613 complete and 0 interrupted iterations
saturation   [  86% ] 074/600 VUs  09m03.7s/10m30s  6.00 iters/s

running (09m04.9s), 077/600 VUs, 1616 complete and 0 interrupted iterations
saturation   [  86% ] 077/600 VUs  09m04.7s/10m30s  6.00 iters/s

running (09m05.9s), 075/600 VUs, 1624 complete and 0 interrupted iterations
saturation   [  87% ] 075/600 VUs  09m05.7s/10m30s  6.00 iters/s

running (09m06.9s), 075/600 VUs, 1630 complete and 0 interrupted iterations
saturation   [  87% ] 075/600 VUs  09m06.7s/10m30s  6.00 iters/s

running (09m07.9s), 076/600 VUs, 1635 complete and 0 interrupted iterations
saturation   [  87% ] 076/600 VUs  09m07.7s/10m30s  6.00 iters/s

running (09m08.9s), 076/600 VUs, 1641 complete and 0 interrupted iterations
saturation   [  87% ] 076/600 VUs  09m08.7s/10m30s  6.00 iters/s

running (09m09.9s), 075/600 VUs, 1648 complete and 0 interrupted iterations
saturation   [  87% ] 075/600 VUs  09m09.7s/10m30s  6.00 iters/s

running (09m10.9s), 081/600 VUs, 1648 complete and 0 interrupted iterations
saturation   [  87% ] 081/600 VUs  09m10.7s/10m30s  6.00 iters/s

running (09m11.9s), 087/600 VUs, 1648 complete and 0 interrupted iterations
saturation   [  88% ] 087/600 VUs  09m11.7s/10m30s  6.00 iters/s

running (09m12.9s), 090/600 VUs, 1651 complete and 0 interrupted iterations
saturation   [  88% ] 090/600 VUs  09m12.7s/10m30s  6.00 iters/s

running (09m13.9s), 082/600 VUs, 1665 complete and 0 interrupted iterations
saturation   [  88% ] 082/600 VUs  09m13.7s/10m30s  6.00 iters/s

running (09m14.9s), 084/600 VUs, 1669 complete and 0 interrupted iterations
saturation   [  88% ] 084/600 VUs  09m14.7s/10m30s  6.00 iters/s

running (09m15.9s), 086/600 VUs, 1673 complete and 0 interrupted iterations
saturation   [  88% ] 086/600 VUs  09m15.7s/10m30s  6.00 iters/s

running (09m16.9s), 090/600 VUs, 1675 complete and 0 interrupted iterations
saturation   [  88% ] 090/600 VUs  09m16.7s/10m30s  6.00 iters/s

running (09m17.9s), 095/600 VUs, 1676 complete and 0 interrupted iterations
saturation   [  89% ] 095/600 VUs  09m17.7s/10m30s  6.00 iters/s

running (09m18.9s), 091/600 VUs, 1686 complete and 0 interrupted iterations
saturation   [  89% ] 091/600 VUs  09m18.7s/10m30s  6.00 iters/s

running (09m19.9s), 089/600 VUs, 1694 complete and 0 interrupted iterations
saturation   [  89% ] 089/600 VUs  09m19.7s/10m30s  6.00 iters/s

running (09m20.9s), 092/600 VUs, 1697 complete and 0 interrupted iterations
saturation   [  89% ] 092/600 VUs  09m20.7s/10m30s  6.00 iters/s

running (09m21.9s), 091/600 VUs, 1704 complete and 0 interrupted iterations
saturation   [  89% ] 091/600 VUs  09m21.7s/10m30s  6.00 iters/s

running (09m22.9s), 090/600 VUs, 1711 complete and 0 interrupted iterations
saturation   [  89% ] 090/600 VUs  09m22.7s/10m30s  6.00 iters/s

running (09m23.9s), 082/600 VUs, 1725 complete and 0 interrupted iterations
saturation   [  89% ] 082/600 VUs  09m23.7s/10m30s  6.00 iters/s

running (09m24.9s), 083/600 VUs, 1730 complete and 0 interrupted iterations
saturation   [  90% ] 083/600 VUs  09m24.7s/10m30s  6.00 iters/s

running (09m25.9s), 085/600 VUs, 1734 complete and 0 interrupted iterations
saturation   [  90% ] 085/600 VUs  09m25.7s/10m30s  6.00 iters/s

running (09m26.9s), 083/600 VUs, 1742 complete and 0 interrupted iterations
saturation   [  90% ] 083/600 VUs  09m26.7s/10m30s  6.00 iters/s

running (09m27.9s), 086/600 VUs, 1745 complete and 0 interrupted iterations
saturation   [  90% ] 086/600 VUs  09m27.7s/10m30s  6.00 iters/s

running (09m28.9s), 085/600 VUs, 1752 complete and 0 interrupted iterations
saturation   [  90% ] 085/600 VUs  09m28.7s/10m30s  6.00 iters/s

running (09m29.9s), 087/600 VUs, 1756 complete and 0 interrupted iterations
saturation   [  90% ] 087/600 VUs  09m29.7s/10m30s  6.00 iters/s

running (09m30.9s), 084/600 VUs, 1765 complete and 0 interrupted iterations
saturation   [  91% ] 084/600 VUs  09m30.7s/10m30s  6.00 iters/s

running (09m31.9s), 088/600 VUs, 1767 complete and 0 interrupted iterations
saturation   [  91% ] 088/600 VUs  09m31.7s/10m30s  6.00 iters/s

running (09m32.9s), 088/600 VUs, 1773 complete and 0 interrupted iterations
saturation   [  91% ] 088/600 VUs  09m32.7s/10m30s  6.00 iters/s

running (09m33.9s), 090/600 VUs, 1777 complete and 0 interrupted iterations
saturation   [  91% ] 090/600 VUs  09m33.7s/10m30s  6.00 iters/s

running (09m34.9s), 091/600 VUs, 1782 complete and 0 interrupted iterations
saturation   [  91% ] 091/600 VUs  09m34.7s/10m30s  6.00 iters/s

running (09m35.9s), 089/600 VUs, 1790 complete and 0 interrupted iterations
saturation   [  91% ] 089/600 VUs  09m35.7s/10m30s  6.00 iters/s

running (09m36.9s), 091/600 VUs, 1794 complete and 0 interrupted iterations
saturation   [  92% ] 091/600 VUs  09m36.7s/10m30s  6.00 iters/s

running (09m37.9s), 084/600 VUs, 1807 complete and 0 interrupted iterations
saturation   [  92% ] 084/600 VUs  09m37.7s/10m30s  6.00 iters/s

running (09m38.9s), 082/600 VUs, 1815 complete and 0 interrupted iterations
saturation   [  92% ] 082/600 VUs  09m38.7s/10m30s  6.00 iters/s

running (09m39.9s), 086/600 VUs, 1817 complete and 0 interrupted iterations
saturation   [  92% ] 086/600 VUs  09m39.7s/10m30s  6.00 iters/s

running (09m40.9s), 091/600 VUs, 1818 complete and 0 interrupted iterations
saturation   [  92% ] 091/600 VUs  09m40.7s/10m30s  6.00 iters/s

running (09m41.9s), 089/600 VUs, 1826 complete and 0 interrupted iterations
saturation   [  92% ] 089/600 VUs  09m41.7s/10m30s  6.00 iters/s

running (09m42.9s), 082/600 VUs, 1839 complete and 0 interrupted iterations
saturation   [  92% ] 082/600 VUs  09m42.7s/10m30s  6.00 iters/s

running (09m43.9s), 080/600 VUs, 1847 complete and 0 interrupted iterations
saturation   [  93% ] 080/600 VUs  09m43.7s/10m30s  6.00 iters/s

running (09m44.9s), 084/600 VUs, 1849 complete and 0 interrupted iterations
saturation   [  93% ] 084/600 VUs  09m44.7s/10m30s  6.00 iters/s

running (09m45.9s), 088/600 VUs, 1851 complete and 0 interrupted iterations
saturation   [  93% ] 088/600 VUs  09m45.7s/10m30s  6.00 iters/s

running (09m46.9s), 087/600 VUs, 1858 complete and 0 interrupted iterations
saturation   [  93% ] 087/600 VUs  09m46.7s/10m30s  6.00 iters/s

running (09m47.9s), 084/600 VUs, 1867 complete and 0 interrupted iterations
saturation   [  93% ] 084/600 VUs  09m47.7s/10m30s  6.00 iters/s

running (09m48.9s), 083/600 VUs, 1874 complete and 0 interrupted iterations
saturation   [  93% ] 083/600 VUs  09m48.7s/10m30s  6.00 iters/s

running (09m49.9s), 080/600 VUs, 1883 complete and 0 interrupted iterations
saturation   [  94% ] 080/600 VUs  09m49.7s/10m30s  6.00 iters/s

running (09m50.9s), 083/600 VUs, 1886 complete and 0 interrupted iterations
saturation   [  94% ] 083/600 VUs  09m50.7s/10m30s  6.00 iters/s

running (09m51.9s), 086/600 VUs, 1889 complete and 0 interrupted iterations
saturation   [  94% ] 086/600 VUs  09m51.7s/10m30s  6.00 iters/s

running (09m52.9s), 090/600 VUs, 1891 complete and 0 interrupted iterations
saturation   [  94% ] 090/600 VUs  09m52.7s/10m30s  6.00 iters/s

running (09m53.9s), 085/600 VUs, 1902 complete and 0 interrupted iterations
saturation   [  94% ] 085/600 VUs  09m53.7s/10m30s  6.00 iters/s

running (09m54.9s), 088/600 VUs, 1905 complete and 0 interrupted iterations
saturation   [  94% ] 088/600 VUs  09m54.7s/10m30s  6.00 iters/s

running (09m55.9s), 086/600 VUs, 1913 complete and 0 interrupted iterations
saturation   [  95% ] 086/600 VUs  09m55.7s/10m30s  6.00 iters/s

running (09m56.9s), 091/600 VUs, 1914 complete and 0 interrupted iterations
saturation   [  95% ] 091/600 VUs  09m56.7s/10m30s  6.00 iters/s

running (09m57.9s), 088/600 VUs, 1923 complete and 0 interrupted iterations
saturation   [  95% ] 088/600 VUs  09m57.7s/10m30s  6.00 iters/s

running (09m58.9s), 085/600 VUs, 1932 complete and 0 interrupted iterations
saturation   [  95% ] 085/600 VUs  09m58.7s/10m30s  6.00 iters/s

running (09m59.9s), 085/600 VUs, 1938 complete and 0 interrupted iterations
saturation   [  95% ] 085/600 VUs  09m59.7s/10m30s  6.00 iters/s

running (10m00.9s), 083/600 VUs, 1946 complete and 0 interrupted iterations
saturation   [  95% ] 083/600 VUs  10m00.7s/10m30s  6.00 iters/s

running (10m01.9s), 084/600 VUs, 1951 complete and 0 interrupted iterations
saturation   [  96% ] 084/600 VUs  10m01.7s/10m30s  6.00 iters/s

running (10m02.9s), 089/600 VUs, 1952 complete and 0 interrupted iterations
saturation   [  96% ] 089/600 VUs  10m02.7s/10m30s  6.00 iters/s

running (10m03.9s), 085/600 VUs, 1962 complete and 0 interrupted iterations
saturation   [  96% ] 085/600 VUs  10m03.7s/10m30s  6.00 iters/s

running (10m04.9s), 083/600 VUs, 1970 complete and 0 interrupted iterations
saturation   [  96% ] 083/600 VUs  10m04.7s/10m30s  6.00 iters/s

running (10m05.9s), 083/600 VUs, 1976 complete and 0 interrupted iterations
saturation   [  96% ] 083/600 VUs  10m05.7s/10m30s  6.00 iters/s

running (10m06.9s), 085/600 VUs, 1980 complete and 0 interrupted iterations
saturation   [  96% ] 085/600 VUs  10m06.7s/10m30s  6.00 iters/s

running (10m07.9s), 084/600 VUs, 1987 complete and 0 interrupted iterations
saturation   [  96% ] 084/600 VUs  10m07.7s/10m30s  6.00 iters/s

running (10m08.9s), 086/600 VUs, 1991 complete and 0 interrupted iterations
saturation   [  97% ] 086/600 VUs  10m08.7s/10m30s  6.00 iters/s

running (10m09.9s), 079/600 VUs, 2004 complete and 0 interrupted iterations
saturation   [  97% ] 079/600 VUs  10m09.7s/10m30s  6.00 iters/s

running (10m10.9s), 076/600 VUs, 2013 complete and 0 interrupted iterations
saturation   [  97% ] 076/600 VUs  10m10.7s/10m30s  6.00 iters/s

running (10m11.9s), 079/600 VUs, 2016 complete and 0 interrupted iterations
saturation   [  97% ] 079/600 VUs  10m11.7s/10m30s  6.00 iters/s

running (10m12.9s), 079/600 VUs, 2022 complete and 0 interrupted iterations
saturation   [  97% ] 079/600 VUs  10m12.7s/10m30s  6.00 iters/s

running (10m13.9s), 082/600 VUs, 2025 complete and 0 interrupted iterations
saturation   [  97% ] 082/600 VUs  10m13.7s/10m30s  6.00 iters/s

running (10m14.9s), 077/600 VUs, 2036 complete and 0 interrupted iterations
saturation   [  98% ] 077/600 VUs  10m14.7s/10m30s  6.00 iters/s

running (10m15.9s), 077/600 VUs, 2042 complete and 0 interrupted iterations
saturation   [  98% ] 077/600 VUs  10m15.7s/10m30s  6.00 iters/s

running (10m16.9s), 079/600 VUs, 2046 complete and 0 interrupted iterations
saturation   [  98% ] 079/600 VUs  10m16.7s/10m30s  6.00 iters/s

running (10m17.9s), 079/600 VUs, 2052 complete and 0 interrupted iterations
saturation   [  98% ] 079/600 VUs  10m17.7s/10m30s  6.00 iters/s

running (10m18.9s), 075/600 VUs, 2062 complete and 0 interrupted iterations
saturation   [  98% ] 075/600 VUs  10m18.7s/10m30s  6.00 iters/s

running (10m19.9s), 080/600 VUs, 2063 complete and 0 interrupted iterations
saturation   [  98% ] 080/600 VUs  10m19.7s/10m30s  6.00 iters/s

running (10m20.9s), 078/600 VUs, 2071 complete and 0 interrupted iterations
saturation   [  99% ] 078/600 VUs  10m20.7s/10m30s  6.00 iters/s

running (10m21.9s), 079/600 VUs, 2076 complete and 0 interrupted iterations
saturation   [  99% ] 079/600 VUs  10m21.7s/10m30s  6.00 iters/s

running (10m22.9s), 080/600 VUs, 2081 complete and 0 interrupted iterations
saturation   [  99% ] 080/600 VUs  10m22.7s/10m30s  6.00 iters/s

running (10m23.9s), 079/600 VUs, 2088 complete and 0 interrupted iterations
saturation   [  99% ] 079/600 VUs  10m23.7s/10m30s  6.00 iters/s

running (10m24.9s), 074/600 VUs, 2099 complete and 0 interrupted iterations
saturation   [  99% ] 074/600 VUs  10m24.7s/10m30s  6.00 iters/s

running (10m25.9s), 075/600 VUs, 2104 complete and 0 interrupted iterations
saturation   [  99% ] 075/600 VUs  10m25.7s/10m30s  6.00 iters/s

running (10m26.9s), 074/600 VUs, 2111 complete and 0 interrupted iterations
saturation   [  99% ] 074/600 VUs  10m26.7s/10m30s  6.00 iters/s

running (10m27.9s), 072/600 VUs, 2119 complete and 0 interrupted iterations
saturation   [ 100% ] 072/600 VUs  10m27.7s/10m30s  6.00 iters/s

running (10m28.9s), 077/600 VUs, 2120 complete and 0 interrupted iterations
saturation   [ 100% ] 077/600 VUs  10m28.7s/10m30s  6.00 iters/s

running (10m29.9s), 080/600 VUs, 2123 complete and 0 interrupted iterations
saturation   [ 100% ] 080/600 VUs  10m29.7s/10m30s  6.00 iters/s

running (10m30.9s), 072/600 VUs, 2132 complete and 0 interrupted iterations
saturation ↓ [ 100% ] 075/600 VUs  10m30s  6.00 iters/s

running (10m31.9s), 061/600 VUs, 2143 complete and 0 interrupted iterations
saturation ↓ [ 100% ] 075/600 VUs  10m30s  6.00 iters/s

running (10m32.9s), 060/600 VUs, 2144 complete and 0 interrupted iterations
saturation ↓ [ 100% ] 075/600 VUs  10m30s  6.00 iters/s

running (10m33.9s), 057/600 VUs, 2147 complete and 0 interrupted iterations
saturation ↓ [ 100% ] 075/600 VUs  10m30s  6.00 iters/s

running (10m34.9s), 057/600 VUs, 2147 complete and 0 interrupted iterations
saturation ↓ [ 100% ] 075/600 VUs  10m30s  6.00 iters/s

running (10m35.9s), 056/600 VUs, 2148 complete and 0 interrupted iterations
saturation ↓ [ 100% ] 075/600 VUs  10m30s  6.00 iters/s

running (10m36.9s), 051/600 VUs, 2153 complete and 0 interrupted iterations
saturation ↓ [ 100% ] 075/600 VUs  10m30s  6.00 iters/s

running (10m37.9s), 050/600 VUs, 2154 complete and 0 interrupted iterations
saturation ↓ [ 100% ] 075/600 VUs  10m30s  6.00 iters/s

running (10m38.9s), 050/600 VUs, 2154 complete and 0 interrupted iterations
saturation ↓ [ 100% ] 075/600 VUs  10m30s  6.00 iters/s

running (10m39.9s), 049/600 VUs, 2155 complete and 0 interrupted iterations
saturation ↓ [ 100% ] 075/600 VUs  10m30s  6.00 iters/s

running (10m40.9s), 046/600 VUs, 2158 complete and 0 interrupted iterations
saturation ↓ [ 100% ] 075/600 VUs  10m30s  6.00 iters/s

running (10m41.9s), 044/600 VUs, 2160 complete and 0 interrupted iterations
saturation ↓ [ 100% ] 075/600 VUs  10m30s  6.00 iters/s

running (10m42.9s), 043/600 VUs, 2161 complete and 0 interrupted iterations
saturation ↓ [ 100% ] 075/600 VUs  10m30s  6.00 iters/s

running (10m43.9s), 041/600 VUs, 2163 complete and 0 interrupted iterations
saturation ↓ [ 100% ] 075/600 VUs  10m30s  6.00 iters/s

running (10m44.9s), 038/600 VUs, 2166 complete and 0 interrupted iterations
saturation ↓ [ 100% ] 075/600 VUs  10m30s  6.00 iters/s

running (10m45.9s), 034/600 VUs, 2170 complete and 0 interrupted iterations
saturation ↓ [ 100% ] 075/600 VUs  10m30s  6.00 iters/s

running (10m46.9s), 032/600 VUs, 2172 complete and 0 interrupted iterations
saturation ↓ [ 100% ] 075/600 VUs  10m30s  6.00 iters/s

running (10m47.9s), 030/600 VUs, 2174 complete and 0 interrupted iterations
saturation ↓ [ 100% ] 075/600 VUs  10m30s  6.00 iters/s

running (10m48.9s), 029/600 VUs, 2175 complete and 0 interrupted iterations
saturation ↓ [ 100% ] 075/600 VUs  10m30s  6.00 iters/s

running (10m49.9s), 026/600 VUs, 2178 complete and 0 interrupted iterations
saturation ↓ [ 100% ] 075/600 VUs  10m30s  6.00 iters/s

running (10m50.9s), 020/600 VUs, 2184 complete and 0 interrupted iterations
saturation ↓ [ 100% ] 075/600 VUs  10m30s  6.00 iters/s

running (10m51.9s), 020/600 VUs, 2184 complete and 0 interrupted iterations
saturation ↓ [ 100% ] 075/600 VUs  10m30s  6.00 iters/s

running (10m52.9s), 017/600 VUs, 2187 complete and 0 interrupted iterations
saturation ↓ [ 100% ] 075/600 VUs  10m30s  6.00 iters/s

running (10m53.9s), 014/600 VUs, 2190 complete and 0 interrupted iterations
saturation ↓ [ 100% ] 075/600 VUs  10m30s  6.00 iters/s

running (10m54.9s), 014/600 VUs, 2190 complete and 0 interrupted iterations
saturation ↓ [ 100% ] 075/600 VUs  10m30s  6.00 iters/s

running (10m55.9s), 012/600 VUs, 2192 complete and 0 interrupted iterations
saturation ↓ [ 100% ] 075/600 VUs  10m30s  6.00 iters/s

running (10m56.9s), 008/600 VUs, 2196 complete and 0 interrupted iterations
saturation ↓ [ 100% ] 075/600 VUs  10m30s  6.00 iters/s

running (10m57.9s), 005/600 VUs, 2199 complete and 0 interrupted iterations
saturation ↓ [ 100% ] 075/600 VUs  10m30s  6.00 iters/s

running (10m58.9s), 003/600 VUs, 2201 complete and 0 interrupted iterations
saturation ↓ [ 100% ] 075/600 VUs  10m30s  6.00 iters/s

running (10m59.9s), 001/600 VUs, 2203 complete and 0 interrupted iterations
saturation ↓ [ 100% ] 075/600 VUs  10m30s  6.00 iters/s

================ DSP benchmark summary ================
-- per-phase latency --
  catalog                    p50=64.1 ms  p95=76.1 ms  p99=86.1 ms  max=176.9 ms  n=2204
  negotiation init (POST)    p50=6.9 ms  p95=71.6 ms  p99=102.9 ms  max=301.4 ms  n=2198
  time-to-AGREED (async)     p50=1523.0 ms  p95=2311.0 ms  p99=2572.0 ms  max=2820.0 ms  n=1575
  transfer init (POST)       p50=11.8 ms  p95=82.5 ms  p99=108.2 ms  max=281.6 ms  n=1575
  time-to-EDR (async)        p50=766.0 ms  p95=1523.0 ms  p99=1781.0 ms  max=2538.0 ms  n=1451
  data pull                  p50=13.1 ms  p95=17.9 ms  p99=20.5 ms  max=27.7 ms  n=1451
-- end-to-end + throughput --
  e2e transaction            p50=2417.0 ms  p95=3469.0 ms  p99=3998.0 ms  max=4443.0 ms  n=1451
  data throughput (MB/s)     p50=0.0  p95=0.0  p99=0.0  max=0.0  n=1451
-- outcomes --
  transactions succeeded     count=1451  rate=2.198/s
  transactions failed        count=752  rate=1.139/s
  failed rate                rate=34.14%  (pass=752 fail=1451)
    of which TERMINATED      count=32  rate=0.048/s
    of which TIMED OUT       count=714  rate=1.082/s
    of which HTTP-FAILED     count=6  rate=0.009/s
  failure accounting       752/752 classified  (complete)
-- observer effect (poll load) --
  negotiation polls          count=81516  rate=123.487/s
  edr polls                  count=21300  rate=32.267/s
  polls per transaction     negotiation=37.0  edr=9.7  (timeout ceiling=120)
=======================================================
(full summary -> /home/rohitj/edc/benchmarking-dsp-native-basyx/k6-scripts/results/basyx/on/saturation-open/2026-08-11T18-34-14Z/k6-summary.json; POLL_INTERVAL_MS=250; IDENTITY_MODE=on)

running (11m00.1s), 000/600 VUs, 2203 complete and 1 interrupted iterations
saturation ✓ [ 100% ] 001/600 VUs  10m30s  6.00 iters/s
Prometheus snapshot [1786473337..1786474012] svc=(dsp-native-basyx|consumer-controlplane) win=1m -> /home/rohitj/edc/benchmarking-dsp-native-basyx/k6-scripts/results/basyx/on/saturation-open/2026-08-11T18-34-14Z
  jvm-heap.csv (272 rows)
  jvm-gc-rate.csv (272 rows)
  jvm-threads.csv (272 rows)
  http-throughput.csv (272 rows)
  http-p95.csv (272 rows)
  http-errors.csv (272 rows)
  http-errors-5xx.csv (136 rows)
  http-status.csv (1088 rows)
  host-cpu-busy.csv (136 rows)
  host-mem-used.csv (136 rows)
  5xx: 5xx PRESENT (136 samples) — connector-side faults, see http-errors-5xx.csv
  logs -> /home/rohitj/edc/benchmarking-dsp-native-basyx/k6-scripts/results/basyx/on/saturation-open/2026-08-11T18-34-14Z/logs (2 files)
    consumer-controlplane.log:5775
    dsp-native-basyx.log:2426
Settling 60s (this run stressed the connector; the next one must not inherit its backlog)
VALIDITY  ok=1451  failed=752  failed_rate=34%  dropped_iterations=0  <-- >5% FAILURES: past the knee, not a valid operating point
>>> done: /home/rohitj/edc/benchmarking-dsp-native-basyx/k6-scripts/results/basyx/on/saturation-open/2026-08-11T18-34-14Z  (k6 exit 0)
----- basyx / saturation-open (rep 3) -----
>>> basyx / saturation-open  ->  /home/rohitj/edc/benchmarking-dsp-native-basyx/k6-scripts/results/basyx/on/saturation-open/2026-08-11T18-47-54Z
parity OK: lib/ + scenarios/ + orchestration/ + tools/ identical to /home/rohitj/edc/benchmarking-dsp-native-basyx/k6-scripts
Health: http://localhost:29010/management + prometheus  OK
Warmup 60s @ 1/s (discarded)
  (warmup non-zero exit ignored)
  draining 20s before the measured window opens
k6 -> Prometheus remote-write: http://localhost:9090/api/v1/write

         /\      Grafana   /‾‾/  
    /\  /  \     |\  __   /  /   
   /  \/    \    | |/ /  /   ‾‾\ 
  /          \   |   (  |  (‾)  |
 / __________ \  |_|\_\  \_____/ 


     execution: local
        script: /home/rohitj/edc/benchmarking-dsp-native-basyx/k6-scripts/scenarios/saturation-open.js
        output: Prometheus remote write (http://localhost:9090/api/v1/write)

     scenarios: (100.00%) 1 scenario, 800 max VUs, 11m0s max duration (incl. graceful stop):
              * saturation: Up to 6.00 iterations/s for 10m30s over 7 stages (maxVUs: 600-800, gracefulStop: 30s)


running (00m00.9s), 000/600 VUs, 0 complete and 0 interrupted iterations
saturation   [   0% ] 000/600 VUs  00m00.7s/10m30s  1.00 iters/s

running (00m01.9s), 001/600 VUs, 0 complete and 0 interrupted iterations
saturation   [   0% ] 001/600 VUs  00m01.7s/10m30s  1.00 iters/s

running (00m02.9s), 002/600 VUs, 0 complete and 0 interrupted iterations
saturation   [   0% ] 002/600 VUs  00m02.7s/10m30s  1.00 iters/s

running (00m03.9s), 003/600 VUs, 0 complete and 0 interrupted iterations
saturation   [   1% ] 003/600 VUs  00m03.7s/10m30s  1.00 iters/s

running (00m04.9s), 003/600 VUs, 1 complete and 0 interrupted iterations
saturation   [   1% ] 003/600 VUs  00m04.7s/10m30s  1.00 iters/s

running (00m05.9s), 002/600 VUs, 3 complete and 0 interrupted iterations
saturation   [   1% ] 002/600 VUs  00m05.7s/10m30s  1.00 iters/s

running (00m06.9s), 002/600 VUs, 4 complete and 0 interrupted iterations
saturation   [   1% ] 002/600 VUs  00m06.7s/10m30s  1.00 iters/s

running (00m07.9s), 002/600 VUs, 5 complete and 0 interrupted iterations
saturation   [   1% ] 002/600 VUs  00m07.7s/10m30s  1.00 iters/s

running (00m08.9s), 002/600 VUs, 6 complete and 0 interrupted iterations
saturation   [   1% ] 002/600 VUs  00m08.7s/10m30s  1.00 iters/s

running (00m09.9s), 002/600 VUs, 7 complete and 0 interrupted iterations
saturation   [   2% ] 002/600 VUs  00m09.7s/10m30s  1.00 iters/s

running (00m10.9s), 002/600 VUs, 8 complete and 0 interrupted iterations
saturation   [   2% ] 002/600 VUs  00m10.7s/10m30s  1.00 iters/s

running (00m11.9s), 002/600 VUs, 9 complete and 0 interrupted iterations
saturation   [   2% ] 002/600 VUs  00m11.7s/10m30s  1.00 iters/s

running (00m12.9s), 002/600 VUs, 10 complete and 0 interrupted iterations
saturation   [   2% ] 002/600 VUs  00m12.7s/10m30s  1.00 iters/s

running (00m13.9s), 002/600 VUs, 11 complete and 0 interrupted iterations
saturation   [   2% ] 002/600 VUs  00m13.7s/10m30s  1.00 iters/s

running (00m14.9s), 003/600 VUs, 11 complete and 0 interrupted iterations
saturation   [   2% ] 003/600 VUs  00m14.7s/10m30s  1.00 iters/s

running (00m15.9s), 003/600 VUs, 12 complete and 0 interrupted iterations
saturation   [   2% ] 003/600 VUs  00m15.7s/10m30s  1.00 iters/s

running (00m16.9s), 003/600 VUs, 13 complete and 0 interrupted iterations
saturation   [   3% ] 003/600 VUs  00m16.7s/10m30s  1.00 iters/s

running (00m17.9s), 003/600 VUs, 14 complete and 0 interrupted iterations
saturation   [   3% ] 003/600 VUs  00m17.7s/10m30s  1.00 iters/s

running (00m18.9s), 003/600 VUs, 15 complete and 0 interrupted iterations
saturation   [   3% ] 003/600 VUs  00m18.7s/10m30s  1.00 iters/s

running (00m19.9s), 002/600 VUs, 17 complete and 0 interrupted iterations
saturation   [   3% ] 002/600 VUs  00m19.7s/10m30s  1.00 iters/s

running (00m20.9s), 002/600 VUs, 18 complete and 0 interrupted iterations
saturation   [   3% ] 002/600 VUs  00m20.7s/10m30s  1.00 iters/s

running (00m21.9s), 002/600 VUs, 19 complete and 0 interrupted iterations
saturation   [   3% ] 002/600 VUs  00m21.7s/10m30s  1.00 iters/s

running (00m22.9s), 002/600 VUs, 20 complete and 0 interrupted iterations
saturation   [   4% ] 002/600 VUs  00m22.7s/10m30s  1.00 iters/s

running (00m23.9s), 002/600 VUs, 21 complete and 0 interrupted iterations
saturation   [   4% ] 002/600 VUs  00m23.7s/10m30s  1.00 iters/s

running (00m24.9s), 002/600 VUs, 22 complete and 0 interrupted iterations
saturation   [   4% ] 002/600 VUs  00m24.7s/10m30s  1.00 iters/s

running (00m25.9s), 002/600 VUs, 23 complete and 0 interrupted iterations
saturation   [   4% ] 002/600 VUs  00m25.7s/10m30s  1.00 iters/s

running (00m26.9s), 003/600 VUs, 23 complete and 0 interrupted iterations
saturation   [   4% ] 003/600 VUs  00m26.7s/10m30s  1.00 iters/s

running (00m27.9s), 003/600 VUs, 24 complete and 0 interrupted iterations
saturation   [   4% ] 003/600 VUs  00m27.7s/10m30s  1.00 iters/s

running (00m28.9s), 003/600 VUs, 25 complete and 0 interrupted iterations
saturation   [   5% ] 003/600 VUs  00m28.7s/10m30s  1.00 iters/s

running (00m29.9s), 003/600 VUs, 26 complete and 0 interrupted iterations
saturation   [   5% ] 003/600 VUs  00m29.7s/10m30s  1.00 iters/s

running (00m30.9s), 003/600 VUs, 27 complete and 0 interrupted iterations
saturation   [   5% ] 003/600 VUs  00m30.7s/10m30s  1.00 iters/s

running (00m31.9s), 003/600 VUs, 28 complete and 0 interrupted iterations
saturation   [   5% ] 003/600 VUs  00m31.7s/10m30s  1.00 iters/s

running (00m32.9s), 003/600 VUs, 29 complete and 0 interrupted iterations
saturation   [   5% ] 003/600 VUs  00m32.7s/10m30s  1.00 iters/s

running (00m33.9s), 003/600 VUs, 30 complete and 0 interrupted iterations
saturation   [   5% ] 003/600 VUs  00m33.7s/10m30s  1.00 iters/s

running (00m34.9s), 002/600 VUs, 32 complete and 0 interrupted iterations
saturation   [   6% ] 002/600 VUs  00m34.7s/10m30s  1.00 iters/s

running (00m35.9s), 002/600 VUs, 33 complete and 0 interrupted iterations
saturation   [   6% ] 002/600 VUs  00m35.7s/10m30s  1.00 iters/s

running (00m36.9s), 002/600 VUs, 34 complete and 0 interrupted iterations
saturation   [   6% ] 002/600 VUs  00m36.7s/10m30s  1.00 iters/s

running (00m37.9s), 002/600 VUs, 35 complete and 0 interrupted iterations
saturation   [   6% ] 002/600 VUs  00m37.7s/10m30s  1.00 iters/s

running (00m38.9s), 003/600 VUs, 35 complete and 0 interrupted iterations
saturation   [   6% ] 003/600 VUs  00m38.7s/10m30s  1.00 iters/s

running (00m39.9s), 003/600 VUs, 36 complete and 0 interrupted iterations
saturation   [   6% ] 003/600 VUs  00m39.7s/10m30s  1.00 iters/s

running (00m40.9s), 003/600 VUs, 37 complete and 0 interrupted iterations
saturation   [   6% ] 003/600 VUs  00m40.7s/10m30s  1.00 iters/s

running (00m41.9s), 003/600 VUs, 38 complete and 0 interrupted iterations
saturation   [   7% ] 003/600 VUs  00m41.7s/10m30s  1.00 iters/s

running (00m42.9s), 003/600 VUs, 39 complete and 0 interrupted iterations
saturation   [   7% ] 003/600 VUs  00m42.7s/10m30s  1.00 iters/s

running (00m43.9s), 003/600 VUs, 40 complete and 0 interrupted iterations
saturation   [   7% ] 003/600 VUs  00m43.7s/10m30s  1.00 iters/s

running (00m44.9s), 003/600 VUs, 41 complete and 0 interrupted iterations
saturation   [   7% ] 003/600 VUs  00m44.7s/10m30s  1.00 iters/s

running (00m45.9s), 003/600 VUs, 42 complete and 0 interrupted iterations
saturation   [   7% ] 003/600 VUs  00m45.7s/10m30s  1.00 iters/s

running (00m46.9s), 003/600 VUs, 43 complete and 0 interrupted iterations
saturation   [   7% ] 003/600 VUs  00m46.7s/10m30s  1.00 iters/s

running (00m47.9s), 003/600 VUs, 44 complete and 0 interrupted iterations
saturation   [   8% ] 003/600 VUs  00m47.7s/10m30s  1.00 iters/s

running (00m48.9s), 003/600 VUs, 45 complete and 0 interrupted iterations
saturation   [   8% ] 003/600 VUs  00m48.7s/10m30s  1.00 iters/s

running (00m49.9s), 003/600 VUs, 46 complete and 0 interrupted iterations
saturation   [   8% ] 003/600 VUs  00m49.7s/10m30s  1.00 iters/s

running (00m50.9s), 003/600 VUs, 47 complete and 0 interrupted iterations
saturation   [   8% ] 003/600 VUs  00m50.7s/10m30s  1.00 iters/s

running (00m51.9s), 003/600 VUs, 48 complete and 0 interrupted iterations
saturation   [   8% ] 003/600 VUs  00m51.7s/10m30s  1.00 iters/s

running (00m52.9s), 003/600 VUs, 49 complete and 0 interrupted iterations
saturation   [   8% ] 003/600 VUs  00m52.7s/10m30s  1.00 iters/s

running (00m53.9s), 004/600 VUs, 49 complete and 0 interrupted iterations
saturation   [   9% ] 004/600 VUs  00m53.7s/10m30s  1.00 iters/s

running (00m54.9s), 004/600 VUs, 50 complete and 0 interrupted iterations
saturation   [   9% ] 004/600 VUs  00m54.7s/10m30s  1.00 iters/s

running (00m55.9s), 004/600 VUs, 51 complete and 0 interrupted iterations
saturation   [   9% ] 004/600 VUs  00m55.7s/10m30s  1.00 iters/s

running (00m56.9s), 003/600 VUs, 53 complete and 0 interrupted iterations
saturation   [   9% ] 003/600 VUs  00m56.7s/10m30s  1.00 iters/s

running (00m57.9s), 003/600 VUs, 54 complete and 0 interrupted iterations
saturation   [   9% ] 003/600 VUs  00m57.7s/10m30s  1.00 iters/s

running (00m58.9s), 003/600 VUs, 55 complete and 0 interrupted iterations
saturation   [   9% ] 003/600 VUs  00m58.7s/10m30s  1.00 iters/s

running (00m59.9s), 003/600 VUs, 56 complete and 0 interrupted iterations
saturation   [   9% ] 003/600 VUs  00m59.7s/10m30s  1.00 iters/s

running (01m00.9s), 003/600 VUs, 57 complete and 0 interrupted iterations
saturation   [  10% ] 003/600 VUs  01m00.7s/10m30s  1.00 iters/s

running (01m01.9s), 003/600 VUs, 58 complete and 0 interrupted iterations
saturation   [  10% ] 003/600 VUs  01m01.7s/10m30s  1.00 iters/s

running (01m02.9s), 003/600 VUs, 59 complete and 0 interrupted iterations
saturation   [  10% ] 003/600 VUs  01m02.7s/10m30s  1.00 iters/s

running (01m03.9s), 003/600 VUs, 60 complete and 0 interrupted iterations
saturation   [  10% ] 003/600 VUs  01m03.7s/10m30s  1.00 iters/s

running (01m04.9s), 003/600 VUs, 61 complete and 0 interrupted iterations
saturation   [  10% ] 003/600 VUs  01m04.7s/10m30s  1.00 iters/s

running (01m05.9s), 003/600 VUs, 62 complete and 0 interrupted iterations
saturation   [  10% ] 003/600 VUs  01m05.7s/10m30s  1.00 iters/s

running (01m06.9s), 003/600 VUs, 63 complete and 0 interrupted iterations
saturation   [  11% ] 003/600 VUs  01m06.7s/10m30s  1.00 iters/s

running (01m07.9s), 004/600 VUs, 63 complete and 0 interrupted iterations
saturation   [  11% ] 004/600 VUs  01m07.7s/10m30s  1.00 iters/s

running (01m08.9s), 004/600 VUs, 64 complete and 0 interrupted iterations
saturation   [  11% ] 004/600 VUs  01m08.7s/10m30s  1.00 iters/s

running (01m09.9s), 004/600 VUs, 65 complete and 0 interrupted iterations
saturation   [  11% ] 004/600 VUs  01m09.7s/10m30s  1.00 iters/s

running (01m10.9s), 003/600 VUs, 67 complete and 0 interrupted iterations
saturation   [  11% ] 003/600 VUs  01m10.7s/10m30s  1.00 iters/s

running (01m11.9s), 002/600 VUs, 69 complete and 0 interrupted iterations
saturation   [  11% ] 002/600 VUs  01m11.7s/10m30s  1.00 iters/s

running (01m12.9s), 002/600 VUs, 70 complete and 0 interrupted iterations
saturation   [  12% ] 002/600 VUs  01m12.7s/10m30s  1.00 iters/s

running (01m13.9s), 002/600 VUs, 71 complete and 0 interrupted iterations
saturation   [  12% ] 002/600 VUs  01m13.7s/10m30s  1.00 iters/s

running (01m14.9s), 002/600 VUs, 72 complete and 0 interrupted iterations
saturation   [  12% ] 002/600 VUs  01m14.7s/10m30s  1.00 iters/s

running (01m15.9s), 002/600 VUs, 73 complete and 0 interrupted iterations
saturation   [  12% ] 002/600 VUs  01m15.7s/10m30s  1.00 iters/s

running (01m16.9s), 002/600 VUs, 74 complete and 0 interrupted iterations
saturation   [  12% ] 002/600 VUs  01m16.7s/10m30s  1.00 iters/s

running (01m17.9s), 002/600 VUs, 75 complete and 0 interrupted iterations
saturation   [  12% ] 002/600 VUs  01m17.7s/10m30s  1.00 iters/s

running (01m18.9s), 002/600 VUs, 76 complete and 0 interrupted iterations
saturation   [  12% ] 002/600 VUs  01m18.7s/10m30s  1.00 iters/s

running (01m19.9s), 002/600 VUs, 77 complete and 0 interrupted iterations
saturation   [  13% ] 002/600 VUs  01m19.7s/10m30s  1.00 iters/s

running (01m20.9s), 003/600 VUs, 77 complete and 0 interrupted iterations
saturation   [  13% ] 003/600 VUs  01m20.7s/10m30s  1.00 iters/s

running (01m21.9s), 003/600 VUs, 78 complete and 0 interrupted iterations
saturation   [  13% ] 003/600 VUs  01m21.7s/10m30s  1.00 iters/s

running (01m22.9s), 003/600 VUs, 79 complete and 0 interrupted iterations
saturation   [  13% ] 003/600 VUs  01m22.7s/10m30s  1.00 iters/s

running (01m23.9s), 003/600 VUs, 80 complete and 0 interrupted iterations
saturation   [  13% ] 003/600 VUs  01m23.7s/10m30s  1.00 iters/s

running (01m24.9s), 003/600 VUs, 81 complete and 0 interrupted iterations
saturation   [  13% ] 003/600 VUs  01m24.7s/10m30s  1.00 iters/s

running (01m25.9s), 002/600 VUs, 83 complete and 0 interrupted iterations
saturation   [  14% ] 002/600 VUs  01m25.7s/10m30s  1.00 iters/s

running (01m26.9s), 002/600 VUs, 84 complete and 0 interrupted iterations
saturation   [  14% ] 002/600 VUs  01m26.7s/10m30s  1.00 iters/s

running (01m27.9s), 002/600 VUs, 85 complete and 0 interrupted iterations
saturation   [  14% ] 002/600 VUs  01m27.7s/10m30s  1.00 iters/s

running (01m28.9s), 002/600 VUs, 86 complete and 0 interrupted iterations
saturation   [  14% ] 002/600 VUs  01m28.7s/10m30s  1.00 iters/s

running (01m29.9s), 002/600 VUs, 87 complete and 0 interrupted iterations
saturation   [  14% ] 002/600 VUs  01m29.7s/10m30s  1.00 iters/s

running (01m30.9s), 002/600 VUs, 88 complete and 0 interrupted iterations
saturation   [  14% ] 002/600 VUs  01m30.7s/10m30s  1.01 iters/s

running (01m31.9s), 002/600 VUs, 89 complete and 0 interrupted iterations
saturation   [  15% ] 002/600 VUs  01m31.7s/10m30s  1.02 iters/s

running (01m32.9s), 002/600 VUs, 90 complete and 0 interrupted iterations
saturation   [  15% ] 002/600 VUs  01m32.7s/10m30s  1.03 iters/s

running (01m33.9s), 002/600 VUs, 91 complete and 0 interrupted iterations
saturation   [  15% ] 002/600 VUs  01m33.7s/10m30s  1.04 iters/s

running (01m34.9s), 003/600 VUs, 91 complete and 0 interrupted iterations
saturation   [  15% ] 003/600 VUs  01m34.7s/10m30s  1.05 iters/s

running (01m35.9s), 003/600 VUs, 92 complete and 0 interrupted iterations
saturation   [  15% ] 003/600 VUs  01m35.7s/10m30s  1.06 iters/s

running (01m36.9s), 003/600 VUs, 93 complete and 0 interrupted iterations
saturation   [  15% ] 003/600 VUs  01m36.7s/10m30s  1.07 iters/s

running (01m37.9s), 004/600 VUs, 94 complete and 0 interrupted iterations
saturation   [  16% ] 004/600 VUs  01m37.7s/10m30s  1.09 iters/s

running (01m38.9s), 003/600 VUs, 96 complete and 0 interrupted iterations
saturation   [  16% ] 003/600 VUs  01m38.7s/10m30s  1.10 iters/s

running (01m39.9s), 003/600 VUs, 97 complete and 0 interrupted iterations
saturation   [  16% ] 003/600 VUs  01m39.7s/10m30s  1.11 iters/s

running (01m40.9s), 003/600 VUs, 98 complete and 0 interrupted iterations
saturation   [  16% ] 003/600 VUs  01m40.7s/10m30s  1.12 iters/s

running (01m41.9s), 003/600 VUs, 99 complete and 0 interrupted iterations
saturation   [  16% ] 003/600 VUs  01m41.7s/10m30s  1.13 iters/s

running (01m42.9s), 003/600 VUs, 100 complete and 0 interrupted iterations
saturation   [  16% ] 003/600 VUs  01m42.7s/10m30s  1.14 iters/s

running (01m43.9s), 003/600 VUs, 101 complete and 0 interrupted iterations
saturation   [  16% ] 003/600 VUs  01m43.7s/10m30s  1.15 iters/s

running (01m44.9s), 002/600 VUs, 103 complete and 0 interrupted iterations
saturation   [  17% ] 002/600 VUs  01m44.7s/10m30s  1.16 iters/s

running (01m45.9s), 003/600 VUs, 104 complete and 0 interrupted iterations
saturation   [  17% ] 003/600 VUs  01m45.7s/10m30s  1.18 iters/s

running (01m46.9s), 003/600 VUs, 105 complete and 0 interrupted iterations
saturation   [  17% ] 003/600 VUs  01m46.7s/10m30s  1.19 iters/s

running (01m47.9s), 003/600 VUs, 106 complete and 0 interrupted iterations
saturation   [  17% ] 003/600 VUs  01m47.7s/10m30s  1.20 iters/s

running (01m48.9s), 004/600 VUs, 106 complete and 0 interrupted iterations
saturation   [  17% ] 004/600 VUs  01m48.7s/10m30s  1.21 iters/s

running (01m49.9s), 003/600 VUs, 108 complete and 0 interrupted iterations
saturation   [  17% ] 003/600 VUs  01m49.7s/10m30s  1.22 iters/s

running (01m50.9s), 004/600 VUs, 109 complete and 0 interrupted iterations
saturation   [  18% ] 004/600 VUs  01m50.7s/10m30s  1.23 iters/s

running (01m51.9s), 004/600 VUs, 110 complete and 0 interrupted iterations
saturation   [  18% ] 004/600 VUs  01m51.7s/10m30s  1.24 iters/s

running (01m52.9s), 003/600 VUs, 112 complete and 0 interrupted iterations
saturation   [  18% ] 003/600 VUs  01m52.7s/10m30s  1.25 iters/s

running (01m53.9s), 003/600 VUs, 113 complete and 0 interrupted iterations
saturation   [  18% ] 003/600 VUs  01m53.7s/10m30s  1.26 iters/s

running (01m54.9s), 004/600 VUs, 114 complete and 0 interrupted iterations
saturation   [  18% ] 004/600 VUs  01m54.7s/10m30s  1.28 iters/s

running (01m55.9s), 003/600 VUs, 116 complete and 0 interrupted iterations
saturation   [  18% ] 003/600 VUs  01m55.7s/10m30s  1.29 iters/s

running (01m56.9s), 003/600 VUs, 117 complete and 0 interrupted iterations
saturation   [  19% ] 003/600 VUs  01m56.7s/10m30s  1.30 iters/s

running (01m57.9s), 003/600 VUs, 118 complete and 0 interrupted iterations
saturation   [  19% ] 003/600 VUs  01m57.7s/10m30s  1.30 iters/s

running (01m58.9s), 003/600 VUs, 120 complete and 0 interrupted iterations
saturation   [  19% ] 003/600 VUs  01m58.7s/10m30s  1.32 iters/s

running (01m59.9s), 003/600 VUs, 121 complete and 0 interrupted iterations
saturation   [  19% ] 003/600 VUs  01m59.7s/10m30s  1.33 iters/s

running (02m00.9s), 004/600 VUs, 121 complete and 0 interrupted iterations
saturation   [  19% ] 004/600 VUs  02m00.7s/10m30s  1.34 iters/s

running (02m01.9s), 004/600 VUs, 123 complete and 0 interrupted iterations
saturation   [  19% ] 004/600 VUs  02m01.7s/10m30s  1.35 iters/s

running (02m02.9s), 004/600 VUs, 124 complete and 0 interrupted iterations
saturation   [  19% ] 004/600 VUs  02m02.7s/10m30s  1.36 iters/s

running (02m03.9s), 004/600 VUs, 126 complete and 0 interrupted iterations
saturation   [  20% ] 004/600 VUs  02m03.7s/10m30s  1.38 iters/s

running (02m04.9s), 004/600 VUs, 127 complete and 0 interrupted iterations
saturation   [  20% ] 004/600 VUs  02m04.7s/10m30s  1.39 iters/s

running (02m05.9s), 003/600 VUs, 129 complete and 0 interrupted iterations
saturation   [  20% ] 003/600 VUs  02m05.7s/10m30s  1.39 iters/s

running (02m06.9s), 004/600 VUs, 130 complete and 0 interrupted iterations
saturation   [  20% ] 004/600 VUs  02m06.7s/10m30s  1.41 iters/s

running (02m07.9s), 003/600 VUs, 132 complete and 0 interrupted iterations
saturation   [  20% ] 003/600 VUs  02m07.7s/10m30s  1.42 iters/s

running (02m08.9s), 004/600 VUs, 133 complete and 0 interrupted iterations
saturation   [  20% ] 004/600 VUs  02m08.7s/10m30s  1.43 iters/s

running (02m09.9s), 003/600 VUs, 135 complete and 0 interrupted iterations
saturation   [  21% ] 003/600 VUs  02m09.7s/10m30s  1.44 iters/s

running (02m10.9s), 003/600 VUs, 136 complete and 0 interrupted iterations
saturation   [  21% ] 003/600 VUs  02m10.7s/10m30s  1.45 iters/s

running (02m11.9s), 004/600 VUs, 137 complete and 0 interrupted iterations
saturation   [  21% ] 004/600 VUs  02m11.7s/10m30s  1.46 iters/s

running (02m12.9s), 004/600 VUs, 138 complete and 0 interrupted iterations
saturation   [  21% ] 004/600 VUs  02m12.7s/10m30s  1.47 iters/s

running (02m13.9s), 004/600 VUs, 140 complete and 0 interrupted iterations
saturation   [  21% ] 004/600 VUs  02m13.7s/10m30s  1.49 iters/s

running (02m14.9s), 004/600 VUs, 141 complete and 0 interrupted iterations
saturation   [  21% ] 004/600 VUs  02m14.7s/10m30s  1.49 iters/s

running (02m15.9s), 004/600 VUs, 143 complete and 0 interrupted iterations
saturation   [  22% ] 004/600 VUs  02m15.7s/10m30s  1.51 iters/s

running (02m16.9s), 004/600 VUs, 144 complete and 0 interrupted iterations
saturation   [  22% ] 004/600 VUs  02m16.7s/10m30s  1.52 iters/s

running (02m17.9s), 004/600 VUs, 146 complete and 0 interrupted iterations
saturation   [  22% ] 004/600 VUs  02m17.7s/10m30s  1.53 iters/s

running (02m18.9s), 003/600 VUs, 148 complete and 0 interrupted iterations
saturation   [  22% ] 003/600 VUs  02m18.7s/10m30s  1.54 iters/s

running (02m19.9s), 004/600 VUs, 149 complete and 0 interrupted iterations
saturation   [  22% ] 004/600 VUs  02m19.7s/10m30s  1.55 iters/s

running (02m20.9s), 004/600 VUs, 151 complete and 0 interrupted iterations
saturation   [  22% ] 004/600 VUs  02m20.7s/10m30s  1.57 iters/s

running (02m21.9s), 003/600 VUs, 153 complete and 0 interrupted iterations
saturation   [  22% ] 003/600 VUs  02m21.7s/10m30s  1.57 iters/s

running (02m22.9s), 004/600 VUs, 154 complete and 0 interrupted iterations
saturation   [  23% ] 004/600 VUs  02m22.7s/10m30s  1.59 iters/s

running (02m23.9s), 005/600 VUs, 154 complete and 0 interrupted iterations
saturation   [  23% ] 005/600 VUs  02m23.7s/10m30s  1.60 iters/s

running (02m24.9s), 005/600 VUs, 156 complete and 0 interrupted iterations
saturation   [  23% ] 005/600 VUs  02m24.7s/10m30s  1.61 iters/s

running (02m25.9s), 004/600 VUs, 158 complete and 0 interrupted iterations
saturation   [  23% ] 004/600 VUs  02m25.7s/10m30s  1.62 iters/s

running (02m26.9s), 004/600 VUs, 160 complete and 0 interrupted iterations
saturation   [  23% ] 004/600 VUs  02m26.7s/10m30s  1.63 iters/s

running (02m27.9s), 005/600 VUs, 161 complete and 0 interrupted iterations
saturation   [  23% ] 005/600 VUs  02m27.7s/10m30s  1.64 iters/s

running (02m28.9s), 004/600 VUs, 163 complete and 0 interrupted iterations
saturation   [  24% ] 004/600 VUs  02m28.7s/10m30s  1.65 iters/s

running (02m29.9s), 004/600 VUs, 165 complete and 0 interrupted iterations
saturation   [  24% ] 004/600 VUs  02m29.7s/10m30s  1.66 iters/s

running (02m30.9s), 004/600 VUs, 167 complete and 0 interrupted iterations
saturation   [  24% ] 004/600 VUs  02m30.7s/10m30s  1.68 iters/s

running (02m31.9s), 004/600 VUs, 168 complete and 0 interrupted iterations
saturation   [  24% ] 004/600 VUs  02m31.7s/10m30s  1.68 iters/s

running (02m32.9s), 004/600 VUs, 170 complete and 0 interrupted iterations
saturation   [  24% ] 004/600 VUs  02m32.7s/10m30s  1.70 iters/s

running (02m33.9s), 005/600 VUs, 171 complete and 0 interrupted iterations
saturation   [  24% ] 005/600 VUs  02m33.7s/10m30s  1.71 iters/s

running (02m34.9s), 005/600 VUs, 172 complete and 0 interrupted iterations
saturation   [  25% ] 005/600 VUs  02m34.7s/10m30s  1.72 iters/s

running (02m35.9s), 005/600 VUs, 174 complete and 0 interrupted iterations
saturation   [  25% ] 005/600 VUs  02m35.7s/10m30s  1.73 iters/s

running (02m36.9s), 005/600 VUs, 176 complete and 0 interrupted iterations
saturation   [  25% ] 005/600 VUs  02m36.7s/10m30s  1.74 iters/s

running (02m37.9s), 005/600 VUs, 178 complete and 0 interrupted iterations
saturation   [  25% ] 005/600 VUs  02m37.7s/10m30s  1.75 iters/s

running (02m38.9s), 004/600 VUs, 180 complete and 0 interrupted iterations
saturation   [  25% ] 004/600 VUs  02m38.7s/10m30s  1.76 iters/s

running (02m39.9s), 004/600 VUs, 182 complete and 0 interrupted iterations
saturation   [  25% ] 004/600 VUs  02m39.7s/10m30s  1.77 iters/s

running (02m40.9s), 004/600 VUs, 184 complete and 0 interrupted iterations
saturation   [  26% ] 004/600 VUs  02m40.7s/10m30s  1.79 iters/s

running (02m41.9s), 004/600 VUs, 186 complete and 0 interrupted iterations
saturation   [  26% ] 004/600 VUs  02m41.7s/10m30s  1.80 iters/s

running (02m42.9s), 006/600 VUs, 186 complete and 0 interrupted iterations
saturation   [  26% ] 006/600 VUs  02m42.7s/10m30s  1.81 iters/s

running (02m43.9s), 005/600 VUs, 188 complete and 0 interrupted iterations
saturation   [  26% ] 005/600 VUs  02m43.7s/10m30s  1.82 iters/s

running (02m44.9s), 005/600 VUs, 190 complete and 0 interrupted iterations
saturation   [  26% ] 005/600 VUs  02m44.7s/10m30s  1.83 iters/s

running (02m45.9s), 005/600 VUs, 192 complete and 0 interrupted iterations
saturation   [  26% ] 005/600 VUs  02m45.7s/10m30s  1.84 iters/s

running (02m46.9s), 005/600 VUs, 194 complete and 0 interrupted iterations
saturation   [  26% ] 005/600 VUs  02m46.7s/10m30s  1.85 iters/s

running (02m47.9s), 005/600 VUs, 196 complete and 0 interrupted iterations
saturation   [  27% ] 005/600 VUs  02m47.7s/10m30s  1.86 iters/s

running (02m48.9s), 005/600 VUs, 198 complete and 0 interrupted iterations
saturation   [  27% ] 005/600 VUs  02m48.7s/10m30s  1.88 iters/s

running (02m49.9s), 005/600 VUs, 200 complete and 0 interrupted iterations
saturation   [  27% ] 005/600 VUs  02m49.7s/10m30s  1.89 iters/s

running (02m50.9s), 006/600 VUs, 200 complete and 0 interrupted iterations
saturation   [  27% ] 006/600 VUs  02m50.7s/10m30s  1.89 iters/s

running (02m51.9s), 007/600 VUs, 201 complete and 0 interrupted iterations
saturation   [  27% ] 007/600 VUs  02m51.7s/10m30s  1.91 iters/s

running (02m52.9s), 007/600 VUs, 203 complete and 0 interrupted iterations
saturation   [  27% ] 007/600 VUs  02m52.7s/10m30s  1.92 iters/s

running (02m53.9s), 007/600 VUs, 205 complete and 0 interrupted iterations
saturation   [  28% ] 007/600 VUs  02m53.7s/10m30s  1.93 iters/s

running (02m54.9s), 007/600 VUs, 207 complete and 0 interrupted iterations
saturation   [  28% ] 007/600 VUs  02m54.7s/10m30s  1.94 iters/s

running (02m55.9s), 007/600 VUs, 209 complete and 0 interrupted iterations
saturation   [  28% ] 007/600 VUs  02m55.7s/10m30s  1.95 iters/s

running (02m56.9s), 007/600 VUs, 211 complete and 0 interrupted iterations
saturation   [  28% ] 007/600 VUs  02m56.7s/10m30s  1.96 iters/s

running (02m57.9s), 007/600 VUs, 213 complete and 0 interrupted iterations
saturation   [  28% ] 007/600 VUs  02m57.7s/10m30s  1.97 iters/s

running (02m58.9s), 007/600 VUs, 215 complete and 0 interrupted iterations
saturation   [  28% ] 007/600 VUs  02m58.7s/10m30s  1.99 iters/s

running (02m59.9s), 005/600 VUs, 219 complete and 0 interrupted iterations
saturation   [  29% ] 005/600 VUs  02m59.7s/10m30s  2.00 iters/s

running (03m00.9s), 007/600 VUs, 219 complete and 0 interrupted iterations
saturation   [  29% ] 007/600 VUs  03m00.7s/10m30s  2.01 iters/s

running (03m01.9s), 009/600 VUs, 219 complete and 0 interrupted iterations
saturation   [  29% ] 009/600 VUs  03m01.7s/10m30s  2.02 iters/s

running (03m02.9s), 008/600 VUs, 222 complete and 0 interrupted iterations
saturation   [  29% ] 008/600 VUs  03m02.7s/10m30s  2.03 iters/s

running (03m03.9s), 010/600 VUs, 222 complete and 0 interrupted iterations
saturation   [  29% ] 010/600 VUs  03m03.7s/10m30s  2.04 iters/s

running (03m04.9s), 009/600 VUs, 225 complete and 0 interrupted iterations
saturation   [  29% ] 009/600 VUs  03m04.7s/10m30s  2.05 iters/s

running (03m05.9s), 009/600 VUs, 227 complete and 0 interrupted iterations
saturation   [  29% ] 009/600 VUs  03m05.7s/10m30s  2.06 iters/s

running (03m06.9s), 009/600 VUs, 229 complete and 0 interrupted iterations
saturation   [  30% ] 009/600 VUs  03m06.7s/10m30s  2.07 iters/s

running (03m07.9s), 011/600 VUs, 229 complete and 0 interrupted iterations
saturation   [  30% ] 011/600 VUs  03m07.7s/10m30s  2.08 iters/s

running (03m08.9s), 008/600 VUs, 234 complete and 0 interrupted iterations
saturation   [  30% ] 008/600 VUs  03m08.7s/10m30s  2.09 iters/s

running (03m09.9s), 008/600 VUs, 236 complete and 0 interrupted iterations
saturation   [  30% ] 008/600 VUs  03m09.7s/10m30s  2.11 iters/s

running (03m10.9s), 009/600 VUs, 238 complete and 0 interrupted iterations
saturation   [  30% ] 009/600 VUs  03m10.7s/10m30s  2.12 iters/s

running (03m11.9s), 010/600 VUs, 239 complete and 0 interrupted iterations
saturation   [  30% ] 010/600 VUs  03m11.7s/10m30s  2.13 iters/s

running (03m12.9s), 010/600 VUs, 241 complete and 0 interrupted iterations
saturation   [  31% ] 010/600 VUs  03m12.7s/10m30s  2.14 iters/s

running (03m13.9s), 010/600 VUs, 243 complete and 0 interrupted iterations
saturation   [  31% ] 010/600 VUs  03m13.7s/10m30s  2.15 iters/s

running (03m14.9s), 009/600 VUs, 246 complete and 0 interrupted iterations
saturation   [  31% ] 009/600 VUs  03m14.7s/10m30s  2.16 iters/s

running (03m15.9s), 009/600 VUs, 248 complete and 0 interrupted iterations
saturation   [  31% ] 009/600 VUs  03m15.7s/10m30s  2.17 iters/s

running (03m16.9s), 008/600 VUs, 251 complete and 0 interrupted iterations
saturation   [  31% ] 008/600 VUs  03m16.7s/10m30s  2.18 iters/s

running (03m17.9s), 009/600 VUs, 253 complete and 0 interrupted iterations
saturation   [  31% ] 009/600 VUs  03m17.7s/10m30s  2.20 iters/s

running (03m18.9s), 009/600 VUs, 255 complete and 0 interrupted iterations
saturation   [  32% ] 009/600 VUs  03m18.7s/10m30s  2.21 iters/s

running (03m19.9s), 009/600 VUs, 257 complete and 0 interrupted iterations
saturation   [  32% ] 009/600 VUs  03m19.7s/10m30s  2.22 iters/s

running (03m20.9s), 009/600 VUs, 259 complete and 0 interrupted iterations
saturation   [  32% ] 009/600 VUs  03m20.7s/10m30s  2.23 iters/s

running (03m21.9s), 009/600 VUs, 262 complete and 0 interrupted iterations
saturation   [  32% ] 009/600 VUs  03m21.7s/10m30s  2.24 iters/s

running (03m22.9s), 009/600 VUs, 264 complete and 0 interrupted iterations
saturation   [  32% ] 009/600 VUs  03m22.7s/10m30s  2.25 iters/s

running (03m23.9s), 007/600 VUs, 268 complete and 0 interrupted iterations
saturation   [  32% ] 007/600 VUs  03m23.7s/10m30s  2.26 iters/s

running (03m24.9s), 007/600 VUs, 270 complete and 0 interrupted iterations
saturation   [  32% ] 007/600 VUs  03m24.7s/10m30s  2.27 iters/s

running (03m25.9s), 008/600 VUs, 272 complete and 0 interrupted iterations
saturation   [  33% ] 008/600 VUs  03m25.7s/10m30s  2.29 iters/s

running (03m26.9s), 009/600 VUs, 273 complete and 0 interrupted iterations
saturation   [  33% ] 009/600 VUs  03m26.7s/10m30s  2.30 iters/s

running (03m27.9s), 009/600 VUs, 275 complete and 0 interrupted iterations
saturation   [  33% ] 009/600 VUs  03m27.7s/10m30s  2.31 iters/s

running (03m28.9s), 008/600 VUs, 279 complete and 0 interrupted iterations
saturation   [  33% ] 008/600 VUs  03m28.7s/10m30s  2.32 iters/s

running (03m29.9s), 009/600 VUs, 280 complete and 0 interrupted iterations
saturation   [  33% ] 009/600 VUs  03m29.7s/10m30s  2.33 iters/s

running (03m30.9s), 008/600 VUs, 283 complete and 0 interrupted iterations
saturation   [  33% ] 008/600 VUs  03m30.7s/10m30s  2.34 iters/s

running (03m31.9s), 008/600 VUs, 286 complete and 0 interrupted iterations
saturation   [  34% ] 008/600 VUs  03m31.7s/10m30s  2.35 iters/s

running (03m32.9s), 005/600 VUs, 291 complete and 0 interrupted iterations
saturation   [  34% ] 005/600 VUs  03m32.7s/10m30s  2.36 iters/s

running (03m33.9s), 006/600 VUs, 292 complete and 0 interrupted iterations
saturation   [  34% ] 006/600 VUs  03m33.7s/10m30s  2.37 iters/s

running (03m34.9s), 009/600 VUs, 292 complete and 0 interrupted iterations
saturation   [  34% ] 009/600 VUs  03m34.7s/10m30s  2.39 iters/s

running (03m35.9s), 011/600 VUs, 292 complete and 0 interrupted iterations
saturation   [  34% ] 011/600 VUs  03m35.7s/10m30s  2.40 iters/s

running (03m36.9s), 010/600 VUs, 295 complete and 0 interrupted iterations
saturation   [  34% ] 010/600 VUs  03m36.7s/10m30s  2.41 iters/s

running (03m37.9s), 013/600 VUs, 295 complete and 0 interrupted iterations
saturation   [  35% ] 013/600 VUs  03m37.7s/10m30s  2.42 iters/s

running (03m38.9s), 010/600 VUs, 300 complete and 0 interrupted iterations
saturation   [  35% ] 010/600 VUs  03m38.7s/10m30s  2.43 iters/s

running (03m39.9s), 013/600 VUs, 300 complete and 0 interrupted iterations
saturation   [  35% ] 013/600 VUs  03m39.7s/10m30s  2.44 iters/s

running (03m40.9s), 011/600 VUs, 304 complete and 0 interrupted iterations
saturation   [  35% ] 011/600 VUs  03m40.7s/10m30s  2.45 iters/s

running (03m41.9s), 012/600 VUs, 306 complete and 0 interrupted iterations
saturation   [  35% ] 012/600 VUs  03m41.7s/10m30s  2.47 iters/s

running (03m42.9s), 014/600 VUs, 306 complete and 0 interrupted iterations
saturation   [  35% ] 014/600 VUs  03m42.7s/10m30s  2.47 iters/s

running (03m43.9s), 015/600 VUs, 308 complete and 0 interrupted iterations
saturation   [  36% ] 015/600 VUs  03m43.7s/10m30s  2.49 iters/s

running (03m44.9s), 015/600 VUs, 310 complete and 0 interrupted iterations
saturation   [  36% ] 015/600 VUs  03m44.7s/10m30s  2.50 iters/s

running (03m45.9s), 016/600 VUs, 312 complete and 0 interrupted iterations
saturation   [  36% ] 016/600 VUs  03m45.7s/10m30s  2.51 iters/s

running (03m46.9s), 015/600 VUs, 315 complete and 0 interrupted iterations
saturation   [  36% ] 015/600 VUs  03m46.7s/10m30s  2.52 iters/s

running (03m47.9s), 013/600 VUs, 320 complete and 0 interrupted iterations
saturation   [  36% ] 013/600 VUs  03m47.7s/10m30s  2.53 iters/s

running (03m48.9s), 014/600 VUs, 321 complete and 0 interrupted iterations
saturation   [  36% ] 014/600 VUs  03m48.7s/10m30s  2.54 iters/s

running (03m49.9s), 017/600 VUs, 321 complete and 0 interrupted iterations
saturation   [  36% ] 017/600 VUs  03m49.7s/10m30s  2.55 iters/s

running (03m50.9s), 016/600 VUs, 324 complete and 0 interrupted iterations
saturation   [  37% ] 016/600 VUs  03m50.7s/10m30s  2.56 iters/s

running (03m51.9s), 017/600 VUs, 326 complete and 0 interrupted iterations
saturation   [  37% ] 017/600 VUs  03m51.7s/10m30s  2.58 iters/s

running (03m52.9s), 018/600 VUs, 327 complete and 0 interrupted iterations
saturation   [  37% ] 018/600 VUs  03m52.7s/10m30s  2.58 iters/s

running (03m53.9s), 018/600 VUs, 330 complete and 0 interrupted iterations
saturation   [  37% ] 018/600 VUs  03m53.7s/10m30s  2.60 iters/s

running (03m54.9s), 019/600 VUs, 332 complete and 0 interrupted iterations
saturation   [  37% ] 019/600 VUs  03m54.7s/10m30s  2.61 iters/s

running (03m55.9s), 018/600 VUs, 335 complete and 0 interrupted iterations
saturation   [  37% ] 018/600 VUs  03m55.7s/10m30s  2.62 iters/s

running (03m56.9s), 021/600 VUs, 335 complete and 0 interrupted iterations
saturation   [  38% ] 021/600 VUs  03m56.7s/10m30s  2.63 iters/s

running (03m57.9s), 021/600 VUs, 337 complete and 0 interrupted iterations
saturation   [  38% ] 021/600 VUs  03m57.7s/10m30s  2.64 iters/s

running (03m58.9s), 023/600 VUs, 338 complete and 0 interrupted iterations
saturation   [  38% ] 023/600 VUs  03m58.7s/10m30s  2.65 iters/s

running (03m59.9s), 023/600 VUs, 341 complete and 0 interrupted iterations
saturation   [  38% ] 023/600 VUs  03m59.7s/10m30s  2.66 iters/s

running (04m00.9s), 025/600 VUs, 341 complete and 0 interrupted iterations
saturation   [  38% ] 025/600 VUs  04m00.7s/10m30s  2.67 iters/s

running (04m01.9s), 025/600 VUs, 344 complete and 0 interrupted iterations
saturation   [  38% ] 025/600 VUs  04m01.7s/10m30s  2.69 iters/s

running (04m02.9s), 023/600 VUs, 349 complete and 0 interrupted iterations
saturation   [  39% ] 023/600 VUs  04m02.7s/10m30s  2.70 iters/s

running (04m03.9s), 025/600 VUs, 350 complete and 0 interrupted iterations
saturation   [  39% ] 025/600 VUs  04m03.7s/10m30s  2.71 iters/s

running (04m04.9s), 024/600 VUs, 353 complete and 0 interrupted iterations
saturation   [  39% ] 024/600 VUs  04m04.7s/10m30s  2.72 iters/s

running (04m05.9s), 023/600 VUs, 357 complete and 0 interrupted iterations
saturation   [  39% ] 023/600 VUs  04m05.7s/10m30s  2.73 iters/s

running (04m06.9s), 025/600 VUs, 358 complete and 0 interrupted iterations
saturation   [  39% ] 025/600 VUs  04m06.7s/10m30s  2.74 iters/s

running (04m07.9s), 021/600 VUs, 364 complete and 0 interrupted iterations
saturation   [  39% ] 021/600 VUs  04m07.7s/10m30s  2.75 iters/s

running (04m08.9s), 024/600 VUs, 364 complete and 0 interrupted iterations
saturation   [  39% ] 024/600 VUs  04m08.7s/10m30s  2.76 iters/s

running (04m09.9s), 022/600 VUs, 369 complete and 0 interrupted iterations
saturation   [  40% ] 022/600 VUs  04m09.7s/10m30s  2.77 iters/s

running (04m10.9s), 024/600 VUs, 370 complete and 0 interrupted iterations
saturation   [  40% ] 024/600 VUs  04m10.7s/10m30s  2.79 iters/s

running (04m11.9s), 022/600 VUs, 375 complete and 0 interrupted iterations
saturation   [  40% ] 022/600 VUs  04m11.7s/10m30s  2.80 iters/s

running (04m12.9s), 021/600 VUs, 378 complete and 0 interrupted iterations
saturation   [  40% ] 021/600 VUs  04m12.7s/10m30s  2.81 iters/s

running (04m13.9s), 024/600 VUs, 378 complete and 0 interrupted iterations
saturation   [  40% ] 024/600 VUs  04m13.7s/10m30s  2.82 iters/s

running (04m14.9s), 024/600 VUs, 381 complete and 0 interrupted iterations
saturation   [  40% ] 024/600 VUs  04m14.7s/10m30s  2.83 iters/s

running (04m15.9s), 026/600 VUs, 382 complete and 0 interrupted iterations
saturation   [  41% ] 026/600 VUs  04m15.7s/10m30s  2.84 iters/s

running (04m16.9s), 027/600 VUs, 384 complete and 0 interrupted iterations
saturation   [  41% ] 027/600 VUs  04m16.7s/10m30s  2.85 iters/s

running (04m17.9s), 029/600 VUs, 385 complete and 0 interrupted iterations
saturation   [  41% ] 029/600 VUs  04m17.7s/10m30s  2.87 iters/s

running (04m18.9s), 026/600 VUs, 390 complete and 0 interrupted iterations
saturation   [  41% ] 026/600 VUs  04m18.7s/10m30s  2.87 iters/s

running (04m19.9s), 024/600 VUs, 395 complete and 0 interrupted iterations
saturation   [  41% ] 024/600 VUs  04m19.7s/10m30s  2.88 iters/s

running (04m20.9s), 024/600 VUs, 398 complete and 0 interrupted iterations
saturation   [  41% ] 024/600 VUs  04m20.7s/10m30s  2.90 iters/s

running (04m21.9s), 026/600 VUs, 399 complete and 0 interrupted iterations
saturation   [  42% ] 026/600 VUs  04m21.7s/10m30s  2.91 iters/s

running (04m22.9s), 028/600 VUs, 400 complete and 0 interrupted iterations
saturation   [  42% ] 028/600 VUs  04m22.7s/10m30s  2.92 iters/s

running (04m23.9s), 028/600 VUs, 403 complete and 0 interrupted iterations
saturation   [  42% ] 028/600 VUs  04m23.7s/10m30s  2.93 iters/s

running (04m24.9s), 026/600 VUs, 408 complete and 0 interrupted iterations
saturation   [  42% ] 026/600 VUs  04m24.7s/10m30s  2.94 iters/s

running (04m25.9s), 028/600 VUs, 409 complete and 0 interrupted iterations
saturation   [  42% ] 028/600 VUs  04m25.7s/10m30s  2.95 iters/s

running (04m26.9s), 030/600 VUs, 410 complete and 0 interrupted iterations
saturation   [  42% ] 030/600 VUs  04m26.7s/10m30s  2.96 iters/s

running (04m27.9s), 028/600 VUs, 415 complete and 0 interrupted iterations
saturation   [  42% ] 028/600 VUs  04m27.7s/10m30s  2.98 iters/s

running (04m28.9s), 030/600 VUs, 416 complete and 0 interrupted iterations
saturation   [  43% ] 030/600 VUs  04m28.7s/10m30s  2.99 iters/s

running (04m29.9s), 032/600 VUs, 417 complete and 0 interrupted iterations
saturation   [  43% ] 032/600 VUs  04m29.7s/10m30s  3.00 iters/s

running (04m30.9s), 030/600 VUs, 422 complete and 0 interrupted iterations
saturation   [  43% ] 030/600 VUs  04m30.7s/10m30s  3.01 iters/s

running (04m31.9s), 032/600 VUs, 423 complete and 0 interrupted iterations
saturation   [  43% ] 032/600 VUs  04m31.7s/10m30s  3.02 iters/s

running (04m32.9s), 033/600 VUs, 425 complete and 0 interrupted iterations
saturation   [  43% ] 033/600 VUs  04m32.7s/10m30s  3.03 iters/s

running (04m33.9s), 030/600 VUs, 431 complete and 0 interrupted iterations
saturation   [  43% ] 030/600 VUs  04m33.7s/10m30s  3.04 iters/s

running (04m34.9s), 032/600 VUs, 432 complete and 0 interrupted iterations
saturation   [  44% ] 032/600 VUs  04m34.7s/10m30s  3.05 iters/s

running (04m35.9s), 031/600 VUs, 436 complete and 0 interrupted iterations
saturation   [  44% ] 031/600 VUs  04m35.7s/10m30s  3.06 iters/s

running (04m36.9s), 032/600 VUs, 438 complete and 0 interrupted iterations
saturation   [  44% ] 032/600 VUs  04m36.7s/10m30s  3.07 iters/s

running (04m37.9s), 034/600 VUs, 439 complete and 0 interrupted iterations
saturation   [  44% ] 034/600 VUs  04m37.7s/10m30s  3.09 iters/s

running (04m38.9s), 030/600 VUs, 446 complete and 0 interrupted iterations
saturation   [  44% ] 030/600 VUs  04m38.7s/10m30s  3.10 iters/s

running (04m39.9s), 032/600 VUs, 447 complete and 0 interrupted iterations
saturation   [  44% ] 032/600 VUs  04m39.7s/10m30s  3.11 iters/s

running (04m40.9s), 029/600 VUs, 453 complete and 0 interrupted iterations
saturation   [  45% ] 029/600 VUs  04m40.7s/10m30s  3.12 iters/s

running (04m41.9s), 032/600 VUs, 453 complete and 0 interrupted iterations
saturation   [  45% ] 032/600 VUs  04m41.7s/10m30s  3.13 iters/s

running (04m42.9s), 034/600 VUs, 455 complete and 0 interrupted iterations
saturation   [  45% ] 034/600 VUs  04m42.7s/10m30s  3.14 iters/s

running (04m43.9s), 031/600 VUs, 461 complete and 0 interrupted iterations
saturation   [  45% ] 031/600 VUs  04m43.7s/10m30s  3.15 iters/s

running (04m44.9s), 032/600 VUs, 463 complete and 0 interrupted iterations
saturation   [  45% ] 032/600 VUs  04m44.7s/10m30s  3.16 iters/s

running (04m45.9s), 029/600 VUs, 469 complete and 0 interrupted iterations
saturation   [  45% ] 029/600 VUs  04m45.7s/10m30s  3.17 iters/s

running (04m46.9s), 032/600 VUs, 469 complete and 0 interrupted iterations
saturation   [  46% ] 032/600 VUs  04m46.7s/10m30s  3.19 iters/s

running (04m47.9s), 035/600 VUs, 469 complete and 0 interrupted iterations
saturation   [  46% ] 035/600 VUs  04m47.7s/10m30s  3.20 iters/s

running (04m48.9s), 030/600 VUs, 478 complete and 0 interrupted iterations
saturation   [  46% ] 030/600 VUs  04m48.7s/10m30s  3.21 iters/s

running (04m49.9s), 033/600 VUs, 478 complete and 0 interrupted iterations
saturation   [  46% ] 033/600 VUs  04m49.7s/10m30s  3.22 iters/s

running (04m50.9s), 031/600 VUs, 483 complete and 0 interrupted iterations
saturation   [  46% ] 031/600 VUs  04m50.7s/10m30s  3.23 iters/s

running (04m51.9s), 029/600 VUs, 488 complete and 0 interrupted iterations
saturation   [  46% ] 029/600 VUs  04m51.7s/10m30s  3.24 iters/s

running (04m52.9s), 033/600 VUs, 488 complete and 0 interrupted iterations
saturation   [  46% ] 033/600 VUs  04m52.7s/10m30s  3.25 iters/s

running (04m53.9s), 034/600 VUs, 490 complete and 0 interrupted iterations
saturation   [  47% ] 034/600 VUs  04m53.7s/10m30s  3.26 iters/s

running (04m54.9s), 033/600 VUs, 494 complete and 0 interrupted iterations
saturation   [  47% ] 033/600 VUs  04m54.7s/10m30s  3.27 iters/s

running (04m55.9s), 030/600 VUs, 500 complete and 0 interrupted iterations
saturation   [  47% ] 030/600 VUs  04m55.7s/10m30s  3.28 iters/s

running (04m56.9s), 029/600 VUs, 505 complete and 0 interrupted iterations
saturation   [  47% ] 029/600 VUs  04m56.7s/10m30s  3.30 iters/s

running (04m57.9s), 026/600 VUs, 511 complete and 0 interrupted iterations
saturation   [  47% ] 026/600 VUs  04m57.7s/10m30s  3.31 iters/s

running (04m58.9s), 028/600 VUs, 512 complete and 0 interrupted iterations
saturation   [  47% ] 028/600 VUs  04m58.7s/10m30s  3.32 iters/s

running (04m59.9s), 031/600 VUs, 513 complete and 0 interrupted iterations
saturation   [  48% ] 031/600 VUs  04m59.7s/10m30s  3.33 iters/s

running (05m00.9s), 026/600 VUs, 521 complete and 0 interrupted iterations
saturation   [  48% ] 026/600 VUs  05m00.7s/10m30s  3.34 iters/s

running (05m01.9s), 028/600 VUs, 522 complete and 0 interrupted iterations
saturation   [  48% ] 028/600 VUs  05m01.7s/10m30s  3.35 iters/s

running (05m02.9s), 023/600 VUs, 531 complete and 0 interrupted iterations
saturation   [  48% ] 023/600 VUs  05m02.7s/10m30s  3.36 iters/s

running (05m03.9s), 025/600 VUs, 532 complete and 0 interrupted iterations
saturation   [  48% ] 025/600 VUs  05m03.7s/10m30s  3.37 iters/s

running (05m04.9s), 027/600 VUs, 533 complete and 0 interrupted iterations
saturation   [  48% ] 027/600 VUs  05m04.7s/10m30s  3.38 iters/s

running (05m05.9s), 024/600 VUs, 540 complete and 0 interrupted iterations
saturation   [  49% ] 024/600 VUs  05m05.7s/10m30s  3.40 iters/s

running (05m06.9s), 025/600 VUs, 542 complete and 0 interrupted iterations
saturation   [  49% ] 025/600 VUs  05m06.7s/10m30s  3.41 iters/s

running (05m07.9s), 024/600 VUs, 547 complete and 0 interrupted iterations
saturation   [  49% ] 024/600 VUs  05m07.7s/10m30s  3.42 iters/s

running (05m08.9s), 026/600 VUs, 548 complete and 0 interrupted iterations
saturation   [  49% ] 026/600 VUs  05m08.7s/10m30s  3.43 iters/s

running (05m09.9s), 029/600 VUs, 548 complete and 0 interrupted iterations
saturation   [  49% ] 029/600 VUs  05m09.7s/10m30s  3.44 iters/s

running (05m10.9s), 025/600 VUs, 556 complete and 0 interrupted iterations
saturation   [  49% ] 025/600 VUs  05m10.7s/10m30s  3.45 iters/s

running (05m11.9s), 028/600 VUs, 556 complete and 0 interrupted iterations
saturation   [  49% ] 028/600 VUs  05m11.7s/10m30s  3.46 iters/s

running (05m12.9s), 026/600 VUs, 562 complete and 0 interrupted iterations
saturation   [  50% ] 026/600 VUs  05m12.7s/10m30s  3.48 iters/s

running (05m13.9s), 027/600 VUs, 564 complete and 0 interrupted iterations
saturation   [  50% ] 027/600 VUs  05m13.7s/10m30s  3.48 iters/s

running (05m14.9s), 031/600 VUs, 564 complete and 0 interrupted iterations
saturation   [  50% ] 031/600 VUs  05m14.7s/10m30s  3.50 iters/s

running (05m15.9s), 027/600 VUs, 571 complete and 0 interrupted iterations
saturation   [  50% ] 027/600 VUs  05m15.7s/10m30s  3.51 iters/s

running (05m16.9s), 030/600 VUs, 572 complete and 0 interrupted iterations
saturation   [  50% ] 030/600 VUs  05m16.7s/10m30s  3.52 iters/s

running (05m17.9s), 032/600 VUs, 573 complete and 0 interrupted iterations
saturation   [  50% ] 032/600 VUs  05m17.7s/10m30s  3.53 iters/s

running (05m18.9s), 036/600 VUs, 573 complete and 0 interrupted iterations
saturation   [  51% ] 036/600 VUs  05m18.7s/10m30s  3.54 iters/s

running (05m19.9s), 036/600 VUs, 576 complete and 0 interrupted iterations
saturation   [  51% ] 036/600 VUs  05m19.7s/10m30s  3.55 iters/s

running (05m20.9s), 032/600 VUs, 584 complete and 0 interrupted iterations
saturation   [  51% ] 032/600 VUs  05m20.7s/10m30s  3.56 iters/s

running (05m21.9s), 030/600 VUs, 590 complete and 0 interrupted iterations
saturation   [  51% ] 030/600 VUs  05m21.7s/10m30s  3.58 iters/s

running (05m22.9s), 031/600 VUs, 592 complete and 0 interrupted iterations
saturation   [  51% ] 031/600 VUs  05m22.7s/10m30s  3.59 iters/s

running (05m23.9s), 031/600 VUs, 596 complete and 0 interrupted iterations
saturation   [  51% ] 031/600 VUs  05m23.7s/10m30s  3.60 iters/s

running (05m24.9s), 030/600 VUs, 600 complete and 0 interrupted iterations
saturation   [  52% ] 030/600 VUs  05m24.7s/10m30s  3.61 iters/s

running (05m25.9s), 033/600 VUs, 601 complete and 0 interrupted iterations
saturation   [  52% ] 033/600 VUs  05m25.7s/10m30s  3.62 iters/s

running (05m26.9s), 037/600 VUs, 601 complete and 0 interrupted iterations
saturation   [  52% ] 037/600 VUs  05m26.7s/10m30s  3.63 iters/s

running (05m27.9s), 032/600 VUs, 609 complete and 0 interrupted iterations
saturation   [  52% ] 032/600 VUs  05m27.7s/10m30s  3.64 iters/s

running (05m28.9s), 036/600 VUs, 609 complete and 0 interrupted iterations
saturation   [  52% ] 036/600 VUs  05m28.7s/10m30s  3.65 iters/s

running (05m29.9s), 038/600 VUs, 610 complete and 0 interrupted iterations
saturation   [  52% ] 038/600 VUs  05m29.7s/10m30s  3.66 iters/s

running (05m30.9s), 035/600 VUs, 617 complete and 0 interrupted iterations
saturation   [  52% ] 035/600 VUs  05m30.7s/10m30s  3.67 iters/s

running (05m31.9s), 038/600 VUs, 618 complete and 0 interrupted iterations
saturation   [  53% ] 038/600 VUs  05m31.7s/10m30s  3.69 iters/s

running (05m32.9s), 039/600 VUs, 621 complete and 0 interrupted iterations
saturation   [  53% ] 039/600 VUs  05m32.7s/10m30s  3.70 iters/s

running (05m33.9s), 037/600 VUs, 626 complete and 0 interrupted iterations
saturation   [  53% ] 037/600 VUs  05m33.7s/10m30s  3.71 iters/s

running (05m34.9s), 041/600 VUs, 626 complete and 0 interrupted iterations
saturation   [  53% ] 041/600 VUs  05m34.7s/10m30s  3.72 iters/s

running (05m35.9s), 044/600 VUs, 627 complete and 0 interrupted iterations
saturation   [  53% ] 044/600 VUs  05m35.7s/10m30s  3.73 iters/s

running (05m36.9s), 040/600 VUs, 634 complete and 0 interrupted iterations
saturation   [  53% ] 040/600 VUs  05m36.7s/10m30s  3.74 iters/s

running (05m37.9s), 041/600 VUs, 637 complete and 0 interrupted iterations
saturation   [  54% ] 041/600 VUs  05m37.7s/10m30s  3.75 iters/s

running (05m38.9s), 041/600 VUs, 641 complete and 0 interrupted iterations
saturation   [  54% ] 041/600 VUs  05m38.7s/10m30s  3.76 iters/s

running (05m39.9s), 044/600 VUs, 642 complete and 0 interrupted iterations
saturation   [  54% ] 044/600 VUs  05m39.7s/10m30s  3.78 iters/s

running (05m40.9s), 047/600 VUs, 642 complete and 0 interrupted iterations
saturation   [  54% ] 047/600 VUs  05m40.7s/10m30s  3.78 iters/s

running (05m41.9s), 047/600 VUs, 646 complete and 0 interrupted iterations
saturation   [  54% ] 047/600 VUs  05m41.7s/10m30s  3.80 iters/s

running (05m42.9s), 047/600 VUs, 650 complete and 0 interrupted iterations
saturation   [  54% ] 047/600 VUs  05m42.7s/10m30s  3.81 iters/s

running (05m43.9s), 045/600 VUs, 656 complete and 0 interrupted iterations
saturation   [  55% ] 045/600 VUs  05m43.7s/10m30s  3.82 iters/s

running (05m44.9s), 047/600 VUs, 658 complete and 0 interrupted iterations
saturation   [  55% ] 047/600 VUs  05m44.7s/10m30s  3.83 iters/s

running (05m45.9s), 043/600 VUs, 666 complete and 0 interrupted iterations
saturation   [  55% ] 043/600 VUs  05m45.7s/10m30s  3.84 iters/s

running (05m46.9s), 044/600 VUs, 668 complete and 0 interrupted iterations
saturation   [  55% ] 044/600 VUs  05m46.7s/10m30s  3.85 iters/s

running (05m47.9s), 045/600 VUs, 671 complete and 0 interrupted iterations
saturation   [  55% ] 045/600 VUs  05m47.7s/10m30s  3.86 iters/s

running (05m48.9s), 041/600 VUs, 679 complete and 0 interrupted iterations
saturation   [  55% ] 041/600 VUs  05m48.7s/10m30s  3.87 iters/s

running (05m49.9s), 043/600 VUs, 681 complete and 0 interrupted iterations
saturation   [  56% ] 043/600 VUs  05m49.7s/10m30s  3.89 iters/s

running (05m50.9s), 045/600 VUs, 683 complete and 0 interrupted iterations
saturation   [  56% ] 045/600 VUs  05m50.7s/10m30s  3.90 iters/s

running (05m51.9s), 042/600 VUs, 690 complete and 0 interrupted iterations
saturation   [  56% ] 042/600 VUs  05m51.7s/10m30s  3.91 iters/s

running (05m52.9s), 044/600 VUs, 692 complete and 0 interrupted iterations
saturation   [  56% ] 044/600 VUs  05m52.7s/10m30s  3.92 iters/s

running (05m53.9s), 044/600 VUs, 696 complete and 0 interrupted iterations
saturation   [  56% ] 044/600 VUs  05m53.7s/10m30s  3.93 iters/s

running (05m54.9s), 047/600 VUs, 697 complete and 0 interrupted iterations
saturation   [  56% ] 047/600 VUs  05m54.7s/10m30s  3.94 iters/s

running (05m55.9s), 042/600 VUs, 705 complete and 0 interrupted iterations
saturation   [  56% ] 042/600 VUs  05m55.7s/10m30s  3.95 iters/s

running (05m56.9s), 046/600 VUs, 705 complete and 0 interrupted iterations
saturation   [  57% ] 046/600 VUs  05m56.7s/10m30s  3.96 iters/s

running (05m57.9s), 042/600 VUs, 713 complete and 0 interrupted iterations
saturation   [  57% ] 042/600 VUs  05m57.7s/10m30s  3.97 iters/s

running (05m58.9s), 041/600 VUs, 718 complete and 0 interrupted iterations
saturation   [  57% ] 041/600 VUs  05m58.7s/10m30s  3.98 iters/s

running (05m59.9s), 040/600 VUs, 723 complete and 0 interrupted iterations
saturation   [  57% ] 040/600 VUs  05m59.7s/10m30s  4.00 iters/s

running (06m00.9s), 040/600 VUs, 727 complete and 0 interrupted iterations
saturation   [  57% ] 040/600 VUs  06m00.7s/10m30s  4.01 iters/s

running (06m01.9s), 044/600 VUs, 727 complete and 0 interrupted iterations
saturation   [  57% ] 044/600 VUs  06m01.7s/10m30s  4.02 iters/s

running (06m02.9s), 042/600 VUs, 733 complete and 0 interrupted iterations
saturation   [  58% ] 042/600 VUs  06m02.7s/10m30s  4.03 iters/s

running (06m03.9s), 041/600 VUs, 738 complete and 0 interrupted iterations
saturation   [  58% ] 041/600 VUs  06m03.7s/10m30s  4.04 iters/s

running (06m04.9s), 046/600 VUs, 738 complete and 0 interrupted iterations
saturation   [  58% ] 046/600 VUs  06m04.7s/10m30s  4.05 iters/s

running (06m05.9s), 041/600 VUs, 747 complete and 0 interrupted iterations
saturation   [  58% ] 041/600 VUs  06m05.7s/10m30s  4.06 iters/s

running (06m06.9s), 037/600 VUs, 755 complete and 0 interrupted iterations
saturation   [  58% ] 037/600 VUs  06m06.7s/10m30s  4.08 iters/s

running (06m07.9s), 038/600 VUs, 758 complete and 0 interrupted iterations
saturation   [  58% ] 038/600 VUs  06m07.7s/10m30s  4.09 iters/s

running (06m08.9s), 039/600 VUs, 761 complete and 0 interrupted iterations
saturation   [  59% ] 039/600 VUs  06m08.7s/10m30s  4.10 iters/s

running (06m09.9s), 042/600 VUs, 762 complete and 0 interrupted iterations
saturation   [  59% ] 042/600 VUs  06m09.7s/10m30s  4.11 iters/s

running (06m10.9s), 042/600 VUs, 766 complete and 0 interrupted iterations
saturation   [  59% ] 042/600 VUs  06m10.7s/10m30s  4.12 iters/s

running (06m11.9s), 039/600 VUs, 773 complete and 0 interrupted iterations
saturation   [  59% ] 039/600 VUs  06m11.7s/10m30s  4.13 iters/s

running (06m12.9s), 038/600 VUs, 778 complete and 0 interrupted iterations
saturation   [  59% ] 038/600 VUs  06m12.7s/10m30s  4.14 iters/s

running (06m13.9s), 037/600 VUs, 783 complete and 0 interrupted iterations
saturation   [  59% ] 037/600 VUs  06m13.7s/10m30s  4.15 iters/s

running (06m14.9s), 039/600 VUs, 786 complete and 0 interrupted iterations
saturation   [  59% ] 039/600 VUs  06m14.7s/10m30s  4.16 iters/s

running (06m15.9s), 043/600 VUs, 786 complete and 0 interrupted iterations
saturation   [  60% ] 043/600 VUs  06m15.7s/10m30s  4.18 iters/s

running (06m16.9s), 047/600 VUs, 786 complete and 0 interrupted iterations
saturation   [  60% ] 047/600 VUs  06m16.7s/10m30s  4.19 iters/s

running (06m17.9s), 043/600 VUs, 794 complete and 0 interrupted iterations
saturation   [  60% ] 043/600 VUs  06m17.7s/10m30s  4.20 iters/s

running (06m18.9s), 041/600 VUs, 800 complete and 0 interrupted iterations
saturation   [  60% ] 041/600 VUs  06m18.7s/10m30s  4.21 iters/s

running (06m19.9s), 044/600 VUs, 802 complete and 0 interrupted iterations
saturation   [  60% ] 044/600 VUs  06m19.7s/10m30s  4.22 iters/s

running (06m20.9s), 045/600 VUs, 805 complete and 0 interrupted iterations
saturation   [  60% ] 045/600 VUs  06m20.7s/10m30s  4.23 iters/s

running (06m21.9s), 048/600 VUs, 806 complete and 0 interrupted iterations
saturation   [  61% ] 048/600 VUs  06m21.7s/10m30s  4.24 iters/s

running (06m22.9s), 046/600 VUs, 812 complete and 0 interrupted iterations
saturation   [  61% ] 046/600 VUs  06m22.7s/10m30s  4.25 iters/s

running (06m23.9s), 046/600 VUs, 817 complete and 0 interrupted iterations
saturation   [  61% ] 046/600 VUs  06m23.7s/10m30s  4.26 iters/s

running (06m24.9s), 044/600 VUs, 823 complete and 0 interrupted iterations
saturation   [  61% ] 044/600 VUs  06m24.7s/10m30s  4.28 iters/s

running (06m25.9s), 046/600 VUs, 825 complete and 0 interrupted iterations
saturation   [  61% ] 046/600 VUs  06m25.7s/10m30s  4.29 iters/s

running (06m26.9s), 045/600 VUs, 830 complete and 0 interrupted iterations
saturation   [  61% ] 045/600 VUs  06m26.7s/10m30s  4.30 iters/s

running (06m27.9s), 046/600 VUs, 834 complete and 0 interrupted iterations
saturation   [  62% ] 046/600 VUs  06m27.7s/10m30s  4.31 iters/s

running (06m28.9s), 048/600 VUs, 836 complete and 0 interrupted iterations
saturation   [  62% ] 048/600 VUs  06m28.7s/10m30s  4.32 iters/s

running (06m29.9s), 048/600 VUs, 840 complete and 0 interrupted iterations
saturation   [  62% ] 048/600 VUs  06m29.7s/10m30s  4.33 iters/s

running (06m30.9s), 053/600 VUs, 840 complete and 0 interrupted iterations
saturation   [  62% ] 053/600 VUs  06m30.7s/10m30s  4.34 iters/s

running (06m31.9s), 046/600 VUs, 851 complete and 0 interrupted iterations
saturation   [  62% ] 046/600 VUs  06m31.7s/10m30s  4.35 iters/s

running (06m32.9s), 043/600 VUs, 858 complete and 0 interrupted iterations
saturation   [  62% ] 043/600 VUs  06m32.7s/10m30s  4.36 iters/s

running (06m33.9s), 047/600 VUs, 859 complete and 0 interrupted iterations
saturation   [  62% ] 047/600 VUs  06m33.7s/10m30s  4.38 iters/s

running (06m34.9s), 048/600 VUs, 862 complete and 0 interrupted iterations
saturation   [  63% ] 048/600 VUs  06m34.7s/10m30s  4.39 iters/s

running (06m35.9s), 045/600 VUs, 869 complete and 0 interrupted iterations
saturation   [  63% ] 045/600 VUs  06m35.7s/10m30s  4.40 iters/s

running (06m36.9s), 042/600 VUs, 877 complete and 0 interrupted iterations
saturation   [  63% ] 042/600 VUs  06m36.7s/10m30s  4.41 iters/s

running (06m37.9s), 044/600 VUs, 879 complete and 0 interrupted iterations
saturation   [  63% ] 044/600 VUs  06m37.7s/10m30s  4.42 iters/s

running (06m38.9s), 044/600 VUs, 884 complete and 0 interrupted iterations
saturation   [  63% ] 044/600 VUs  06m38.7s/10m30s  4.43 iters/s

running (06m39.9s), 046/600 VUs, 886 complete and 0 interrupted iterations
saturation   [  63% ] 046/600 VUs  06m39.7s/10m30s  4.44 iters/s

running (06m40.9s), 041/600 VUs, 896 complete and 0 interrupted iterations
saturation   [  64% ] 041/600 VUs  06m40.7s/10m30s  4.45 iters/s

running (06m41.9s), 043/600 VUs, 898 complete and 0 interrupted iterations
saturation   [  64% ] 043/600 VUs  06m41.7s/10m30s  4.46 iters/s

running (06m42.9s), 045/600 VUs, 901 complete and 0 interrupted iterations
saturation   [  64% ] 045/600 VUs  06m42.7s/10m30s  4.48 iters/s

running (06m43.9s), 046/600 VUs, 904 complete and 0 interrupted iterations
saturation   [  64% ] 046/600 VUs  06m43.7s/10m30s  4.49 iters/s

running (06m44.9s), 043/600 VUs, 912 complete and 0 interrupted iterations
saturation   [  64% ] 043/600 VUs  06m44.7s/10m30s  4.50 iters/s

running (06m45.9s), 044/600 VUs, 915 complete and 0 interrupted iterations
saturation   [  64% ] 044/600 VUs  06m45.7s/10m30s  4.51 iters/s

running (06m46.9s), 045/600 VUs, 919 complete and 0 interrupted iterations
saturation   [  65% ] 045/600 VUs  06m46.7s/10m30s  4.52 iters/s

running (06m47.9s), 039/600 VUs, 929 complete and 0 interrupted iterations
saturation   [  65% ] 039/600 VUs  06m47.7s/10m30s  4.53 iters/s

running (06m48.9s), 043/600 VUs, 930 complete and 0 interrupted iterations
saturation   [  65% ] 043/600 VUs  06m48.7s/10m30s  4.54 iters/s

running (06m49.9s), 043/600 VUs, 934 complete and 0 interrupted iterations
saturation   [  65% ] 043/600 VUs  06m49.7s/10m30s  4.55 iters/s

running (06m50.9s), 042/600 VUs, 940 complete and 0 interrupted iterations
saturation   [  65% ] 042/600 VUs  06m50.7s/10m30s  4.56 iters/s

running (06m51.9s), 043/600 VUs, 943 complete and 0 interrupted iterations
saturation   [  65% ] 043/600 VUs  06m51.7s/10m30s  4.57 iters/s

running (06m52.9s), 046/600 VUs, 945 complete and 0 interrupted iterations
saturation   [  66% ] 046/600 VUs  06m52.7s/10m30s  4.59 iters/s

running (06m53.9s), 049/600 VUs, 946 complete and 0 interrupted iterations
saturation   [  66% ] 049/600 VUs  06m53.7s/10m30s  4.60 iters/s

running (06m54.9s), 052/600 VUs, 948 complete and 0 interrupted iterations
saturation   [  66% ] 052/600 VUs  06m54.7s/10m30s  4.61 iters/s

running (06m55.9s), 050/600 VUs, 955 complete and 0 interrupted iterations
saturation   [  66% ] 050/600 VUs  06m55.7s/10m30s  4.62 iters/s

running (06m56.9s), 050/600 VUs, 959 complete and 0 interrupted iterations
saturation   [  66% ] 050/600 VUs  06m56.7s/10m30s  4.63 iters/s

running (06m57.9s), 053/600 VUs, 961 complete and 0 interrupted iterations
saturation   [  66% ] 053/600 VUs  06m57.7s/10m30s  4.64 iters/s

running (06m58.9s), 054/600 VUs, 965 complete and 0 interrupted iterations
saturation   [  66% ] 054/600 VUs  06m58.7s/10m30s  4.65 iters/s

running (06m59.9s), 052/600 VUs, 971 complete and 0 interrupted iterations
saturation   [  67% ] 052/600 VUs  06m59.7s/10m30s  4.66 iters/s

running (07m00.9s), 051/600 VUs, 977 complete and 0 interrupted iterations
saturation   [  67% ] 051/600 VUs  07m00.7s/10m30s  4.67 iters/s

running (07m01.9s), 050/600 VUs, 983 complete and 0 interrupted iterations
saturation   [  67% ] 050/600 VUs  07m01.7s/10m30s  4.69 iters/s

running (07m02.9s), 052/600 VUs, 985 complete and 0 interrupted iterations
saturation   [  67% ] 052/600 VUs  07m02.7s/10m30s  4.70 iters/s

running (07m03.9s), 056/600 VUs, 986 complete and 0 interrupted iterations
saturation   [  67% ] 056/600 VUs  07m03.7s/10m30s  4.71 iters/s

running (07m04.9s), 053/600 VUs, 994 complete and 0 interrupted iterations
saturation   [  67% ] 053/600 VUs  07m04.7s/10m30s  4.72 iters/s

running (07m05.9s), 055/600 VUs, 996 complete and 0 interrupted iterations
saturation   [  68% ] 055/600 VUs  07m05.7s/10m30s  4.73 iters/s

running (07m06.9s), 060/600 VUs, 996 complete and 0 interrupted iterations
saturation   [  68% ] 060/600 VUs  07m06.7s/10m30s  4.74 iters/s

running (07m07.9s), 051/600 VUs, 1010 complete and 0 interrupted iterations
saturation   [  68% ] 051/600 VUs  07m07.7s/10m30s  4.75 iters/s

running (07m08.9s), 055/600 VUs, 1011 complete and 0 interrupted iterations
saturation   [  68% ] 055/600 VUs  07m08.7s/10m30s  4.76 iters/s

running (07m09.9s), 051/600 VUs, 1019 complete and 0 interrupted iterations
saturation   [  68% ] 051/600 VUs  07m09.7s/10m30s  4.77 iters/s

running (07m10.9s), 052/600 VUs, 1023 complete and 0 interrupted iterations
saturation   [  68% ] 052/600 VUs  07m10.7s/10m30s  4.79 iters/s

running (07m11.9s), 051/600 VUs, 1029 complete and 0 interrupted iterations
saturation   [  69% ] 051/600 VUs  07m11.7s/10m30s  4.80 iters/s

running (07m12.9s), 056/600 VUs, 1029 complete and 0 interrupted iterations
saturation   [  69% ] 056/600 VUs  07m12.7s/10m30s  4.81 iters/s

running (07m13.9s), 058/600 VUs, 1032 complete and 0 interrupted iterations
saturation   [  69% ] 058/600 VUs  07m13.7s/10m30s  4.82 iters/s

running (07m14.9s), 062/600 VUs, 1032 complete and 0 interrupted iterations
saturation   [  69% ] 062/600 VUs  07m14.7s/10m30s  4.83 iters/s

running (07m15.9s), 067/600 VUs, 1032 complete and 0 interrupted iterations
saturation   [  69% ] 067/600 VUs  07m15.7s/10m30s  4.84 iters/s

running (07m16.9s), 065/600 VUs, 1039 complete and 0 interrupted iterations
saturation   [  69% ] 065/600 VUs  07m16.7s/10m30s  4.85 iters/s

running (07m17.9s), 059/600 VUs, 1050 complete and 0 interrupted iterations
saturation   [  69% ] 059/600 VUs  07m17.7s/10m30s  4.86 iters/s

running (07m18.9s), 060/600 VUs, 1054 complete and 0 interrupted iterations
saturation   [  70% ] 060/600 VUs  07m18.7s/10m30s  4.88 iters/s

running (07m19.9s), 060/600 VUs, 1059 complete and 0 interrupted iterations
saturation   [  70% ] 060/600 VUs  07m19.7s/10m30s  4.89 iters/s

running (07m20.9s), 059/600 VUs, 1065 complete and 0 interrupted iterations
saturation   [  70% ] 059/600 VUs  07m20.7s/10m30s  4.90 iters/s

running (07m21.9s), 061/600 VUs, 1067 complete and 0 interrupted iterations
saturation   [  70% ] 061/600 VUs  07m21.7s/10m30s  4.91 iters/s

running (07m22.9s), 064/600 VUs, 1069 complete and 0 interrupted iterations
saturation   [  70% ] 064/600 VUs  07m22.7s/10m30s  4.92 iters/s

running (07m23.9s), 060/600 VUs, 1078 complete and 0 interrupted iterations
saturation   [  70% ] 060/600 VUs  07m23.7s/10m30s  4.93 iters/s

running (07m24.9s), 060/600 VUs, 1083 complete and 0 interrupted iterations
saturation   [  71% ] 060/600 VUs  07m24.7s/10m30s  4.94 iters/s

running (07m25.9s), 057/600 VUs, 1091 complete and 0 interrupted iterations
saturation   [  71% ] 057/600 VUs  07m25.7s/10m30s  4.95 iters/s

running (07m26.9s), 060/600 VUs, 1093 complete and 0 interrupted iterations
saturation   [  71% ] 060/600 VUs  07m26.7s/10m30s  4.96 iters/s

running (07m27.9s), 059/600 VUs, 1099 complete and 0 interrupted iterations
saturation   [  71% ] 059/600 VUs  07m27.7s/10m30s  4.97 iters/s

running (07m28.9s), 061/600 VUs, 1102 complete and 0 interrupted iterations
saturation   [  71% ] 061/600 VUs  07m28.7s/10m30s  4.99 iters/s

running (07m29.9s), 064/600 VUs, 1104 complete and 0 interrupted iterations
saturation   [  71% ] 064/600 VUs  07m29.7s/10m30s  5.00 iters/s

running (07m30.9s), 063/600 VUs, 1110 complete and 0 interrupted iterations
saturation   [  72% ] 063/600 VUs  07m30.7s/10m30s  5.01 iters/s

running (07m31.9s), 068/600 VUs, 1110 complete and 0 interrupted iterations
saturation   [  72% ] 068/600 VUs  07m31.7s/10m30s  5.02 iters/s

running (07m32.9s), 072/600 VUs, 1111 complete and 0 interrupted iterations
saturation   [  72% ] 072/600 VUs  07m32.7s/10m30s  5.03 iters/s

running (07m33.9s), 072/600 VUs, 1116 complete and 0 interrupted iterations
saturation   [  72% ] 072/600 VUs  07m33.7s/10m30s  5.04 iters/s

running (07m34.9s), 073/600 VUs, 1120 complete and 0 interrupted iterations
saturation   [  72% ] 073/600 VUs  07m34.7s/10m30s  5.05 iters/s

running (07m35.9s), 070/600 VUs, 1128 complete and 0 interrupted iterations
saturation   [  72% ] 070/600 VUs  07m35.7s/10m30s  5.06 iters/s

running (07m36.9s), 073/600 VUs, 1130 complete and 0 interrupted iterations
saturation   [  72% ] 073/600 VUs  07m36.7s/10m30s  5.07 iters/s

running (07m37.9s), 072/600 VUs, 1136 complete and 0 interrupted iterations
saturation   [  73% ] 072/600 VUs  07m37.7s/10m30s  5.08 iters/s

running (07m38.9s), 076/600 VUs, 1138 complete and 0 interrupted iterations
saturation   [  73% ] 076/600 VUs  07m38.7s/10m30s  5.10 iters/s

running (07m39.9s), 077/600 VUs, 1142 complete and 0 interrupted iterations
saturation   [  73% ] 077/600 VUs  07m39.7s/10m30s  5.11 iters/s

running (07m40.9s), 074/600 VUs, 1150 complete and 0 interrupted iterations
saturation   [  73% ] 074/600 VUs  07m40.7s/10m30s  5.12 iters/s

running (07m41.9s), 073/600 VUs, 1156 complete and 0 interrupted iterations
saturation   [  73% ] 073/600 VUs  07m41.7s/10m30s  5.13 iters/s

running (07m42.9s), 073/600 VUs, 1161 complete and 0 interrupted iterations
saturation   [  73% ] 073/600 VUs  07m42.7s/10m30s  5.14 iters/s

running (07m43.9s), 077/600 VUs, 1162 complete and 0 interrupted iterations
saturation   [  74% ] 077/600 VUs  07m43.7s/10m30s  5.15 iters/s

running (07m44.9s), 072/600 VUs, 1172 complete and 0 interrupted iterations
saturation   [  74% ] 072/600 VUs  07m44.7s/10m30s  5.16 iters/s

running (07m45.9s), 076/600 VUs, 1173 complete and 0 interrupted iterations
saturation   [  74% ] 076/600 VUs  07m45.7s/10m30s  5.17 iters/s

running (07m46.9s), 081/600 VUs, 1174 complete and 0 interrupted iterations
saturation   [  74% ] 081/600 VUs  07m46.7s/10m30s  5.19 iters/s

running (07m47.9s), 076/600 VUs, 1184 complete and 0 interrupted iterations
saturation   [  74% ] 076/600 VUs  07m47.7s/10m30s  5.20 iters/s

running (07m48.9s), 073/600 VUs, 1192 complete and 0 interrupted iterations
saturation   [  74% ] 073/600 VUs  07m48.7s/10m30s  5.21 iters/s

running (07m49.9s), 075/600 VUs, 1195 complete and 0 interrupted iterations
saturation   [  75% ] 075/600 VUs  07m49.7s/10m30s  5.22 iters/s

running (07m50.9s), 076/600 VUs, 1199 complete and 0 interrupted iterations
saturation   [  75% ] 076/600 VUs  07m50.7s/10m30s  5.23 iters/s

running (07m51.9s), 078/600 VUs, 1203 complete and 0 interrupted iterations
saturation   [  75% ] 078/600 VUs  07m51.7s/10m30s  5.24 iters/s

running (07m52.9s), 081/600 VUs, 1205 complete and 0 interrupted iterations
saturation   [  75% ] 081/600 VUs  07m52.7s/10m30s  5.25 iters/s

running (07m53.9s), 082/600 VUs, 1209 complete and 0 interrupted iterations
saturation   [  75% ] 082/600 VUs  07m53.7s/10m30s  5.26 iters/s

running (07m54.9s), 077/600 VUs, 1220 complete and 0 interrupted iterations
saturation   [  75% ] 077/600 VUs  07m54.7s/10m30s  5.28 iters/s

running (07m55.9s), 079/600 VUs, 1223 complete and 0 interrupted iterations
saturation   [  76% ] 079/600 VUs  07m55.7s/10m30s  5.29 iters/s

running (07m56.9s), 081/600 VUs, 1226 complete and 0 interrupted iterations
saturation   [  76% ] 081/600 VUs  07m56.7s/10m30s  5.30 iters/s

running (07m57.9s), 085/600 VUs, 1227 complete and 0 interrupted iterations
saturation   [  76% ] 085/600 VUs  07m57.7s/10m30s  5.31 iters/s

running (07m58.9s), 078/600 VUs, 1240 complete and 0 interrupted iterations
saturation   [  76% ] 078/600 VUs  07m58.7s/10m30s  5.32 iters/s

running (07m59.9s), 067/600 VUs, 1256 complete and 0 interrupted iterations
saturation   [  76% ] 067/600 VUs  07m59.7s/10m30s  5.33 iters/s

running (08m00.9s), 071/600 VUs, 1257 complete and 0 interrupted iterations
saturation   [  76% ] 071/600 VUs  08m00.7s/10m30s  5.34 iters/s

running (08m01.9s), 073/600 VUs, 1261 complete and 0 interrupted iterations
saturation   [  76% ] 073/600 VUs  08m01.7s/10m30s  5.35 iters/s

running (08m02.9s), 065/600 VUs, 1274 complete and 0 interrupted iterations
saturation   [  77% ] 065/600 VUs  08m02.7s/10m30s  5.36 iters/s

running (08m03.9s), 069/600 VUs, 1275 complete and 0 interrupted iterations
saturation   [  77% ] 069/600 VUs  08m03.7s/10m30s  5.37 iters/s

running (08m04.9s), 066/600 VUs, 1284 complete and 0 interrupted iterations
saturation   [  77% ] 066/600 VUs  08m04.7s/10m30s  5.39 iters/s

running (08m05.9s), 069/600 VUs, 1286 complete and 0 interrupted iterations
saturation   [  77% ] 069/600 VUs  08m05.7s/10m30s  5.40 iters/s

running (08m06.9s), 073/600 VUs, 1288 complete and 0 interrupted iterations
saturation   [  77% ] 073/600 VUs  08m06.7s/10m30s  5.41 iters/s

running (08m07.9s), 070/600 VUs, 1296 complete and 0 interrupted iterations
saturation   [  77% ] 070/600 VUs  08m07.7s/10m30s  5.42 iters/s

running (08m08.9s), 071/600 VUs, 1300 complete and 0 interrupted iterations
saturation   [  78% ] 071/600 VUs  08m08.7s/10m30s  5.43 iters/s

running (08m09.9s), 070/600 VUs, 1307 complete and 0 interrupted iterations
saturation   [  78% ] 070/600 VUs  08m09.7s/10m30s  5.44 iters/s

running (08m10.9s), 074/600 VUs, 1308 complete and 0 interrupted iterations
saturation   [  78% ] 074/600 VUs  08m10.7s/10m30s  5.45 iters/s

running (08m11.9s), 071/600 VUs, 1317 complete and 0 interrupted iterations
saturation   [  78% ] 071/600 VUs  08m11.7s/10m30s  5.46 iters/s

running (08m12.9s), 067/600 VUs, 1326 complete and 0 interrupted iterations
saturation   [  78% ] 067/600 VUs  08m12.7s/10m30s  5.47 iters/s

running (08m13.9s), 067/600 VUs, 1332 complete and 0 interrupted iterations
saturation   [  78% ] 067/600 VUs  08m13.7s/10m30s  5.49 iters/s

running (08m14.9s), 061/600 VUs, 1343 complete and 0 interrupted iterations
saturation   [  79% ] 061/600 VUs  08m14.7s/10m30s  5.50 iters/s

running (08m15.9s), 066/600 VUs, 1344 complete and 0 interrupted iterations
saturation   [  79% ] 066/600 VUs  08m15.7s/10m30s  5.51 iters/s

running (08m16.9s), 071/600 VUs, 1344 complete and 0 interrupted iterations
saturation   [  79% ] 071/600 VUs  08m16.7s/10m30s  5.52 iters/s

running (08m17.9s), 072/600 VUs, 1349 complete and 0 interrupted iterations
saturation   [  79% ] 072/600 VUs  08m17.7s/10m30s  5.53 iters/s

running (08m18.9s), 073/600 VUs, 1353 complete and 0 interrupted iterations
saturation   [  79% ] 073/600 VUs  08m18.7s/10m30s  5.54 iters/s

running (08m19.9s), 069/600 VUs, 1363 complete and 0 interrupted iterations
saturation   [  79% ] 069/600 VUs  08m19.7s/10m30s  5.55 iters/s

running (08m20.9s), 066/600 VUs, 1371 complete and 0 interrupted iterations
saturation   [  79% ] 066/600 VUs  08m20.7s/10m30s  5.56 iters/s

running (08m21.9s), 067/600 VUs, 1376 complete and 0 interrupted iterations
saturation   [  80% ] 067/600 VUs  08m21.7s/10m30s  5.57 iters/s

running (08m22.9s), 070/600 VUs, 1379 complete and 0 interrupted iterations
saturation   [  80% ] 070/600 VUs  08m22.7s/10m30s  5.59 iters/s

running (08m23.9s), 063/600 VUs, 1391 complete and 0 interrupted iterations
saturation   [  80% ] 063/600 VUs  08m23.7s/10m30s  5.60 iters/s

running (08m24.9s), 064/600 VUs, 1396 complete and 0 interrupted iterations
saturation   [  80% ] 064/600 VUs  08m24.7s/10m30s  5.61 iters/s

running (08m25.9s), 066/600 VUs, 1399 complete and 0 interrupted iterations
saturation   [  80% ] 066/600 VUs  08m25.7s/10m30s  5.62 iters/s

running (08m26.9s), 059/600 VUs, 1412 complete and 0 interrupted iterations
saturation   [  80% ] 059/600 VUs  08m26.7s/10m30s  5.63 iters/s

running (08m27.9s), 060/600 VUs, 1417 complete and 0 interrupted iterations
saturation   [  81% ] 060/600 VUs  08m27.7s/10m30s  5.64 iters/s

running (08m28.9s), 063/600 VUs, 1419 complete and 0 interrupted iterations
saturation   [  81% ] 063/600 VUs  08m28.7s/10m30s  5.65 iters/s

running (08m29.9s), 065/600 VUs, 1423 complete and 0 interrupted iterations
saturation   [  81% ] 065/600 VUs  08m29.7s/10m30s  5.66 iters/s

running (08m30.9s), 070/600 VUs, 1424 complete and 0 interrupted iterations
saturation   [  81% ] 070/600 VUs  08m30.7s/10m30s  5.68 iters/s

running (08m31.9s), 062/600 VUs, 1437 complete and 0 interrupted iterations
saturation   [  81% ] 062/600 VUs  08m31.7s/10m30s  5.69 iters/s

running (08m32.9s), 066/600 VUs, 1439 complete and 0 interrupted iterations
saturation   [  81% ] 066/600 VUs  08m32.7s/10m30s  5.70 iters/s

running (08m33.9s), 060/600 VUs, 1451 complete and 0 interrupted iterations
saturation   [  82% ] 060/600 VUs  08m33.7s/10m30s  5.71 iters/s

running (08m34.9s), 056/600 VUs, 1460 complete and 0 interrupted iterations
saturation   [  82% ] 056/600 VUs  08m34.7s/10m30s  5.72 iters/s

running (08m35.9s), 060/600 VUs, 1462 complete and 0 interrupted iterations
saturation   [  82% ] 060/600 VUs  08m35.7s/10m30s  5.73 iters/s

running (08m36.9s), 063/600 VUs, 1465 complete and 0 interrupted iterations
saturation   [  82% ] 063/600 VUs  08m36.7s/10m30s  5.74 iters/s

running (08m37.9s), 060/600 VUs, 1474 complete and 0 interrupted iterations
saturation   [  82% ] 060/600 VUs  08m37.7s/10m30s  5.75 iters/s

running (08m38.9s), 064/600 VUs, 1475 complete and 0 interrupted iterations
saturation   [  82% ] 064/600 VUs  08m38.7s/10m30s  5.76 iters/s

running (08m39.9s), 064/600 VUs, 1481 complete and 0 interrupted iterations
saturation   [  82% ] 064/600 VUs  08m39.7s/10m30s  5.77 iters/s

running (08m40.9s), 069/600 VUs, 1482 complete and 0 interrupted iterations
saturation   [  83% ] 069/600 VUs  08m40.7s/10m30s  5.79 iters/s

running (08m41.9s), 070/600 VUs, 1487 complete and 0 interrupted iterations
saturation   [  83% ] 070/600 VUs  08m41.7s/10m30s  5.80 iters/s

running (08m42.9s), 067/600 VUs, 1495 complete and 0 interrupted iterations
saturation   [  83% ] 067/600 VUs  08m42.7s/10m30s  5.81 iters/s

running (08m43.9s), 068/600 VUs, 1500 complete and 0 interrupted iterations
saturation   [  83% ] 068/600 VUs  08m43.7s/10m30s  5.82 iters/s

running (08m44.9s), 072/600 VUs, 1502 complete and 0 interrupted iterations
saturation   [  83% ] 072/600 VUs  08m44.7s/10m30s  5.83 iters/s

running (08m45.9s), 064/600 VUs, 1516 complete and 0 interrupted iterations
saturation   [  83% ] 064/600 VUs  08m45.7s/10m30s  5.84 iters/s

running (08m46.9s), 064/600 VUs, 1522 complete and 0 interrupted iterations
saturation   [  84% ] 064/600 VUs  08m46.7s/10m30s  5.85 iters/s

running (08m47.9s), 069/600 VUs, 1523 complete and 0 interrupted iterations
saturation   [  84% ] 069/600 VUs  08m47.7s/10m30s  5.86 iters/s

running (08m48.9s), 074/600 VUs, 1524 complete and 0 interrupted iterations
saturation   [  84% ] 074/600 VUs  08m48.7s/10m30s  5.88 iters/s

running (08m49.9s), 068/600 VUs, 1535 complete and 0 interrupted iterations
saturation   [  84% ] 068/600 VUs  08m49.7s/10m30s  5.89 iters/s

running (08m50.9s), 065/600 VUs, 1544 complete and 0 interrupted iterations
saturation   [  84% ] 065/600 VUs  08m50.7s/10m30s  5.90 iters/s

running (08m51.9s), 069/600 VUs, 1546 complete and 0 interrupted iterations
saturation   [  84% ] 069/600 VUs  08m51.7s/10m30s  5.91 iters/s

running (08m52.9s), 075/600 VUs, 1546 complete and 0 interrupted iterations
saturation   [  85% ] 075/600 VUs  08m52.7s/10m30s  5.92 iters/s

running (08m53.9s), 074/600 VUs, 1553 complete and 0 interrupted iterations
saturation   [  85% ] 074/600 VUs  08m53.7s/10m30s  5.93 iters/s

running (08m54.9s), 080/600 VUs, 1553 complete and 0 interrupted iterations
saturation   [  85% ] 080/600 VUs  08m54.7s/10m30s  5.94 iters/s

running (08m55.9s), 078/600 VUs, 1561 complete and 0 interrupted iterations
saturation   [  85% ] 078/600 VUs  08m55.7s/10m30s  5.95 iters/s

running (08m56.9s), 081/600 VUs, 1564 complete and 0 interrupted iterations
saturation   [  85% ] 081/600 VUs  08m56.7s/10m30s  5.96 iters/s

running (08m57.9s), 080/600 VUs, 1571 complete and 0 interrupted iterations
saturation   [  85% ] 080/600 VUs  08m57.7s/10m30s  5.97 iters/s

running (08m58.9s), 080/600 VUs, 1577 complete and 0 interrupted iterations
saturation   [  86% ] 080/600 VUs  08m58.7s/10m30s  5.99 iters/s

running (08m59.9s), 081/600 VUs, 1582 complete and 0 interrupted iterations
saturation   [  86% ] 081/600 VUs  08m59.7s/10m30s  6.00 iters/s

running (09m00.9s), 078/600 VUs, 1591 complete and 0 interrupted iterations
saturation   [  86% ] 078/600 VUs  09m00.7s/10m30s  6.00 iters/s

running (09m01.9s), 082/600 VUs, 1593 complete and 0 interrupted iterations
saturation   [  86% ] 082/600 VUs  09m01.7s/10m30s  6.00 iters/s

running (09m02.9s), 085/600 VUs, 1596 complete and 0 interrupted iterations
saturation   [  86% ] 085/600 VUs  09m02.7s/10m30s  6.00 iters/s

running (09m03.9s), 088/600 VUs, 1599 complete and 0 interrupted iterations
saturation   [  86% ] 088/600 VUs  09m03.7s/10m30s  6.00 iters/s

running (09m04.9s), 084/600 VUs, 1609 complete and 0 interrupted iterations
saturation   [  86% ] 084/600 VUs  09m04.7s/10m30s  6.00 iters/s

running (09m05.9s), 085/600 VUs, 1614 complete and 0 interrupted iterations
saturation   [  87% ] 085/600 VUs  09m05.7s/10m30s  6.00 iters/s

running (09m06.9s), 084/600 VUs, 1621 complete and 0 interrupted iterations
saturation   [  87% ] 084/600 VUs  09m06.7s/10m30s  6.00 iters/s

running (09m07.9s), 080/600 VUs, 1631 complete and 0 interrupted iterations
saturation   [  87% ] 080/600 VUs  09m07.7s/10m30s  6.00 iters/s

running (09m08.9s), 081/600 VUs, 1636 complete and 0 interrupted iterations
saturation   [  87% ] 081/600 VUs  09m08.7s/10m30s  6.00 iters/s

running (09m09.9s), 085/600 VUs, 1638 complete and 0 interrupted iterations
saturation   [  87% ] 085/600 VUs  09m09.7s/10m30s  6.00 iters/s

running (09m10.9s), 087/600 VUs, 1642 complete and 0 interrupted iterations
saturation   [  87% ] 087/600 VUs  09m10.7s/10m30s  6.00 iters/s

running (09m11.9s), 081/600 VUs, 1654 complete and 0 interrupted iterations
saturation   [  88% ] 081/600 VUs  09m11.7s/10m30s  6.00 iters/s

running (09m12.9s), 081/600 VUs, 1660 complete and 0 interrupted iterations
saturation   [  88% ] 081/600 VUs  09m12.7s/10m30s  6.00 iters/s

running (09m13.9s), 080/600 VUs, 1667 complete and 0 interrupted iterations
saturation   [  88% ] 080/600 VUs  09m13.7s/10m30s  6.00 iters/s

running (09m14.9s), 083/600 VUs, 1670 complete and 0 interrupted iterations
saturation   [  88% ] 083/600 VUs  09m14.7s/10m30s  6.00 iters/s

running (09m15.9s), 085/600 VUs, 1674 complete and 0 interrupted iterations
saturation   [  88% ] 085/600 VUs  09m15.7s/10m30s  6.00 iters/s

running (09m16.9s), 085/600 VUs, 1680 complete and 0 interrupted iterations
saturation   [  88% ] 085/600 VUs  09m16.7s/10m30s  6.00 iters/s

running (09m17.9s), 087/600 VUs, 1684 complete and 0 interrupted iterations
saturation   [  89% ] 087/600 VUs  09m17.7s/10m30s  6.00 iters/s

running (09m18.9s), 084/600 VUs, 1693 complete and 0 interrupted iterations
saturation   [  89% ] 084/600 VUs  09m18.7s/10m30s  6.00 iters/s

running (09m19.9s), 089/600 VUs, 1694 complete and 0 interrupted iterations
saturation   [  89% ] 089/600 VUs  09m19.7s/10m30s  6.00 iters/s

running (09m20.9s), 085/600 VUs, 1704 complete and 0 interrupted iterations
saturation   [  89% ] 085/600 VUs  09m20.7s/10m30s  6.00 iters/s

running (09m21.9s), 085/600 VUs, 1710 complete and 0 interrupted iterations
saturation   [  89% ] 085/600 VUs  09m21.7s/10m30s  6.00 iters/s

running (09m22.9s), 088/600 VUs, 1713 complete and 0 interrupted iterations
saturation   [  89% ] 088/600 VUs  09m22.7s/10m30s  6.00 iters/s

running (09m23.9s), 089/600 VUs, 1718 complete and 0 interrupted iterations
saturation   [  89% ] 089/600 VUs  09m23.7s/10m30s  6.00 iters/s

running (09m24.9s), 090/600 VUs, 1723 complete and 0 interrupted iterations
saturation   [  90% ] 090/600 VUs  09m24.7s/10m30s  6.00 iters/s

running (09m25.9s), 088/600 VUs, 1731 complete and 0 interrupted iterations
saturation   [  90% ] 088/600 VUs  09m25.7s/10m30s  6.00 iters/s

running (09m26.9s), 083/600 VUs, 1742 complete and 0 interrupted iterations
saturation   [  90% ] 083/600 VUs  09m26.7s/10m30s  6.00 iters/s

running (09m27.9s), 088/600 VUs, 1743 complete and 0 interrupted iterations
saturation   [  90% ] 088/600 VUs  09m27.7s/10m30s  6.00 iters/s

running (09m28.9s), 088/600 VUs, 1749 complete and 0 interrupted iterations
saturation   [  90% ] 088/600 VUs  09m28.7s/10m30s  6.00 iters/s

running (09m29.9s), 090/600 VUs, 1753 complete and 0 interrupted iterations
saturation   [  90% ] 090/600 VUs  09m29.7s/10m30s  6.00 iters/s

running (09m30.9s), 093/600 VUs, 1756 complete and 0 interrupted iterations
saturation   [  91% ] 093/600 VUs  09m30.7s/10m30s  6.00 iters/s

running (09m31.9s), 089/600 VUs, 1766 complete and 0 interrupted iterations
saturation   [  91% ] 089/600 VUs  09m31.7s/10m30s  6.00 iters/s

running (09m32.9s), 084/600 VUs, 1777 complete and 0 interrupted iterations
saturation   [  91% ] 084/600 VUs  09m32.7s/10m30s  6.00 iters/s

running (09m33.9s), 084/600 VUs, 1783 complete and 0 interrupted iterations
saturation   [  91% ] 084/600 VUs  09m33.7s/10m30s  6.00 iters/s

running (09m34.9s), 087/600 VUs, 1786 complete and 0 interrupted iterations
saturation   [  91% ] 087/600 VUs  09m34.7s/10m30s  6.00 iters/s

running (09m35.9s), 089/600 VUs, 1790 complete and 0 interrupted iterations
saturation   [  91% ] 089/600 VUs  09m35.7s/10m30s  6.00 iters/s

running (09m36.9s), 086/600 VUs, 1799 complete and 0 interrupted iterations
saturation   [  92% ] 086/600 VUs  09m36.7s/10m30s  6.00 iters/s

running (09m37.9s), 085/600 VUs, 1806 complete and 0 interrupted iterations
saturation   [  92% ] 085/600 VUs  09m37.7s/10m30s  6.00 iters/s

running (09m38.9s), 085/600 VUs, 1812 complete and 0 interrupted iterations
saturation   [  92% ] 085/600 VUs  09m38.7s/10m30s  6.00 iters/s

running (09m39.9s), 081/600 VUs, 1822 complete and 0 interrupted iterations
saturation   [  92% ] 081/600 VUs  09m39.7s/10m30s  6.00 iters/s

running (09m40.9s), 080/600 VUs, 1829 complete and 0 interrupted iterations
saturation   [  92% ] 080/600 VUs  09m40.7s/10m30s  6.00 iters/s

running (09m41.9s), 084/600 VUs, 1831 complete and 0 interrupted iterations
saturation   [  92% ] 084/600 VUs  09m41.7s/10m30s  6.00 iters/s

running (09m42.9s), 084/600 VUs, 1837 complete and 0 interrupted iterations
saturation   [  92% ] 084/600 VUs  09m42.7s/10m30s  6.00 iters/s

running (09m43.9s), 083/600 VUs, 1844 complete and 0 interrupted iterations
saturation   [  93% ] 083/600 VUs  09m43.7s/10m30s  6.00 iters/s

running (09m44.9s), 081/600 VUs, 1852 complete and 0 interrupted iterations
saturation   [  93% ] 081/600 VUs  09m44.7s/10m30s  6.00 iters/s

running (09m45.9s), 084/600 VUs, 1855 complete and 0 interrupted iterations
saturation   [  93% ] 084/600 VUs  09m45.7s/10m30s  6.00 iters/s

running (09m46.9s), 083/600 VUs, 1862 complete and 0 interrupted iterations
saturation   [  93% ] 083/600 VUs  09m46.7s/10m30s  6.00 iters/s

running (09m47.9s), 087/600 VUs, 1864 complete and 0 interrupted iterations
saturation   [  93% ] 087/600 VUs  09m47.7s/10m30s  6.00 iters/s

running (09m48.9s), 082/600 VUs, 1875 complete and 0 interrupted iterations
saturation   [  93% ] 082/600 VUs  09m48.7s/10m30s  6.00 iters/s

running (09m49.9s), 083/600 VUs, 1880 complete and 0 interrupted iterations
saturation   [  94% ] 083/600 VUs  09m49.7s/10m30s  6.00 iters/s

running (09m50.9s), 085/600 VUs, 1884 complete and 0 interrupted iterations
saturation   [  94% ] 085/600 VUs  09m50.7s/10m30s  6.00 iters/s

running (09m51.9s), 089/600 VUs, 1886 complete and 0 interrupted iterations
saturation   [  94% ] 089/600 VUs  09m51.7s/10m30s  6.00 iters/s

running (09m52.9s), 079/600 VUs, 1902 complete and 0 interrupted iterations
saturation   [  94% ] 079/600 VUs  09m52.7s/10m30s  6.00 iters/s

running (09m53.9s), 074/600 VUs, 1913 complete and 0 interrupted iterations
saturation   [  94% ] 074/600 VUs  09m53.7s/10m30s  6.00 iters/s

running (09m54.9s), 077/600 VUs, 1916 complete and 0 interrupted iterations
saturation   [  94% ] 077/600 VUs  09m54.7s/10m30s  6.00 iters/s

running (09m55.9s), 073/600 VUs, 1926 complete and 0 interrupted iterations
saturation   [  95% ] 073/600 VUs  09m55.7s/10m30s  6.00 iters/s

running (09m56.9s), 078/600 VUs, 1927 complete and 0 interrupted iterations
saturation   [  95% ] 078/600 VUs  09m56.7s/10m30s  6.00 iters/s

running (09m57.9s), 076/600 VUs, 1935 complete and 0 interrupted iterations
saturation   [  95% ] 076/600 VUs  09m57.7s/10m30s  6.00 iters/s

running (09m58.9s), 080/600 VUs, 1937 complete and 0 interrupted iterations
saturation   [  95% ] 080/600 VUs  09m58.7s/10m30s  6.00 iters/s

running (09m59.9s), 078/600 VUs, 1945 complete and 0 interrupted iterations
saturation   [  95% ] 078/600 VUs  09m59.7s/10m30s  6.00 iters/s

running (10m00.9s), 076/600 VUs, 1953 complete and 0 interrupted iterations
saturation   [  95% ] 076/600 VUs  10m00.7s/10m30s  6.00 iters/s

running (10m01.9s), 079/600 VUs, 1956 complete and 0 interrupted iterations
saturation   [  96% ] 079/600 VUs  10m01.7s/10m30s  6.00 iters/s

running (10m02.9s), 077/600 VUs, 1964 complete and 0 interrupted iterations
saturation   [  96% ] 077/600 VUs  10m02.7s/10m30s  6.00 iters/s

running (10m03.9s), 081/600 VUs, 1966 complete and 0 interrupted iterations
saturation   [  96% ] 081/600 VUs  10m03.7s/10m30s  6.00 iters/s

running (10m04.9s), 075/600 VUs, 1978 complete and 0 interrupted iterations
saturation   [  96% ] 075/600 VUs  10m04.7s/10m30s  6.00 iters/s

running (10m05.9s), 079/600 VUs, 1980 complete and 0 interrupted iterations
saturation   [  96% ] 079/600 VUs  10m05.7s/10m30s  6.00 iters/s

running (10m06.9s), 077/600 VUs, 1988 complete and 0 interrupted iterations
saturation   [  96% ] 077/600 VUs  10m06.7s/10m30s  6.00 iters/s

running (10m07.9s), 074/600 VUs, 1997 complete and 0 interrupted iterations
saturation   [  96% ] 074/600 VUs  10m07.7s/10m30s  6.00 iters/s

running (10m08.9s), 077/600 VUs, 2000 complete and 0 interrupted iterations
saturation   [  97% ] 077/600 VUs  10m08.7s/10m30s  6.00 iters/s

running (10m09.9s), 074/600 VUs, 2009 complete and 0 interrupted iterations
saturation   [  97% ] 074/600 VUs  10m09.7s/10m30s  6.00 iters/s

running (10m10.9s), 070/600 VUs, 2019 complete and 0 interrupted iterations
saturation   [  97% ] 070/600 VUs  10m10.7s/10m30s  6.00 iters/s

running (10m11.9s), 071/600 VUs, 2024 complete and 0 interrupted iterations
saturation   [  97% ] 071/600 VUs  10m11.7s/10m30s  6.00 iters/s

running (10m12.9s), 076/600 VUs, 2025 complete and 0 interrupted iterations
saturation   [  97% ] 076/600 VUs  10m12.7s/10m30s  6.00 iters/s

running (10m13.9s), 075/600 VUs, 2032 complete and 0 interrupted iterations
saturation   [  97% ] 075/600 VUs  10m13.7s/10m30s  6.00 iters/s

running (10m14.9s), 075/600 VUs, 2038 complete and 0 interrupted iterations
saturation   [  98% ] 075/600 VUs  10m14.7s/10m30s  6.00 iters/s

running (10m15.9s), 075/600 VUs, 2044 complete and 0 interrupted iterations
saturation   [  98% ] 075/600 VUs  10m15.7s/10m30s  6.00 iters/s

running (10m16.9s), 073/600 VUs, 2052 complete and 0 interrupted iterations
saturation   [  98% ] 073/600 VUs  10m16.7s/10m30s  6.00 iters/s

running (10m17.9s), 074/600 VUs, 2057 complete and 0 interrupted iterations
saturation   [  98% ] 074/600 VUs  10m17.7s/10m30s  6.00 iters/s

running (10m18.9s), 074/600 VUs, 2063 complete and 0 interrupted iterations
saturation   [  98% ] 074/600 VUs  10m18.7s/10m30s  6.00 iters/s

running (10m19.9s), 080/600 VUs, 2063 complete and 0 interrupted iterations
saturation   [  98% ] 080/600 VUs  10m19.7s/10m30s  6.00 iters/s

running (10m20.9s), 076/600 VUs, 2073 complete and 0 interrupted iterations
saturation   [  99% ] 076/600 VUs  10m20.7s/10m30s  6.00 iters/s

running (10m21.9s), 076/600 VUs, 2079 complete and 0 interrupted iterations
saturation   [  99% ] 076/600 VUs  10m21.7s/10m30s  6.00 iters/s

running (10m22.9s), 081/600 VUs, 2080 complete and 0 interrupted iterations
saturation   [  99% ] 081/600 VUs  10m22.7s/10m30s  6.00 iters/s

running (10m23.9s), 083/600 VUs, 2084 complete and 0 interrupted iterations
saturation   [  99% ] 083/600 VUs  10m23.7s/10m30s  6.00 iters/s

running (10m24.9s), 084/600 VUs, 2089 complete and 0 interrupted iterations
saturation   [  99% ] 084/600 VUs  10m24.7s/10m30s  6.00 iters/s

running (10m25.9s), 081/600 VUs, 2098 complete and 0 interrupted iterations
saturation   [  99% ] 081/600 VUs  10m25.7s/10m30s  6.00 iters/s

running (10m26.9s), 081/600 VUs, 2104 complete and 0 interrupted iterations
saturation   [  99% ] 081/600 VUs  10m26.7s/10m30s  6.00 iters/s

running (10m27.9s), 084/600 VUs, 2107 complete and 0 interrupted iterations
saturation   [ 100% ] 084/600 VUs  10m27.7s/10m30s  6.00 iters/s

running (10m28.9s), 080/600 VUs, 2117 complete and 0 interrupted iterations
saturation   [ 100% ] 080/600 VUs  10m28.7s/10m30s  6.00 iters/s

running (10m29.9s), 082/600 VUs, 2121 complete and 0 interrupted iterations
saturation   [ 100% ] 082/600 VUs  10m29.7s/10m30s  6.00 iters/s

running (10m30.9s), 075/600 VUs, 2129 complete and 0 interrupted iterations
saturation ↓ [ 100% ] 075/600 VUs  10m30s  6.00 iters/s

running (10m31.9s), 067/600 VUs, 2137 complete and 0 interrupted iterations
saturation ↓ [ 100% ] 075/600 VUs  10m30s  6.00 iters/s

running (10m32.9s), 066/600 VUs, 2138 complete and 0 interrupted iterations
saturation ↓ [ 100% ] 075/600 VUs  10m30s  6.00 iters/s

running (10m33.9s), 064/600 VUs, 2140 complete and 0 interrupted iterations
saturation ↓ [ 100% ] 075/600 VUs  10m30s  6.00 iters/s

running (10m34.9s), 061/600 VUs, 2143 complete and 0 interrupted iterations
saturation ↓ [ 100% ] 075/600 VUs  10m30s  6.00 iters/s

running (10m35.9s), 059/600 VUs, 2145 complete and 0 interrupted iterations
saturation ↓ [ 100% ] 075/600 VUs  10m30s  6.00 iters/s

running (10m36.9s), 056/600 VUs, 2148 complete and 0 interrupted iterations
saturation ↓ [ 100% ] 075/600 VUs  10m30s  6.00 iters/s

running (10m37.9s), 056/600 VUs, 2148 complete and 0 interrupted iterations
saturation ↓ [ 100% ] 075/600 VUs  10m30s  6.00 iters/s

running (10m38.9s), 054/600 VUs, 2150 complete and 0 interrupted iterations
saturation ↓ [ 100% ] 075/600 VUs  10m30s  6.00 iters/s

running (10m39.9s), 053/600 VUs, 2151 complete and 0 interrupted iterations
saturation ↓ [ 100% ] 075/600 VUs  10m30s  6.00 iters/s

running (10m40.9s), 051/600 VUs, 2153 complete and 0 interrupted iterations
saturation ↓ [ 100% ] 075/600 VUs  10m30s  6.00 iters/s

running (10m41.9s), 049/600 VUs, 2155 complete and 0 interrupted iterations
saturation ↓ [ 100% ] 075/600 VUs  10m30s  6.00 iters/s

running (10m42.9s), 045/600 VUs, 2159 complete and 0 interrupted iterations
saturation ↓ [ 100% ] 075/600 VUs  10m30s  6.00 iters/s

running (10m43.9s), 043/600 VUs, 2161 complete and 0 interrupted iterations
saturation ↓ [ 100% ] 075/600 VUs  10m30s  6.00 iters/s

running (10m44.9s), 039/600 VUs, 2165 complete and 0 interrupted iterations
saturation ↓ [ 100% ] 075/600 VUs  10m30s  6.00 iters/s

running (10m45.9s), 036/600 VUs, 2168 complete and 0 interrupted iterations
saturation ↓ [ 100% ] 075/600 VUs  10m30s  6.00 iters/s

running (10m46.9s), 031/600 VUs, 2173 complete and 0 interrupted iterations
saturation ↓ [ 100% ] 075/600 VUs  10m30s  6.00 iters/s

running (10m47.9s), 030/600 VUs, 2174 complete and 0 interrupted iterations
saturation ↓ [ 100% ] 075/600 VUs  10m30s  6.00 iters/s

running (10m48.9s), 027/600 VUs, 2177 complete and 0 interrupted iterations
saturation ↓ [ 100% ] 075/600 VUs  10m30s  6.00 iters/s

running (10m49.9s), 025/600 VUs, 2179 complete and 0 interrupted iterations
saturation ↓ [ 100% ] 075/600 VUs  10m30s  6.00 iters/s

running (10m50.9s), 022/600 VUs, 2182 complete and 0 interrupted iterations
saturation ↓ [ 100% ] 075/600 VUs  10m30s  6.00 iters/s

running (10m51.9s), 016/600 VUs, 2188 complete and 0 interrupted iterations
saturation ↓ [ 100% ] 075/600 VUs  10m30s  6.00 iters/s

running (10m52.9s), 014/600 VUs, 2190 complete and 0 interrupted iterations
saturation ↓ [ 100% ] 075/600 VUs  10m30s  6.00 iters/s

running (10m53.9s), 014/600 VUs, 2190 complete and 0 interrupted iterations
saturation ↓ [ 100% ] 075/600 VUs  10m30s  6.00 iters/s

running (10m54.9s), 012/600 VUs, 2192 complete and 0 interrupted iterations
saturation ↓ [ 100% ] 075/600 VUs  10m30s  6.00 iters/s

running (10m55.9s), 010/600 VUs, 2194 complete and 0 interrupted iterations
saturation ↓ [ 100% ] 075/600 VUs  10m30s  6.00 iters/s

running (10m56.9s), 007/600 VUs, 2197 complete and 0 interrupted iterations
saturation ↓ [ 100% ] 075/600 VUs  10m30s  6.00 iters/s

running (10m57.9s), 006/600 VUs, 2198 complete and 0 interrupted iterations
saturation ↓ [ 100% ] 075/600 VUs  10m30s  6.00 iters/s

running (10m58.9s), 003/600 VUs, 2201 complete and 0 interrupted iterations
saturation ↓ [ 100% ] 075/600 VUs  10m30s  6.00 iters/s

running (10m59.9s), 003/600 VUs, 2201 complete and 0 interrupted iterations
saturation ↓ [ 100% ] 075/600 VUs  10m30s  6.00 iters/s

================ DSP benchmark summary ================
-- per-phase latency --
  catalog                    p50=64.3 ms  p95=76.2 ms  p99=86.4 ms  max=256.4 ms  n=2204
  negotiation init (POST)    p50=7.0 ms  p95=74.4 ms  p99=111.4 ms  max=292.0 ms  n=2198
  time-to-AGREED (async)     p50=1524.0 ms  p95=2303.0 ms  p99=2570.8 ms  max=2856.0 ms  n=1641
  transfer init (POST)       p50=12.8 ms  p95=81.4 ms  p99=112.0 ms  max=358.5 ms  n=1641
  time-to-EDR (async)        p50=765.0 ms  p95=1523.0 ms  p99=1782.0 ms  max=2052.0 ms  n=1500
  data pull                  p50=15.4 ms  p95=21.2 ms  p99=25.4 ms  max=31.5 ms  n=1500
-- end-to-end + throughput --
  e2e transaction            p50=2405.0 ms  p95=3456.1 ms  p99=4010.1 ms  max=4439.0 ms  n=1500
  data throughput (MB/s)     p50=0.0  p95=0.0  p99=0.0  max=0.0  n=1500
-- outcomes --
  transactions succeeded     count=1500  rate=2.272/s
  transactions failed        count=703  rate=1.065/s
  failed rate                rate=31.91%  (pass=703 fail=1500)
    of which TERMINATED      count=26  rate=0.039/s
    of which TIMED OUT       count=671  rate=1.016/s
    of which HTTP-FAILED     count=6  rate=0.009/s
  failure accounting       703/703 classified  (complete)
-- observer effect (poll load) --
  negotiation polls          count=74482  rate=112.830/s
  edr polls                  count=23388  rate=35.430/s
  polls per transaction     negotiation=33.8  edr=10.6  (timeout ceiling=120)
=======================================================
(full summary -> /home/rohitj/edc/benchmarking-dsp-native-basyx/k6-scripts/results/basyx/on/saturation-open/2026-08-11T18-47-54Z/k6-summary.json; POLL_INTERVAL_MS=250; IDENTITY_MODE=on)

running (11m00.1s), 000/600 VUs, 2203 complete and 1 interrupted iterations
saturation ✓ [ 100% ] 001/600 VUs  10m30s  6.00 iters/s
Prometheus snapshot [1786474156..1786474832] svc=(dsp-native-basyx|consumer-controlplane) win=1m -> /home/rohitj/edc/benchmarking-dsp-native-basyx/k6-scripts/results/basyx/on/saturation-open/2026-08-11T18-47-54Z
  jvm-heap.csv (272 rows)
  jvm-gc-rate.csv (272 rows)
  jvm-threads.csv (272 rows)
  http-throughput.csv (272 rows)
  http-p95.csv (272 rows)
  http-errors.csv (272 rows)
  http-errors-5xx.csv (136 rows)
  http-status.csv (1088 rows)
  host-cpu-busy.csv (136 rows)
  host-mem-used.csv (136 rows)
  5xx: 5xx PRESENT (136 samples) — connector-side faults, see http-errors-5xx.csv
  logs -> /home/rohitj/edc/benchmarking-dsp-native-basyx/k6-scripts/results/basyx/on/saturation-open/2026-08-11T18-47-54Z/logs (2 files)
    consumer-controlplane.log:5421
    dsp-native-basyx.log:2199
Settling 60s (this run stressed the connector; the next one must not inherit its backlog)
VALIDITY  ok=1500  failed=703  failed_rate=31%  dropped_iterations=0  <-- >5% FAILURES: past the knee, not a valid operating point
>>> done: /home/rohitj/edc/benchmarking-dsp-native-basyx/k6-scripts/results/basyx/on/saturation-open/2026-08-11T18-47-54Z  (k6 exit 0)
