2026-08-13T13:38:40.396Z  WARN 1 --- [BasyxStarterApp] [pool-7-thread-4] o.f.l.c.e.p.s.h.SendContractAgreedTask   : Error sending AGREED MESSAGE to http://consumer-controlplane:9020/dsp/negotiations/e02b9030-9caf-46a5-a4be-0f516ca00b18/agreement for d71df805-6089-4d1b-b51e-11a75a440514
2026-08-13T13:38:40.401Z  WARN 1 --- [BasyxStarterApp] [pool-7-thread-4] o.f.l.c.e.p.s.h.SendContractAgreedTask   : Status code: 500 INTERNAL_SERVER_ERROR
2026-08-13T13:38:40.441Z  WARN 1 --- [BasyxStarterApp] [pool-7-thread-4] o.f.l.c.e.p.s.h.SendContractAgreedTask   : Response from consumer
<html>
<head>
<meta http-equiv="Content-Type" content="text/html;charset=ISO-8859-1"/>
<title>Error 500 Internal Server Error</title>
</head>
<body>
<h2>HTTP ERROR 500 Internal Server Error</h2>
<table>
<tr><th>URI:</th><td>http://consumer-controlplane:9020/dsp/negotiations/e02b9030-9caf-46a5-a4be-0f516ca00b18/agreement</td></tr>
<tr><th>STATUS:</th><td>500</td></tr>
<tr><th>MESSAGE:</th><td>Internal Server Error</td></tr>
</table>

</body>
</html>

2026-08-13T13:38:40.441Z  WARN 1 --- [BasyxStarterApp] [pool-7-thread-4] o.f.l.c.e.p.s.h.SendContractAgreedTask   : As bytes: [60, 104, 116, 109, 108, 62, 10, 60, 104, 101, 97, 100, 62, 10, 60, 109, 101, 116, 97, 32, 104, 116, 116, 112, 45, 101, 113, 117, 105, 118, 61, 34, 67, 111, 110, 116, 101, 110, 116, 45, 84, 121, 112, 101, 34, 32, 99, 111, 110, 116, 101, 110, 116, 61, 34, 116, 101, 120, 116, 47, 104, 116, 109, 108, 59, 99, 104, 97, 114, 115, 101, 116, 61, 73, 83, 79, 45, 56, 56, 53, 57, 45, 49, 34, 47, 62, 10, 60, 116, 105, 116, 108, 101, 62, 69, 114, 114, 111, 114, 32, 53, 48, 48, 32, 73, 110, 116, 101, 114, 110, 97, 108, 32, 83, 101, 114, 118, 101, 114, 32, 69, 114, 114, 111, 114, 60, 47, 116, 105, 116, 108, 101, 62, 10, 60, 47, 104, 101, 97, 100, 62, 10, 60, 98, 111, 100, 121, 62, 10, 60, 104, 50, 62, 72, 84, 84, 80, 32, 69, 82, 82, 79, 82, 32, 53, 48, 48, 32, 73, 110, 116, 101, 114, 110, 97, 108, 32, 83, 101, 114, 118, 101, 114, 32, 69, 114, 114, 111, 114, 60, 47, 104, 50, 62, 10, 60, 116, 97, 98, 108, 101, 62, 10, 60, 116, 114, 62, 60, 116, 104, 62, 85, 82, 73, 58, 60, 47, 116, 104, 62, 60, 116, 100, 62, 104, 116, 116, 112, 58, 47, 47, 99, 111, 110, 115, 117, 109, 101, 114, 45, 99, 111, 110, 116, 114, 111, 108, 112, 108, 97, 110, 101, 58, 57, 48, 50, 48, 47, 100, 115, 112, 47, 110, 101, 103, 111, 116, 105, 97, 116, 105, 111, 110, 115, 47, 101, 48, 50, 98, 57, 48, 51, 48, 45, 57, 99, 97, 102, 45, 52, 54, 97, 53, 45, 97, 52, 98, 101, 45, 48, 102, 53, 49, 54, 99, 97, 48, 48, 98, 49, 56, 47, 97, 103, 114, 101, 101, 109, 101, 110, 116, 60, 47, 116, 100, 62, 60, 47, 116, 114, 62, 10, 60, 116, 114, 62, 60, 116, 104, 62, 83, 84, 65, 84, 85, 83, 58, 60, 47, 116, 104, 62, 60, 116, 100, 62, 53, 48, 48, 60, 47, 116, 100, 62, 60, 47, 116, 114, 62, 10, 60, 116, 114, 62, 60, 116, 104, 62, 77, 69, 83, 83, 65, 71, 69, 58, 60, 47, 116, 104, 62, 60, 116, 100, 62, 73, 110, 116, 101, 114, 110, 97, 108, 32, 83, 101, 114, 118, 101, 114, 32, 69, 114, 114, 111, 114, 60, 47, 116, 100, 62, 60, 47, 116, 114, 62, 10, 60, 47, 116, 97, 98, 108, 101, 62, 10, 10, 60, 47, 98, 111, 100, 121, 62, 10, 60, 47, 104, 116, 109, 108, 62, 10]
2026-08-13T13:38:40.442Z  WARN 1 --- [BasyxStarterApp] [pool-7-thread-4] o.f.l.c.e.p.s.h.SendContractAgreedTask   : Body: 
{
    "@context": {
        "@vocab": "https://w3id.org/edc/v0.0.1/ns/",
        "edc": "https://w3id.org/edc/v0.0.1/ns/",
        "dcat": "http://www.w3.org/ns/dcat#",
        "dct": "http://purl.org/dc/terms/",
        "odrl": "http://www.w3.org/ns/odrl/2/",
        "dspace": "https://w3id.org/dspace/v0.8/"
    },
    "@type": "dspace:ContractAgreementMessage",
    "dspace:consumerPid": "e02b9030-9caf-46a5-a4be-0f516ca00b18",
    "dspace:providerPid": "d71df805-6089-4d1b-b51e-11a75a440514",
    "dspace:agreement": {
        "@type": "odrl:Agreement",
        "@id": "bac88e42-2c48-4038-af04-09ac636865a5",
        "odrl:target": "e38a0f92-4ee8-436c-a535-0f9cdad4c3c8",
        "dspace:timestamp": "2026-08-13T13:38:40Z",
        "odrl:assignee": "did:web:consumer-idhub:user:consumer",
        "odrl:assigner": "did:web:provider-idhub:user:provider"
    },
    "dspace:callbackAddress": "http://dsp-native-basyx:8090/dsp"
}
2026-08-13T13:40:05.396Z  WARN 1 --- [BasyxStarterApp] [pool-7-thread-4] .f.l.c.e.p.s.h.SendContractFinalizedTask : Error sending FINALIZED MESSAGE to http://consumer-controlplane:9020/dsp/negotiations/c402c4ba-e42d-4291-9529-20156a75bec3/events for 45c0f5b6-61b2-4a8c-9290-66c6c35b87ae
2026-08-13T13:40:05.397Z  WARN 1 --- [BasyxStarterApp] [pool-7-thread-4] .f.l.c.e.p.s.h.SendContractFinalizedTask : Status code: 500 INTERNAL_SERVER_ERROR
2026-08-13T13:40:07.494Z  WARN 1 --- [BasyxStarterApp] [pool-7-thread-4] .f.l.c.e.p.s.h.SendContractFinalizedTask : Error sending FINALIZED MESSAGE to http://consumer-controlplane:9020/dsp/negotiations/8a7a4f32-0516-47d2-885c-2635d8b7c8ec/events for ebb8a2fc-8aed-449d-a6ee-c7347ac4afa1
2026-08-13T13:40:07.494Z  WARN 1 --- [BasyxStarterApp] [pool-7-thread-4] .f.l.c.e.p.s.h.SendContractFinalizedTask : Status code: 500 INTERNAL_SERVER_ERROR
2026-08-13T13:42:12.867Z  WARN 1 --- [BasyxStarterApp] [pool-7-thread-2] o.f.l.c.e.p.s.h.SendContractAgreedTask   : Error sending AGREED MESSAGE to http://consumer-controlplane:9020/dsp/negotiations/ac96635c-db89-4490-bf26-9f0abd4ee092/agreement for 6af19d63-f147-45e0-ae0f-56584c291d2c
2026-08-13T13:42:12.867Z  WARN 1 --- [BasyxStarterApp] [pool-7-thread-2] o.f.l.c.e.p.s.h.SendContractAgreedTask   : Status code: 500 INTERNAL_SERVER_ERROR
2026-08-13T13:42:12.869Z  WARN 1 --- [BasyxStarterApp] [pool-7-thread-2] o.f.l.c.e.p.s.h.SendContractAgreedTask   : Response from consumer
<html>
<head>
<meta http-equiv="Content-Type" content="text/html;charset=ISO-8859-1"/>
<title>Error 500 Internal Server Error</title>
</head>
<body>
<h2>HTTP ERROR 500 Internal Server Error</h2>
<table>
<tr><th>URI:</th><td>http://consumer-controlplane:9020/dsp/negotiations/ac96635c-db89-4490-bf26-9f0abd4ee092/agreement</td></tr>
<tr><th>STATUS:</th><td>500</td></tr>
<tr><th>MESSAGE:</th><td>Internal Server Error</td></tr>
</table>

</body>
</html>

2026-08-13T13:42:12.869Z  WARN 1 --- [BasyxStarterApp] [pool-7-thread-2] o.f.l.c.e.p.s.h.SendContractAgreedTask   : As bytes: [60, 104, 116, 109, 108, 62, 10, 60, 104, 101, 97, 100, 62, 10, 60, 109, 101, 116, 97, 32, 104, 116, 116, 112, 45, 101, 113, 117, 105, 118, 61, 34, 67, 111, 110, 116, 101, 110, 116, 45, 84, 121, 112, 101, 34, 32, 99, 111, 110, 116, 101, 110, 116, 61, 34, 116, 101, 120, 116, 47, 104, 116, 109, 108, 59, 99, 104, 97, 114, 115, 101, 116, 61, 73, 83, 79, 45, 56, 56, 53, 57, 45, 49, 34, 47, 62, 10, 60, 116, 105, 116, 108, 101, 62, 69, 114, 114, 111, 114, 32, 53, 48, 48, 32, 73, 110, 116, 101, 114, 110, 97, 108, 32, 83, 101, 114, 118, 101, 114, 32, 69, 114, 114, 111, 114, 60, 47, 116, 105, 116, 108, 101, 62, 10, 60, 47, 104, 101, 97, 100, 62, 10, 60, 98, 111, 100, 121, 62, 10, 60, 104, 50, 62, 72, 84, 84, 80, 32, 69, 82, 82, 79, 82, 32, 53, 48, 48, 32, 73, 110, 116, 101, 114, 110, 97, 108, 32, 83, 101, 114, 118, 101, 114, 32, 69, 114, 114, 111, 114, 60, 47, 104, 50, 62, 10, 60, 116, 97, 98, 108, 101, 62, 10, 60, 116, 114, 62, 60, 116, 104, 62, 85, 82, 73, 58, 60, 47, 116, 104, 62, 60, 116, 100, 62, 104, 116, 116, 112, 58, 47, 47, 99, 111, 110, 115, 117, 109, 101, 114, 45, 99, 111, 110, 116, 114, 111, 108, 112, 108, 97, 110, 101, 58, 57, 48, 50, 48, 47, 100, 115, 112, 47, 110, 101, 103, 111, 116, 105, 97, 116, 105, 111, 110, 115, 47, 97, 99, 57, 54, 54, 51, 53, 99, 45, 100, 98, 56, 57, 45, 52, 52, 57, 48, 45, 98, 102, 50, 54, 45, 57, 102, 48, 97, 98, 100, 52, 101, 101, 48, 57, 50, 47, 97, 103, 114, 101, 101, 109, 101, 110, 116, 60, 47, 116, 100, 62, 60, 47, 116, 114, 62, 10, 60, 116, 114, 62, 60, 116, 104, 62, 83, 84, 65, 84, 85, 83, 58, 60, 47, 116, 104, 62, 60, 116, 100, 62, 53, 48, 48, 60, 47, 116, 100, 62, 60, 47, 116, 114, 62, 10, 60, 116, 114, 62, 60, 116, 104, 62, 77, 69, 83, 83, 65, 71, 69, 58, 60, 47, 116, 104, 62, 60, 116, 100, 62, 73, 110, 116, 101, 114, 110, 97, 108, 32, 83, 101, 114, 118, 101, 114, 32, 69, 114, 114, 111, 114, 60, 47, 116, 100, 62, 60, 47, 116, 114, 62, 10, 60, 47, 116, 97, 98, 108, 101, 62, 10, 10, 60, 47, 98, 111, 100, 121, 62, 10, 60, 47, 104, 116, 109, 108, 62, 10]
2026-08-13T13:42:12.870Z  WARN 1 --- [BasyxStarterApp] [pool-7-thread-2] o.f.l.c.e.p.s.h.SendContractAgreedTask   : Body: 
{
    "@context": {
        "@vocab": "https://w3id.org/edc/v0.0.1/ns/",
        "edc": "https://w3id.org/edc/v0.0.1/ns/",
        "dcat": "http://www.w3.org/ns/dcat#",
        "dct": "http://purl.org/dc/terms/",
        "odrl": "http://www.w3.org/ns/odrl/2/",
        "dspace": "https://w3id.org/dspace/v0.8/"
    },
    "@type": "dspace:ContractAgreementMessage",
    "dspace:consumerPid": "ac96635c-db89-4490-bf26-9f0abd4ee092",
    "dspace:providerPid": "6af19d63-f147-45e0-ae0f-56584c291d2c",
    "dspace:agreement": {
        "@type": "odrl:Agreement",
        "@id": "25708d4d-0683-48c8-83ef-434fb7f13e84",
        "odrl:target": "e38a0f92-4ee8-436c-a535-0f9cdad4c3c8",
        "dspace:timestamp": "2026-08-13T13:42:12Z",
        "odrl:assignee": "did:web:consumer-idhub:user:consumer",
        "odrl:assigner": "did:web:provider-idhub:user:provider"
    },
    "dspace:callbackAddress": "http://dsp-native-basyx:8090/dsp"
}
2026-08-13T13:44:57.226Z  WARN 1 --- [BasyxStarterApp] [pool-7-thread-4] .f.l.c.e.p.s.h.SendContractFinalizedTask : Error sending FINALIZED MESSAGE to http://consumer-controlplane:9020/dsp/negotiations/92b91dce-cab1-4567-917d-45dce6beca45/events for ceb42fbb-45ac-4f56-8616-2f862474a5e9
2026-08-13T13:44:57.227Z  WARN 1 --- [BasyxStarterApp] [pool-7-thread-4] .f.l.c.e.p.s.h.SendContractFinalizedTask : Status code: 500 INTERNAL_SERVER_ERROR
2026-08-13T13:49:42.949Z  WARN 1 --- [BasyxStarterApp] [pool-7-thread-2] o.f.l.c.e.p.s.h.SendContractAgreedTask   : Error sending AGREED MESSAGE to http://consumer-controlplane:9020/dsp/negotiations/f89e5009-ec2a-4d09-a2d7-229ea071b01f/agreement for b0ca86c0-b153-4c0d-876f-9dcab6459371
2026-08-13T13:49:42.950Z  WARN 1 --- [BasyxStarterApp] [pool-7-thread-2] o.f.l.c.e.p.s.h.SendContractAgreedTask   : Status code: 500 INTERNAL_SERVER_ERROR
2026-08-13T13:49:42.952Z  WARN 1 --- [BasyxStarterApp] [pool-7-thread-2] o.f.l.c.e.p.s.h.SendContractAgreedTask   : Response from consumer
<html>
<head>
<meta http-equiv="Content-Type" content="text/html;charset=ISO-8859-1"/>
<title>Error 500 Internal Server Error</title>
</head>
<body>
<h2>HTTP ERROR 500 Internal Server Error</h2>
<table>
<tr><th>URI:</th><td>http://consumer-controlplane:9020/dsp/negotiations/f89e5009-ec2a-4d09-a2d7-229ea071b01f/agreement</td></tr>
<tr><th>STATUS:</th><td>500</td></tr>
<tr><th>MESSAGE:</th><td>Internal Server Error</td></tr>
</table>

</body>
</html>

2026-08-13T13:49:42.952Z  WARN 1 --- [BasyxStarterApp] [pool-7-thread-2] o.f.l.c.e.p.s.h.SendContractAgreedTask   : As bytes: [60, 104, 116, 109, 108, 62, 10, 60, 104, 101, 97, 100, 62, 10, 60, 109, 101, 116, 97, 32, 104, 116, 116, 112, 45, 101, 113, 117, 105, 118, 61, 34, 67, 111, 110, 116, 101, 110, 116, 45, 84, 121, 112, 101, 34, 32, 99, 111, 110, 116, 101, 110, 116, 61, 34, 116, 101, 120, 116, 47, 104, 116, 109, 108, 59, 99, 104, 97, 114, 115, 101, 116, 61, 73, 83, 79, 45, 56, 56, 53, 57, 45, 49, 34, 47, 62, 10, 60, 116, 105, 116, 108, 101, 62, 69, 114, 114, 111, 114, 32, 53, 48, 48, 32, 73, 110, 116, 101, 114, 110, 97, 108, 32, 83, 101, 114, 118, 101, 114, 32, 69, 114, 114, 111, 114, 60, 47, 116, 105, 116, 108, 101, 62, 10, 60, 47, 104, 101, 97, 100, 62, 10, 60, 98, 111, 100, 121, 62, 10, 60, 104, 50, 62, 72, 84, 84, 80, 32, 69, 82, 82, 79, 82, 32, 53, 48, 48, 32, 73, 110, 116, 101, 114, 110, 97, 108, 32, 83, 101, 114, 118, 101, 114, 32, 69, 114, 114, 111, 114, 60, 47, 104, 50, 62, 10, 60, 116, 97, 98, 108, 101, 62, 10, 60, 116, 114, 62, 60, 116, 104, 62, 85, 82, 73, 58, 60, 47, 116, 104, 62, 60, 116, 100, 62, 104, 116, 116, 112, 58, 47, 47, 99, 111, 110, 115, 117, 109, 101, 114, 45, 99, 111, 110, 116, 114, 111, 108, 112, 108, 97, 110, 101, 58, 57, 48, 50, 48, 47, 100, 115, 112, 47, 110, 101, 103, 111, 116, 105, 97, 116, 105, 111, 110, 115, 47, 102, 56, 57, 101, 53, 48, 48, 57, 45, 101, 99, 50, 97, 45, 52, 100, 48, 57, 45, 97, 50, 100, 55, 45, 50, 50, 57, 101, 97, 48, 55, 49, 98, 48, 49, 102, 47, 97, 103, 114, 101, 101, 109, 101, 110, 116, 60, 47, 116, 100, 62, 60, 47, 116, 114, 62, 10, 60, 116, 114, 62, 60, 116, 104, 62, 83, 84, 65, 84, 85, 83, 58, 60, 47, 116, 104, 62, 60, 116, 100, 62, 53, 48, 48, 60, 47, 116, 100, 62, 60, 47, 116, 114, 62, 10, 60, 116, 114, 62, 60, 116, 104, 62, 77, 69, 83, 83, 65, 71, 69, 58, 60, 47, 116, 104, 62, 60, 116, 100, 62, 73, 110, 116, 101, 114, 110, 97, 108, 32, 83, 101, 114, 118, 101, 114, 32, 69, 114, 114, 111, 114, 60, 47, 116, 100, 62, 60, 47, 116, 114, 62, 10, 60, 47, 116, 97, 98, 108, 101, 62, 10, 10, 60, 47, 98, 111, 100, 121, 62, 10, 60, 47, 104, 116, 109, 108, 62, 10]
2026-08-13T13:49:42.953Z  WARN 1 --- [BasyxStarterApp] [pool-7-thread-2] o.f.l.c.e.p.s.h.SendContractAgreedTask   : Body: 
{
    "@context": {
        "@vocab": "https://w3id.org/edc/v0.0.1/ns/",
        "edc": "https://w3id.org/edc/v0.0.1/ns/",
        "dcat": "http://www.w3.org/ns/dcat#",
        "dct": "http://purl.org/dc/terms/",
        "odrl": "http://www.w3.org/ns/odrl/2/",
        "dspace": "https://w3id.org/dspace/v0.8/"
    },
    "@type": "dspace:ContractAgreementMessage",
    "dspace:consumerPid": "f89e5009-ec2a-4d09-a2d7-229ea071b01f",
    "dspace:providerPid": "b0ca86c0-b153-4c0d-876f-9dcab6459371",
    "dspace:agreement": {
        "@type": "odrl:Agreement",
        "@id": "2e5eced2-dfd1-4fb9-be3b-ec0410f9125b",
        "odrl:target": "e38a0f92-4ee8-436c-a535-0f9cdad4c3c8",
        "dspace:timestamp": "2026-08-13T13:49:42Z",
        "odrl:assignee": "did:web:consumer-idhub:user:consumer",
        "odrl:assigner": "did:web:provider-idhub:user:provider"
    },
    "dspace:callbackAddress": "http://dsp-native-basyx:8090/dsp"
}
2026-08-13T13:54:34.329Z ERROR 1 --- [BasyxStarterApp] [nio-8090-exec-9] o.f.l.c.e.p.s.d.m.MvdValidationService   : Failure while validating token

java.util.ConcurrentModificationException: null
	at java.base/java.util.HashMap$HashIterator.nextNode(Unknown Source) ~[na:na]
	at java.base/java.util.HashMap$EntryIterator.next(Unknown Source) ~[na:na]
	at java.base/java.util.HashMap$EntryIterator.next(Unknown Source) ~[na:na]
	at org.factoryx.library.connector.embedded.provider.service.dsp_validation.mvdvalidation.MvdValidationService.cleanUpSeenJtis(MvdValidationService.java:259) ~[dataspace-protocol-lib-mongodb-0.1.1.jar!/:0.1.1]
	at org.factoryx.library.connector.embedded.provider.service.dsp_validation.mvdvalidation.MvdValidationService.basicValidation(MvdValidationService.java:242) ~[dataspace-protocol-lib-mongodb-0.1.1.jar!/:0.1.1]
	at org.factoryx.library.connector.embedded.provider.service.dsp_validation.mvdvalidation.MvdValidationService.validateToken(MvdValidationService.java:110) ~[dataspace-protocol-lib-mongodb-0.1.1.jar!/:0.1.1]
	at org.factoryx.library.connector.embedded.provider.controller.DspTransferController.handlePullTransferRequest(DspTransferController.java:87) ~[dataspace-protocol-lib-mongodb-0.1.1.jar!/:0.1.1]
	at org.factoryx.library.connector.embedded.provider.controller.DspTransferController.createPullTransferProcess_V_08(DspTransferController.java:75) ~[dataspace-protocol-lib-mongodb-0.1.1.jar!/:0.1.1]
	at java.base/jdk.internal.reflect.DirectMethodHandleAccessor.invoke(Unknown Source) ~[na:na]
	at java.base/java.lang.reflect.Method.invoke(Unknown Source) ~[na:na]
	at org.springframework.web.method.support.InvocableHandlerMethod.doInvoke(InvocableHandlerMethod.java:258) ~[spring-web-6.2.11.jar!/:6.2.11]
	at org.springframework.web.method.support.InvocableHandlerMethod.invokeForRequest(InvocableHandlerMethod.java:191) ~[spring-web-6.2.11.jar!/:6.2.11]
	at org.springframework.web.servlet.mvc.method.annotation.ServletInvocableHandlerMethod.invokeAndHandle(ServletInvocableHandlerMethod.java:118) ~[spring-webmvc-6.2.11.jar!/:6.2.11]
	at org.springframework.web.servlet.mvc.method.annotation.RequestMappingHandlerAdapter.invokeHandlerMethod(RequestMappingHandlerAdapter.java:991) ~[spring-webmvc-6.2.11.jar!/:6.2.11]
	at org.springframework.web.servlet.mvc.method.annotation.RequestMappingHandlerAdapter.handleInternal(RequestMappingHandlerAdapter.java:896) ~[spring-webmvc-6.2.11.jar!/:6.2.11]
	at org.springframework.web.servlet.mvc.method.AbstractHandlerMethodAdapter.handle(AbstractHandlerMethodAdapter.java:87) ~[spring-webmvc-6.2.11.jar!/:6.2.11]
	at org.springframework.web.servlet.DispatcherServlet.doDispatch(DispatcherServlet.java:1089) ~[spring-webmvc-6.2.11.jar!/:6.2.11]
	at org.springframework.web.servlet.DispatcherServlet.doService(DispatcherServlet.java:979) ~[spring-webmvc-6.2.11.jar!/:6.2.11]
	at org.springframework.web.servlet.FrameworkServlet.processRequest(FrameworkServlet.java:1014) ~[spring-webmvc-6.2.11.jar!/:6.2.11]
	at org.springframework.web.servlet.FrameworkServlet.doPost(FrameworkServlet.java:914) ~[spring-webmvc-6.2.11.jar!/:6.2.11]
	at jakarta.servlet.http.HttpServlet.service(HttpServlet.java:590) ~[tomcat-embed-core-10.1.46.jar!/:0.1.1]
	at org.springframework.web.servlet.FrameworkServlet.service(FrameworkServlet.java:885) ~[spring-webmvc-6.2.11.jar!/:6.2.11]
	at jakarta.servlet.http.HttpServlet.service(HttpServlet.java:658) ~[tomcat-embed-core-10.1.46.jar!/:0.1.1]
	at org.apache.catalina.core.ApplicationFilterChain.internalDoFilter(ApplicationFilterChain.java:195) ~[tomcat-embed-core-10.1.46.jar!/:0.1.1]
	at org.apache.catalina.core.ApplicationFilterChain.doFilter(ApplicationFilterChain.java:140) ~[tomcat-embed-core-10.1.46.jar!/:0.1.1]
	at org.apache.tomcat.websocket.server.WsFilter.doFilter(WsFilter.java:51) ~[tomcat-embed-websocket-10.1.46.jar!/:0.1.1]
	at org.apache.catalina.core.ApplicationFilterChain.internalDoFilter(ApplicationFilterChain.java:164) ~[tomcat-embed-core-10.1.46.jar!/:0.1.1]
	at org.apache.catalina.core.ApplicationFilterChain.doFilter(ApplicationFilterChain.java:140) ~[tomcat-embed-core-10.1.46.jar!/:0.1.1]
	at org.eclipse.digitaltwin.basyx.http.HttpBaSyxHeader.doFilterInternal(HttpBaSyxHeader.java:53) ~[basyx.http-2.0.0-milestone-08.jar!/:2.0.0-milestone-08]
	at org.springframework.web.filter.OncePerRequestFilter.doFilter(OncePerRequestFilter.java:116) ~[spring-web-6.2.11.jar!/:6.2.11]
	at org.apache.catalina.core.ApplicationFilterChain.internalDoFilter(ApplicationFilterChain.java:164) ~[tomcat-embed-core-10.1.46.jar!/:0.1.1]
	at org.apache.catalina.core.ApplicationFilterChain.doFilter(ApplicationFilterChain.java:140) ~[tomcat-embed-core-10.1.46.jar!/:0.1.1]
	at org.springframework.web.filter.CompositeFilter$VirtualFilterChain.doFilter(CompositeFilter.java:108) ~[spring-web-6.2.11.jar!/:6.2.11]
	at org.springframework.web.filter.CompositeFilter$VirtualFilterChain.doFilter(CompositeFilter.java:108) ~[spring-web-6.2.11.jar!/:6.2.11]
	at org.springframework.security.web.FilterChainProxy.lambda$doFilterInternal$3(FilterChainProxy.java:231) ~[spring-security-web-6.5.5.jar!/:6.5.5]
	at org.springframework.security.web.ObservationFilterChainDecorator$FilterObservation$SimpleFilterObservation.lambda$wrap$1(ObservationFilterChainDecorator.java:490) ~[spring-security-web-6.5.5.jar!/:6.5.5]
	at org.springframework.security.web.ObservationFilterChainDecorator$AroundFilterObservation$SimpleAroundFilterObservation.lambda$wrap$1(ObservationFilterChainDecorator.java:351) ~[spring-security-web-6.5.5.jar!/:6.5.5]
	at org.springframework.security.web.ObservationFilterChainDecorator.lambda$wrapSecured$0(ObservationFilterChainDecorator.java:83) ~[spring-security-web-6.5.5.jar!/:6.5.5]
	at org.springframework.security.web.ObservationFilterChainDecorator$VirtualFilterChain.doFilter(ObservationFilterChainDecorator.java:129) ~[spring-security-web-6.5.5.jar!/:6.5.5]
	at org.springframework.security.web.access.intercept.AuthorizationFilter.doFilter(AuthorizationFilter.java:101) ~[spring-security-web-6.5.5.jar!/:6.5.5]
	at org.springframework.security.web.ObservationFilterChainDecorator$ObservationFilter.wrapFilter(ObservationFilterChainDecorator.java:241) ~[spring-security-web-6.5.5.jar!/:6.5.5]
	at org.springframework.security.web.ObservationFilterChainDecorator$ObservationFilter.doFilter(ObservationFilterChainDecorator.java:228) ~[spring-security-web-6.5.5.jar!/:6.5.5]
	at org.springframework.security.web.ObservationFilterChainDecorator$VirtualFilterChain.doFilter(ObservationFilterChainDecorator.java:138) ~[spring-security-web-6.5.5.jar!/:6.5.5]
	at org.springframework.security.web.access.ExceptionTranslationFilter.doFilter(ExceptionTranslationFilter.java:125) ~[spring-security-web-6.5.5.jar!/:6.5.5]
	at org.springframework.security.web.access.ExceptionTranslationFilter.doFilter(ExceptionTranslationFilter.java:119) ~[spring-security-web-6.5.5.jar!/:6.5.5]
	at org.springframework.security.web.ObservationFilterChainDecorator$ObservationFilter.wrapFilter(ObservationFilterChainDecorator.java:241) ~[spring-security-web-6.5.5.jar!/:6.5.5]
	at org.springframework.security.web.ObservationFilterChainDecorator$ObservationFilter.doFilter(ObservationFilterChainDecorator.java:228) ~[spring-security-web-6.5.5.jar!/:6.5.5]
	at org.springframework.security.web.ObservationFilterChainDecorator$VirtualFilterChain.doFilter(ObservationFilterChainDecorator.java:138) ~[spring-security-web-6.5.5.jar!/:6.5.5]
	at org.springframework.security.web.session.SessionManagementFilter.doFilter(SessionManagementFilter.java:131) ~[spring-security-web-6.5.5.jar!/:6.5.5]
	at org.springframework.security.web.session.SessionManagementFilter.doFilter(SessionManagementFilter.java:85) ~[spring-security-web-6.5.5.jar!/:6.5.5]
	at org.springframework.security.web.ObservationFilterChainDecorator$ObservationFilter.wrapFilter(ObservationFilterChainDecorator.java:241) ~[spring-security-web-6.5.5.jar!/:6.5.5]
	at org.springframework.security.web.ObservationFilterChainDecorator$ObservationFilter.doFilter(ObservationFilterChainDecorator.java:228) ~[spring-security-web-6.5.5.jar!/:6.5.5]
	at org.springframework.security.web.ObservationFilterChainDecorator$VirtualFilterChain.doFilter(ObservationFilterChainDecorator.java:138) ~[spring-security-web-6.5.5.jar!/:6.5.5]
	at org.springframework.security.web.authentication.AnonymousAuthenticationFilter.doFilter(AnonymousAuthenticationFilter.java:100) ~[spring-security-web-6.5.5.jar!/:6.5.5]
	at org.springframework.security.web.ObservationFilterChainDecorator$ObservationFilter.wrapFilter(ObservationFilterChainDecorator.java:241) ~[spring-security-web-6.5.5.jar!/:6.5.5]
	at org.springframework.security.web.ObservationFilterChainDecorator$ObservationFilter.doFilter(ObservationFilterChainDecorator.java:228) ~[spring-security-web-6.5.5.jar!/:6.5.5]
	at org.springframework.security.web.ObservationFilterChainDecorator$VirtualFilterChain.doFilter(ObservationFilterChainDecorator.java:138) ~[spring-security-web-6.5.5.jar!/:6.5.5]
	at org.springframework.security.web.servletapi.SecurityContextHolderAwareRequestFilter.doFilter(SecurityContextHolderAwareRequestFilter.java:179) ~[spring-security-web-6.5.5.jar!/:6.5.5]
	at org.springframework.security.web.ObservationFilterChainDecorator$ObservationFilter.wrapFilter(ObservationFilterChainDecorator.java:241) ~[spring-security-web-6.5.5.jar!/:6.5.5]
	at org.springframework.security.web.ObservationFilterChainDecorator$ObservationFilter.doFilter(ObservationFilterChainDecorator.java:228) ~[spring-security-web-6.5.5.jar!/:6.5.5]
	at org.springframework.security.web.ObservationFilterChainDecorator$VirtualFilterChain.doFilter(ObservationFilterChainDecorator.java:138) ~[spring-security-web-6.5.5.jar!/:6.5.5]
	at org.springframework.security.web.savedrequest.RequestCacheAwareFilter.doFilter(RequestCacheAwareFilter.java:63) ~[spring-security-web-6.5.5.jar!/:6.5.5]
	at org.springframework.security.web.ObservationFilterChainDecorator$ObservationFilter.wrapFilter(ObservationFilterChainDecorator.java:241) ~[spring-security-web-6.5.5.jar!/:6.5.5]
	at org.springframework.security.web.ObservationFilterChainDecorator$ObservationFilter.doFilter(ObservationFilterChainDecorator.java:228) ~[spring-security-web-6.5.5.jar!/:6.5.5]
	at org.springframework.security.web.ObservationFilterChainDecorator$VirtualFilterChain.doFilter(ObservationFilterChainDecorator.java:138) ~[spring-security-web-6.5.5.jar!/:6.5.5]
	at org.springframework.security.web.authentication.logout.LogoutFilter.doFilter(LogoutFilter.java:107) ~[spring-security-web-6.5.5.jar!/:6.5.5]
	at org.springframework.security.web.authentication.logout.LogoutFilter.doFilter(LogoutFilter.java:93) ~[spring-security-web-6.5.5.jar!/:6.5.5]
	at org.springframework.security.web.ObservationFilterChainDecorator$ObservationFilter.wrapFilter(ObservationFilterChainDecorator.java:241) ~[spring-security-web-6.5.5.jar!/:6.5.5]
	at org.springframework.security.web.ObservationFilterChainDecorator$ObservationFilter.doFilter(ObservationFilterChainDecorator.java:228) ~[spring-security-web-6.5.5.jar!/:6.5.5]
	at org.springframework.security.web.ObservationFilterChainDecorator$VirtualFilterChain.doFilter(ObservationFilterChainDecorator.java:138) ~[spring-security-web-6.5.5.jar!/:6.5.5]
	at org.springframework.security.web.header.HeaderWriterFilter.doHeadersAfter(HeaderWriterFilter.java:90) ~[spring-security-web-6.5.5.jar!/:6.5.5]
	at org.springframework.security.web.header.HeaderWriterFilter.doFilterInternal(HeaderWriterFilter.java:75) ~[spring-security-web-6.5.5.jar!/:6.5.5]
	at org.springframework.web.filter.OncePerRequestFilter.doFilter(OncePerRequestFilter.java:116) ~[spring-web-6.2.11.jar!/:6.2.11]
	at org.springframework.security.web.ObservationFilterChainDecorator$ObservationFilter.wrapFilter(ObservationFilterChainDecorator.java:241) ~[spring-security-web-6.5.5.jar!/:6.5.5]
	at org.springframework.security.web.ObservationFilterChainDecorator$ObservationFilter.doFilter(ObservationFilterChainDecorator.java:228) ~[spring-security-web-6.5.5.jar!/:6.5.5]
	at org.springframework.security.web.ObservationFilterChainDecorator$VirtualFilterChain.doFilter(ObservationFilterChainDecorator.java:138) ~[spring-security-web-6.5.5.jar!/:6.5.5]
	at org.springframework.security.web.context.SecurityContextHolderFilter.doFilter(SecurityContextHolderFilter.java:82) ~[spring-security-web-6.5.5.jar!/:6.5.5]
	at org.springframework.security.web.context.SecurityContextHolderFilter.doFilter(SecurityContextHolderFilter.java:69) ~[spring-security-web-6.5.5.jar!/:6.5.5]
	at org.springframework.security.web.ObservationFilterChainDecorator$ObservationFilter.wrapFilter(ObservationFilterChainDecorator.java:241) ~[spring-security-web-6.5.5.jar!/:6.5.5]
	at org.springframework.security.web.ObservationFilterChainDecorator$ObservationFilter.doFilter(ObservationFilterChainDecorator.java:228) ~[spring-security-web-6.5.5.jar!/:6.5.5]
	at org.springframework.security.web.ObservationFilterChainDecorator$VirtualFilterChain.doFilter(ObservationFilterChainDecorator.java:138) ~[spring-security-web-6.5.5.jar!/:6.5.5]
	at org.springframework.security.web.context.request.async.WebAsyncManagerIntegrationFilter.doFilterInternal(WebAsyncManagerIntegrationFilter.java:62) ~[spring-security-web-6.5.5.jar!/:6.5.5]
	at org.springframework.web.filter.OncePerRequestFilter.doFilter(OncePerRequestFilter.java:116) ~[spring-web-6.2.11.jar!/:6.2.11]
	at org.springframework.security.web.ObservationFilterChainDecorator$ObservationFilter.wrapFilter(ObservationFilterChainDecorator.java:241) ~[spring-security-web-6.5.5.jar!/:6.5.5]
	at org.springframework.security.web.ObservationFilterChainDecorator$ObservationFilter.doFilter(ObservationFilterChainDecorator.java:228) ~[spring-security-web-6.5.5.jar!/:6.5.5]
	at org.springframework.security.web.ObservationFilterChainDecorator$VirtualFilterChain.doFilter(ObservationFilterChainDecorator.java:138) ~[spring-security-web-6.5.5.jar!/:6.5.5]
	at org.springframework.security.web.session.DisableEncodeUrlFilter.doFilterInternal(DisableEncodeUrlFilter.java:42) ~[spring-security-web-6.5.5.jar!/:6.5.5]
	at org.springframework.web.filter.OncePerRequestFilter.doFilter(OncePerRequestFilter.java:116) ~[spring-web-6.2.11.jar!/:6.2.11]
	at org.springframework.security.web.ObservationFilterChainDecorator$ObservationFilter.wrapFilter(ObservationFilterChainDecorator.java:241) ~[spring-security-web-6.5.5.jar!/:6.5.5]
	at org.springframework.security.web.ObservationFilterChainDecorator$AroundFilterObservation$SimpleAroundFilterObservation.lambda$wrap$0(ObservationFilterChainDecorator.java:334) ~[spring-security-web-6.5.5.jar!/:6.5.5]
	at org.springframework.security.web.ObservationFilterChainDecorator$ObservationFilter.doFilter(ObservationFilterChainDecorator.java:225) ~[spring-security-web-6.5.5.jar!/:6.5.5]
	at org.springframework.security.web.ObservationFilterChainDecorator$VirtualFilterChain.doFilter(ObservationFilterChainDecorator.java:138) ~[spring-security-web-6.5.5.jar!/:6.5.5]
	at org.springframework.security.web.FilterChainProxy.doFilterInternal(FilterChainProxy.java:233) ~[spring-security-web-6.5.5.jar!/:6.5.5]
	at org.springframework.security.web.FilterChainProxy.doFilter(FilterChainProxy.java:191) ~[spring-security-web-6.5.5.jar!/:6.5.5]
	at org.springframework.web.filter.CompositeFilter$VirtualFilterChain.doFilter(CompositeFilter.java:113) ~[spring-web-6.2.11.jar!/:6.2.11]
	at org.springframework.web.filter.ServletRequestPathFilter.doFilter(ServletRequestPathFilter.java:52) ~[spring-web-6.2.11.jar!/:6.2.11]
	at org.springframework.web.filter.CompositeFilter$VirtualFilterChain.doFilter(CompositeFilter.java:113) ~[spring-web-6.2.11.jar!/:6.2.11]
	at org.springframework.web.filter.CompositeFilter.doFilter(CompositeFilter.java:74) ~[spring-web-6.2.11.jar!/:6.2.11]
	at org.springframework.security.config.annotation.web.configuration.WebSecurityConfiguration$CompositeFilterChainProxy.doFilter(WebSecurityConfiguration.java:319) ~[spring-security-config-6.5.5.jar!/:6.5.5]
	at org.springframework.web.filter.CompositeFilter$VirtualFilterChain.doFilter(CompositeFilter.java:113) ~[spring-web-6.2.11.jar!/:6.2.11]
	at org.springframework.web.servlet.handler.HandlerMappingIntrospector.lambda$createCacheFilter$4(HandlerMappingIntrospector.java:267) ~[spring-webmvc-6.2.11.jar!/:6.2.11]
	at org.springframework.web.filter.CompositeFilter$VirtualFilterChain.doFilter(CompositeFilter.java:113) ~[spring-web-6.2.11.jar!/:6.2.11]
	at org.springframework.web.filter.CompositeFilter.doFilter(CompositeFilter.java:74) ~[spring-web-6.2.11.jar!/:6.2.11]
	at org.springframework.security.config.annotation.web.configuration.WebMvcSecurityConfiguration$CompositeFilterChainProxy.doFilter(WebMvcSecurityConfiguration.java:240) ~[spring-security-config-6.5.5.jar!/:6.5.5]
	at org.springframework.web.filter.DelegatingFilterProxy.invokeDelegate(DelegatingFilterProxy.java:362) ~[spring-web-6.2.11.jar!/:6.2.11]
	at org.springframework.web.filter.DelegatingFilterProxy.doFilter(DelegatingFilterProxy.java:278) ~[spring-web-6.2.11.jar!/:6.2.11]
	at org.apache.catalina.core.ApplicationFilterChain.internalDoFilter(ApplicationFilterChain.java:164) ~[tomcat-embed-core-10.1.46.jar!/:0.1.1]
	at org.apache.catalina.core.ApplicationFilterChain.doFilter(ApplicationFilterChain.java:140) ~[tomcat-embed-core-10.1.46.jar!/:0.1.1]
	at org.springframework.web.filter.RequestContextFilter.doFilterInternal(RequestContextFilter.java:100) ~[spring-web-6.2.11.jar!/:6.2.11]
	at org.springframework.web.filter.OncePerRequestFilter.doFilter(OncePerRequestFilter.java:116) ~[spring-web-6.2.11.jar!/:6.2.11]
	at org.apache.catalina.core.ApplicationFilterChain.internalDoFilter(ApplicationFilterChain.java:164) ~[tomcat-embed-core-10.1.46.jar!/:0.1.1]
	at org.apache.catalina.core.ApplicationFilterChain.doFilter(ApplicationFilterChain.java:140) ~[tomcat-embed-core-10.1.46.jar!/:0.1.1]
	at org.springframework.web.filter.FormContentFilter.doFilterInternal(FormContentFilter.java:93) ~[spring-web-6.2.11.jar!/:6.2.11]
	at org.springframework.web.filter.OncePerRequestFilter.doFilter(OncePerRequestFilter.java:116) ~[spring-web-6.2.11.jar!/:6.2.11]
	at org.apache.catalina.core.ApplicationFilterChain.internalDoFilter(ApplicationFilterChain.java:164) ~[tomcat-embed-core-10.1.46.jar!/:0.1.1]
	at org.apache.catalina.core.ApplicationFilterChain.doFilter(ApplicationFilterChain.java:140) ~[tomcat-embed-core-10.1.46.jar!/:0.1.1]
	at org.springframework.web.servlet.v6_0.OpenTelemetryHandlerMappingFilter.doFilter(OpenTelemetryHandlerMappingFilter.java:78) ~[opentelemetry-javaagent.jar:na]
	at org.apache.catalina.core.ApplicationFilterChain.internalDoFilter(ApplicationFilterChain.java:164) ~[tomcat-embed-core-10.1.46.jar!/:0.1.1]
	at org.apache.catalina.core.ApplicationFilterChain.doFilter(ApplicationFilterChain.java:140) ~[tomcat-embed-core-10.1.46.jar!/:0.1.1]
	at org.springframework.web.filter.ServerHttpObservationFilter.doFilterInternal(ServerHttpObservationFilter.java:110) ~[spring-web-6.2.11.jar!/:6.2.11]
	at org.springframework.web.filter.OncePerRequestFilter.doFilter(OncePerRequestFilter.java:116) ~[spring-web-6.2.11.jar!/:6.2.11]
	at org.apache.catalina.core.ApplicationFilterChain.internalDoFilter(ApplicationFilterChain.java:164) ~[tomcat-embed-core-10.1.46.jar!/:0.1.1]
	at org.apache.catalina.core.ApplicationFilterChain.doFilter(ApplicationFilterChain.java:140) ~[tomcat-embed-core-10.1.46.jar!/:0.1.1]
	at org.springframework.web.filter.CharacterEncodingFilter.doFilterInternal(CharacterEncodingFilter.java:201) ~[spring-web-6.2.11.jar!/:6.2.11]
	at org.springframework.web.filter.OncePerRequestFilter.doFilter(OncePerRequestFilter.java:116) ~[spring-web-6.2.11.jar!/:6.2.11]
	at org.apache.catalina.core.ApplicationFilterChain.internalDoFilter(ApplicationFilterChain.java:164) ~[tomcat-embed-core-10.1.46.jar!/:0.1.1]
	at org.apache.catalina.core.ApplicationFilterChain.doFilter(ApplicationFilterChain.java:140) ~[tomcat-embed-core-10.1.46.jar!/:0.1.1]
	at org.apache.catalina.core.StandardWrapperValve.invoke(StandardWrapperValve.java:167) ~[tomcat-embed-core-10.1.46.jar!/:0.1.1]
	at org.apache.catalina.core.StandardContextValve.invoke(StandardContextValve.java:90) ~[tomcat-embed-core-10.1.46.jar!/:0.1.1]
	at org.apache.catalina.authenticator.AuthenticatorBase.invoke(AuthenticatorBase.java:483) ~[tomcat-embed-core-10.1.46.jar!/:0.1.1]
	at org.apache.catalina.core.StandardHostValve.invoke(StandardHostValve.java:116) ~[tomcat-embed-core-10.1.46.jar!/:0.1.1]
	at org.apache.catalina.valves.ErrorReportValve.invoke(ErrorReportValve.java:93) ~[tomcat-embed-core-10.1.46.jar!/:0.1.1]
	at org.apache.catalina.core.StandardEngineValve.invoke(StandardEngineValve.java:74) ~[tomcat-embed-core-10.1.46.jar!/:0.1.1]
	at org.apache.catalina.connector.CoyoteAdapter.service(CoyoteAdapter.java:344) ~[tomcat-embed-core-10.1.46.jar!/:0.1.1]
	at org.apache.coyote.http11.Http11Processor.service(Http11Processor.java:398) ~[tomcat-embed-core-10.1.46.jar!/:0.1.1]
	at org.apache.coyote.AbstractProcessorLight.process(AbstractProcessorLight.java:63) ~[tomcat-embed-core-10.1.46.jar!/:0.1.1]
	at org.apache.coyote.AbstractProtocol$ConnectionHandler.process(AbstractProtocol.java:903) ~[tomcat-embed-core-10.1.46.jar!/:0.1.1]
	at org.apache.tomcat.util.net.NioEndpoint$SocketProcessor.doRun(NioEndpoint.java:1776) ~[tomcat-embed-core-10.1.46.jar!/:0.1.1]
	at org.apache.tomcat.util.net.SocketProcessorBase.run(SocketProcessorBase.java:52) ~[tomcat-embed-core-10.1.46.jar!/:0.1.1]
	at org.apache.tomcat.util.threads.ThreadPoolExecutor.runWorker(ThreadPoolExecutor.java:975) ~[tomcat-embed-core-10.1.46.jar!/:0.1.1]
	at org.apache.tomcat.util.threads.ThreadPoolExecutor$Worker.run(ThreadPoolExecutor.java:493) ~[tomcat-embed-core-10.1.46.jar!/:0.1.1]
	at org.apache.tomcat.util.threads.TaskThread$WrappingRunnable.run(TaskThread.java:63) ~[tomcat-embed-core-10.1.46.jar!/:0.1.1]
	at java.base/java.lang.Thread.run(Unknown Source) ~[na:na]

2026-08-13T13:54:34.369Z  WARN 1 --- [BasyxStarterApp] [nio-8090-exec-9] o.f.l.c.e.p.s.d.m.MvdValidationService   : Signature check: true, membership check: true, basic check: false
2026-08-13T13:54:57.717Z  WARN 1 --- [BasyxStarterApp] [pool-7-thread-4] .f.l.c.e.p.s.h.SendContractFinalizedTask : Error sending FINALIZED MESSAGE to http://consumer-controlplane:9020/dsp/negotiations/871edab7-07bf-418a-b1b5-bf40fd2741e3/events for 988164f5-5b6c-488a-a45e-032439bc3cf8
2026-08-13T13:54:57.717Z  WARN 1 --- [BasyxStarterApp] [pool-7-thread-4] .f.l.c.e.p.s.h.SendContractFinalizedTask : Status code: 500 INTERNAL_SERVER_ERROR
2026-08-13T13:55:42.831Z  WARN 1 --- [BasyxStarterApp] [pool-7-thread-4] o.f.l.c.e.p.s.h.SendContractAgreedTask   : Error sending AGREED MESSAGE to http://consumer-controlplane:9020/dsp/negotiations/234bd9e0-6cbd-4a66-aaac-38a2714a585f/agreement for c40293d4-b4f6-483f-8a09-1f90109e28fb
2026-08-13T13:55:42.831Z  WARN 1 --- [BasyxStarterApp] [pool-7-thread-4] o.f.l.c.e.p.s.h.SendContractAgreedTask   : Status code: 500 INTERNAL_SERVER_ERROR
2026-08-13T13:55:42.833Z  WARN 1 --- [BasyxStarterApp] [pool-7-thread-4] o.f.l.c.e.p.s.h.SendContractAgreedTask   : Response from consumer
<html>
<head>
<meta http-equiv="Content-Type" content="text/html;charset=ISO-8859-1"/>
<title>Error 500 Internal Server Error</title>
</head>
<body>
<h2>HTTP ERROR 500 Internal Server Error</h2>
<table>
<tr><th>URI:</th><td>http://consumer-controlplane:9020/dsp/negotiations/234bd9e0-6cbd-4a66-aaac-38a2714a585f/agreement</td></tr>
<tr><th>STATUS:</th><td>500</td></tr>
<tr><th>MESSAGE:</th><td>Internal Server Error</td></tr>
</table>

</body>
</html>

2026-08-13T13:55:42.833Z  WARN 1 --- [BasyxStarterApp] [pool-7-thread-4] o.f.l.c.e.p.s.h.SendContractAgreedTask   : As bytes: [60, 104, 116, 109, 108, 62, 10, 60, 104, 101, 97, 100, 62, 10, 60, 109, 101, 116, 97, 32, 104, 116, 116, 112, 45, 101, 113, 117, 105, 118, 61, 34, 67, 111, 110, 116, 101, 110, 116, 45, 84, 121, 112, 101, 34, 32, 99, 111, 110, 116, 101, 110, 116, 61, 34, 116, 101, 120, 116, 47, 104, 116, 109, 108, 59, 99, 104, 97, 114, 115, 101, 116, 61, 73, 83, 79, 45, 56, 56, 53, 57, 45, 49, 34, 47, 62, 10, 60, 116, 105, 116, 108, 101, 62, 69, 114, 114, 111, 114, 32, 53, 48, 48, 32, 73, 110, 116, 101, 114, 110, 97, 108, 32, 83, 101, 114, 118, 101, 114, 32, 69, 114, 114, 111, 114, 60, 47, 116, 105, 116, 108, 101, 62, 10, 60, 47, 104, 101, 97, 100, 62, 10, 60, 98, 111, 100, 121, 62, 10, 60, 104, 50, 62, 72, 84, 84, 80, 32, 69, 82, 82, 79, 82, 32, 53, 48, 48, 32, 73, 110, 116, 101, 114, 110, 97, 108, 32, 83, 101, 114, 118, 101, 114, 32, 69, 114, 114, 111, 114, 60, 47, 104, 50, 62, 10, 60, 116, 97, 98, 108, 101, 62, 10, 60, 116, 114, 62, 60, 116, 104, 62, 85, 82, 73, 58, 60, 47, 116, 104, 62, 60, 116, 100, 62, 104, 116, 116, 112, 58, 47, 47, 99, 111, 110, 115, 117, 109, 101, 114, 45, 99, 111, 110, 116, 114, 111, 108, 112, 108, 97, 110, 101, 58, 57, 48, 50, 48, 47, 100, 115, 112, 47, 110, 101, 103, 111, 116, 105, 97, 116, 105, 111, 110, 115, 47, 50, 51, 52, 98, 100, 57, 101, 48, 45, 54, 99, 98, 100, 45, 52, 97, 54, 54, 45, 97, 97, 97, 99, 45, 51, 56, 97, 50, 55, 49, 52, 97, 53, 56, 53, 102, 47, 97, 103, 114, 101, 101, 109, 101, 110, 116, 60, 47, 116, 100, 62, 60, 47, 116, 114, 62, 10, 60, 116, 114, 62, 60, 116, 104, 62, 83, 84, 65, 84, 85, 83, 58, 60, 47, 116, 104, 62, 60, 116, 100, 62, 53, 48, 48, 60, 47, 116, 100, 62, 60, 47, 116, 114, 62, 10, 60, 116, 114, 62, 60, 116, 104, 62, 77, 69, 83, 83, 65, 71, 69, 58, 60, 47, 116, 104, 62, 60, 116, 100, 62, 73, 110, 116, 101, 114, 110, 97, 108, 32, 83, 101, 114, 118, 101, 114, 32, 69, 114, 114, 111, 114, 60, 47, 116, 100, 62, 60, 47, 116, 114, 62, 10, 60, 47, 116, 97, 98, 108, 101, 62, 10, 10, 60, 47, 98, 111, 100, 121, 62, 10, 60, 47, 104, 116, 109, 108, 62, 10]
2026-08-13T13:55:42.834Z  WARN 1 --- [BasyxStarterApp] [pool-7-thread-4] o.f.l.c.e.p.s.h.SendContractAgreedTask   : Body: 
{
    "@context": {
        "@vocab": "https://w3id.org/edc/v0.0.1/ns/",
        "edc": "https://w3id.org/edc/v0.0.1/ns/",
        "dcat": "http://www.w3.org/ns/dcat#",
        "dct": "http://purl.org/dc/terms/",
        "odrl": "http://www.w3.org/ns/odrl/2/",
        "dspace": "https://w3id.org/dspace/v0.8/"
    },
    "@type": "dspace:ContractAgreementMessage",
    "dspace:consumerPid": "234bd9e0-6cbd-4a66-aaac-38a2714a585f",
    "dspace:providerPid": "c40293d4-b4f6-483f-8a09-1f90109e28fb",
    "dspace:agreement": {
        "@type": "odrl:Agreement",
        "@id": "e76ec077-fd17-47cb-a608-25c26d90b4a4",
        "odrl:target": "e38a0f92-4ee8-436c-a535-0f9cdad4c3c8",
        "dspace:timestamp": "2026-08-13T13:55:42Z",
        "odrl:assignee": "did:web:consumer-idhub:user:consumer",
        "odrl:assigner": "did:web:provider-idhub:user:provider"
    },
    "dspace:callbackAddress": "http://dsp-native-basyx:8090/dsp"
}
2026-08-13T13:56:05.879Z  WARN 1 --- [BasyxStarterApp] [pool-7-thread-2] .f.l.c.e.p.s.h.SendContractFinalizedTask : Error sending FINALIZED MESSAGE to http://consumer-controlplane:9020/dsp/negotiations/aa057faa-97e9-41b0-af9c-f7dc797f6bdb/events for 695bbd52-bdd0-4421-9da1-812f87d8f6b5
2026-08-13T13:56:05.879Z  WARN 1 --- [BasyxStarterApp] [pool-7-thread-2] .f.l.c.e.p.s.h.SendContractFinalizedTask : Status code: 409 CONFLICT
2026-08-13T13:56:06.880Z  WARN 1 --- [BasyxStarterApp] [io-8090-exec-15] o.f.l.c.e.p.s.DspNegotiationService      : Negotiation record expected in state AGREED, but found VERIFIED
2026-08-13T13:56:08.115Z ERROR 1 --- [BasyxStarterApp] [nio-8090-exec-2] o.a.c.c.C.[.[.[/].[dispatcherServlet]    : Servlet.service() for servlet [dispatcherServlet] in context with path [] threw exception [Handler dispatch failed: java.lang.StackOverflowError] with root cause

java.lang.StackOverflowError: null
	at org.factoryx.library.connector.embedded.provider.service.deserializers.V_08_Deserializer.deserializeContractTerminationMessage(V_08_Deserializer.java:80) ~[dataspace-protocol-lib-mongodb-0.1.1.jar!/:0.1.1]
	at org.factoryx.library.connector.embedded.provider.service.deserializers.V_08_Deserializer.deserializeContractTerminationMessage(V_08_Deserializer.java:80) ~[dataspace-protocol-lib-mongodb-0.1.1.jar!/:0.1.1]
	at org.factoryx.library.connector.embedded.provider.service.deserializers.V_08_Deserializer.deserializeContractTerminationMessage(V_08_Deserializer.java:80) ~[dataspace-protocol-lib-mongodb-0.1.1.jar!/:0.1.1]
	at org.factoryx.library.connector.embedded.provider.service.deserializers.V_08_Deserializer.deserializeContractTerminationMessage(V_08_Deserializer.java:80) ~[dataspace-protocol-lib-mongodb-0.1.1.jar!/:0.1.1]
	at org.factoryx.library.connector.embedded.provider.service.deserializers.V_08_Deserializer.deserializeContractTerminationMessage(V_08_Deserializer.java:80) ~[dataspace-protocol-lib-mongodb-0.1.1.jar!/:0.1.1]
	at org.factoryx.library.connector.embedded.provider.service.deserializers.V_08_Deserializer.deserializeContractTerminationMessage(V_08_Deserializer.java:80) ~[dataspace-protocol-lib-mongodb-0.1.1.jar!/:0.1.1]
	at org.factoryx.library.connector.embedded.provider.service.deserializers.V_08_Deserializer.deserializeContractTerminationMessage(V_08_Deserializer.java:80) ~[dataspace-protocol-lib-mongodb-0.1.1.jar!/:0.1.1]
	at org.factoryx.library.connector.embedded.provider.service.deserializers.V_08_Deserializer.deserializeContractTerminationMessage(V_08_Deserializer.java:80) ~[dataspace-protocol-lib-mongodb-0.1.1.jar!/:0.1.1]
	at org.factoryx.library.connector.embedded.provider.service.deserializers.V_08_Deserializer.deserializeContractTerminationMessage(V_08_Deserializer.java:80) ~[dataspace-protocol-lib-mongodb-0.1.1.jar!/:0.1.1]
	at org.factoryx.library.connector.embedded.provider.service.deserializers.V_08_Deserializer.deserializeContractTerminationMessage(V_08_Deserializer.java:80) ~[dataspace-protocol-lib-mongodb-0.1.1.jar!/:0.1.1]
	at org.factoryx.library.connector.embedded.provider.service.deserializers.V_08_Deserializer.deserializeContractTerminationMessage(V_08_Deserializer.java:80) ~[dataspace-protocol-lib-mongodb-0.1.1.jar!/:0.1.1]
	at org.factoryx.library.connector.embedded.provider.service.deserializers.V_08_Deserializer.deserializeContractTerminationMessage(V_08_Deserializer.java:80) ~[dataspace-protocol-lib-mongodb-0.1.1.jar!/:0.1.1]
	at org.factoryx.library.connector.embedded.provider.service.deserializers.V_08_Deserializer.deserializeContractTerminationMessage(V_08_Deserializer.java:80) ~[dataspace-protocol-lib-mongodb-0.1.1.jar!/:0.1.1]
	at org.factoryx.library.connector.embedded.provider.service.deserializers.V_08_Deserializer.deserializeContractTerminationMessage(V_08_Deserializer.java:80) ~[dataspace-protocol-lib-mongodb-0.1.1.jar!/:0.1.1]
	at org.factoryx.library.connector.embedded.provider.service.deserializers.V_08_Deserializer.deserializeContractTerminationMessage(V_08_Deserializer.java:80) ~[dataspace-protocol-lib-mongodb-0.1.1.jar!/:0.1.1]
	at org.factoryx.library.connector.embedded.provider.service.deserializers.V_08_Deserializer.deserializeContractTerminationMessage(V_08_Deserializer.java:80) ~[dataspace-protocol-lib-mongodb-0.1.1.jar!/:0.1.1]
	at org.factoryx.library.connector.embedded.provider.service.deserializers.V_08_Deserializer.deserializeContractTerminationMessage(V_08_Deserializer.java:80) ~[dataspace-protocol-lib-mongodb-0.1.1.jar!/:0.1.1]
	at org.factoryx.library.connector.embedded.provider.service.deserializers.V_08_Deserializer.deserializeContractTerminationMessage(V_08_Deserializer.java:80) ~[dataspace-protocol-lib-mongodb-0.1.1.jar!/:0.1.1]
	at org.factoryx.library.connector.embedded.provider.service.deserializers.V_08_Deserializer.deserializeContractTerminationMessage(V_08_Deserializer.java:80) ~[dataspace-protocol-lib-mongodb-0.1.1.jar!/:0.1.1]
	at org.factoryx.library.connector.embedded.provider.service.deserializers.V_08_Deserializer.deserializeContractTerminationMessage(V_08_Deserializer.java:80) ~[dataspace-protocol-lib-mongodb-0.1.1.jar!/:0.1.1]
	at org.factoryx.library.connector.embedded.provider.service.deserializers.V_08_Deserializer.deserializeContractTerminationMessage(V_08_Deserializer.java:80) ~[dataspace-protocol-lib-mongodb-0.1.1.jar!/:0.1.1]
	at org.factoryx.library.connector.embedded.provider.service.deserializers.V_08_Deserializer.deserializeContractTerminationMessage(V_08_Deserializer.java:80) ~[dataspace-protocol-lib-mongodb-0.1.1.jar!/:0.1.1]
	at org.factoryx.library.connector.embedded.provider.service.deserializers.V_08_Deserializer.deserializeContractTerminationMessage(V_08_Deserializer.java:80) ~[dataspace-protocol-lib-mongodb-0.1.1.jar!/:0.1.1]
	at org.factoryx.library.connector.embedded.provider.service.deserializers.V_08_Deserializer.deserializeContractTerminationMessage(V_08_Deserializer.java:80) ~[dataspace-protocol-lib-mongodb-0.1.1.jar!/:0.1.1]
	at org.factoryx.library.connector.embedded.provider.service.deserializers.V_08_Deserializer.deserializeContractTerminationMessage(V_08_Deserializer.java:80) ~[dataspace-protocol-lib-mongodb-0.1.1.jar!/:0.1.1]
	at org.factoryx.library.connector.embedded.provider.service.deserializers.V_08_Deserializer.deserializeContractTerminationMessage(V_08_Deserializer.java:80) ~[dataspace-protocol-lib-mongodb-0.1.1.jar!/:0.1.1]
	at org.factoryx.library.connector.embedded.provider.service.deserializers.V_08_Deserializer.deserializeContractTerminationMessage(V_08_Deserializer.java:80) ~[dataspace-protocol-lib-mongodb-0.1.1.jar!/:0.1.1]
	at org.factoryx.library.connector.embedded.provider.service.deserializers.V_08_Deserializer.deserializeContractTerminationMessage(V_08_Deserializer.java:80) ~[dataspace-protocol-lib-mongodb-0.1.1.jar!/:0.1.1]
	at org.factoryx.library.connector.embedded.provider.service.deserializers.V_08_Deserializer.deserializeContractTerminationMessage(V_08_Deserializer.java:80) ~[dataspace-protocol-lib-mongodb-0.1.1.jar!/:0.1.1]
	at org.factoryx.library.connector.embedded.provider.service.deserializers.V_08_Deserializer.deserializeContractTerminationMessage(V_08_Deserializer.java:80) ~[dataspace-protocol-lib-mongodb-0.1.1.jar!/:0.1.1]
	at org.factoryx.library.connector.embedded.provider.service.deserializers.V_08_Deserializer.deserializeContractTerminationMessage(V_08_Deserializer.java:80) ~[dataspace-protocol-lib-mongodb-0.1.1.jar!/:0.1.1]
	at org.factoryx.library.connector.embedded.provider.service.deserializers.V_08_Deserializer.deserializeContractTerminationMessage(V_08_Deserializer.java:80) ~[dataspace-protocol-lib-mongodb-0.1.1.jar!/:0.1.1]
	at org.factoryx.library.connector.embedded.provider.service.deserializers.V_08_Deserializer.deserializeContractTerminationMessage(V_08_Deserializer.java:80) ~[dataspace-protocol-lib-mongodb-0.1.1.jar!/:0.1.1]
	at org.factoryx.library.connector.embedded.provider.service.deserializers.V_08_Deserializer.deserializeContractTerminationMessage(V_08_Deserializer.java:80) ~[dataspace-protocol-lib-mongodb-0.1.1.jar!/:0.1.1]
	at org.factoryx.library.connector.embedded.provider.service.deserializers.V_08_Deserializer.deserializeContractTerminationMessage(V_08_Deserializer.java:80) ~[dataspace-protocol-lib-mongodb-0.1.1.jar!/:0.1.1]
	at org.factoryx.library.connector.embedded.provider.service.deserializers.V_08_Deserializer.deserializeContractTerminationMessage(V_08_Deserializer.java:80) ~[dataspace-protocol-lib-mongodb-0.1.1.jar!/:0.1.1]
	at org.factoryx.library.connector.embedded.provider.service.deserializers.V_08_Deserializer.deserializeContractTerminationMessage(V_08_Deserializer.java:80) ~[dataspace-protocol-lib-mongodb-0.1.1.jar!/:0.1.1]
	at org.factoryx.library.connector.embedded.provider.service.deserializers.V_08_Deserializer.deserializeContractTerminationMessage(V_08_Deserializer.java:80) ~[dataspace-protocol-lib-mongodb-0.1.1.jar!/:0.1.1]
	at org.factoryx.library.connector.embedded.provider.service.deserializers.V_08_Deserializer.deserializeContractTerminationMessage(V_08_Deserializer.java:80) ~[dataspace-protocol-lib-mongodb-0.1.1.jar!/:0.1.1]
	at org.factoryx.library.connector.embedded.provider.service.deserializers.V_08_Deserializer.deserializeContractTerminationMessage(V_08_Deserializer.java:80) ~[dataspace-protocol-lib-mongodb-0.1.1.jar!/:0.1.1]
	at org.factoryx.library.connector.embedded.provider.service.deserializers.V_08_Deserializer.deserializeContractTerminationMessage(V_08_Deserializer.java:80) ~[dataspace-protocol-lib-mongodb-0.1.1.jar!/:0.1.1]
	at org.factoryx.library.connector.embedded.provider.service.deserializers.V_08_Deserializer.deserializeContractTerminationMessage(V_08_Deserializer.java:80) ~[dataspace-protocol-lib-mongodb-0.1.1.jar!/:0.1.1]
	at org.factoryx.library.connector.embedded.provider.service.deserializers.V_08_Deserializer.deserializeContractTerminationMessage(V_08_Deserializer.java:80) ~[dataspace-protocol-lib-mongodb-0.1.1.jar!/:0.1.1]
	at org.factoryx.library.connector.embedded.provider.service.deserializers.V_08_Deserializer.deserializeContractTerminationMessage(V_08_Deserializer.java:80) ~[dataspace-protocol-lib-mongodb-0.1.1.jar!/:0.1.1]
	at org.factoryx.library.connector.embedded.provider.service.deserializers.V_08_Deserializer.deserializeContractTerminationMessage(V_08_Deserializer.java:80) ~[dataspace-protocol-lib-mongodb-0.1.1.jar!/:0.1.1]
	at org.factoryx.library.connector.embedded.provider.service.deserializers.V_08_Deserializer.deserializeContractTerminationMessage(V_08_Deserializer.java:80) ~[dataspace-protocol-lib-mongodb-0.1.1.jar!/:0.1.1]
	at org.factoryx.library.connector.embedded.provider.service.deserializers.V_08_Deserializer.deserializeContractTerminationMessage(V_08_Deserializer.java:80) ~[dataspace-protocol-lib-mongodb-0.1.1.jar!/:0.1.1]
	at org.factoryx.library.connector.embedded.provider.service.deserializers.V_08_Deserializer.deserializeContractTerminationMessage(V_08_Deserializer.java:80) ~[dataspace-protocol-lib-mongodb-0.1.1.jar!/:0.1.1]
	at org.factoryx.library.connector.embedded.provider.service.deserializers.V_08_Deserializer.deserializeContractTerminationMessage(V_08_Deserializer.java:80) ~[dataspace-protocol-lib-mongodb-0.1.1.jar!/:0.1.1]
	at org.factoryx.library.connector.embedded.provider.service.deserializers.V_08_Deserializer.deserializeContractTerminationMessage(V_08_Deserializer.java:80) ~[dataspace-protocol-lib-mongodb-0.1.1.jar!/:0.1.1]
	at org.factoryx.library.connector.embedded.provider.service.deserializers.V_08_Deserializer.deserializeContractTerminationMessage(V_08_Deserializer.java:80) ~[dataspace-protocol-lib-mongodb-0.1.1.jar!/:0.1.1]
	at org.factoryx.library.connector.embedded.provider.service.deserializers.V_08_Deserializer.deserializeContractTerminationMessage(V_08_Deserializer.java:80) ~[dataspace-protocol-lib-mongodb-0.1.1.jar!/:0.1.1]
	at org.factoryx.library.connector.embedded.provider.service.deserializers.V_08_Deserializer.deserializeContractTerminationMessage(V_08_Deserializer.java:80) ~[dataspace-protocol-lib-mongodb-0.1.1.jar!/:0.1.1]
	at org.factoryx.library.connector.embedded.provider.service.deserializers.V_08_Deserializer.deserializeContractTerminationMessage(V_08_Deserializer.java:80) ~[dataspace-protocol-lib-mongodb-0.1.1.jar!/:0.1.1]
	at org.factoryx.library.connector.embedded.provider.service.deserializers.V_08_Deserializer.deserializeContractTerminationMessage(V_08_Deserializer.java:80) ~[dataspace-protocol-lib-mongodb-0.1.1.jar!/:0.1.1]
	at org.factoryx.library.connector.embedded.provider.service.deserializers.V_08_Deserializer.deserializeContractTerminationMessage(V_08_Deserializer.java:80) ~[dataspace-protocol-lib-mongodb-0.1.1.jar!/:0.1.1]
	at org.factoryx.library.connector.embedded.provider.service.deserializers.V_08_Deserializer.deserializeContractTerminationMessage(V_08_Deserializer.java:80) ~[dataspace-protocol-lib-mongodb-0.1.1.jar!/:0.1.1]
	at org.factoryx.library.connector.embedded.provider.service.deserializers.V_08_Deserializer.deserializeContractTerminationMessage(V_08_Deserializer.java:80) ~[dataspace-protocol-lib-mongodb-0.1.1.jar!/:0.1.1]
	at org.factoryx.library.connector.embedded.provider.service.deserializers.V_08_Deserializer.deserializeContractTerminationMessage(V_08_Deserializer.java:80) ~[dataspace-protocol-lib-mongodb-0.1.1.jar!/:0.1.1]
	at org.factoryx.library.connector.embedded.provider.service.deserializers.V_08_Deserializer.deserializeContractTerminationMessage(V_08_Deserializer.java:80) ~[dataspace-protocol-lib-mongodb-0.1.1.jar!/:0.1.1]
	at org.factoryx.library.connector.embedded.provider.service.deserializers.V_08_Deserializer.deserializeContractTerminationMessage(V_08_Deserializer.java:80) ~[dataspace-protocol-lib-mongodb-0.1.1.jar!/:0.1.1]
	at org.factoryx.library.connector.embedded.provider.service.deserializers.V_08_Deserializer.deserializeContractTerminationMessage(V_08_Deserializer.java:80) ~[dataspace-protocol-lib-mongodb-0.1.1.jar!/:0.1.1]
	at org.factoryx.library.connector.embedded.provider.service.deserializers.V_08_Deserializer.deserializeContractTerminationMessage(V_08_Deserializer.java:80) ~[dataspace-protocol-lib-mongodb-0.1.1.jar!/:0.1.1]
	at org.factoryx.library.connector.embedded.provider.service.deserializers.V_08_Deserializer.deserializeContractTerminationMessage(V_08_Deserializer.java:80) ~[dataspace-protocol-lib-mongodb-0.1.1.jar!/:0.1.1]
	at org.factoryx.library.connector.embedded.provider.service.deserializers.V_08_Deserializer.deserializeContractTerminationMessage(V_08_Deserializer.java:80) ~[dataspace-protocol-lib-mongodb-0.1.1.jar!/:0.1.1]
	at org.factoryx.library.connector.embedded.provider.service.deserializers.V_08_Deserializer.deserializeContractTerminationMessage(V_08_Deserializer.java:80) ~[dataspace-protocol-lib-mongodb-0.1.1.jar!/:0.1.1]
	at org.factoryx.library.connector.embedded.provider.service.deserializers.V_08_Deserializer.deserializeContractTerminationMessage(V_08_Deserializer.java:80) ~[dataspace-protocol-lib-mongodb-0.1.1.jar!/:0.1.1]
	at org.factoryx.library.connector.embedded.provider.service.deserializers.V_08_Deserializer.deserializeContractTerminationMessage(V_08_Deserializer.java:80) ~[dataspace-protocol-lib-mongodb-0.1.1.jar!/:0.1.1]
	at org.factoryx.library.connector.embedded.provider.service.deserializers.V_08_Deserializer.deserializeContractTerminationMessage(V_08_Deserializer.java:80) ~[dataspace-protocol-lib-mongodb-0.1.1.jar!/:0.1.1]
	at org.factoryx.library.connector.embedded.provider.service.deserializers.V_08_Deserializer.deserializeContractTerminationMessage(V_08_Deserializer.java:80) ~[dataspace-protocol-lib-mongodb-0.1.1.jar!/:0.1.1]
	at org.factoryx.library.connector.embedded.provider.service.deserializers.V_08_Deserializer.deserializeContractTerminationMessage(V_08_Deserializer.java:80) ~[dataspace-protocol-lib-mongodb-0.1.1.jar!/:0.1.1]
	at org.factoryx.library.connector.embedded.provider.service.deserializers.V_08_Deserializer.deserializeContractTerminationMessage(V_08_Deserializer.java:80) ~[dataspace-protocol-lib-mongodb-0.1.1.jar!/:0.1.1]
	at org.factoryx.library.connector.embedded.provider.service.deserializers.V_08_Deserializer.deserializeContractTerminationMessage(V_08_Deserializer.java:80) ~[dataspace-protocol-lib-mongodb-0.1.1.jar!/:0.1.1]
	at org.factoryx.library.connector.embedded.provider.service.deserializers.V_08_Deserializer.deserializeContractTerminationMessage(V_08_Deserializer.java:80) ~[dataspace-protocol-lib-mongodb-0.1.1.jar!/:0.1.1]
	at org.factoryx.library.connector.embedded.provider.service.deserializers.V_08_Deserializer.deserializeContractTerminationMessage(V_08_Deserializer.java:80) ~[dataspace-protocol-lib-mongodb-0.1.1.jar!/:0.1.1]
	at org.factoryx.library.connector.embedded.provider.service.deserializers.V_08_Deserializer.deserializeContractTerminationMessage(V_08_Deserializer.java:80) ~[dataspace-protocol-lib-mongodb-0.1.1.jar!/:0.1.1]
	at org.factoryx.library.connector.embedded.provider.service.deserializers.V_08_Deserializer.deserializeContractTerminationMessage(V_08_Deserializer.java:80) ~[dataspace-protocol-lib-mongodb-0.1.1.jar!/:0.1.1]
	at org.factoryx.library.connector.embedded.provider.service.deserializers.V_08_Deserializer.deserializeContractTerminationMessage(V_08_Deserializer.java:80) ~[dataspace-protocol-lib-mongodb-0.1.1.jar!/:0.1.1]
	at org.factoryx.library.connector.embedded.provider.service.deserializers.V_08_Deserializer.deserializeContractTerminationMessage(V_08_Deserializer.java:80) ~[dataspace-protocol-lib-mongodb-0.1.1.jar!/:0.1.1]
	at org.factoryx.library.connector.embedded.provider.service.deserializers.V_08_Deserializer.deserializeContractTerminationMessage(V_08_Deserializer.java:80) ~[dataspace-protocol-lib-mongodb-0.1.1.jar!/:0.1.1]
	at org.factoryx.library.connector.embedded.provider.service.deserializers.V_08_Deserializer.deserializeContractTerminationMessage(V_08_Deserializer.java:80) ~[dataspace-protocol-lib-mongodb-0.1.1.jar!/:0.1.1]
	at org.factoryx.library.connector.embedded.provider.service.deserializers.V_08_Deserializer.deserializeContractTerminationMessage(V_08_Deserializer.java:80) ~[dataspace-protocol-lib-mongodb-0.1.1.jar!/:0.1.1]
	at org.factoryx.library.connector.embedded.provider.service.deserializers.V_08_Deserializer.deserializeContractTerminationMessage(V_08_Deserializer.java:80) ~[dataspace-protocol-lib-mongodb-0.1.1.jar!/:0.1.1]
	at org.factoryx.library.connector.embedded.provider.service.deserializers.V_08_Deserializer.deserializeContractTerminationMessage(V_08_Deserializer.java:80) ~[dataspace-protocol-lib-mongodb-0.1.1.jar!/:0.1.1]
	at org.factoryx.library.connector.embedded.provider.service.deserializers.V_08_Deserializer.deserializeContractTerminationMessage(V_08_Deserializer.java:80) ~[dataspace-protocol-lib-mongodb-0.1.1.jar!/:0.1.1]
	at org.factoryx.library.connector.embedded.provider.service.deserializers.V_08_Deserializer.deserializeContractTerminationMessage(V_08_Deserializer.java:80) ~[dataspace-protocol-lib-mongodb-0.1.1.jar!/:0.1.1]
	at org.factoryx.library.connector.embedded.provider.service.deserializers.V_08_Deserializer.deserializeContractTerminationMessage(V_08_Deserializer.java:80) ~[dataspace-protocol-lib-mongodb-0.1.1.jar!/:0.1.1]
	at org.factoryx.library.connector.embedded.provider.service.deserializers.V_08_Deserializer.deserializeContractTerminationMessage(V_08_Deserializer.java:80) ~[dataspace-protocol-lib-mongodb-0.1.1.jar!/:0.1.1]
	at org.factoryx.library.connector.embedded.provider.service.deserializers.V_08_Deserializer.deserializeContractTerminationMessage(V_08_Deserializer.java:80) ~[dataspace-protocol-lib-mongodb-0.1.1.jar!/:0.1.1]
	at org.factoryx.library.connector.embedded.provider.service.deserializers.V_08_Deserializer.deserializeContractTerminationMessage(V_08_Deserializer.java:80) ~[dataspace-protocol-lib-mongodb-0.1.1.jar!/:0.1.1]
	at org.factoryx.library.connector.embedded.provider.service.deserializers.V_08_Deserializer.deserializeContractTerminationMessage(V_08_Deserializer.java:80) ~[dataspace-protocol-lib-mongodb-0.1.1.jar!/:0.1.1]
	at org.factoryx.library.connector.embedded.provider.service.deserializers.V_08_Deserializer.deserializeContractTerminationMessage(V_08_Deserializer.java:80) ~[dataspace-protocol-lib-mongodb-0.1.1.jar!/:0.1.1]
	at org.factoryx.library.connector.embedded.provider.service.deserializers.V_08_Deserializer.deserializeContractTerminationMessage(V_08_Deserializer.java:80) ~[dataspace-protocol-lib-mongodb-0.1.1.jar!/:0.1.1]
	at org.factoryx.library.connector.embedded.provider.service.deserializers.V_08_Deserializer.deserializeContractTerminationMessage(V_08_Deserializer.java:80) ~[dataspace-protocol-lib-mongodb-0.1.1.jar!/:0.1.1]
	at org.factoryx.library.connector.embedded.provider.service.deserializers.V_08_Deserializer.deserializeContractTerminationMessage(V_08_Deserializer.java:80) ~[dataspace-protocol-lib-mongodb-0.1.1.jar!/:0.1.1]
	at org.factoryx.library.connector.embedded.provider.service.deserializers.V_08_Deserializer.deserializeContractTerminationMessage(V_08_Deserializer.java:80) ~[dataspace-protocol-lib-mongodb-0.1.1.jar!/:0.1.1]
	at org.factoryx.library.connector.embedded.provider.service.deserializers.V_08_Deserializer.deserializeContractTerminationMessage(V_08_Deserializer.java:80) ~[dataspace-protocol-lib-mongodb-0.1.1.jar!/:0.1.1]
	at org.factoryx.library.connector.embedded.provider.service.deserializers.V_08_Deserializer.deserializeContractTerminationMessage(V_08_Deserializer.java:80) ~[dataspace-protocol-lib-mongodb-0.1.1.jar!/:0.1.1]
	at org.factoryx.library.connector.embedded.provider.service.deserializers.V_08_Deserializer.deserializeContractTerminationMessage(V_08_Deserializer.java:80) ~[dataspace-protocol-lib-mongodb-0.1.1.jar!/:0.1.1]
	at org.factoryx.library.connector.embedded.provider.service.deserializers.V_08_Deserializer.deserializeContractTerminationMessage(V_08_Deserializer.java:80) ~[dataspace-protocol-lib-mongodb-0.1.1.jar!/:0.1.1]
	at org.factoryx.library.connector.embedded.provider.service.deserializers.V_08_Deserializer.deserializeContractTerminationMessage(V_08_Deserializer.java:80) ~[dataspace-protocol-lib-mongodb-0.1.1.jar!/:0.1.1]
	at org.factoryx.library.connector.embedded.provider.service.deserializers.V_08_Deserializer.deserializeContractTerminationMessage(V_08_Deserializer.java:80) ~[dataspace-protocol-lib-mongodb-0.1.1.jar!/:0.1.1]
	at org.factoryx.library.connector.embedded.provider.service.deserializers.V_08_Deserializer.deserializeContractTerminationMessage(V_08_Deserializer.java:80) ~[dataspace-protocol-lib-mongodb-0.1.1.jar!/:0.1.1]
	at org.factoryx.library.connector.embedded.provider.service.deserializers.V_08_Deserializer.deserializeContractTerminationMessage(V_08_Deserializer.java:80) ~[dataspace-protocol-lib-mongodb-0.1.1.jar!/:0.1.1]
	at org.factoryx.library.connector.embedded.provider.service.deserializers.V_08_Deserializer.deserializeContractTerminationMessage(V_08_Deserializer.java:80) ~[dataspace-protocol-lib-mongodb-0.1.1.jar!/:0.1.1]
	at org.factoryx.library.connector.embedded.provider.service.deserializers.V_08_Deserializer.deserializeContractTerminationMessage(V_08_Deserializer.java:80) ~[dataspace-protocol-lib-mongodb-0.1.1.jar!/:0.1.1]
	at org.factoryx.library.connector.embedded.provider.service.deserializers.V_08_Deserializer.deserializeContractTerminationMessage(V_08_Deserializer.java:80) ~[dataspace-protocol-lib-mongodb-0.1.1.jar!/:0.1.1]
	at org.factoryx.library.connector.embedded.provider.service.deserializers.V_08_Deserializer.deserializeContractTerminationMessage(V_08_Deserializer.java:80) ~[dataspace-protocol-lib-mongodb-0.1.1.jar!/:0.1.1]
	at org.factoryx.library.connector.embedded.provider.service.deserializers.V_08_Deserializer.deserializeContractTerminationMessage(V_08_Deserializer.java:80) ~[dataspace-protocol-lib-mongodb-0.1.1.jar!/:0.1.1]
	at org.factoryx.library.connector.embedded.provider.service.deserializers.V_08_Deserializer.deserializeContractTerminationMessage(V_08_Deserializer.java:80) ~[dataspace-protocol-lib-mongodb-0.1.1.jar!/:0.1.1]
	at org.factoryx.library.connector.embedded.provider.service.deserializers.V_08_Deserializer.deserializeContractTerminationMessage(V_08_Deserializer.java:80) ~[dataspace-protocol-lib-mongodb-0.1.1.jar!/:0.1.1]
	at org.factoryx.library.connector.embedded.provider.service.deserializers.V_08_Deserializer.deserializeContractTerminationMessage(V_08_Deserializer.java:80) ~[dataspace-protocol-lib-mongodb-0.1.1.jar!/:0.1.1]
	at org.factoryx.library.connector.embedded.provider.service.deserializers.V_08_Deserializer.deserializeContractTerminationMessage(V_08_Deserializer.java:80) ~[dataspace-protocol-lib-mongodb-0.1.1.jar!/:0.1.1]
	at org.factoryx.library.connector.embedded.provider.service.deserializers.V_08_Deserializer.deserializeContractTerminationMessage(V_08_Deserializer.java:80) ~[dataspace-protocol-lib-mongodb-0.1.1.jar!/:0.1.1]
	at org.factoryx.library.connector.embedded.provider.service.deserializers.V_08_Deserializer.deserializeContractTerminationMessage(V_08_Deserializer.java:80) ~[dataspace-protocol-lib-mongodb-0.1.1.jar!/:0.1.1]
	at org.factoryx.library.connector.embedded.provider.service.deserializers.V_08_Deserializer.deserializeContractTerminationMessage(V_08_Deserializer.java:80) ~[dataspace-protocol-lib-mongodb-0.1.1.jar!/:0.1.1]
	at org.factoryx.library.connector.embedded.provider.service.deserializers.V_08_Deserializer.deserializeContractTerminationMessage(V_08_Deserializer.java:80) ~[dataspace-protocol-lib-mongodb-0.1.1.jar!/:0.1.1]
	at org.factoryx.library.connector.embedded.provider.service.deserializers.V_08_Deserializer.deserializeContractTerminationMessage(V_08_Deserializer.java:80) ~[dataspace-protocol-lib-mongodb-0.1.1.jar!/:0.1.1]
	at org.factoryx.library.connector.embedded.provider.service.deserializers.V_08_Deserializer.deserializeContractTerminationMessage(V_08_Deserializer.java:80) ~[dataspace-protocol-lib-mongodb-0.1.1.jar!/:0.1.1]
	at org.factoryx.library.connector.embedded.provider.service.deserializers.V_08_Deserializer.deserializeContractTerminationMessage(V_08_Deserializer.java:80) ~[dataspace-protocol-lib-mongodb-0.1.1.jar!/:0.1.1]
	at org.factoryx.library.connector.embedded.provider.service.deserializers.V_08_Deserializer.deserializeContractTerminationMessage(V_08_Deserializer.java:80) ~[dataspace-protocol-lib-mongodb-0.1.1.jar!/:0.1.1]
	at org.factoryx.library.connector.embedded.provider.service.deserializers.V_08_Deserializer.deserializeContractTerminationMessage(V_08_Deserializer.java:80) ~[dataspace-protocol-lib-mongodb-0.1.1.jar!/:0.1.1]
	at org.factoryx.library.connector.embedded.provider.service.deserializers.V_08_Deserializer.deserializeContractTerminationMessage(V_08_Deserializer.java:80) ~[dataspace-protocol-lib-mongodb-0.1.1.jar!/:0.1.1]
	at org.factoryx.library.connector.embedded.provider.service.deserializers.V_08_Deserializer.deserializeContractTerminationMessage(V_08_Deserializer.java:80) ~[dataspace-protocol-lib-mongodb-0.1.1.jar!/:0.1.1]
	at org.factoryx.library.connector.embedded.provider.service.deserializers.V_08_Deserializer.deserializeContractTerminationMessage(V_08_Deserializer.java:80) ~[dataspace-protocol-lib-mongodb-0.1.1.jar!/:0.1.1]
	at org.factoryx.library.connector.embedded.provider.service.deserializers.V_08_Deserializer.deserializeContractTerminationMessage(V_08_Deserializer.java:80) ~[dataspace-protocol-lib-mongodb-0.1.1.jar!/:0.1.1]
	at org.factoryx.library.connector.embedded.provider.service.deserializers.V_08_Deserializer.deserializeContractTerminationMessage(V_08_Deserializer.java:80) ~[dataspace-protocol-lib-mongodb-0.1.1.jar!/:0.1.1]
	at org.factoryx.library.connector.embedded.provider.service.deserializers.V_08_Deserializer.deserializeContractTerminationMessage(V_08_Deserializer.java:80) ~[dataspace-protocol-lib-mongodb-0.1.1.jar!/:0.1.1]
	at org.factoryx.library.connector.embedded.provider.service.deserializers.V_08_Deserializer.deserializeContractTerminationMessage(V_08_Deserializer.java:80) ~[dataspace-protocol-lib-mongodb-0.1.1.jar!/:0.1.1]
	at org.factoryx.library.connector.embedded.provider.service.deserializers.V_08_Deserializer.deserializeContractTerminationMessage(V_08_Deserializer.java:80) ~[dataspace-protocol-lib-mongodb-0.1.1.jar!/:0.1.1]
	at org.factoryx.library.connector.embedded.provider.service.deserializers.V_08_Deserializer.deserializeContractTerminationMessage(V_08_Deserializer.java:80) ~[dataspace-protocol-lib-mongodb-0.1.1.jar!/:0.1.1]
	at org.factoryx.library.connector.embedded.provider.service.deserializers.V_08_Deserializer.deserializeContractTerminationMessage(V_08_Deserializer.java:80) ~[dataspace-protocol-lib-mongodb-0.1.1.jar!/:0.1.1]
	at org.factoryx.library.connector.embedded.provider.service.deserializers.V_08_Deserializer.deserializeContractTerminationMessage(V_08_Deserializer.java:80) ~[dataspace-protocol-lib-mongodb-0.1.1.jar!/:0.1.1]
	at org.factoryx.library.connector.embedded.provider.service.deserializers.V_08_Deserializer.deserializeContractTerminationMessage(V_08_Deserializer.java:80) ~[dataspace-protocol-lib-mongodb-0.1.1.jar!/:0.1.1]
	at org.factoryx.library.connector.embedded.provider.service.deserializers.V_08_Deserializer.deserializeContractTerminationMessage(V_08_Deserializer.java:80) ~[dataspace-protocol-lib-mongodb-0.1.1.jar!/:0.1.1]
	at org.factoryx.library.connector.embedded.provider.service.deserializers.V_08_Deserializer.deserializeContractTerminationMessage(V_08_Deserializer.java:80) ~[dataspace-protocol-lib-mongodb-0.1.1.jar!/:0.1.1]
	at org.factoryx.library.connector.embedded.provider.service.deserializers.V_08_Deserializer.deserializeContractTerminationMessage(V_08_Deserializer.java:80) ~[dataspace-protocol-lib-mongodb-0.1.1.jar!/:0.1.1]
	at org.factoryx.library.connector.embedded.provider.service.deserializers.V_08_Deserializer.deserializeContractTerminationMessage(V_08_Deserializer.java:80) ~[dataspace-protocol-lib-mongodb-0.1.1.jar!/:0.1.1]
	at org.factoryx.library.connector.embedded.provider.service.deserializers.V_08_Deserializer.deserializeContractTerminationMessage(V_08_Deserializer.java:80) ~[dataspace-protocol-lib-mongodb-0.1.1.jar!/:0.1.1]
	at org.factoryx.library.connector.embedded.provider.service.deserializers.V_08_Deserializer.deserializeContractTerminationMessage(V_08_Deserializer.java:80) ~[dataspace-protocol-lib-mongodb-0.1.1.jar!/:0.1.1]
	at org.factoryx.library.connector.embedded.provider.service.deserializers.V_08_Deserializer.deserializeContractTerminationMessage(V_08_Deserializer.java:80) ~[dataspace-protocol-lib-mongodb-0.1.1.jar!/:0.1.1]
	at org.factoryx.library.connector.embedded.provider.service.deserializers.V_08_Deserializer.deserializeContractTerminationMessage(V_08_Deserializer.java:80) ~[dataspace-protocol-lib-mongodb-0.1.1.jar!/:0.1.1]
	at org.factoryx.library.connector.embedded.provider.service.deserializers.V_08_Deserializer.deserializeContractTerminationMessage(V_08_Deserializer.java:80) ~[dataspace-protocol-lib-mongodb-0.1.1.jar!/:0.1.1]
	at org.factoryx.library.connector.embedded.provider.service.deserializers.V_08_Deserializer.deserializeContractTerminationMessage(V_08_Deserializer.java:80) ~[dataspace-protocol-lib-mongodb-0.1.1.jar!/:0.1.1]
	at org.factoryx.library.connector.embedded.provider.service.deserializers.V_08_Deserializer.deserializeContractTerminationMessage(V_08_Deserializer.java:80) ~[dataspace-protocol-lib-mongodb-0.1.1.jar!/:0.1.1]
	at org.factoryx.library.connector.embedded.provider.service.deserializers.V_08_Deserializer.deserializeContractTerminationMessage(V_08_Deserializer.java:80) ~[dataspace-protocol-lib-mongodb-0.1.1.jar!/:0.1.1]
	at org.factoryx.library.connector.embedded.provider.service.deserializers.V_08_Deserializer.deserializeContractTerminationMessage(V_08_Deserializer.java:80) ~[dataspace-protocol-lib-mongodb-0.1.1.jar!/:0.1.1]
	at org.factoryx.library.connector.embedded.provider.service.deserializers.V_08_Deserializer.deserializeContractTerminationMessage(V_08_Deserializer.java:80) ~[dataspace-protocol-lib-mongodb-0.1.1.jar!/:0.1.1]
	at org.factoryx.library.connector.embedded.provider.service.deserializers.V_08_Deserializer.deserializeContractTerminationMessage(V_08_Deserializer.java:80) ~[dataspace-protocol-lib-mongodb-0.1.1.jar!/:0.1.1]
	at org.factoryx.library.connector.embedded.provider.service.deserializers.V_08_Deserializer.deserializeContractTerminationMessage(V_08_Deserializer.java:80) ~[dataspace-protocol-lib-mongodb-0.1.1.jar!/:0.1.1]
	at org.factoryx.library.connector.embedded.provider.service.deserializers.V_08_Deserializer.deserializeContractTerminationMessage(V_08_Deserializer.java:80) ~[dataspace-protocol-lib-mongodb-0.1.1.jar!/:0.1.1]
	at org.factoryx.library.connector.embedded.provider.service.deserializers.V_08_Deserializer.deserializeContractTerminationMessage(V_08_Deserializer.java:80) ~[dataspace-protocol-lib-mongodb-0.1.1.jar!/:0.1.1]
	at org.factoryx.library.connector.embedded.provider.service.deserializers.V_08_Deserializer.deserializeContractTerminationMessage(V_08_Deserializer.java:80) ~[dataspace-protocol-lib-mongodb-0.1.1.jar!/:0.1.1]
	at org.factoryx.library.connector.embedded.provider.service.deserializers.V_08_Deserializer.deserializeContractTerminationMessage(V_08_Deserializer.java:80) ~[dataspace-protocol-lib-mongodb-0.1.1.jar!/:0.1.1]
	at org.factoryx.library.connector.embedded.provider.service.deserializers.V_08_Deserializer.deserializeContractTerminationMessage(V_08_Deserializer.java:80) ~[dataspace-protocol-lib-mongodb-0.1.1.jar!/:0.1.1]
	at org.factoryx.library.connector.embedded.provider.service.deserializers.V_08_Deserializer.deserializeContractTerminationMessage(V_08_Deserializer.java:80) ~[dataspace-protocol-lib-mongodb-0.1.1.jar!/:0.1.1]
	at org.factoryx.library.connector.embedded.provider.service.deserializers.V_08_Deserializer.deserializeContractTerminationMessage(V_08_Deserializer.java:80) ~[dataspace-protocol-lib-mongodb-0.1.1.jar!/:0.1.1]
	at org.factoryx.library.connector.embedded.provider.service.deserializers.V_08_Deserializer.deserializeContractTerminationMessage(V_08_Deserializer.java:80) ~[dataspace-protocol-lib-mongodb-0.1.1.jar!/:0.1.1]
	at org.factoryx.library.connector.embedded.provider.service.deserializers.V_08_Deserializer.deserializeContractTerminationMessage(V_08_Deserializer.java:80) ~[dataspace-protocol-lib-mongodb-0.1.1.jar!/:0.1.1]
	at org.factoryx.library.connector.embedded.provider.service.deserializers.V_08_Deserializer.deserializeContractTerminationMessage(V_08_Deserializer.java:80) ~[dataspace-protocol-lib-mongodb-0.1.1.jar!/:0.1.1]
	at org.factoryx.library.connector.embedded.provider.service.deserializers.V_08_Deserializer.deserializeContractTerminationMessage(V_08_Deserializer.java:80) ~[dataspace-protocol-lib-mongodb-0.1.1.jar!/:0.1.1]
	at org.factoryx.library.connector.embedded.provider.service.deserializers.V_08_Deserializer.deserializeContractTerminationMessage(V_08_Deserializer.java:80) ~[dataspace-protocol-lib-mongodb-0.1.1.jar!/:0.1.1]
	at org.factoryx.library.connector.embedded.provider.service.deserializers.V_08_Deserializer.deserializeContractTerminationMessage(V_08_Deserializer.java:80) ~[dataspace-protocol-lib-mongodb-0.1.1.jar!/:0.1.1]
	at org.factoryx.library.connector.embedded.provider.service.deserializers.V_08_Deserializer.deserializeContractTerminationMessage(V_08_Deserializer.java:80) ~[dataspace-protocol-lib-mongodb-0.1.1.jar!/:0.1.1]
	at org.factoryx.library.connector.embedded.provider.service.deserializers.V_08_Deserializer.deserializeContractTerminationMessage(V_08_Deserializer.java:80) ~[dataspace-protocol-lib-mongodb-0.1.1.jar!/:0.1.1]
	at org.factoryx.library.connector.embedded.provider.service.deserializers.V_08_Deserializer.deserializeContractTerminationMessage(V_08_Deserializer.java:80) ~[dataspace-protocol-lib-mongodb-0.1.1.jar!/:0.1.1]
	at org.factoryx.library.connector.embedded.provider.service.deserializers.V_08_Deserializer.deserializeContractTerminationMessage(V_08_Deserializer.java:80) ~[dataspace-protocol-lib-mongodb-0.1.1.jar!/:0.1.1]
	at org.factoryx.library.connector.embedded.provider.service.deserializers.V_08_Deserializer.deserializeContractTerminationMessage(V_08_Deserializer.java:80) ~[dataspace-protocol-lib-mongodb-0.1.1.jar!/:0.1.1]
	at org.factoryx.library.connector.embedded.provider.service.deserializers.V_08_Deserializer.deserializeContractTerminationMessage(V_08_Deserializer.java:80) ~[dataspace-protocol-lib-mongodb-0.1.1.jar!/:0.1.1]
	at org.factoryx.library.connector.embedded.provider.service.deserializers.V_08_Deserializer.deserializeContractTerminationMessage(V_08_Deserializer.java:80) ~[dataspace-protocol-lib-mongodb-0.1.1.jar!/:0.1.1]
	at org.factoryx.library.connector.embedded.provider.service.deserializers.V_08_Deserializer.deserializeContractTerminationMessage(V_08_Deserializer.java:80) ~[dataspace-protocol-lib-mongodb-0.1.1.jar!/:0.1.1]
	at org.factoryx.library.connector.embedded.provider.service.deserializers.V_08_Deserializer.deserializeContractTerminationMessage(V_08_Deserializer.java:80) ~[dataspace-protocol-lib-mongodb-0.1.1.jar!/:0.1.1]
	at org.factoryx.library.connector.embedded.provider.service.deserializers.V_08_Deserializer.deserializeContractTerminationMessage(V_08_Deserializer.java:80) ~[dataspace-protocol-lib-mongodb-0.1.1.jar!/:0.1.1]
	at org.factoryx.library.connector.embedded.provider.service.deserializers.V_08_Deserializer.deserializeContractTerminationMessage(V_08_Deserializer.java:80) ~[dataspace-protocol-lib-mongodb-0.1.1.jar!/:0.1.1]
	at org.factoryx.library.connector.embedded.provider.service.deserializers.V_08_Deserializer.deserializeContractTerminationMessage(V_08_Deserializer.java:80) ~[dataspace-protocol-lib-mongodb-0.1.1.jar!/:0.1.1]
	at org.factoryx.library.connector.embedded.provider.service.deserializers.V_08_Deserializer.deserializeContractTerminationMessage(V_08_Deserializer.java:80) ~[dataspace-protocol-lib-mongodb-0.1.1.jar!/:0.1.1]
	at org.factoryx.library.connector.embedded.provider.service.deserializers.V_08_Deserializer.deserializeContractTerminationMessage(V_08_Deserializer.java:80) ~[dataspace-protocol-lib-mongodb-0.1.1.jar!/:0.1.1]
	at org.factoryx.library.connector.embedded.provider.service.deserializers.V_08_Deserializer.deserializeContractTerminationMessage(V_08_Deserializer.java:80) ~[dataspace-protocol-lib-mongodb-0.1.1.jar!/:0.1.1]
	at org.factoryx.library.connector.embedded.provider.service.deserializers.V_08_Deserializer.deserializeContractTerminationMessage(V_08_Deserializer.java:80) ~[dataspace-protocol-lib-mongodb-0.1.1.jar!/:0.1.1]
	at org.factoryx.library.connector.embedded.provider.service.deserializers.V_08_Deserializer.deserializeContractTerminationMessage(V_08_Deserializer.java:80) ~[dataspace-protocol-lib-mongodb-0.1.1.jar!/:0.1.1]
	at org.factoryx.library.connector.embedded.provider.service.deserializers.V_08_Deserializer.deserializeContractTerminationMessage(V_08_Deserializer.java:80) ~[dataspace-protocol-lib-mongodb-0.1.1.jar!/:0.1.1]
	at org.factoryx.library.connector.embedded.provider.service.deserializers.V_08_Deserializer.deserializeContractTerminationMessage(V_08_Deserializer.java:80) ~[dataspace-protocol-lib-mongodb-0.1.1.jar!/:0.1.1]
	at org.factoryx.library.connector.embedded.provider.service.deserializers.V_08_Deserializer.deserializeContractTerminationMessage(V_08_Deserializer.java:80) ~[dataspace-protocol-lib-mongodb-0.1.1.jar!/:0.1.1]
	at org.factoryx.library.connector.embedded.provider.service.deserializers.V_08_Deserializer.deserializeContractTerminationMessage(V_08_Deserializer.java:80) ~[dataspace-protocol-lib-mongodb-0.1.1.jar!/:0.1.1]
	at org.factoryx.library.connector.embedded.provider.service.deserializers.V_08_Deserializer.deserializeContractTerminationMessage(V_08_Deserializer.java:80) ~[dataspace-protocol-lib-mongodb-0.1.1.jar!/:0.1.1]
	at org.factoryx.library.connector.embedded.provider.service.deserializers.V_08_Deserializer.deserializeContractTerminationMessage(V_08_Deserializer.java:80) ~[dataspace-protocol-lib-mongodb-0.1.1.jar!/:0.1.1]
	at org.factoryx.library.connector.embedded.provider.service.deserializers.V_08_Deserializer.deserializeContractTerminationMessage(V_08_Deserializer.java:80) ~[dataspace-protocol-lib-mongodb-0.1.1.jar!/:0.1.1]
	at org.factoryx.library.connector.embedded.provider.service.deserializers.V_08_Deserializer.deserializeContractTerminationMessage(V_08_Deserializer.java:80) ~[dataspace-protocol-lib-mongodb-0.1.1.jar!/:0.1.1]
	at org.factoryx.library.connector.embedded.provider.service.deserializers.V_08_Deserializer.deserializeContractTerminationMessage(V_08_Deserializer.java:80) ~[dataspace-protocol-lib-mongodb-0.1.1.jar!/:0.1.1]
	at org.factoryx.library.connector.embedded.provider.service.deserializers.V_08_Deserializer.deserializeContractTerminationMessage(V_08_Deserializer.java:80) ~[dataspace-protocol-lib-mongodb-0.1.1.jar!/:0.1.1]
	at org.factoryx.library.connector.embedded.provider.service.deserializers.V_08_Deserializer.deserializeContractTerminationMessage(V_08_Deserializer.java:80) ~[dataspace-protocol-lib-mongodb-0.1.1.jar!/:0.1.1]
	at org.factoryx.library.connector.embedded.provider.service.deserializers.V_08_Deserializer.deserializeContractTerminationMessage(V_08_Deserializer.java:80) ~[dataspace-protocol-lib-mongodb-0.1.1.jar!/:0.1.1]
	at org.factoryx.library.connector.embedded.provider.service.deserializers.V_08_Deserializer.deserializeContractTerminationMessage(V_08_Deserializer.java:80) ~[dataspace-protocol-lib-mongodb-0.1.1.jar!/:0.1.1]
	at org.factoryx.library.connector.embedded.provider.service.deserializers.V_08_Deserializer.deserializeContractTerminationMessage(V_08_Deserializer.java:80) ~[dataspace-protocol-lib-mongodb-0.1.1.jar!/:0.1.1]
	at org.factoryx.library.connector.embedded.provider.service.deserializers.V_08_Deserializer.deserializeContractTerminationMessage(V_08_Deserializer.java:80) ~[dataspace-protocol-lib-mongodb-0.1.1.jar!/:0.1.1]
	at org.factoryx.library.connector.embedded.provider.service.deserializers.V_08_Deserializer.deserializeContractTerminationMessage(V_08_Deserializer.java:80) ~[dataspace-protocol-lib-mongodb-0.1.1.jar!/:0.1.1]
	at org.factoryx.library.connector.embedded.provider.service.deserializers.V_08_Deserializer.deserializeContractTerminationMessage(V_08_Deserializer.java:80) ~[dataspace-protocol-lib-mongodb-0.1.1.jar!/:0.1.1]
	at org.factoryx.library.connector.embedded.provider.service.deserializers.V_08_Deserializer.deserializeContractTerminationMessage(V_08_Deserializer.java:80) ~[dataspace-protocol-lib-mongodb-0.1.1.jar!/:0.1.1]
	at org.factoryx.library.connector.embedded.provider.service.deserializers.V_08_Deserializer.deserializeContractTerminationMessage(V_08_Deserializer.java:80) ~[dataspace-protocol-lib-mongodb-0.1.1.jar!/:0.1.1]
	at org.factoryx.library.connector.embedded.provider.service.deserializers.V_08_Deserializer.deserializeContractTerminationMessage(V_08_Deserializer.java:80) ~[dataspace-protocol-lib-mongodb-0.1.1.jar!/:0.1.1]
	at org.factoryx.library.connector.embedded.provider.service.deserializers.V_08_Deserializer.deserializeContractTerminationMessage(V_08_Deserializer.java:80) ~[dataspace-protocol-lib-mongodb-0.1.1.jar!/:0.1.1]
	at org.factoryx.library.connector.embedded.provider.service.deserializers.V_08_Deserializer.deserializeContractTerminationMessage(V_08_Deserializer.java:80) ~[dataspace-protocol-lib-mongodb-0.1.1.jar!/:0.1.1]
	at org.factoryx.library.connector.embedded.provider.service.deserializers.V_08_Deserializer.deserializeContractTerminationMessage(V_08_Deserializer.java:80) ~[dataspace-protocol-lib-mongodb-0.1.1.jar!/:0.1.1]
	at org.factoryx.library.connector.embedded.provider.service.deserializers.V_08_Deserializer.deserializeContractTerminationMessage(V_08_Deserializer.java:80) ~[dataspace-protocol-lib-mongodb-0.1.1.jar!/:0.1.1]
	at org.factoryx.library.connector.embedded.provider.service.deserializers.V_08_Deserializer.deserializeContractTerminationMessage(V_08_Deserializer.java:80) ~[dataspace-protocol-lib-mongodb-0.1.1.jar!/:0.1.1]
	at org.factoryx.library.connector.embedded.provider.service.deserializers.V_08_Deserializer.deserializeContractTerminationMessage(V_08_Deserializer.java:80) ~[dataspace-protocol-lib-mongodb-0.1.1.jar!/:0.1.1]
	at org.factoryx.library.connector.embedded.provider.service.deserializers.V_08_Deserializer.deserializeContractTerminationMessage(V_08_Deserializer.java:80) ~[dataspace-protocol-lib-mongodb-0.1.1.jar!/:0.1.1]
	at org.factoryx.library.connector.embedded.provider.service.deserializers.V_08_Deserializer.deserializeContractTerminationMessage(V_08_Deserializer.java:80) ~[dataspace-protocol-lib-mongodb-0.1.1.jar!/:0.1.1]
	at org.factoryx.library.connector.embedded.provider.service.deserializers.V_08_Deserializer.deserializeContractTerminationMessage(V_08_Deserializer.java:80) ~[dataspace-protocol-lib-mongodb-0.1.1.jar!/:0.1.1]
	at org.factoryx.library.connector.embedded.provider.service.deserializers.V_08_Deserializer.deserializeContractTerminationMessage(V_08_Deserializer.java:80) ~[dataspace-protocol-lib-mongodb-0.1.1.jar!/:0.1.1]
	at org.factoryx.library.connector.embedded.provider.service.deserializers.V_08_Deserializer.deserializeContractTerminationMessage(V_08_Deserializer.java:80) ~[dataspace-protocol-lib-mongodb-0.1.1.jar!/:0.1.1]
	at org.factoryx.library.connector.embedded.provider.service.deserializers.V_08_Deserializer.deserializeContractTerminationMessage(V_08_Deserializer.java:80) ~[dataspace-protocol-lib-mongodb-0.1.1.jar!/:0.1.1]
	at org.factoryx.library.connector.embedded.provider.service.deserializers.V_08_Deserializer.deserializeContractTerminationMessage(V_08_Deserializer.java:80) ~[dataspace-protocol-lib-mongodb-0.1.1.jar!/:0.1.1]
	at org.factoryx.library.connector.embedded.provider.service.deserializers.V_08_Deserializer.deserializeContractTerminationMessage(V_08_Deserializer.java:80) ~[dataspace-protocol-lib-mongodb-0.1.1.jar!/:0.1.1]
	at org.factoryx.library.connector.embedded.provider.service.deserializers.V_08_Deserializer.deserializeContractTerminationMessage(V_08_Deserializer.java:80) ~[dataspace-protocol-lib-mongodb-0.1.1.jar!/:0.1.1]
	at org.factoryx.library.connector.embedded.provider.service.deserializers.V_08_Deserializer.deserializeContractTerminationMessage(V_08_Deserializer.java:80) ~[dataspace-protocol-lib-mongodb-0.1.1.jar!/:0.1.1]
	at org.factoryx.library.connector.embedded.provider.service.deserializers.V_08_Deserializer.deserializeContractTerminationMessage(V_08_Deserializer.java:80) ~[dataspace-protocol-lib-mongodb-0.1.1.jar!/:0.1.1]
	at org.factoryx.library.connector.embedded.provider.service.deserializers.V_08_Deserializer.deserializeContractTerminationMessage(V_08_Deserializer.java:80) ~[dataspace-protocol-lib-mongodb-0.1.1.jar!/:0.1.1]
	at org.factoryx.library.connector.embedded.provider.service.deserializers.V_08_Deserializer.deserializeContractTerminationMessage(V_08_Deserializer.java:80) ~[dataspace-protocol-lib-mongodb-0.1.1.jar!/:0.1.1]
	at org.factoryx.library.connector.embedded.provider.service.deserializers.V_08_Deserializer.deserializeContractTerminationMessage(V_08_Deserializer.java:80) ~[dataspace-protocol-lib-mongodb-0.1.1.jar!/:0.1.1]
	at org.factoryx.library.connector.embedded.provider.service.deserializers.V_08_Deserializer.deserializeContractTerminationMessage(V_08_Deserializer.java:80) ~[dataspace-protocol-lib-mongodb-0.1.1.jar!/:0.1.1]
	at org.factoryx.library.connector.embedded.provider.service.deserializers.V_08_Deserializer.deserializeContractTerminationMessage(V_08_Deserializer.java:80) ~[dataspace-protocol-lib-mongodb-0.1.1.jar!/:0.1.1]
	at org.factoryx.library.connector.embedded.provider.service.deserializers.V_08_Deserializer.deserializeContractTerminationMessage(V_08_Deserializer.java:80) ~[dataspace-protocol-lib-mongodb-0.1.1.jar!/:0.1.1]
	at org.factoryx.library.connector.embedded.provider.service.deserializers.V_08_Deserializer.deserializeContractTerminationMessage(V_08_Deserializer.java:80) ~[dataspace-protocol-lib-mongodb-0.1.1.jar!/:0.1.1]
	at org.factoryx.library.connector.embedded.provider.service.deserializers.V_08_Deserializer.deserializeContractTerminationMessage(V_08_Deserializer.java:80) ~[dataspace-protocol-lib-mongodb-0.1.1.jar!/:0.1.1]
	at org.factoryx.library.connector.embedded.provider.service.deserializers.V_08_Deserializer.deserializeContractTerminationMessage(V_08_Deserializer.java:80) ~[dataspace-protocol-lib-mongodb-0.1.1.jar!/:0.1.1]
	at org.factoryx.library.connector.embedded.provider.service.deserializers.V_08_Deserializer.deserializeContractTerminationMessage(V_08_Deserializer.java:80) ~[dataspace-protocol-lib-mongodb-0.1.1.jar!/:0.1.1]
	at org.factoryx.library.connector.embedded.provider.service.deserializers.V_08_Deserializer.deserializeContractTerminationMessage(V_08_Deserializer.java:80) ~[dataspace-protocol-lib-mongodb-0.1.1.jar!/:0.1.1]
	at org.factoryx.library.connector.embedded.provider.service.deserializers.V_08_Deserializer.deserializeContractTerminationMessage(V_08_Deserializer.java:80) ~[dataspace-protocol-lib-mongodb-0.1.1.jar!/:0.1.1]
	at org.factoryx.library.connector.embedded.provider.service.deserializers.V_08_Deserializer.deserializeContractTerminationMessage(V_08_Deserializer.java:80) ~[dataspace-protocol-lib-mongodb-0.1.1.jar!/:0.1.1]
	at org.factoryx.library.connector.embedded.provider.service.deserializers.V_08_Deserializer.deserializeContractTerminationMessage(V_08_Deserializer.java:80) ~[dataspace-protocol-lib-mongodb-0.1.1.jar!/:0.1.1]
	at org.factoryx.library.connector.embedded.provider.service.deserializers.V_08_Deserializer.deserializeContractTerminationMessage(V_08_Deserializer.java:80) ~[dataspace-protocol-lib-mongodb-0.1.1.jar!/:0.1.1]
	at org.factoryx.library.connector.embedded.provider.service.deserializers.V_08_Deserializer.deserializeContractTerminationMessage(V_08_Deserializer.java:80) ~[dataspace-protocol-lib-mongodb-0.1.1.jar!/:0.1.1]
	at org.factoryx.library.connector.embedded.provider.service.deserializers.V_08_Deserializer.deserializeContractTerminationMessage(V_08_Deserializer.java:80) ~[dataspace-protocol-lib-mongodb-0.1.1.jar!/:0.1.1]
	at org.factoryx.library.connector.embedded.provider.service.deserializers.V_08_Deserializer.deserializeContractTerminationMessage(V_08_Deserializer.java:80) ~[dataspace-protocol-lib-mongodb-0.1.1.jar!/:0.1.1]
	at org.factoryx.library.connector.embedded.provider.service.deserializers.V_08_Deserializer.deserializeContractTerminationMessage(V_08_Deserializer.java:80) ~[dataspace-protocol-lib-mongodb-0.1.1.jar!/:0.1.1]
	at org.factoryx.library.connector.embedded.provider.service.deserializers.V_08_Deserializer.deserializeContractTerminationMessage(V_08_Deserializer.java:80) ~[dataspace-protocol-lib-mongodb-0.1.1.jar!/:0.1.1]
	at org.factoryx.library.connector.embedded.provider.service.deserializers.V_08_Deserializer.deserializeContractTerminationMessage(V_08_Deserializer.java:80) ~[dataspace-protocol-lib-mongodb-0.1.1.jar!/:0.1.1]
	at org.factoryx.library.connector.embedded.provider.service.deserializers.V_08_Deserializer.deserializeContractTerminationMessage(V_08_Deserializer.java:80) ~[dataspace-protocol-lib-mongodb-0.1.1.jar!/:0.1.1]
	at org.factoryx.library.connector.embedded.provider.service.deserializers.V_08_Deserializer.deserializeContractTerminationMessage(V_08_Deserializer.java:80) ~[dataspace-protocol-lib-mongodb-0.1.1.jar!/:0.1.1]
	at org.factoryx.library.connector.embedded.provider.service.deserializers.V_08_Deserializer.deserializeContractTerminationMessage(V_08_Deserializer.java:80) ~[dataspace-protocol-lib-mongodb-0.1.1.jar!/:0.1.1]
	at org.factoryx.library.connector.embedded.provider.service.deserializers.V_08_Deserializer.deserializeContractTerminationMessage(V_08_Deserializer.java:80) ~[dataspace-protocol-lib-mongodb-0.1.1.jar!/:0.1.1]
	at org.factoryx.library.connector.embedded.provider.service.deserializers.V_08_Deserializer.deserializeContractTerminationMessage(V_08_Deserializer.java:80) ~[dataspace-protocol-lib-mongodb-0.1.1.jar!/:0.1.1]
	at org.factoryx.library.connector.embedded.provider.service.deserializers.V_08_Deserializer.deserializeContractTerminationMessage(V_08_Deserializer.java:80) ~[dataspace-protocol-lib-mongodb-0.1.1.jar!/:0.1.1]
	at org.factoryx.library.connector.embedded.provider.service.deserializers.V_08_Deserializer.deserializeContractTerminationMessage(V_08_Deserializer.java:80) ~[dataspace-protocol-lib-mongodb-0.1.1.jar!/:0.1.1]
	at org.factoryx.library.connector.embedded.provider.service.deserializers.V_08_Deserializer.deserializeContractTerminationMessage(V_08_Deserializer.java:80) ~[dataspace-protocol-lib-mongodb-0.1.1.jar!/:0.1.1]
	at org.factoryx.library.connector.embedded.provider.service.deserializers.V_08_Deserializer.deserializeContractTerminationMessage(V_08_Deserializer.java:80) ~[dataspace-protocol-lib-mongodb-0.1.1.jar!/:0.1.1]
	at org.factoryx.library.connector.embedded.provider.service.deserializers.V_08_Deserializer.deserializeContractTerminationMessage(V_08_Deserializer.java:80) ~[dataspace-protocol-lib-mongodb-0.1.1.jar!/:0.1.1]
	at org.factoryx.library.connector.embedded.provider.service.deserializers.V_08_Deserializer.deserializeContractTerminationMessage(V_08_Deserializer.java:80) ~[dataspace-protocol-lib-mongodb-0.1.1.jar!/:0.1.1]
	at org.factoryx.library.connector.embedded.provider.service.deserializers.V_08_Deserializer.deserializeContractTerminationMessage(V_08_Deserializer.java:80) ~[dataspace-protocol-lib-mongodb-0.1.1.jar!/:0.1.1]
	at org.factoryx.library.connector.embedded.provider.service.deserializers.V_08_Deserializer.deserializeContractTerminationMessage(V_08_Deserializer.java:80) ~[dataspace-protocol-lib-mongodb-0.1.1.jar!/:0.1.1]
	at org.factoryx.library.connector.embedded.provider.service.deserializers.V_08_Deserializer.deserializeContractTerminationMessage(V_08_Deserializer.java:80) ~[dataspace-protocol-lib-mongodb-0.1.1.jar!/:0.1.1]
	at org.factoryx.library.connector.embedded.provider.service.deserializers.V_08_Deserializer.deserializeContractTerminationMessage(V_08_Deserializer.java:80) ~[dataspace-protocol-lib-mongodb-0.1.1.jar!/:0.1.1]
	at org.factoryx.library.connector.embedded.provider.service.deserializers.V_08_Deserializer.deserializeContractTerminationMessage(V_08_Deserializer.java:80) ~[dataspace-protocol-lib-mongodb-0.1.1.jar!/:0.1.1]
	at org.factoryx.library.connector.embedded.provider.service.deserializers.V_08_Deserializer.deserializeContractTerminationMessage(V_08_Deserializer.java:80) ~[dataspace-protocol-lib-mongodb-0.1.1.jar!/:0.1.1]
	at org.factoryx.library.connector.embedded.provider.service.deserializers.V_08_Deserializer.deserializeContractTerminationMessage(V_08_Deserializer.java:80) ~[dataspace-protocol-lib-mongodb-0.1.1.jar!/:0.1.1]
	at org.factoryx.library.connector.embedded.provider.service.deserializers.V_08_Deserializer.deserializeContractTerminationMessage(V_08_Deserializer.java:80) ~[dataspace-protocol-lib-mongodb-0.1.1.jar!/:0.1.1]
	at org.factoryx.library.connector.embedded.provider.service.deserializers.V_08_Deserializer.deserializeContractTerminationMessage(V_08_Deserializer.java:80) ~[dataspace-protocol-lib-mongodb-0.1.1.jar!/:0.1.1]
	at org.factoryx.library.connector.embedded.provider.service.deserializers.V_08_Deserializer.deserializeContractTerminationMessage(V_08_Deserializer.java:80) ~[dataspace-protocol-lib-mongodb-0.1.1.jar!/:0.1.1]
	at org.factoryx.library.connector.embedded.provider.service.deserializers.V_08_Deserializer.deserializeContractTerminationMessage(V_08_Deserializer.java:80) ~[dataspace-protocol-lib-mongodb-0.1.1.jar!/:0.1.1]
	at org.factoryx.library.connector.embedded.provider.service.deserializers.V_08_Deserializer.deserializeContractTerminationMessage(V_08_Deserializer.java:80) ~[dataspace-protocol-lib-mongodb-0.1.1.jar!/:0.1.1]
	at org.factoryx.library.connector.embedded.provider.service.deserializers.V_08_Deserializer.deserializeContractTerminationMessage(V_08_Deserializer.java:80) ~[dataspace-protocol-lib-mongodb-0.1.1.jar!/:0.1.1]
	at org.factoryx.library.connector.embedded.provider.service.deserializers.V_08_Deserializer.deserializeContractTerminationMessage(V_08_Deserializer.java:80) ~[dataspace-protocol-lib-mongodb-0.1.1.jar!/:0.1.1]
	at org.factoryx.library.connector.embedded.provider.service.deserializers.V_08_Deserializer.deserializeContractTerminationMessage(V_08_Deserializer.java:80) ~[dataspace-protocol-lib-mongodb-0.1.1.jar!/:0.1.1]
	at org.factoryx.library.connector.embedded.provider.service.deserializers.V_08_Deserializer.deserializeContractTerminationMessage(V_08_Deserializer.java:80) ~[dataspace-protocol-lib-mongodb-0.1.1.jar!/:0.1.1]
	at org.factoryx.library.connector.embedded.provider.service.deserializers.V_08_Deserializer.deserializeContractTerminationMessage(V_08_Deserializer.java:80) ~[dataspace-protocol-lib-mongodb-0.1.1.jar!/:0.1.1]
	at org.factoryx.library.connector.embedded.provider.service.deserializers.V_08_Deserializer.deserializeContractTerminationMessage(V_08_Deserializer.java:80) ~[dataspace-protocol-lib-mongodb-0.1.1.jar!/:0.1.1]
	at org.factoryx.library.connector.embedded.provider.service.deserializers.V_08_Deserializer.deserializeContractTerminationMessage(V_08_Deserializer.java:80) ~[dataspace-protocol-lib-mongodb-0.1.1.jar!/:0.1.1]
	at org.factoryx.library.connector.embedded.provider.service.deserializers.V_08_Deserializer.deserializeContractTerminationMessage(V_08_Deserializer.java:80) ~[dataspace-protocol-lib-mongodb-0.1.1.jar!/:0.1.1]
	at org.factoryx.library.connector.embedded.provider.service.deserializers.V_08_Deserializer.deserializeContractTerminationMessage(V_08_Deserializer.java:80) ~[dataspace-protocol-lib-mongodb-0.1.1.jar!/:0.1.1]
	at org.factoryx.library.connector.embedded.provider.service.deserializers.V_08_Deserializer.deserializeContractTerminationMessage(V_08_Deserializer.java:80) ~[dataspace-protocol-lib-mongodb-0.1.1.jar!/:0.1.1]
	at org.factoryx.library.connector.embedded.provider.service.deserializers.V_08_Deserializer.deserializeContractTerminationMessage(V_08_Deserializer.java:80) ~[dataspace-protocol-lib-mongodb-0.1.1.jar!/:0.1.1]
	at org.factoryx.library.connector.embedded.provider.service.deserializers.V_08_Deserializer.deserializeContractTerminationMessage(V_08_Deserializer.java:80) ~[dataspace-protocol-lib-mongodb-0.1.1.jar!/:0.1.1]
	at org.factoryx.library.connector.embedded.provider.service.deserializers.V_08_Deserializer.deserializeContractTerminationMessage(V_08_Deserializer.java:80) ~[dataspace-protocol-lib-mongodb-0.1.1.jar!/:0.1.1]
	at org.factoryx.library.connector.embedded.provider.service.deserializers.V_08_Deserializer.deserializeContractTerminationMessage(V_08_Deserializer.java:80) ~[dataspace-protocol-lib-mongodb-0.1.1.jar!/:0.1.1]
	at org.factoryx.library.connector.embedded.provider.service.deserializers.V_08_Deserializer.deserializeContractTerminationMessage(V_08_Deserializer.java:80) ~[dataspace-protocol-lib-mongodb-0.1.1.jar!/:0.1.1]
	at org.factoryx.library.connector.embedded.provider.service.deserializers.V_08_Deserializer.deserializeContractTerminationMessage(V_08_Deserializer.java:80) ~[dataspace-protocol-lib-mongodb-0.1.1.jar!/:0.1.1]
	at org.factoryx.library.connector.embedded.provider.service.deserializers.V_08_Deserializer.deserializeContractTerminationMessage(V_08_Deserializer.java:80) ~[dataspace-protocol-lib-mongodb-0.1.1.jar!/:0.1.1]
	at org.factoryx.library.connector.embedded.provider.service.deserializers.V_08_Deserializer.deserializeContractTerminationMessage(V_08_Deserializer.java:80) ~[dataspace-protocol-lib-mongodb-0.1.1.jar!/:0.1.1]
	at org.factoryx.library.connector.embedded.provider.service.deserializers.V_08_Deserializer.deserializeContractTerminationMessage(V_08_Deserializer.java:80) ~[dataspace-protocol-lib-mongodb-0.1.1.jar!/:0.1.1]
	at org.factoryx.library.connector.embedded.provider.service.deserializers.V_08_Deserializer.deserializeContractTerminationMessage(V_08_Deserializer.java:80) ~[dataspace-protocol-lib-mongodb-0.1.1.jar!/:0.1.1]
	at org.factoryx.library.connector.embedded.provider.service.deserializers.V_08_Deserializer.deserializeContractTerminationMessage(V_08_Deserializer.java:80) ~[dataspace-protocol-lib-mongodb-0.1.1.jar!/:0.1.1]
	at org.factoryx.library.connector.embedded.provider.service.deserializers.V_08_Deserializer.deserializeContractTerminationMessage(V_08_Deserializer.java:80) ~[dataspace-protocol-lib-mongodb-0.1.1.jar!/:0.1.1]
	at org.factoryx.library.connector.embedded.provider.service.deserializers.V_08_Deserializer.deserializeContractTerminationMessage(V_08_Deserializer.java:80) ~[dataspace-protocol-lib-mongodb-0.1.1.jar!/:0.1.1]
	at org.factoryx.library.connector.embedded.provider.service.deserializers.V_08_Deserializer.deserializeContractTerminationMessage(V_08_Deserializer.java:80) ~[dataspace-protocol-lib-mongodb-0.1.1.jar!/:0.1.1]
	at org.factoryx.library.connector.embedded.provider.service.deserializers.V_08_Deserializer.deserializeContractTerminationMessage(V_08_Deserializer.java:80) ~[dataspace-protocol-lib-mongodb-0.1.1.jar!/:0.1.1]
	at org.factoryx.library.connector.embedded.provider.service.deserializers.V_08_Deserializer.deserializeContractTerminationMessage(V_08_Deserializer.java:80) ~[dataspace-protocol-lib-mongodb-0.1.1.jar!/:0.1.1]
	at org.factoryx.library.connector.embedded.provider.service.deserializers.V_08_Deserializer.deserializeContractTerminationMessage(V_08_Deserializer.java:80) ~[dataspace-protocol-lib-mongodb-0.1.1.jar!/:0.1.1]
	at org.factoryx.library.connector.embedded.provider.service.deserializers.V_08_Deserializer.deserializeContractTerminationMessage(V_08_Deserializer.java:80) ~[dataspace-protocol-lib-mongodb-0.1.1.jar!/:0.1.1]
	at org.factoryx.library.connector.embedded.provider.service.deserializers.V_08_Deserializer.deserializeContractTerminationMessage(V_08_Deserializer.java:80) ~[dataspace-protocol-lib-mongodb-0.1.1.jar!/:0.1.1]
	at org.factoryx.library.connector.embedded.provider.service.deserializers.V_08_Deserializer.deserializeContractTerminationMessage(V_08_Deserializer.java:80) ~[dataspace-protocol-lib-mongodb-0.1.1.jar!/:0.1.1]
	at org.factoryx.library.connector.embedded.provider.service.deserializers.V_08_Deserializer.deserializeContractTerminationMessage(V_08_Deserializer.java:80) ~[dataspace-protocol-lib-mongodb-0.1.1.jar!/:0.1.1]
	at org.factoryx.library.connector.embedded.provider.service.deserializers.V_08_Deserializer.deserializeContractTerminationMessage(V_08_Deserializer.java:80) ~[dataspace-protocol-lib-mongodb-0.1.1.jar!/:0.1.1]
	at org.factoryx.library.connector.embedded.provider.service.deserializers.V_08_Deserializer.deserializeContractTerminationMessage(V_08_Deserializer.java:80) ~[dataspace-protocol-lib-mongodb-0.1.1.jar!/:0.1.1]
	at org.factoryx.library.connector.embedded.provider.service.deserializers.V_08_Deserializer.deserializeContractTerminationMessage(V_08_Deserializer.java:80) ~[dataspace-protocol-lib-mongodb-0.1.1.jar!/:0.1.1]
	at org.factoryx.library.connector.embedded.provider.service.deserializers.V_08_Deserializer.deserializeContractTerminationMessage(V_08_Deserializer.java:80) ~[dataspace-protocol-lib-mongodb-0.1.1.jar!/:0.1.1]
	at org.factoryx.library.connector.embedded.provider.service.deserializers.V_08_Deserializer.deserializeContractTerminationMessage(V_08_Deserializer.java:80) ~[dataspace-protocol-lib-mongodb-0.1.1.jar!/:0.1.1]
	at org.factoryx.library.connector.embedded.provider.service.deserializers.V_08_Deserializer.deserializeContractTerminationMessage(V_08_Deserializer.java:80) ~[dataspace-protocol-lib-mongodb-0.1.1.jar!/:0.1.1]
	at org.factoryx.library.connector.embedded.provider.service.deserializers.V_08_Deserializer.deserializeContractTerminationMessage(V_08_Deserializer.java:80) ~[dataspace-protocol-lib-mongodb-0.1.1.jar!/:0.1.1]
	at org.factoryx.library.connector.embedded.provider.service.deserializers.V_08_Deserializer.deserializeContractTerminationMessage(V_08_Deserializer.java:80) ~[dataspace-protocol-lib-mongodb-0.1.1.jar!/:0.1.1]
	at org.factoryx.library.connector.embedded.provider.service.deserializers.V_08_Deserializer.deserializeContractTerminationMessage(V_08_Deserializer.java:80) ~[dataspace-protocol-lib-mongodb-0.1.1.jar!/:0.1.1]
	at org.factoryx.library.connector.embedded.provider.service.deserializers.V_08_Deserializer.deserializeContractTerminationMessage(V_08_Deserializer.java:80) ~[dataspace-protocol-lib-mongodb-0.1.1.jar!/:0.1.1]
	at org.factoryx.library.connector.embedded.provider.service.deserializers.V_08_Deserializer.deserializeContractTerminationMessage(V_08_Deserializer.java:80) ~[dataspace-protocol-lib-mongodb-0.1.1.jar!/:0.1.1]
	at org.factoryx.library.connector.embedded.provider.service.deserializers.V_08_Deserializer.deserializeContractTerminationMessage(V_08_Deserializer.java:80) ~[dataspace-protocol-lib-mongodb-0.1.1.jar!/:0.1.1]
	at org.factoryx.library.connector.embedded.provider.service.deserializers.V_08_Deserializer.deserializeContractTerminationMessage(V_08_Deserializer.java:80) ~[dataspace-protocol-lib-mongodb-0.1.1.jar!/:0.1.1]
	at org.factoryx.library.connector.embedded.provider.service.deserializers.V_08_Deserializer.deserializeContractTerminationMessage(V_08_Deserializer.java:80) ~[dataspace-protocol-lib-mongodb-0.1.1.jar!/:0.1.1]
	at org.factoryx.library.connector.embedded.provider.service.deserializers.V_08_Deserializer.deserializeContractTerminationMessage(V_08_Deserializer.java:80) ~[dataspace-protocol-lib-mongodb-0.1.1.jar!/:0.1.1]
	at org.factoryx.library.connector.embedded.provider.service.deserializers.V_08_Deserializer.deserializeContractTerminationMessage(V_08_Deserializer.java:80) ~[dataspace-protocol-lib-mongodb-0.1.1.jar!/:0.1.1]
	at org.factoryx.library.connector.embedded.provider.service.deserializers.V_08_Deserializer.deserializeContractTerminationMessage(V_08_Deserializer.java:80) ~[dataspace-protocol-lib-mongodb-0.1.1.jar!/:0.1.1]
	at org.factoryx.library.connector.embedded.provider.service.deserializers.V_08_Deserializer.deserializeContractTerminationMessage(V_08_Deserializer.java:80) ~[dataspace-protocol-lib-mongodb-0.1.1.jar!/:0.1.1]
	at org.factoryx.library.connector.embedded.provider.service.deserializers.V_08_Deserializer.deserializeContractTerminationMessage(V_08_Deserializer.java:80) ~[dataspace-protocol-lib-mongodb-0.1.1.jar!/:0.1.1]
	at org.factoryx.library.connector.embedded.provider.service.deserializers.V_08_Deserializer.deserializeContractTerminationMessage(V_08_Deserializer.java:80) ~[dataspace-protocol-lib-mongodb-0.1.1.jar!/:0.1.1]
	at org.factoryx.library.connector.embedded.provider.service.deserializers.V_08_Deserializer.deserializeContractTerminationMessage(V_08_Deserializer.java:80) ~[dataspace-protocol-lib-mongodb-0.1.1.jar!/:0.1.1]
	at org.factoryx.library.connector.embedded.provider.service.deserializers.V_08_Deserializer.deserializeContractTerminationMessage(V_08_Deserializer.java:80) ~[dataspace-protocol-lib-mongodb-0.1.1.jar!/:0.1.1]
	at org.factoryx.library.connector.embedded.provider.service.deserializers.V_08_Deserializer.deserializeContractTerminationMessage(V_08_Deserializer.java:80) ~[dataspace-protocol-lib-mongodb-0.1.1.jar!/:0.1.1]
	at org.factoryx.library.connector.embedded.provider.service.deserializers.V_08_Deserializer.deserializeContractTerminationMessage(V_08_Deserializer.java:80) ~[dataspace-protocol-lib-mongodb-0.1.1.jar!/:0.1.1]
	at org.factoryx.library.connector.embedded.provider.service.deserializers.V_08_Deserializer.deserializeContractTerminationMessage(V_08_Deserializer.java:80) ~[dataspace-protocol-lib-mongodb-0.1.1.jar!/:0.1.1]
	at org.factoryx.library.connector.embedded.provider.service.deserializers.V_08_Deserializer.deserializeContractTerminationMessage(V_08_Deserializer.java:80) ~[dataspace-protocol-lib-mongodb-0.1.1.jar!/:0.1.1]
	at org.factoryx.library.connector.embedded.provider.service.deserializers.V_08_Deserializer.deserializeContractTerminationMessage(V_08_Deserializer.java:80) ~[dataspace-protocol-lib-mongodb-0.1.1.jar!/:0.1.1]
	at org.factoryx.library.connector.embedded.provider.service.deserializers.V_08_Deserializer.deserializeContractTerminationMessage(V_08_Deserializer.java:80) ~[dataspace-protocol-lib-mongodb-0.1.1.jar!/:0.1.1]
	at org.factoryx.library.connector.embedded.provider.service.deserializers.V_08_Deserializer.deserializeContractTerminationMessage(V_08_Deserializer.java:80) ~[dataspace-protocol-lib-mongodb-0.1.1.jar!/:0.1.1]
	at org.factoryx.library.connector.embedded.provider.service.deserializers.V_08_Deserializer.deserializeContractTerminationMessage(V_08_Deserializer.java:80) ~[dataspace-protocol-lib-mongodb-0.1.1.jar!/:0.1.1]
	at org.factoryx.library.connector.embedded.provider.service.deserializers.V_08_Deserializer.deserializeContractTerminationMessage(V_08_Deserializer.java:80) ~[dataspace-protocol-lib-mongodb-0.1.1.jar!/:0.1.1]
	at org.factoryx.library.connector.embedded.provider.service.deserializers.V_08_Deserializer.deserializeContractTerminationMessage(V_08_Deserializer.java:80) ~[dataspace-protocol-lib-mongodb-0.1.1.jar!/:0.1.1]
	at org.factoryx.library.connector.embedded.provider.service.deserializers.V_08_Deserializer.deserializeContractTerminationMessage(V_08_Deserializer.java:80) ~[dataspace-protocol-lib-mongodb-0.1.1.jar!/:0.1.1]
	at org.factoryx.library.connector.embedded.provider.service.deserializers.V_08_Deserializer.deserializeContractTerminationMessage(V_08_Deserializer.java:80) ~[dataspace-protocol-lib-mongodb-0.1.1.jar!/:0.1.1]
	at org.factoryx.library.connector.embedded.provider.service.deserializers.V_08_Deserializer.deserializeContractTerminationMessage(V_08_Deserializer.java:80) ~[dataspace-protocol-lib-mongodb-0.1.1.jar!/:0.1.1]
	at org.factoryx.library.connector.embedded.provider.service.deserializers.V_08_Deserializer.deserializeContractTerminationMessage(V_08_Deserializer.java:80) ~[dataspace-protocol-lib-mongodb-0.1.1.jar!/:0.1.1]
	at org.factoryx.library.connector.embedded.provider.service.deserializers.V_08_Deserializer.deserializeContractTerminationMessage(V_08_Deserializer.java:80) ~[dataspace-protocol-lib-mongodb-0.1.1.jar!/:0.1.1]
	at org.factoryx.library.connector.embedded.provider.service.deserializers.V_08_Deserializer.deserializeContractTerminationMessage(V_08_Deserializer.java:80) ~[dataspace-protocol-lib-mongodb-0.1.1.jar!/:0.1.1]
	at org.factoryx.library.connector.embedded.provider.service.deserializers.V_08_Deserializer.deserializeContractTerminationMessage(V_08_Deserializer.java:80) ~[dataspace-protocol-lib-mongodb-0.1.1.jar!/:0.1.1]
	at org.factoryx.library.connector.embedded.provider.service.deserializers.V_08_Deserializer.deserializeContractTerminationMessage(V_08_Deserializer.java:80) ~[dataspace-protocol-lib-mongodb-0.1.1.jar!/:0.1.1]
	at org.factoryx.library.connector.embedded.provider.service.deserializers.V_08_Deserializer.deserializeContractTerminationMessage(V_08_Deserializer.java:80) ~[dataspace-protocol-lib-mongodb-0.1.1.jar!/:0.1.1]
	at org.factoryx.library.connector.embedded.provider.service.deserializers.V_08_Deserializer.deserializeContractTerminationMessage(V_08_Deserializer.java:80) ~[dataspace-protocol-lib-mongodb-0.1.1.jar!/:0.1.1]
	at org.factoryx.library.connector.embedded.provider.service.deserializers.V_08_Deserializer.deserializeContractTerminationMessage(V_08_Deserializer.java:80) ~[dataspace-protocol-lib-mongodb-0.1.1.jar!/:0.1.1]
	at org.factoryx.library.connector.embedded.provider.service.deserializers.V_08_Deserializer.deserializeContractTerminationMessage(V_08_Deserializer.java:80) ~[dataspace-protocol-lib-mongodb-0.1.1.jar!/:0.1.1]
	at org.factoryx.library.connector.embedded.provider.service.deserializers.V_08_Deserializer.deserializeContractTerminationMessage(V_08_Deserializer.java:80) ~[dataspace-protocol-lib-mongodb-0.1.1.jar!/:0.1.1]
	at org.factoryx.library.connector.embedded.provider.service.deserializers.V_08_Deserializer.deserializeContractTerminationMessage(V_08_Deserializer.java:80) ~[dataspace-protocol-lib-mongodb-0.1.1.jar!/:0.1.1]
	at org.factoryx.library.connector.embedded.provider.service.deserializers.V_08_Deserializer.deserializeContractTerminationMessage(V_08_Deserializer.java:80) ~[dataspace-protocol-lib-mongodb-0.1.1.jar!/:0.1.1]
	at org.factoryx.library.connector.embedded.provider.service.deserializers.V_08_Deserializer.deserializeContractTerminationMessage(V_08_Deserializer.java:80) ~[dataspace-protocol-lib-mongodb-0.1.1.jar!/:0.1.1]
	at org.factoryx.library.connector.embedded.provider.service.deserializers.V_08_Deserializer.deserializeContractTerminationMessage(V_08_Deserializer.java:80) ~[dataspace-protocol-lib-mongodb-0.1.1.jar!/:0.1.1]
	at org.factoryx.library.connector.embedded.provider.service.deserializers.V_08_Deserializer.deserializeContractTerminationMessage(V_08_Deserializer.java:80) ~[dataspace-protocol-lib-mongodb-0.1.1.jar!/:0.1.1]
	at org.factoryx.library.connector.embedded.provider.service.deserializers.V_08_Deserializer.deserializeContractTerminationMessage(V_08_Deserializer.java:80) ~[dataspace-protocol-lib-mongodb-0.1.1.jar!/:0.1.1]
	at org.factoryx.library.connector.embedded.provider.service.deserializers.V_08_Deserializer.deserializeContractTerminationMessage(V_08_Deserializer.java:80) ~[dataspace-protocol-lib-mongodb-0.1.1.jar!/:0.1.1]
	at org.factoryx.library.connector.embedded.provider.service.deserializers.V_08_Deserializer.deserializeContractTerminationMessage(V_08_Deserializer.java:80) ~[dataspace-protocol-lib-mongodb-0.1.1.jar!/:0.1.1]
	at org.factoryx.library.connector.embedded.provider.service.deserializers.V_08_Deserializer.deserializeContractTerminationMessage(V_08_Deserializer.java:80) ~[dataspace-protocol-lib-mongodb-0.1.1.jar!/:0.1.1]
	at org.factoryx.library.connector.embedded.provider.service.deserializers.V_08_Deserializer.deserializeContractTerminationMessage(V_08_Deserializer.java:80) ~[dataspace-protocol-lib-mongodb-0.1.1.jar!/:0.1.1]
	at org.factoryx.library.connector.embedded.provider.service.deserializers.V_08_Deserializer.deserializeContractTerminationMessage(V_08_Deserializer.java:80) ~[dataspace-protocol-lib-mongodb-0.1.1.jar!/:0.1.1]
	at org.factoryx.library.connector.embedded.provider.service.deserializers.V_08_Deserializer.deserializeContractTerminationMessage(V_08_Deserializer.java:80) ~[dataspace-protocol-lib-mongodb-0.1.1.jar!/:0.1.1]
	at org.factoryx.library.connector.embedded.provider.service.deserializers.V_08_Deserializer.deserializeContractTerminationMessage(V_08_Deserializer.java:80) ~[dataspace-protocol-lib-mongodb-0.1.1.jar!/:0.1.1]
	at org.factoryx.library.connector.embedded.provider.service.deserializers.V_08_Deserializer.deserializeContractTerminationMessage(V_08_Deserializer.java:80) ~[dataspace-protocol-lib-mongodb-0.1.1.jar!/:0.1.1]
	at org.factoryx.library.connector.embedded.provider.service.deserializers.V_08_Deserializer.deserializeContractTerminationMessage(V_08_Deserializer.java:80) ~[dataspace-protocol-lib-mongodb-0.1.1.jar!/:0.1.1]
	at org.factoryx.library.connector.embedded.provider.service.deserializers.V_08_Deserializer.deserializeContractTerminationMessage(V_08_Deserializer.java:80) ~[dataspace-protocol-lib-mongodb-0.1.1.jar!/:0.1.1]
	at org.factoryx.library.connector.embedded.provider.service.deserializers.V_08_Deserializer.deserializeContractTerminationMessage(V_08_Deserializer.java:80) ~[dataspace-protocol-lib-mongodb-0.1.1.jar!/:0.1.1]
	at org.factoryx.library.connector.embedded.provider.service.deserializers.V_08_Deserializer.deserializeContractTerminationMessage(V_08_Deserializer.java:80) ~[dataspace-protocol-lib-mongodb-0.1.1.jar!/:0.1.1]
	at org.factoryx.library.connector.embedded.provider.service.deserializers.V_08_Deserializer.deserializeContractTerminationMessage(V_08_Deserializer.java:80) ~[dataspace-protocol-lib-mongodb-0.1.1.jar!/:0.1.1]
	at org.factoryx.library.connector.embedded.provider.service.deserializers.V_08_Deserializer.deserializeContractTerminationMessage(V_08_Deserializer.java:80) ~[dataspace-protocol-lib-mongodb-0.1.1.jar!/:0.1.1]
	at org.factoryx.library.connector.embedded.provider.service.deserializers.V_08_Deserializer.deserializeContractTerminationMessage(V_08_Deserializer.java:80) ~[dataspace-protocol-lib-mongodb-0.1.1.jar!/:0.1.1]
	at org.factoryx.library.connector.embedded.provider.service.deserializers.V_08_Deserializer.deserializeContractTerminationMessage(V_08_Deserializer.java:80) ~[dataspace-protocol-lib-mongodb-0.1.1.jar!/:0.1.1]
	at org.factoryx.library.connector.embedded.provider.service.deserializers.V_08_Deserializer.deserializeContractTerminationMessage(V_08_Deserializer.java:80) ~[dataspace-protocol-lib-mongodb-0.1.1.jar!/:0.1.1]
	at org.factoryx.library.connector.embedded.provider.service.deserializers.V_08_Deserializer.deserializeContractTerminationMessage(V_08_Deserializer.java:80) ~[dataspace-protocol-lib-mongodb-0.1.1.jar!/:0.1.1]
	at org.factoryx.library.connector.embedded.provider.service.deserializers.V_08_Deserializer.deserializeContractTerminationMessage(V_08_Deserializer.java:80) ~[dataspace-protocol-lib-mongodb-0.1.1.jar!/:0.1.1]
	at org.factoryx.library.connector.embedded.provider.service.deserializers.V_08_Deserializer.deserializeContractTerminationMessage(V_08_Deserializer.java:80) ~[dataspace-protocol-lib-mongodb-0.1.1.jar!/:0.1.1]
	at org.factoryx.library.connector.embedded.provider.service.deserializers.V_08_Deserializer.deserializeContractTerminationMessage(V_08_Deserializer.java:80) ~[dataspace-protocol-lib-mongodb-0.1.1.jar!/:0.1.1]
	at org.factoryx.library.connector.embedded.provider.service.deserializers.V_08_Deserializer.deserializeContractTerminationMessage(V_08_Deserializer.java:80) ~[dataspace-protocol-lib-mongodb-0.1.1.jar!/:0.1.1]
	at org.factoryx.library.connector.embedded.provider.service.deserializers.V_08_Deserializer.deserializeContractTerminationMessage(V_08_Deserializer.java:80) ~[dataspace-protocol-lib-mongodb-0.1.1.jar!/:0.1.1]
	at org.factoryx.library.connector.embedded.provider.service.deserializers.V_08_Deserializer.deserializeContractTerminationMessage(V_08_Deserializer.java:80) ~[dataspace-protocol-lib-mongodb-0.1.1.jar!/:0.1.1]
	at org.factoryx.library.connector.embedded.provider.service.deserializers.V_08_Deserializer.deserializeContractTerminationMessage(V_08_Deserializer.java:80) ~[dataspace-protocol-lib-mongodb-0.1.1.jar!/:0.1.1]
	at org.factoryx.library.connector.embedded.provider.service.deserializers.V_08_Deserializer.deserializeContractTerminationMessage(V_08_Deserializer.java:80) ~[dataspace-protocol-lib-mongodb-0.1.1.jar!/:0.1.1]
	at org.factoryx.library.connector.embedded.provider.service.deserializers.V_08_Deserializer.deserializeContractTerminationMessage(V_08_Deserializer.java:80) ~[dataspace-protocol-lib-mongodb-0.1.1.jar!/:0.1.1]
	at org.factoryx.library.connector.embedded.provider.service.deserializers.V_08_Deserializer.deserializeContractTerminationMessage(V_08_Deserializer.java:80) ~[dataspace-protocol-lib-mongodb-0.1.1.jar!/:0.1.1]
	at org.factoryx.library.connector.embedded.provider.service.deserializers.V_08_Deserializer.deserializeContractTerminationMessage(V_08_Deserializer.java:80) ~[dataspace-protocol-lib-mongodb-0.1.1.jar!/:0.1.1]
	at org.factoryx.library.connector.embedded.provider.service.deserializers.V_08_Deserializer.deserializeContractTerminationMessage(V_08_Deserializer.java:80) ~[dataspace-protocol-lib-mongodb-0.1.1.jar!/:0.1.1]
	at org.factoryx.library.connector.embedded.provider.service.deserializers.V_08_Deserializer.deserializeContractTerminationMessage(V_08_Deserializer.java:80) ~[dataspace-protocol-lib-mongodb-0.1.1.jar!/:0.1.1]
	at org.factoryx.library.connector.embedded.provider.service.deserializers.V_08_Deserializer.deserializeContractTerminationMessage(V_08_Deserializer.java:80) ~[dataspace-protocol-lib-mongodb-0.1.1.jar!/:0.1.1]
	at org.factoryx.library.connector.embedded.provider.service.deserializers.V_08_Deserializer.deserializeContractTerminationMessage(V_08_Deserializer.java:80) ~[dataspace-protocol-lib-mongodb-0.1.1.jar!/:0.1.1]
	at org.factoryx.library.connector.embedded.provider.service.deserializers.V_08_Deserializer.deserializeContractTerminationMessage(V_08_Deserializer.java:80) ~[dataspace-protocol-lib-mongodb-0.1.1.jar!/:0.1.1]
	at org.factoryx.library.connector.embedded.provider.service.deserializers.V_08_Deserializer.deserializeContractTerminationMessage(V_08_Deserializer.java:80) ~[dataspace-protocol-lib-mongodb-0.1.1.jar!/:0.1.1]
	at org.factoryx.library.connector.embedded.provider.service.deserializers.V_08_Deserializer.deserializeContractTerminationMessage(V_08_Deserializer.java:80) ~[dataspace-protocol-lib-mongodb-0.1.1.jar!/:0.1.1]
	at org.factoryx.library.connector.embedded.provider.service.deserializers.V_08_Deserializer.deserializeContractTerminationMessage(V_08_Deserializer.java:80) ~[dataspace-protocol-lib-mongodb-0.1.1.jar!/:0.1.1]
	at org.factoryx.library.connector.embedded.provider.service.deserializers.V_08_Deserializer.deserializeContractTerminationMessage(V_08_Deserializer.java:80) ~[dataspace-protocol-lib-mongodb-0.1.1.jar!/:0.1.1]
	at org.factoryx.library.connector.embedded.provider.service.deserializers.V_08_Deserializer.deserializeContractTerminationMessage(V_08_Deserializer.java:80) ~[dataspace-protocol-lib-mongodb-0.1.1.jar!/:0.1.1]
	at org.factoryx.library.connector.embedded.provider.service.deserializers.V_08_Deserializer.deserializeContractTerminationMessage(V_08_Deserializer.java:80) ~[dataspace-protocol-lib-mongodb-0.1.1.jar!/:0.1.1]
	at org.factoryx.library.connector.embedded.provider.service.deserializers.V_08_Deserializer.deserializeContractTerminationMessage(V_08_Deserializer.java:80) ~[dataspace-protocol-lib-mongodb-0.1.1.jar!/:0.1.1]
	at org.factoryx.library.connector.embedded.provider.service.deserializers.V_08_Deserializer.deserializeContractTerminationMessage(V_08_Deserializer.java:80) ~[dataspace-protocol-lib-mongodb-0.1.1.jar!/:0.1.1]
	at org.factoryx.library.connector.embedded.provider.service.deserializers.V_08_Deserializer.deserializeContractTerminationMessage(V_08_Deserializer.java:80) ~[dataspace-protocol-lib-mongodb-0.1.1.jar!/:0.1.1]
	at org.factoryx.library.connector.embedded.provider.service.deserializers.V_08_Deserializer.deserializeContractTerminationMessage(V_08_Deserializer.java:80) ~[dataspace-protocol-lib-mongodb-0.1.1.jar!/:0.1.1]
	at org.factoryx.library.connector.embedded.provider.service.deserializers.V_08_Deserializer.deserializeContractTerminationMessage(V_08_Deserializer.java:80) ~[dataspace-protocol-lib-mongodb-0.1.1.jar!/:0.1.1]
	at org.factoryx.library.connector.embedded.provider.service.deserializers.V_08_Deserializer.deserializeContractTerminationMessage(V_08_Deserializer.java:80) ~[dataspace-protocol-lib-mongodb-0.1.1.jar!/:0.1.1]
	at org.factoryx.library.connector.embedded.provider.service.deserializers.V_08_Deserializer.deserializeContractTerminationMessage(V_08_Deserializer.java:80) ~[dataspace-protocol-lib-mongodb-0.1.1.jar!/:0.1.1]
	at org.factoryx.library.connector.embedded.provider.service.deserializers.V_08_Deserializer.deserializeContractTerminationMessage(V_08_Deserializer.java:80) ~[dataspace-protocol-lib-mongodb-0.1.1.jar!/:0.1.1]
	at org.factoryx.library.connector.embedded.provider.service.deserializers.V_08_Deserializer.deserializeContractTerminationMessage(V_08_Deserializer.java:80) ~[dataspace-protocol-lib-mongodb-0.1.1.jar!/:0.1.1]
	at org.factoryx.library.connector.embedded.provider.service.deserializers.V_08_Deserializer.deserializeContractTerminationMessage(V_08_Deserializer.java:80) ~[dataspace-protocol-lib-mongodb-0.1.1.jar!/:0.1.1]
	at org.factoryx.library.connector.embedded.provider.service.deserializers.V_08_Deserializer.deserializeContractTerminationMessage(V_08_Deserializer.java:80) ~[dataspace-protocol-lib-mongodb-0.1.1.jar!/:0.1.1]
	at org.factoryx.library.connector.embedded.provider.service.deserializers.V_08_Deserializer.deserializeContractTerminationMessage(V_08_Deserializer.java:80) ~[dataspace-protocol-lib-mongodb-0.1.1.jar!/:0.1.1]
	at org.factoryx.library.connector.embedded.provider.service.deserializers.V_08_Deserializer.deserializeContractTerminationMessage(V_08_Deserializer.java:80) ~[dataspace-protocol-lib-mongodb-0.1.1.jar!/:0.1.1]
	at org.factoryx.library.connector.embedded.provider.service.deserializers.V_08_Deserializer.deserializeContractTerminationMessage(V_08_Deserializer.java:80) ~[dataspace-protocol-lib-mongodb-0.1.1.jar!/:0.1.1]
	at org.factoryx.library.connector.embedded.provider.service.deserializers.V_08_Deserializer.deserializeContractTerminationMessage(V_08_Deserializer.java:80) ~[dataspace-protocol-lib-mongodb-0.1.1.jar!/:0.1.1]
	at org.factoryx.library.connector.embedded.provider.service.deserializers.V_08_Deserializer.deserializeContractTerminationMessage(V_08_Deserializer.java:80) ~[dataspace-protocol-lib-mongodb-0.1.1.jar!/:0.1.1]
	at org.factoryx.library.connector.embedded.provider.service.deserializers.V_08_Deserializer.deserializeContractTerminationMessage(V_08_Deserializer.java:80) ~[dataspace-protocol-lib-mongodb-0.1.1.jar!/:0.1.1]
	at org.factoryx.library.connector.embedded.provider.service.deserializers.V_08_Deserializer.deserializeContractTerminationMessage(V_08_Deserializer.java:80) ~[dataspace-protocol-lib-mongodb-0.1.1.jar!/:0.1.1]
	at org.factoryx.library.connector.embedded.provider.service.deserializers.V_08_Deserializer.deserializeContractTerminationMessage(V_08_Deserializer.java:80) ~[dataspace-protocol-lib-mongodb-0.1.1.jar!/:0.1.1]
	at org.factoryx.library.connector.embedded.provider.service.deserializers.V_08_Deserializer.deserializeContractTerminationMessage(V_08_Deserializer.java:80) ~[dataspace-protocol-lib-mongodb-0.1.1.jar!/:0.1.1]
	at org.factoryx.library.connector.embedded.provider.service.deserializers.V_08_Deserializer.deserializeContractTerminationMessage(V_08_Deserializer.java:80) ~[dataspace-protocol-lib-mongodb-0.1.1.jar!/:0.1.1]
	at org.factoryx.library.connector.embedded.provider.service.deserializers.V_08_Deserializer.deserializeContractTerminationMessage(V_08_Deserializer.java:80) ~[dataspace-protocol-lib-mongodb-0.1.1.jar!/:0.1.1]
	at org.factoryx.library.connector.embedded.provider.service.deserializers.V_08_Deserializer.deserializeContractTerminationMessage(V_08_Deserializer.java:80) ~[dataspace-protocol-lib-mongodb-0.1.1.jar!/:0.1.1]
	at org.factoryx.library.connector.embedded.provider.service.deserializers.V_08_Deserializer.deserializeContractTerminationMessage(V_08_Deserializer.java:80) ~[dataspace-protocol-lib-mongodb-0.1.1.jar!/:0.1.1]
	at org.factoryx.library.connector.embedded.provider.service.deserializers.V_08_Deserializer.deserializeContractTerminationMessage(V_08_Deserializer.java:80) ~[dataspace-protocol-lib-mongodb-0.1.1.jar!/:0.1.1]
	at org.factoryx.library.connector.embedded.provider.service.deserializers.V_08_Deserializer.deserializeContractTerminationMessage(V_08_Deserializer.java:80) ~[dataspace-protocol-lib-mongodb-0.1.1.jar!/:0.1.1]
	at org.factoryx.library.connector.embedded.provider.service.deserializers.V_08_Deserializer.deserializeContractTerminationMessage(V_08_Deserializer.java:80) ~[dataspace-protocol-lib-mongodb-0.1.1.jar!/:0.1.1]
	at org.factoryx.library.connector.embedded.provider.service.deserializers.V_08_Deserializer.deserializeContractTerminationMessage(V_08_Deserializer.java:80) ~[dataspace-protocol-lib-mongodb-0.1.1.jar!/:0.1.1]
	at org.factoryx.library.connector.embedded.provider.service.deserializers.V_08_Deserializer.deserializeContractTerminationMessage(V_08_Deserializer.java:80) ~[dataspace-protocol-lib-mongodb-0.1.1.jar!/:0.1.1]
	at org.factoryx.library.connector.embedded.provider.service.deserializers.V_08_Deserializer.deserializeContractTerminationMessage(V_08_Deserializer.java:80) ~[dataspace-protocol-lib-mongodb-0.1.1.jar!/:0.1.1]
	at org.factoryx.library.connector.embedded.provider.service.deserializers.V_08_Deserializer.deserializeContractTerminationMessage(V_08_Deserializer.java:80) ~[dataspace-protocol-lib-mongodb-0.1.1.jar!/:0.1.1]
	at org.factoryx.library.connector.embedded.provider.service.deserializers.V_08_Deserializer.deserializeContractTerminationMessage(V_08_Deserializer.java:80) ~[dataspace-protocol-lib-mongodb-0.1.1.jar!/:0.1.1]
	at org.factoryx.library.connector.embedded.provider.service.deserializers.V_08_Deserializer.deserializeContractTerminationMessage(V_08_Deserializer.java:80) ~[dataspace-protocol-lib-mongodb-0.1.1.jar!/:0.1.1]
	at org.factoryx.library.connector.embedded.provider.service.deserializers.V_08_Deserializer.deserializeContractTerminationMessage(V_08_Deserializer.java:80) ~[dataspace-protocol-lib-mongodb-0.1.1.jar!/:0.1.1]
	at org.factoryx.library.connector.embedded.provider.service.deserializers.V_08_Deserializer.deserializeContractTerminationMessage(V_08_Deserializer.java:80) ~[dataspace-protocol-lib-mongodb-0.1.1.jar!/:0.1.1]
	at org.factoryx.library.connector.embedded.provider.service.deserializers.V_08_Deserializer.deserializeContractTerminationMessage(V_08_Deserializer.java:80) ~[dataspace-protocol-lib-mongodb-0.1.1.jar!/:0.1.1]
	at org.factoryx.library.connector.embedded.provider.service.deserializers.V_08_Deserializer.deserializeContractTerminationMessage(V_08_Deserializer.java:80) ~[dataspace-protocol-lib-mongodb-0.1.1.jar!/:0.1.1]
	at org.factoryx.library.connector.embedded.provider.service.deserializers.V_08_Deserializer.deserializeContractTerminationMessage(V_08_Deserializer.java:80) ~[dataspace-protocol-lib-mongodb-0.1.1.jar!/:0.1.1]
	at org.factoryx.library.connector.embedded.provider.service.deserializers.V_08_Deserializer.deserializeContractTerminationMessage(V_08_Deserializer.java:80) ~[dataspace-protocol-lib-mongodb-0.1.1.jar!/:0.1.1]
	at org.factoryx.library.connector.embedded.provider.service.deserializers.V_08_Deserializer.deserializeContractTerminationMessage(V_08_Deserializer.java:80) ~[dataspace-protocol-lib-mongodb-0.1.1.jar!/:0.1.1]
	at org.factoryx.library.connector.embedded.provider.service.deserializers.V_08_Deserializer.deserializeContractTerminationMessage(V_08_Deserializer.java:80) ~[dataspace-protocol-lib-mongodb-0.1.1.jar!/:0.1.1]
	at org.factoryx.library.connector.embedded.provider.service.deserializers.V_08_Deserializer.deserializeContractTerminationMessage(V_08_Deserializer.java:80) ~[dataspace-protocol-lib-mongodb-0.1.1.jar!/:0.1.1]
	at org.factoryx.library.connector.embedded.provider.service.deserializers.V_08_Deserializer.deserializeContractTerminationMessage(V_08_Deserializer.java:80) ~[dataspace-protocol-lib-mongodb-0.1.1.jar!/:0.1.1]
	at org.factoryx.library.connector.embedded.provider.service.deserializers.V_08_Deserializer.deserializeContractTerminationMessage(V_08_Deserializer.java:80) ~[dataspace-protocol-lib-mongodb-0.1.1.jar!/:0.1.1]
	at org.factoryx.library.connector.embedded.provider.service.deserializers.V_08_Deserializer.deserializeContractTerminationMessage(V_08_Deserializer.java:80) ~[dataspace-protocol-lib-mongodb-0.1.1.jar!/:0.1.1]
	at org.factoryx.library.connector.embedded.provider.service.deserializers.V_08_Deserializer.deserializeContractTerminationMessage(V_08_Deserializer.java:80) ~[dataspace-protocol-lib-mongodb-0.1.1.jar!/:0.1.1]
	at org.factoryx.library.connector.embedded.provider.service.deserializers.V_08_Deserializer.deserializeContractTerminationMessage(V_08_Deserializer.java:80) ~[dataspace-protocol-lib-mongodb-0.1.1.jar!/:0.1.1]
	at org.factoryx.library.connector.embedded.provider.service.deserializers.V_08_Deserializer.deserializeContractTerminationMessage(V_08_Deserializer.java:80) ~[dataspace-protocol-lib-mongodb-0.1.1.jar!/:0.1.1]
	at org.factoryx.library.connector.embedded.provider.service.deserializers.V_08_Deserializer.deserializeContractTerminationMessage(V_08_Deserializer.java:80) ~[dataspace-protocol-lib-mongodb-0.1.1.jar!/:0.1.1]
	at org.factoryx.library.connector.embedded.provider.service.deserializers.V_08_Deserializer.deserializeContractTerminationMessage(V_08_Deserializer.java:80) ~[dataspace-protocol-lib-mongodb-0.1.1.jar!/:0.1.1]
	at org.factoryx.library.connector.embedded.provider.service.deserializers.V_08_Deserializer.deserializeContractTerminationMessage(V_08_Deserializer.java:80) ~[dataspace-protocol-lib-mongodb-0.1.1.jar!/:0.1.1]
	at org.factoryx.library.connector.embedded.provider.service.deserializers.V_08_Deserializer.deserializeContractTerminationMessage(V_08_Deserializer.java:80) ~[dataspace-protocol-lib-mongodb-0.1.1.jar!/:0.1.1]
	at org.factoryx.library.connector.embedded.provider.service.deserializers.V_08_Deserializer.deserializeContractTerminationMessage(V_08_Deserializer.java:80) ~[dataspace-protocol-lib-mongodb-0.1.1.jar!/:0.1.1]
	at org.factoryx.library.connector.embedded.provider.service.deserializers.V_08_Deserializer.deserializeContractTerminationMessage(V_08_Deserializer.java:80) ~[dataspace-protocol-lib-mongodb-0.1.1.jar!/:0.1.1]
	at org.factoryx.library.connector.embedded.provider.service.deserializers.V_08_Deserializer.deserializeContractTerminationMessage(V_08_Deserializer.java:80) ~[dataspace-protocol-lib-mongodb-0.1.1.jar!/:0.1.1]
	at org.factoryx.library.connector.embedded.provider.service.deserializers.V_08_Deserializer.deserializeContractTerminationMessage(V_08_Deserializer.java:80) ~[dataspace-protocol-lib-mongodb-0.1.1.jar!/:0.1.1]
	at org.factoryx.library.connector.embedded.provider.service.deserializers.V_08_Deserializer.deserializeContractTerminationMessage(V_08_Deserializer.java:80) ~[dataspace-protocol-lib-mongodb-0.1.1.jar!/:0.1.1]
	at org.factoryx.library.connector.embedded.provider.service.deserializers.V_08_Deserializer.deserializeContractTerminationMessage(V_08_Deserializer.java:80) ~[dataspace-protocol-lib-mongodb-0.1.1.jar!/:0.1.1]
	at org.factoryx.library.connector.embedded.provider.service.deserializers.V_08_Deserializer.deserializeContractTerminationMessage(V_08_Deserializer.java:80) ~[dataspace-protocol-lib-mongodb-0.1.1.jar!/:0.1.1]
	at org.factoryx.library.connector.embedded.provider.service.deserializers.V_08_Deserializer.deserializeContractTerminationMessage(V_08_Deserializer.java:80) ~[dataspace-protocol-lib-mongodb-0.1.1.jar!/:0.1.1]
	at org.factoryx.library.connector.embedded.provider.service.deserializers.V_08_Deserializer.deserializeContractTerminationMessage(V_08_Deserializer.java:80) ~[dataspace-protocol-lib-mongodb-0.1.1.jar!/:0.1.1]
	at org.factoryx.library.connector.embedded.provider.service.deserializers.V_08_Deserializer.deserializeContractTerminationMessage(V_08_Deserializer.java:80) ~[dataspace-protocol-lib-mongodb-0.1.1.jar!/:0.1.1]
	at org.factoryx.library.connector.embedded.provider.service.deserializers.V_08_Deserializer.deserializeContractTerminationMessage(V_08_Deserializer.java:80) ~[dataspace-protocol-lib-mongodb-0.1.1.jar!/:0.1.1]
	at org.factoryx.library.connector.embedded.provider.service.deserializers.V_08_Deserializer.deserializeContractTerminationMessage(V_08_Deserializer.java:80) ~[dataspace-protocol-lib-mongodb-0.1.1.jar!/:0.1.1]
	at org.factoryx.library.connector.embedded.provider.service.deserializers.V_08_Deserializer.deserializeContractTerminationMessage(V_08_Deserializer.java:80) ~[dataspace-protocol-lib-mongodb-0.1.1.jar!/:0.1.1]
	at org.factoryx.library.connector.embedded.provider.service.deserializers.V_08_Deserializer.deserializeContractTerminationMessage(V_08_Deserializer.java:80) ~[dataspace-protocol-lib-mongodb-0.1.1.jar!/:0.1.1]
	at org.factoryx.library.connector.embedded.provider.service.deserializers.V_08_Deserializer.deserializeContractTerminationMessage(V_08_Deserializer.java:80) ~[dataspace-protocol-lib-mongodb-0.1.1.jar!/:0.1.1]
	at org.factoryx.library.connector.embedded.provider.service.deserializers.V_08_Deserializer.deserializeContractTerminationMessage(V_08_Deserializer.java:80) ~[dataspace-protocol-lib-mongodb-0.1.1.jar!/:0.1.1]
	at org.factoryx.library.connector.embedded.provider.service.deserializers.V_08_Deserializer.deserializeContractTerminationMessage(V_08_Deserializer.java:80) ~[dataspace-protocol-lib-mongodb-0.1.1.jar!/:0.1.1]
	at org.factoryx.library.connector.embedded.provider.service.deserializers.V_08_Deserializer.deserializeContractTerminationMessage(V_08_Deserializer.java:80) ~[dataspace-protocol-lib-mongodb-0.1.1.jar!/:0.1.1]
	at org.factoryx.library.connector.embedded.provider.service.deserializers.V_08_Deserializer.deserializeContractTerminationMessage(V_08_Deserializer.java:80) ~[dataspace-protocol-lib-mongodb-0.1.1.jar!/:0.1.1]
	at org.factoryx.library.connector.embedded.provider.service.deserializers.V_08_Deserializer.deserializeContractTerminationMessage(V_08_Deserializer.java:80) ~[dataspace-protocol-lib-mongodb-0.1.1.jar!/:0.1.1]
	at org.factoryx.library.connector.embedded.provider.service.deserializers.V_08_Deserializer.deserializeContractTerminationMessage(V_08_Deserializer.java:80) ~[dataspace-protocol-lib-mongodb-0.1.1.jar!/:0.1.1]
	at org.factoryx.library.connector.embedded.provider.service.deserializers.V_08_Deserializer.deserializeContractTerminationMessage(V_08_Deserializer.java:80) ~[dataspace-protocol-lib-mongodb-0.1.1.jar!/:0.1.1]
	at org.factoryx.library.connector.embedded.provider.service.deserializers.V_08_Deserializer.deserializeContractTerminationMessage(V_08_Deserializer.java:80) ~[dataspace-protocol-lib-mongodb-0.1.1.jar!/:0.1.1]
	at org.factoryx.library.connector.embedded.provider.service.deserializers.V_08_Deserializer.deserializeContractTerminationMessage(V_08_Deserializer.java:80) ~[dataspace-protocol-lib-mongodb-0.1.1.jar!/:0.1.1]
	at org.factoryx.library.connector.embedded.provider.service.deserializers.V_08_Deserializer.deserializeContractTerminationMessage(V_08_Deserializer.java:80) ~[dataspace-protocol-lib-mongodb-0.1.1.jar!/:0.1.1]
	at org.factoryx.library.connector.embedded.provider.service.deserializers.V_08_Deserializer.deserializeContractTerminationMessage(V_08_Deserializer.java:80) ~[dataspace-protocol-lib-mongodb-0.1.1.jar!/:0.1.1]
	at org.factoryx.library.connector.embedded.provider.service.deserializers.V_08_Deserializer.deserializeContractTerminationMessage(V_08_Deserializer.java:80) ~[dataspace-protocol-lib-mongodb-0.1.1.jar!/:0.1.1]
	at org.factoryx.library.connector.embedded.provider.service.deserializers.V_08_Deserializer.deserializeContractTerminationMessage(V_08_Deserializer.java:80) ~[dataspace-protocol-lib-mongodb-0.1.1.jar!/:0.1.1]
	at org.factoryx.library.connector.embedded.provider.service.deserializers.V_08_Deserializer.deserializeContractTerminationMessage(V_08_Deserializer.java:80) ~[dataspace-protocol-lib-mongodb-0.1.1.jar!/:0.1.1]
	at org.factoryx.library.connector.embedded.provider.service.deserializers.V_08_Deserializer.deserializeContractTerminationMessage(V_08_Deserializer.java:80) ~[dataspace-protocol-lib-mongodb-0.1.1.jar!/:0.1.1]
	at org.factoryx.library.connector.embedded.provider.service.deserializers.V_08_Deserializer.deserializeContractTerminationMessage(V_08_Deserializer.java:80) ~[dataspace-protocol-lib-mongodb-0.1.1.jar!/:0.1.1]
	at org.factoryx.library.connector.embedded.provider.service.deserializers.V_08_Deserializer.deserializeContractTerminationMessage(V_08_Deserializer.java:80) ~[dataspace-protocol-lib-mongodb-0.1.1.jar!/:0.1.1]
	at org.factoryx.library.connector.embedded.provider.service.deserializers.V_08_Deserializer.deserializeContractTerminationMessage(V_08_Deserializer.java:80) ~[dataspace-protocol-lib-mongodb-0.1.1.jar!/:0.1.1]
	at org.factoryx.library.connector.embedded.provider.service.deserializers.V_08_Deserializer.deserializeContractTerminationMessage(V_08_Deserializer.java:80) ~[dataspace-protocol-lib-mongodb-0.1.1.jar!/:0.1.1]
	at org.factoryx.library.connector.embedded.provider.service.deserializers.V_08_Deserializer.deserializeContractTerminationMessage(V_08_Deserializer.java:80) ~[dataspace-protocol-lib-mongodb-0.1.1.jar!/:0.1.1]
	at org.factoryx.library.connector.embedded.provider.service.deserializers.V_08_Deserializer.deserializeContractTerminationMessage(V_08_Deserializer.java:80) ~[dataspace-protocol-lib-mongodb-0.1.1.jar!/:0.1.1]
	at org.factoryx.library.connector.embedded.provider.service.deserializers.V_08_Deserializer.deserializeContractTerminationMessage(V_08_Deserializer.java:80) ~[dataspace-protocol-lib-mongodb-0.1.1.jar!/:0.1.1]
	at org.factoryx.library.connector.embedded.provider.service.deserializers.V_08_Deserializer.deserializeContractTerminationMessage(V_08_Deserializer.java:80) ~[dataspace-protocol-lib-mongodb-0.1.1.jar!/:0.1.1]
	at org.factoryx.library.connector.embedded.provider.service.deserializers.V_08_Deserializer.deserializeContractTerminationMessage(V_08_Deserializer.java:80) ~[dataspace-protocol-lib-mongodb-0.1.1.jar!/:0.1.1]
	at org.factoryx.library.connector.embedded.provider.service.deserializers.V_08_Deserializer.deserializeContractTerminationMessage(V_08_Deserializer.java:80) ~[dataspace-protocol-lib-mongodb-0.1.1.jar!/:0.1.1]
	at org.factoryx.library.connector.embedded.provider.service.deserializers.V_08_Deserializer.deserializeContractTerminationMessage(V_08_Deserializer.java:80) ~[dataspace-protocol-lib-mongodb-0.1.1.jar!/:0.1.1]
	at org.factoryx.library.connector.embedded.provider.service.deserializers.V_08_Deserializer.deserializeContractTerminationMessage(V_08_Deserializer.java:80) ~[dataspace-protocol-lib-mongodb-0.1.1.jar!/:0.1.1]
	at org.factoryx.library.connector.embedded.provider.service.deserializers.V_08_Deserializer.deserializeContractTerminationMessage(V_08_Deserializer.java:80) ~[dataspace-protocol-lib-mongodb-0.1.1.jar!/:0.1.1]
	at org.factoryx.library.connector.embedded.provider.service.deserializers.V_08_Deserializer.deserializeContractTerminationMessage(V_08_Deserializer.java:80) ~[dataspace-protocol-lib-mongodb-0.1.1.jar!/:0.1.1]
	at org.factoryx.library.connector.embedded.provider.service.deserializers.V_08_Deserializer.deserializeContractTerminationMessage(V_08_Deserializer.java:80) ~[dataspace-protocol-lib-mongodb-0.1.1.jar!/:0.1.1]
	at org.factoryx.library.connector.embedded.provider.service.deserializers.V_08_Deserializer.deserializeContractTerminationMessage(V_08_Deserializer.java:80) ~[dataspace-protocol-lib-mongodb-0.1.1.jar!/:0.1.1]
	at org.factoryx.library.connector.embedded.provider.service.deserializers.V_08_Deserializer.deserializeContractTerminationMessage(V_08_Deserializer.java:80) ~[dataspace-protocol-lib-mongodb-0.1.1.jar!/:0.1.1]
	at org.factoryx.library.connector.embedded.provider.service.deserializers.V_08_Deserializer.deserializeContractTerminationMessage(V_08_Deserializer.java:80) ~[dataspace-protocol-lib-mongodb-0.1.1.jar!/:0.1.1]
	at org.factoryx.library.connector.embedded.provider.service.deserializers.V_08_Deserializer.deserializeContractTerminationMessage(V_08_Deserializer.java:80) ~[dataspace-protocol-lib-mongodb-0.1.1.jar!/:0.1.1]
	at org.factoryx.library.connector.embedded.provider.service.deserializers.V_08_Deserializer.deserializeContractTerminationMessage(V_08_Deserializer.java:80) ~[dataspace-protocol-lib-mongodb-0.1.1.jar!/:0.1.1]
	at org.factoryx.library.connector.embedded.provider.service.deserializers.V_08_Deserializer.deserializeContractTerminationMessage(V_08_Deserializer.java:80) ~[dataspace-protocol-lib-mongodb-0.1.1.jar!/:0.1.1]
	at org.factoryx.library.connector.embedded.provider.service.deserializers.V_08_Deserializer.deserializeContractTerminationMessage(V_08_Deserializer.java:80) ~[dataspace-protocol-lib-mongodb-0.1.1.jar!/:0.1.1]
	at org.factoryx.library.connector.embedded.provider.service.deserializers.V_08_Deserializer.deserializeContractTerminationMessage(V_08_Deserializer.java:80) ~[dataspace-protocol-lib-mongodb-0.1.1.jar!/:0.1.1]
	at org.factoryx.library.connector.embedded.provider.service.deserializers.V_08_Deserializer.deserializeContractTerminationMessage(V_08_Deserializer.java:80) ~[dataspace-protocol-lib-mongodb-0.1.1.jar!/:0.1.1]
	at org.factoryx.library.connector.embedded.provider.service.deserializers.V_08_Deserializer.deserializeContractTerminationMessage(V_08_Deserializer.java:80) ~[dataspace-protocol-lib-mongodb-0.1.1.jar!/:0.1.1]
	at org.factoryx.library.connector.embedded.provider.service.deserializers.V_08_Deserializer.deserializeContractTerminationMessage(V_08_Deserializer.java:80) ~[dataspace-protocol-lib-mongodb-0.1.1.jar!/:0.1.1]
	at org.factoryx.library.connector.embedded.provider.service.deserializers.V_08_Deserializer.deserializeContractTerminationMessage(V_08_Deserializer.java:80) ~[dataspace-protocol-lib-mongodb-0.1.1.jar!/:0.1.1]
	at org.factoryx.library.connector.embedded.provider.service.deserializers.V_08_Deserializer.deserializeContractTerminationMessage(V_08_Deserializer.java:80) ~[dataspace-protocol-lib-mongodb-0.1.1.jar!/:0.1.1]
	at org.factoryx.library.connector.embedded.provider.service.deserializers.V_08_Deserializer.deserializeContractTerminationMessage(V_08_Deserializer.java:80) ~[dataspace-protocol-lib-mongodb-0.1.1.jar!/:0.1.1]
	at org.factoryx.library.connector.embedded.provider.service.deserializers.V_08_Deserializer.deserializeContractTerminationMessage(V_08_Deserializer.java:80) ~[dataspace-protocol-lib-mongodb-0.1.1.jar!/:0.1.1]
	at org.factoryx.library.connector.embedded.provider.service.deserializers.V_08_Deserializer.deserializeContractTerminationMessage(V_08_Deserializer.java:80) ~[dataspace-protocol-lib-mongodb-0.1.1.jar!/:0.1.1]
	at org.factoryx.library.connector.embedded.provider.service.deserializers.V_08_Deserializer.deserializeContractTerminationMessage(V_08_Deserializer.java:80) ~[dataspace-protocol-lib-mongodb-0.1.1.jar!/:0.1.1]
	at org.factoryx.library.connector.embedded.provider.service.deserializers.V_08_Deserializer.deserializeContractTerminationMessage(V_08_Deserializer.java:80) ~[dataspace-protocol-lib-mongodb-0.1.1.jar!/:0.1.1]
	at org.factoryx.library.connector.embedded.provider.service.deserializers.V_08_Deserializer.deserializeContractTerminationMessage(V_08_Deserializer.java:80) ~[dataspace-protocol-lib-mongodb-0.1.1.jar!/:0.1.1]
	at org.factoryx.library.connector.embedded.provider.service.deserializers.V_08_Deserializer.deserializeContractTerminationMessage(V_08_Deserializer.java:80) ~[dataspace-protocol-lib-mongodb-0.1.1.jar!/:0.1.1]
	at org.factoryx.library.connector.embedded.provider.service.deserializers.V_08_Deserializer.deserializeContractTerminationMessage(V_08_Deserializer.java:80) ~[dataspace-protocol-lib-mongodb-0.1.1.jar!/:0.1.1]
	at org.factoryx.library.connector.embedded.provider.service.deserializers.V_08_Deserializer.deserializeContractTerminationMessage(V_08_Deserializer.java:80) ~[dataspace-protocol-lib-mongodb-0.1.1.jar!/:0.1.1]
	at org.factoryx.library.connector.embedded.provider.service.deserializers.V_08_Deserializer.deserializeContractTerminationMessage(V_08_Deserializer.java:80) ~[dataspace-protocol-lib-mongodb-0.1.1.jar!/:0.1.1]
	at org.factoryx.library.connector.embedded.provider.service.deserializers.V_08_Deserializer.deserializeContractTerminationMessage(V_08_Deserializer.java:80) ~[dataspace-protocol-lib-mongodb-0.1.1.jar!/:0.1.1]
	at org.factoryx.library.connector.embedded.provider.service.deserializers.V_08_Deserializer.deserializeContractTerminationMessage(V_08_Deserializer.java:80) ~[dataspace-protocol-lib-mongodb-0.1.1.jar!/:0.1.1]
	at org.factoryx.library.connector.embedded.provider.service.deserializers.V_08_Deserializer.deserializeContractTerminationMessage(V_08_Deserializer.java:80) ~[dataspace-protocol-lib-mongodb-0.1.1.jar!/:0.1.1]
	at org.factoryx.library.connector.embedded.provider.service.deserializers.V_08_Deserializer.deserializeContractTerminationMessage(V_08_Deserializer.java:80) ~[dataspace-protocol-lib-mongodb-0.1.1.jar!/:0.1.1]
	at org.factoryx.library.connector.embedded.provider.service.deserializers.V_08_Deserializer.deserializeContractTerminationMessage(V_08_Deserializer.java:80) ~[dataspace-protocol-lib-mongodb-0.1.1.jar!/:0.1.1]
	at org.factoryx.library.connector.embedded.provider.service.deserializers.V_08_Deserializer.deserializeContractTerminationMessage(V_08_Deserializer.java:80) ~[dataspace-protocol-lib-mongodb-0.1.1.jar!/:0.1.1]
	at org.factoryx.library.connector.embedded.provider.service.deserializers.V_08_Deserializer.deserializeContractTerminationMessage(V_08_Deserializer.java:80) ~[dataspace-protocol-lib-mongodb-0.1.1.jar!/:0.1.1]
	at org.factoryx.library.connector.embedded.provider.service.deserializers.V_08_Deserializer.deserializeContractTerminationMessage(V_08_Deserializer.java:80) ~[dataspace-protocol-lib-mongodb-0.1.1.jar!/:0.1.1]
	at org.factoryx.library.connector.embedded.provider.service.deserializers.V_08_Deserializer.deserializeContractTerminationMessage(V_08_Deserializer.java:80) ~[dataspace-protocol-lib-mongodb-0.1.1.jar!/:0.1.1]
	at org.factoryx.library.connector.embedded.provider.service.deserializers.V_08_Deserializer.deserializeContractTerminationMessage(V_08_Deserializer.java:80) ~[dataspace-protocol-lib-mongodb-0.1.1.jar!/:0.1.1]
	at org.factoryx.library.connector.embedded.provider.service.deserializers.V_08_Deserializer.deserializeContractTerminationMessage(V_08_Deserializer.java:80) ~[dataspace-protocol-lib-mongodb-0.1.1.jar!/:0.1.1]
	at org.factoryx.library.connector.embedded.provider.service.deserializers.V_08_Deserializer.deserializeContractTerminationMessage(V_08_Deserializer.java:80) ~[dataspace-protocol-lib-mongodb-0.1.1.jar!/:0.1.1]
	at org.factoryx.library.connector.embedded.provider.service.deserializers.V_08_Deserializer.deserializeContractTerminationMessage(V_08_Deserializer.java:80) ~[dataspace-protocol-lib-mongodb-0.1.1.jar!/:0.1.1]
	at org.factoryx.library.connector.embedded.provider.service.deserializers.V_08_Deserializer.deserializeContractTerminationMessage(V_08_Deserializer.java:80) ~[dataspace-protocol-lib-mongodb-0.1.1.jar!/:0.1.1]
	at org.factoryx.library.connector.embedded.provider.service.deserializers.V_08_Deserializer.deserializeContractTerminationMessage(V_08_Deserializer.java:80) ~[dataspace-protocol-lib-mongodb-0.1.1.jar!/:0.1.1]
	at org.factoryx.library.connector.embedded.provider.service.deserializers.V_08_Deserializer.deserializeContractTerminationMessage(V_08_Deserializer.java:80) ~[dataspace-protocol-lib-mongodb-0.1.1.jar!/:0.1.1]
	at org.factoryx.library.connector.embedded.provider.service.deserializers.V_08_Deserializer.deserializeContractTerminationMessage(V_08_Deserializer.java:80) ~[dataspace-protocol-lib-mongodb-0.1.1.jar!/:0.1.1]
	at org.factoryx.library.connector.embedded.provider.service.deserializers.V_08_Deserializer.deserializeContractTerminationMessage(V_08_Deserializer.java:80) ~[dataspace-protocol-lib-mongodb-0.1.1.jar!/:0.1.1]
	at org.factoryx.library.connector.embedded.provider.service.deserializers.V_08_Deserializer.deserializeContractTerminationMessage(V_08_Deserializer.java:80) ~[dataspace-protocol-lib-mongodb-0.1.1.jar!/:0.1.1]
	at org.factoryx.library.connector.embedded.provider.service.deserializers.V_08_Deserializer.deserializeContractTerminationMessage(V_08_Deserializer.java:80) ~[dataspace-protocol-lib-mongodb-0.1.1.jar!/:0.1.1]
	at org.factoryx.library.connector.embedded.provider.service.deserializers.V_08_Deserializer.deserializeContractTerminationMessage(V_08_Deserializer.java:80) ~[dataspace-protocol-lib-mongodb-0.1.1.jar!/:0.1.1]
	at org.factoryx.library.connector.embedded.provider.service.deserializers.V_08_Deserializer.deserializeContractTerminationMessage(V_08_Deserializer.java:80) ~[dataspace-protocol-lib-mongodb-0.1.1.jar!/:0.1.1]
	at org.factoryx.library.connector.embedded.provider.service.deserializers.V_08_Deserializer.deserializeContractTerminationMessage(V_08_Deserializer.java:80) ~[dataspace-protocol-lib-mongodb-0.1.1.jar!/:0.1.1]
	at org.factoryx.library.connector.embedded.provider.service.deserializers.V_08_Deserializer.deserializeContractTerminationMessage(V_08_Deserializer.java:80) ~[dataspace-protocol-lib-mongodb-0.1.1.jar!/:0.1.1]
	at org.factoryx.library.connector.embedded.provider.service.deserializers.V_08_Deserializer.deserializeContractTerminationMessage(V_08_Deserializer.java:80) ~[dataspace-protocol-lib-mongodb-0.1.1.jar!/:0.1.1]
	at org.factoryx.library.connector.embedded.provider.service.deserializers.V_08_Deserializer.deserializeContractTerminationMessage(V_08_Deserializer.java:80) ~[dataspace-protocol-lib-mongodb-0.1.1.jar!/:0.1.1]
	at org.factoryx.library.connector.embedded.provider.service.deserializers.V_08_Deserializer.deserializeContractTerminationMessage(V_08_Deserializer.java:80) ~[dataspace-protocol-lib-mongodb-0.1.1.jar!/:0.1.1]
	at org.factoryx.library.connector.embedded.provider.service.deserializers.V_08_Deserializer.deserializeContractTerminationMessage(V_08_Deserializer.java:80) ~[dataspace-protocol-lib-mongodb-0.1.1.jar!/:0.1.1]
	at org.factoryx.library.connector.embedded.provider.service.deserializers.V_08_Deserializer.deserializeContractTerminationMessage(V_08_Deserializer.java:80) ~[dataspace-protocol-lib-mongodb-0.1.1.jar!/:0.1.1]
	at org.factoryx.library.connector.embedded.provider.service.deserializers.V_08_Deserializer.deserializeContractTerminationMessage(V_08_Deserializer.java:80) ~[dataspace-protocol-lib-mongodb-0.1.1.jar!/:0.1.1]
	at org.factoryx.library.connector.embedded.provider.service.deserializers.V_08_Deserializer.deserializeContractTerminationMessage(V_08_Deserializer.java:80) ~[dataspace-protocol-lib-mongodb-0.1.1.jar!/:0.1.1]
	at org.factoryx.library.connector.embedded.provider.service.deserializers.V_08_Deserializer.deserializeContractTerminationMessage(V_08_Deserializer.java:80) ~[dataspace-protocol-lib-mongodb-0.1.1.jar!/:0.1.1]
	at org.factoryx.library.connector.embedded.provider.service.deserializers.V_08_Deserializer.deserializeContractTerminationMessage(V_08_Deserializer.java:80) ~[dataspace-protocol-lib-mongodb-0.1.1.jar!/:0.1.1]
	at org.factoryx.library.connector.embedded.provider.service.deserializers.V_08_Deserializer.deserializeContractTerminationMessage(V_08_Deserializer.java:80) ~[dataspace-protocol-lib-mongodb-0.1.1.jar!/:0.1.1]
	at org.factoryx.library.connector.embedded.provider.service.deserializers.V_08_Deserializer.deserializeContractTerminationMessage(V_08_Deserializer.java:80) ~[dataspace-protocol-lib-mongodb-0.1.1.jar!/:0.1.1]
	at org.factoryx.library.connector.embedded.provider.service.deserializers.V_08_Deserializer.deserializeContractTerminationMessage(V_08_Deserializer.java:80) ~[dataspace-protocol-lib-mongodb-0.1.1.jar!/:0.1.1]
	at org.factoryx.library.connector.embedded.provider.service.deserializers.V_08_Deserializer.deserializeContractTerminationMessage(V_08_Deserializer.java:80) ~[dataspace-protocol-lib-mongodb-0.1.1.jar!/:0.1.1]
	at org.factoryx.library.connector.embedded.provider.service.deserializers.V_08_Deserializer.deserializeContractTerminationMessage(V_08_Deserializer.java:80) ~[dataspace-protocol-lib-mongodb-0.1.1.jar!/:0.1.1]
	at org.factoryx.library.connector.embedded.provider.service.deserializers.V_08_Deserializer.deserializeContractTerminationMessage(V_08_Deserializer.java:80) ~[dataspace-protocol-lib-mongodb-0.1.1.jar!/:0.1.1]
	at org.factoryx.library.connector.embedded.provider.service.deserializers.V_08_Deserializer.deserializeContractTerminationMessage(V_08_Deserializer.java:80) ~[dataspace-protocol-lib-mongodb-0.1.1.jar!/:0.1.1]
	at org.factoryx.library.connector.embedded.provider.service.deserializers.V_08_Deserializer.deserializeContractTerminationMessage(V_08_Deserializer.java:80) ~[dataspace-protocol-lib-mongodb-0.1.1.jar!/:0.1.1]
	at org.factoryx.library.connector.embedded.provider.service.deserializers.V_08_Deserializer.deserializeContractTerminationMessage(V_08_Deserializer.java:80) ~[dataspace-protocol-lib-mongodb-0.1.1.jar!/:0.1.1]
	at org.factoryx.library.connector.embedded.provider.service.deserializers.V_08_Deserializer.deserializeContractTerminationMessage(V_08_Deserializer.java:80) ~[dataspace-protocol-lib-mongodb-0.1.1.jar!/:0.1.1]
	at org.factoryx.library.connector.embedded.provider.service.deserializers.V_08_Deserializer.deserializeContractTerminationMessage(V_08_Deserializer.java:80) ~[dataspace-protocol-lib-mongodb-0.1.1.jar!/:0.1.1]
	at org.factoryx.library.connector.embedded.provider.service.deserializers.V_08_Deserializer.deserializeContractTerminationMessage(V_08_Deserializer.java:80) ~[dataspace-protocol-lib-mongodb-0.1.1.jar!/:0.1.1]
	at org.factoryx.library.connector.embedded.provider.service.deserializers.V_08_Deserializer.deserializeContractTerminationMessage(V_08_Deserializer.java:80) ~[dataspace-protocol-lib-mongodb-0.1.1.jar!/:0.1.1]
	at org.factoryx.library.connector.embedded.provider.service.deserializers.V_08_Deserializer.deserializeContractTerminationMessage(V_08_Deserializer.java:80) ~[dataspace-protocol-lib-mongodb-0.1.1.jar!/:0.1.1]
	at org.factoryx.library.connector.embedded.provider.service.deserializers.V_08_Deserializer.deserializeContractTerminationMessage(V_08_Deserializer.java:80) ~[dataspace-protocol-lib-mongodb-0.1.1.jar!/:0.1.1]
	at org.factoryx.library.connector.embedded.provider.service.deserializers.V_08_Deserializer.deserializeContractTerminationMessage(V_08_Deserializer.java:80) ~[dataspace-protocol-lib-mongodb-0.1.1.jar!/:0.1.1]
	at org.factoryx.library.connector.embedded.provider.service.deserializers.V_08_Deserializer.deserializeContractTerminationMessage(V_08_Deserializer.java:80) ~[dataspace-protocol-lib-mongodb-0.1.1.jar!/:0.1.1]
	at org.factoryx.library.connector.embedded.provider.service.deserializers.V_08_Deserializer.deserializeContractTerminationMessage(V_08_Deserializer.java:80) ~[dataspace-protocol-lib-mongodb-0.1.1.jar!/:0.1.1]
	at org.factoryx.library.connector.embedded.provider.service.deserializers.V_08_Deserializer.deserializeContractTerminationMessage(V_08_Deserializer.java:80) ~[dataspace-protocol-lib-mongodb-0.1.1.jar!/:0.1.1]
	at org.factoryx.library.connector.embedded.provider.service.deserializers.V_08_Deserializer.deserializeContractTerminationMessage(V_08_Deserializer.java:80) ~[dataspace-protocol-lib-mongodb-0.1.1.jar!/:0.1.1]
	at org.factoryx.library.connector.embedded.provider.service.deserializers.V_08_Deserializer.deserializeContractTerminationMessage(V_08_Deserializer.java:80) ~[dataspace-protocol-lib-mongodb-0.1.1.jar!/:0.1.1]
	at org.factoryx.library.connector.embedded.provider.service.deserializers.V_08_Deserializer.deserializeContractTerminationMessage(V_08_Deserializer.java:80) ~[dataspace-protocol-lib-mongodb-0.1.1.jar!/:0.1.1]
	at org.factoryx.library.connector.embedded.provider.service.deserializers.V_08_Deserializer.deserializeContractTerminationMessage(V_08_Deserializer.java:80) ~[dataspace-protocol-lib-mongodb-0.1.1.jar!/:0.1.1]
	at org.factoryx.library.connector.embedded.provider.service.deserializers.V_08_Deserializer.deserializeContractTerminationMessage(V_08_Deserializer.java:80) ~[dataspace-protocol-lib-mongodb-0.1.1.jar!/:0.1.1]
	at org.factoryx.library.connector.embedded.provider.service.deserializers.V_08_Deserializer.deserializeContractTerminationMessage(V_08_Deserializer.java:80) ~[dataspace-protocol-lib-mongodb-0.1.1.jar!/:0.1.1]
	at org.factoryx.library.connector.embedded.provider.service.deserializers.V_08_Deserializer.deserializeContractTerminationMessage(V_08_Deserializer.java:80) ~[dataspace-protocol-lib-mongodb-0.1.1.jar!/:0.1.1]
	at org.factoryx.library.connector.embedded.provider.service.deserializers.V_08_Deserializer.deserializeContractTerminationMessage(V_08_Deserializer.java:80) ~[dataspace-protocol-lib-mongodb-0.1.1.jar!/:0.1.1]
	at org.factoryx.library.connector.embedded.provider.service.deserializers.V_08_Deserializer.deserializeContractTerminationMessage(V_08_Deserializer.java:80) ~[dataspace-protocol-lib-mongodb-0.1.1.jar!/:0.1.1]
	at org.factoryx.library.connector.embedded.provider.service.deserializers.V_08_Deserializer.deserializeContractTerminationMessage(V_08_Deserializer.java:80) ~[dataspace-protocol-lib-mongodb-0.1.1.jar!/:0.1.1]
	at org.factoryx.library.connector.embedded.provider.service.deserializers.V_08_Deserializer.deserializeContractTerminationMessage(V_08_Deserializer.java:80) ~[dataspace-protocol-lib-mongodb-0.1.1.jar!/:0.1.1]
	at org.factoryx.library.connector.embedded.provider.service.deserializers.V_08_Deserializer.deserializeContractTerminationMessage(V_08_Deserializer.java:80) ~[dataspace-protocol-lib-mongodb-0.1.1.jar!/:0.1.1]
	at org.factoryx.library.connector.embedded.provider.service.deserializers.V_08_Deserializer.deserializeContractTerminationMessage(V_08_Deserializer.java:80) ~[dataspace-protocol-lib-mongodb-0.1.1.jar!/:0.1.1]
	at org.factoryx.library.connector.embedded.provider.service.deserializers.V_08_Deserializer.deserializeContractTerminationMessage(V_08_Deserializer.java:80) ~[dataspace-protocol-lib-mongodb-0.1.1.jar!/:0.1.1]
	at org.factoryx.library.connector.embedded.provider.service.deserializers.V_08_Deserializer.deserializeContractTerminationMessage(V_08_Deserializer.java:80) ~[dataspace-protocol-lib-mongodb-0.1.1.jar!/:0.1.1]
	at org.factoryx.library.connector.embedded.provider.service.deserializers.V_08_Deserializer.deserializeContractTerminationMessage(V_08_Deserializer.java:80) ~[dataspace-protocol-lib-mongodb-0.1.1.jar!/:0.1.1]
	at org.factoryx.library.connector.embedded.provider.service.deserializers.V_08_Deserializer.deserializeContractTerminationMessage(V_08_Deserializer.java:80) ~[dataspace-protocol-lib-mongodb-0.1.1.jar!/:0.1.1]
	at org.factoryx.library.connector.embedded.provider.service.deserializers.V_08_Deserializer.deserializeContractTerminationMessage(V_08_Deserializer.java:80) ~[dataspace-protocol-lib-mongodb-0.1.1.jar!/:0.1.1]
	at org.factoryx.library.connector.embedded.provider.service.deserializers.V_08_Deserializer.deserializeContractTerminationMessage(V_08_Deserializer.java:80) ~[dataspace-protocol-lib-mongodb-0.1.1.jar!/:0.1.1]
	at org.factoryx.library.connector.embedded.provider.service.deserializers.V_08_Deserializer.deserializeContractTerminationMessage(V_08_Deserializer.java:80) ~[dataspace-protocol-lib-mongodb-0.1.1.jar!/:0.1.1]
	at org.factoryx.library.connector.embedded.provider.service.deserializers.V_08_Deserializer.deserializeContractTerminationMessage(V_08_Deserializer.java:80) ~[dataspace-protocol-lib-mongodb-0.1.1.jar!/:0.1.1]
	at org.factoryx.library.connector.embedded.provider.service.deserializers.V_08_Deserializer.deserializeContractTerminationMessage(V_08_Deserializer.java:80) ~[dataspace-protocol-lib-mongodb-0.1.1.jar!/:0.1.1]
	at org.factoryx.library.connector.embedded.provider.service.deserializers.V_08_Deserializer.deserializeContractTerminationMessage(V_08_Deserializer.java:80) ~[dataspace-protocol-lib-mongodb-0.1.1.jar!/:0.1.1]
	at org.factoryx.library.connector.embedded.provider.service.deserializers.V_08_Deserializer.deserializeContractTerminationMessage(V_08_Deserializer.java:80) ~[dataspace-protocol-lib-mongodb-0.1.1.jar!/:0.1.1]
	at org.factoryx.library.connector.embedded.provider.service.deserializers.V_08_Deserializer.deserializeContractTerminationMessage(V_08_Deserializer.java:80) ~[dataspace-protocol-lib-mongodb-0.1.1.jar!/:0.1.1]
	at org.factoryx.library.connector.embedded.provider.service.deserializers.V_08_Deserializer.deserializeContractTerminationMessage(V_08_Deserializer.java:80) ~[dataspace-protocol-lib-mongodb-0.1.1.jar!/:0.1.1]
	at org.factoryx.library.connector.embedded.provider.service.deserializers.V_08_Deserializer.deserializeContractTerminationMessage(V_08_Deserializer.java:80) ~[dataspace-protocol-lib-mongodb-0.1.1.jar!/:0.1.1]
	at org.factoryx.library.connector.embedded.provider.service.deserializers.V_08_Deserializer.deserializeContractTerminationMessage(V_08_Deserializer.java:80) ~[dataspace-protocol-lib-mongodb-0.1.1.jar!/:0.1.1]
	at org.factoryx.library.connector.embedded.provider.service.deserializers.V_08_Deserializer.deserializeContractTerminationMessage(V_08_Deserializer.java:80) ~[dataspace-protocol-lib-mongodb-0.1.1.jar!/:0.1.1]
	at org.factoryx.library.connector.embedded.provider.service.deserializers.V_08_Deserializer.deserializeContractTerminationMessage(V_08_Deserializer.java:80) ~[dataspace-protocol-lib-mongodb-0.1.1.jar!/:0.1.1]
	at org.factoryx.library.connector.embedded.provider.service.deserializers.V_08_Deserializer.deserializeContractTerminationMessage(V_08_Deserializer.java:80) ~[dataspace-protocol-lib-mongodb-0.1.1.jar!/:0.1.1]
	at org.factoryx.library.connector.embedded.provider.service.deserializers.V_08_Deserializer.deserializeContractTerminationMessage(V_08_Deserializer.java:80) ~[dataspace-protocol-lib-mongodb-0.1.1.jar!/:0.1.1]
	at org.factoryx.library.connector.embedded.provider.service.deserializers.V_08_Deserializer.deserializeContractTerminationMessage(V_08_Deserializer.java:80) ~[dataspace-protocol-lib-mongodb-0.1.1.jar!/:0.1.1]
	at org.factoryx.library.connector.embedded.provider.service.deserializers.V_08_Deserializer.deserializeContractTerminationMessage(V_08_Deserializer.java:80) ~[dataspace-protocol-lib-mongodb-0.1.1.jar!/:0.1.1]
	at org.factoryx.library.connector.embedded.provider.service.deserializers.V_08_Deserializer.deserializeContractTerminationMessage(V_08_Deserializer.java:80) ~[dataspace-protocol-lib-mongodb-0.1.1.jar!/:0.1.1]
	at org.factoryx.library.connector.embedded.provider.service.deserializers.V_08_Deserializer.deserializeContractTerminationMessage(V_08_Deserializer.java:80) ~[dataspace-protocol-lib-mongodb-0.1.1.jar!/:0.1.1]
	at org.factoryx.library.connector.embedded.provider.service.deserializers.V_08_Deserializer.deserializeContractTerminationMessage(V_08_Deserializer.java:80) ~[dataspace-protocol-lib-mongodb-0.1.1.jar!/:0.1.1]
	at org.factoryx.library.connector.embedded.provider.service.deserializers.V_08_Deserializer.deserializeContractTerminationMessage(V_08_Deserializer.java:80) ~[dataspace-protocol-lib-mongodb-0.1.1.jar!/:0.1.1]
	at org.factoryx.library.connector.embedded.provider.service.deserializers.V_08_Deserializer.deserializeContractTerminationMessage(V_08_Deserializer.java:80) ~[dataspace-protocol-lib-mongodb-0.1.1.jar!/:0.1.1]
	at org.factoryx.library.connector.embedded.provider.service.deserializers.V_08_Deserializer.deserializeContractTerminationMessage(V_08_Deserializer.java:80) ~[dataspace-protocol-lib-mongodb-0.1.1.jar!/:0.1.1]
	at org.factoryx.library.connector.embedded.provider.service.deserializers.V_08_Deserializer.deserializeContractTerminationMessage(V_08_Deserializer.java:80) ~[dataspace-protocol-lib-mongodb-0.1.1.jar!/:0.1.1]
	at org.factoryx.library.connector.embedded.provider.service.deserializers.V_08_Deserializer.deserializeContractTerminationMessage(V_08_Deserializer.java:80) ~[dataspace-protocol-lib-mongodb-0.1.1.jar!/:0.1.1]
	at org.factoryx.library.connector.embedded.provider.service.deserializers.V_08_Deserializer.deserializeContractTerminationMessage(V_08_Deserializer.java:80) ~[dataspace-protocol-lib-mongodb-0.1.1.jar!/:0.1.1]
	at org.factoryx.library.connector.embedded.provider.service.deserializers.V_08_Deserializer.deserializeContractTerminationMessage(V_08_Deserializer.java:80) ~[dataspace-protocol-lib-mongodb-0.1.1.jar!/:0.1.1]
	at org.factoryx.library.connector.embedded.provider.service.deserializers.V_08_Deserializer.deserializeContractTerminationMessage(V_08_Deserializer.java:80) ~[dataspace-protocol-lib-mongodb-0.1.1.jar!/:0.1.1]
	at org.factoryx.library.connector.embedded.provider.service.deserializers.V_08_Deserializer.deserializeContractTerminationMessage(V_08_Deserializer.java:80) ~[dataspace-protocol-lib-mongodb-0.1.1.jar!/:0.1.1]
	at org.factoryx.library.connector.embedded.provider.service.deserializers.V_08_Deserializer.deserializeContractTerminationMessage(V_08_Deserializer.java:80) ~[dataspace-protocol-lib-mongodb-0.1.1.jar!/:0.1.1]
	at org.factoryx.library.connector.embedded.provider.service.deserializers.V_08_Deserializer.deserializeContractTerminationMessage(V_08_Deserializer.java:80) ~[dataspace-protocol-lib-mongodb-0.1.1.jar!/:0.1.1]
	at org.factoryx.library.connector.embedded.provider.service.deserializers.V_08_Deserializer.deserializeContractTerminationMessage(V_08_Deserializer.java:80) ~[dataspace-protocol-lib-mongodb-0.1.1.jar!/:0.1.1]
	at org.factoryx.library.connector.embedded.provider.service.deserializers.V_08_Deserializer.deserializeContractTerminationMessage(V_08_Deserializer.java:80) ~[dataspace-protocol-lib-mongodb-0.1.1.jar!/:0.1.1]
	at org.factoryx.library.connector.embedded.provider.service.deserializers.V_08_Deserializer.deserializeContractTerminationMessage(V_08_Deserializer.java:80) ~[dataspace-protocol-lib-mongodb-0.1.1.jar!/:0.1.1]
	at org.factoryx.library.connector.embedded.provider.service.deserializers.V_08_Deserializer.deserializeContractTerminationMessage(V_08_Deserializer.java:80) ~[dataspace-protocol-lib-mongodb-0.1.1.jar!/:0.1.1]
	at org.factoryx.library.connector.embedded.provider.service.deserializers.V_08_Deserializer.deserializeContractTerminationMessage(V_08_Deserializer.java:80) ~[dataspace-protocol-lib-mongodb-0.1.1.jar!/:0.1.1]
	at org.factoryx.library.connector.embedded.provider.service.deserializers.V_08_Deserializer.deserializeContractTerminationMessage(V_08_Deserializer.java:80) ~[dataspace-protocol-lib-mongodb-0.1.1.jar!/:0.1.1]
	at org.factoryx.library.connector.embedded.provider.service.deserializers.V_08_Deserializer.deserializeContractTerminationMessage(V_08_Deserializer.java:80) ~[dataspace-protocol-lib-mongodb-0.1.1.jar!/:0.1.1]
	at org.factoryx.library.connector.embedded.provider.service.deserializers.V_08_Deserializer.deserializeContractTerminationMessage(V_08_Deserializer.java:80) ~[dataspace-protocol-lib-mongodb-0.1.1.jar!/:0.1.1]
	at org.factoryx.library.connector.embedded.provider.service.deserializers.V_08_Deserializer.deserializeContractTerminationMessage(V_08_Deserializer.java:80) ~[dataspace-protocol-lib-mongodb-0.1.1.jar!/:0.1.1]
	at org.factoryx.library.connector.embedded.provider.service.deserializers.V_08_Deserializer.deserializeContractTerminationMessage(V_08_Deserializer.java:80) ~[dataspace-protocol-lib-mongodb-0.1.1.jar!/:0.1.1]
	at org.factoryx.library.connector.embedded.provider.service.deserializers.V_08_Deserializer.deserializeContractTerminationMessage(V_08_Deserializer.java:80) ~[dataspace-protocol-lib-mongodb-0.1.1.jar!/:0.1.1]
	at org.factoryx.library.connector.embedded.provider.service.deserializers.V_08_Deserializer.deserializeContractTerminationMessage(V_08_Deserializer.java:80) ~[dataspace-protocol-lib-mongodb-0.1.1.jar!/:0.1.1]
	at org.factoryx.library.connector.embedded.provider.service.deserializers.V_08_Deserializer.deserializeContractTerminationMessage(V_08_Deserializer.java:80) ~[dataspace-protocol-lib-mongodb-0.1.1.jar!/:0.1.1]
	at org.factoryx.library.connector.embedded.provider.service.deserializers.V_08_Deserializer.deserializeContractTerminationMessage(V_08_Deserializer.java:80) ~[dataspace-protocol-lib-mongodb-0.1.1.jar!/:0.1.1]
	at org.factoryx.library.connector.embedded.provider.service.deserializers.V_08_Deserializer.deserializeContractTerminationMessage(V_08_Deserializer.java:80) ~[dataspace-protocol-lib-mongodb-0.1.1.jar!/:0.1.1]
	at org.factoryx.library.connector.embedded.provider.service.deserializers.V_08_Deserializer.deserializeContractTerminationMessage(V_08_Deserializer.java:80) ~[dataspace-protocol-lib-mongodb-0.1.1.jar!/:0.1.1]
	at org.factoryx.library.connector.embedded.provider.service.deserializers.V_08_Deserializer.deserializeContractTerminationMessage(V_08_Deserializer.java:80) ~[dataspace-protocol-lib-mongodb-0.1.1.jar!/:0.1.1]
	at org.factoryx.library.connector.embedded.provider.service.deserializers.V_08_Deserializer.deserializeContractTerminationMessage(V_08_Deserializer.java:80) ~[dataspace-protocol-lib-mongodb-0.1.1.jar!/:0.1.1]
	at org.factoryx.library.connector.embedded.provider.service.deserializers.V_08_Deserializer.deserializeContractTerminationMessage(V_08_Deserializer.java:80) ~[dataspace-protocol-lib-mongodb-0.1.1.jar!/:0.1.1]
	at org.factoryx.library.connector.embedded.provider.service.deserializers.V_08_Deserializer.deserializeContractTerminationMessage(V_08_Deserializer.java:80) ~[dataspace-protocol-lib-mongodb-0.1.1.jar!/:0.1.1]
	at org.factoryx.library.connector.embedded.provider.service.deserializers.V_08_Deserializer.deserializeContractTerminationMessage(V_08_Deserializer.java:80) ~[dataspace-protocol-lib-mongodb-0.1.1.jar!/:0.1.1]
	at org.factoryx.library.connector.embedded.provider.service.deserializers.V_08_Deserializer.deserializeContractTerminationMessage(V_08_Deserializer.java:80) ~[dataspace-protocol-lib-mongodb-0.1.1.jar!/:0.1.1]
	at org.factoryx.library.connector.embedded.provider.service.deserializers.V_08_Deserializer.deserializeContractTerminationMessage(V_08_Deserializer.java:80) ~[dataspace-protocol-lib-mongodb-0.1.1.jar!/:0.1.1]
	at org.factoryx.library.connector.embedded.provider.service.deserializers.V_08_Deserializer.deserializeContractTerminationMessage(V_08_Deserializer.java:80) ~[dataspace-protocol-lib-mongodb-0.1.1.jar!/:0.1.1]
	at org.factoryx.library.connector.embedded.provider.service.deserializers.V_08_Deserializer.deserializeContractTerminationMessage(V_08_Deserializer.java:80) ~[dataspace-protocol-lib-mongodb-0.1.1.jar!/:0.1.1]
	at org.factoryx.library.connector.embedded.provider.service.deserializers.V_08_Deserializer.deserializeContractTerminationMessage(V_08_Deserializer.java:80) ~[dataspace-protocol-lib-mongodb-0.1.1.jar!/:0.1.1]
	at org.factoryx.library.connector.embedded.provider.service.deserializers.V_08_Deserializer.deserializeContractTerminationMessage(V_08_Deserializer.java:80) ~[dataspace-protocol-lib-mongodb-0.1.1.jar!/:0.1.1]
	at org.factoryx.library.connector.embedded.provider.service.deserializers.V_08_Deserializer.deserializeContractTerminationMessage(V_08_Deserializer.java:80) ~[dataspace-protocol-lib-mongodb-0.1.1.jar!/:0.1.1]
	at org.factoryx.library.connector.embedded.provider.service.deserializers.V_08_Deserializer.deserializeContractTerminationMessage(V_08_Deserializer.java:80) ~[dataspace-protocol-lib-mongodb-0.1.1.jar!/:0.1.1]
	at org.factoryx.library.connector.embedded.provider.service.deserializers.V_08_Deserializer.deserializeContractTerminationMessage(V_08_Deserializer.java:80) ~[dataspace-protocol-lib-mongodb-0.1.1.jar!/:0.1.1]
	at org.factoryx.library.connector.embedded.provider.service.deserializers.V_08_Deserializer.deserializeContractTerminationMessage(V_08_Deserializer.java:80) ~[dataspace-protocol-lib-mongodb-0.1.1.jar!/:0.1.1]
	at org.factoryx.library.connector.embedded.provider.service.deserializers.V_08_Deserializer.deserializeContractTerminationMessage(V_08_Deserializer.java:80) ~[dataspace-protocol-lib-mongodb-0.1.1.jar!/:0.1.1]
	at org.factoryx.library.connector.embedded.provider.service.deserializers.V_08_Deserializer.deserializeContractTerminationMessage(V_08_Deserializer.java:80) ~[dataspace-protocol-lib-mongodb-0.1.1.jar!/:0.1.1]
	at org.factoryx.library.connector.embedded.provider.service.deserializers.V_08_Deserializer.deserializeContractTerminationMessage(V_08_Deserializer.java:80) ~[dataspace-protocol-lib-mongodb-0.1.1.jar!/:0.1.1]
	at org.factoryx.library.connector.embedded.provider.service.deserializers.V_08_Deserializer.deserializeContractTerminationMessage(V_08_Deserializer.java:80) ~[dataspace-protocol-lib-mongodb-0.1.1.jar!/:0.1.1]
	at org.factoryx.library.connector.embedded.provider.service.deserializers.V_08_Deserializer.deserializeContractTerminationMessage(V_08_Deserializer.java:80) ~[dataspace-protocol-lib-mongodb-0.1.1.jar!/:0.1.1]
	at org.factoryx.library.connector.embedded.provider.service.deserializers.V_08_Deserializer.deserializeContractTerminationMessage(V_08_Deserializer.java:80) ~[dataspace-protocol-lib-mongodb-0.1.1.jar!/:0.1.1]
	at org.factoryx.library.connector.embedded.provider.service.deserializers.V_08_Deserializer.deserializeContractTerminationMessage(V_08_Deserializer.java:80) ~[dataspace-protocol-lib-mongodb-0.1.1.jar!/:0.1.1]
	at org.factoryx.library.connector.embedded.provider.service.deserializers.V_08_Deserializer.deserializeContractTerminationMessage(V_08_Deserializer.java:80) ~[dataspace-protocol-lib-mongodb-0.1.1.jar!/:0.1.1]
	at org.factoryx.library.connector.embedded.provider.service.deserializers.V_08_Deserializer.deserializeContractTerminationMessage(V_08_Deserializer.java:80) ~[dataspace-protocol-lib-mongodb-0.1.1.jar!/:0.1.1]
	at org.factoryx.library.connector.embedded.provider.service.deserializers.V_08_Deserializer.deserializeContractTerminationMessage(V_08_Deserializer.java:80) ~[dataspace-protocol-lib-mongodb-0.1.1.jar!/:0.1.1]
	at org.factoryx.library.connector.embedded.provider.service.deserializers.V_08_Deserializer.deserializeContractTerminationMessage(V_08_Deserializer.java:80) ~[dataspace-protocol-lib-mongodb-0.1.1.jar!/:0.1.1]
	at org.factoryx.library.connector.embedded.provider.service.deserializers.V_08_Deserializer.deserializeContractTerminationMessage(V_08_Deserializer.java:80) ~[dataspace-protocol-lib-mongodb-0.1.1.jar!/:0.1.1]
	at org.factoryx.library.connector.embedded.provider.service.deserializers.V_08_Deserializer.deserializeContractTerminationMessage(V_08_Deserializer.java:80) ~[dataspace-protocol-lib-mongodb-0.1.1.jar!/:0.1.1]
	at org.factoryx.library.connector.embedded.provider.service.deserializers.V_08_Deserializer.deserializeContractTerminationMessage(V_08_Deserializer.java:80) ~[dataspace-protocol-lib-mongodb-0.1.1.jar!/:0.1.1]
	at org.factoryx.library.connector.embedded.provider.service.deserializers.V_08_Deserializer.deserializeContractTerminationMessage(V_08_Deserializer.java:80) ~[dataspace-protocol-lib-mongodb-0.1.1.jar!/:0.1.1]
	at org.factoryx.library.connector.embedded.provider.service.deserializers.V_08_Deserializer.deserializeContractTerminationMessage(V_08_Deserializer.java:80) ~[dataspace-protocol-lib-mongodb-0.1.1.jar!/:0.1.1]
	at org.factoryx.library.connector.embedded.provider.service.deserializers.V_08_Deserializer.deserializeContractTerminationMessage(V_08_Deserializer.java:80) ~[dataspace-protocol-lib-mongodb-0.1.1.jar!/:0.1.1]
	at org.factoryx.library.connector.embedded.provider.service.deserializers.V_08_Deserializer.deserializeContractTerminationMessage(V_08_Deserializer.java:80) ~[dataspace-protocol-lib-mongodb-0.1.1.jar!/:0.1.1]
	at org.factoryx.library.connector.embedded.provider.service.deserializers.V_08_Deserializer.deserializeContractTerminationMessage(V_08_Deserializer.java:80) ~[dataspace-protocol-lib-mongodb-0.1.1.jar!/:0.1.1]
	at org.factoryx.library.connector.embedded.provider.service.deserializers.V_08_Deserializer.deserializeContractTerminationMessage(V_08_Deserializer.java:80) ~[dataspace-protocol-lib-mongodb-0.1.1.jar!/:0.1.1]
	at org.factoryx.library.connector.embedded.provider.service.deserializers.V_08_Deserializer.deserializeContractTerminationMessage(V_08_Deserializer.java:80) ~[dataspace-protocol-lib-mongodb-0.1.1.jar!/:0.1.1]
	at org.factoryx.library.connector.embedded.provider.service.deserializers.V_08_Deserializer.deserializeContractTerminationMessage(V_08_Deserializer.java:80) ~[dataspace-protocol-lib-mongodb-0.1.1.jar!/:0.1.1]
	at org.factoryx.library.connector.embedded.provider.service.deserializers.V_08_Deserializer.deserializeContractTerminationMessage(V_08_Deserializer.java:80) ~[dataspace-protocol-lib-mongodb-0.1.1.jar!/:0.1.1]
	at org.factoryx.library.connector.embedded.provider.service.deserializers.V_08_Deserializer.deserializeContractTerminationMessage(V_08_Deserializer.java:80) ~[dataspace-protocol-lib-mongodb-0.1.1.jar!/:0.1.1]
	at org.factoryx.library.connector.embedded.provider.service.deserializers.V_08_Deserializer.deserializeContractTerminationMessage(V_08_Deserializer.java:80) ~[dataspace-protocol-lib-mongodb-0.1.1.jar!/:0.1.1]
	at org.factoryx.library.connector.embedded.provider.service.deserializers.V_08_Deserializer.deserializeContractTerminationMessage(V_08_Deserializer.java:80) ~[dataspace-protocol-lib-mongodb-0.1.1.jar!/:0.1.1]
	at org.factoryx.library.connector.embedded.provider.service.deserializers.V_08_Deserializer.deserializeContractTerminationMessage(V_08_Deserializer.java:80) ~[dataspace-protocol-lib-mongodb-0.1.1.jar!/:0.1.1]
	at org.factoryx.library.connector.embedded.provider.service.deserializers.V_08_Deserializer.deserializeContractTerminationMessage(V_08_Deserializer.java:80) ~[dataspace-protocol-lib-mongodb-0.1.1.jar!/:0.1.1]
	at org.factoryx.library.connector.embedded.provider.service.deserializers.V_08_Deserializer.deserializeContractTerminationMessage(V_08_Deserializer.java:80) ~[dataspace-protocol-lib-mongodb-0.1.1.jar!/:0.1.1]
	at org.factoryx.library.connector.embedded.provider.service.deserializers.V_08_Deserializer.deserializeContractTerminationMessage(V_08_Deserializer.java:80) ~[dataspace-protocol-lib-mongodb-0.1.1.jar!/:0.1.1]
	at org.factoryx.library.connector.embedded.provider.service.deserializers.V_08_Deserializer.deserializeContractTerminationMessage(V_08_Deserializer.java:80) ~[dataspace-protocol-lib-mongodb-0.1.1.jar!/:0.1.1]
	at org.factoryx.library.connector.embedded.provider.service.deserializers.V_08_Deserializer.deserializeContractTerminationMessage(V_08_Deserializer.java:80) ~[dataspace-protocol-lib-mongodb-0.1.1.jar!/:0.1.1]
	at org.factoryx.library.connector.embedded.provider.service.deserializers.V_08_Deserializer.deserializeContractTerminationMessage(V_08_Deserializer.java:80) ~[dataspace-protocol-lib-mongodb-0.1.1.jar!/:0.1.1]
	at org.factoryx.library.connector.embedded.provider.service.deserializers.V_08_Deserializer.deserializeContractTerminationMessage(V_08_Deserializer.java:80) ~[dataspace-protocol-lib-mongodb-0.1.1.jar!/:0.1.1]
	at org.factoryx.library.connector.embedded.provider.service.deserializers.V_08_Deserializer.deserializeContractTerminationMessage(V_08_Deserializer.java:80) ~[dataspace-protocol-lib-mongodb-0.1.1.jar!/:0.1.1]
	at org.factoryx.library.connector.embedded.provider.service.deserializers.V_08_Deserializer.deserializeContractTerminationMessage(V_08_Deserializer.java:80) ~[dataspace-protocol-lib-mongodb-0.1.1.jar!/:0.1.1]
	at org.factoryx.library.connector.embedded.provider.service.deserializers.V_08_Deserializer.deserializeContractTerminationMessage(V_08_Deserializer.java:80) ~[dataspace-protocol-lib-mongodb-0.1.1.jar!/:0.1.1]
	at org.factoryx.library.connector.embedded.provider.service.deserializers.V_08_Deserializer.deserializeContractTerminationMessage(V_08_Deserializer.java:80) ~[dataspace-protocol-lib-mongodb-0.1.1.jar!/:0.1.1]
	at org.factoryx.library.connector.embedded.provider.service.deserializers.V_08_Deserializer.deserializeContractTerminationMessage(V_08_Deserializer.java:80) ~[dataspace-protocol-lib-mongodb-0.1.1.jar!/:0.1.1]
	at org.factoryx.library.connector.embedded.provider.service.deserializers.V_08_Deserializer.deserializeContractTerminationMessage(V_08_Deserializer.java:80) ~[dataspace-protocol-lib-mongodb-0.1.1.jar!/:0.1.1]
	at org.factoryx.library.connector.embedded.provider.service.deserializers.V_08_Deserializer.deserializeContractTerminationMessage(V_08_Deserializer.java:80) ~[dataspace-protocol-lib-mongodb-0.1.1.jar!/:0.1.1]
	at org.factoryx.library.connector.embedded.provider.service.deserializers.V_08_Deserializer.deserializeContractTerminationMessage(V_08_Deserializer.java:80) ~[dataspace-protocol-lib-mongodb-0.1.1.jar!/:0.1.1]
	at org.factoryx.library.connector.embedded.provider.service.deserializers.V_08_Deserializer.deserializeContractTerminationMessage(V_08_Deserializer.java:80) ~[dataspace-protocol-lib-mongodb-0.1.1.jar!/:0.1.1]
	at org.factoryx.library.connector.embedded.provider.service.deserializers.V_08_Deserializer.deserializeContractTerminationMessage(V_08_Deserializer.java:80) ~[dataspace-protocol-lib-mongodb-0.1.1.jar!/:0.1.1]
	at org.factoryx.library.connector.embedded.provider.service.deserializers.V_08_Deserializer.deserializeContractTerminationMessage(V_08_Deserializer.java:80) ~[dataspace-protocol-lib-mongodb-0.1.1.jar!/:0.1.1]
	at org.factoryx.library.connector.embedded.provider.service.deserializers.V_08_Deserializer.deserializeContractTerminationMessage(V_08_Deserializer.java:80) ~[dataspace-protocol-lib-mongodb-0.1.1.jar!/:0.1.1]
	at org.factoryx.library.connector.embedded.provider.service.deserializers.V_08_Deserializer.deserializeContractTerminationMessage(V_08_Deserializer.java:80) ~[dataspace-protocol-lib-mongodb-0.1.1.jar!/:0.1.1]
	at org.factoryx.library.connector.embedded.provider.service.deserializers.V_08_Deserializer.deserializeContractTerminationMessage(V_08_Deserializer.java:80) ~[dataspace-protocol-lib-mongodb-0.1.1.jar!/:0.1.1]
	at org.factoryx.library.connector.embedded.provider.service.deserializers.V_08_Deserializer.deserializeContractTerminationMessage(V_08_Deserializer.java:80) ~[dataspace-protocol-lib-mongodb-0.1.1.jar!/:0.1.1]
	at org.factoryx.library.connector.embedded.provider.service.deserializers.V_08_Deserializer.deserializeContractTerminationMessage(V_08_Deserializer.java:80) ~[dataspace-protocol-lib-mongodb-0.1.1.jar!/:0.1.1]
	at org.factoryx.library.connector.embedded.provider.service.deserializers.V_08_Deserializer.deserializeContractTerminationMessage(V_08_Deserializer.java:80) ~[dataspace-protocol-lib-mongodb-0.1.1.jar!/:0.1.1]
	at org.factoryx.library.connector.embedded.provider.service.deserializers.V_08_Deserializer.deserializeContractTerminationMessage(V_08_Deserializer.java:80) ~[dataspace-protocol-lib-mongodb-0.1.1.jar!/:0.1.1]
	at org.factoryx.library.connector.embedded.provider.service.deserializers.V_08_Deserializer.deserializeContractTerminationMessage(V_08_Deserializer.java:80) ~[dataspace-protocol-lib-mongodb-0.1.1.jar!/:0.1.1]
	at org.factoryx.library.connector.embedded.provider.service.deserializers.V_08_Deserializer.deserializeContractTerminationMessage(V_08_Deserializer.java:80) ~[dataspace-protocol-lib-mongodb-0.1.1.jar!/:0.1.1]
	at org.factoryx.library.connector.embedded.provider.service.deserializers.V_08_Deserializer.deserializeContractTerminationMessage(V_08_Deserializer.java:80) ~[dataspace-protocol-lib-mongodb-0.1.1.jar!/:0.1.1]
	at org.factoryx.library.connector.embedded.provider.service.deserializers.V_08_Deserializer.deserializeContractTerminationMessage(V_08_Deserializer.java:80) ~[dataspace-protocol-lib-mongodb-0.1.1.jar!/:0.1.1]
	at org.factoryx.library.connector.embedded.provider.service.deserializers.V_08_Deserializer.deserializeContractTerminationMessage(V_08_Deserializer.java:80) ~[dataspace-protocol-lib-mongodb-0.1.1.jar!/:0.1.1]
	at org.factoryx.library.connector.embedded.provider.service.deserializers.V_08_Deserializer.deserializeContractTerminationMessage(V_08_Deserializer.java:80) ~[dataspace-protocol-lib-mongodb-0.1.1.jar!/:0.1.1]
	at org.factoryx.library.connector.embedded.provider.service.deserializers.V_08_Deserializer.deserializeContractTerminationMessage(V_08_Deserializer.java:80) ~[dataspace-protocol-lib-mongodb-0.1.1.jar!/:0.1.1]
	at org.factoryx.library.connector.embedded.provider.service.deserializers.V_08_Deserializer.deserializeContractTerminationMessage(V_08_Deserializer.java:80) ~[dataspace-protocol-lib-mongodb-0.1.1.jar!/:0.1.1]
	at org.factoryx.library.connector.embedded.provider.service.deserializers.V_08_Deserializer.deserializeContractTerminationMessage(V_08_Deserializer.java:80) ~[dataspace-protocol-lib-mongodb-0.1.1.jar!/:0.1.1]
	at org.factoryx.library.connector.embedded.provider.service.deserializers.V_08_Deserializer.deserializeContractTerminationMessage(V_08_Deserializer.java:80) ~[dataspace-protocol-lib-mongodb-0.1.1.jar!/:0.1.1]
	at org.factoryx.library.connector.embedded.provider.service.deserializers.V_08_Deserializer.deserializeContractTerminationMessage(V_08_Deserializer.java:80) ~[dataspace-protocol-lib-mongodb-0.1.1.jar!/:0.1.1]
	at org.factoryx.library.connector.embedded.provider.service.deserializers.V_08_Deserializer.deserializeContractTerminationMessage(V_08_Deserializer.java:80) ~[dataspace-protocol-lib-mongodb-0.1.1.jar!/:0.1.1]
	at org.factoryx.library.connector.embedded.provider.service.deserializers.V_08_Deserializer.deserializeContractTerminationMessage(V_08_Deserializer.java:80) ~[dataspace-protocol-lib-mongodb-0.1.1.jar!/:0.1.1]
	at org.factoryx.library.connector.embedded.provider.service.deserializers.V_08_Deserializer.deserializeContractTerminationMessage(V_08_Deserializer.java:80) ~[dataspace-protocol-lib-mongodb-0.1.1.jar!/:0.1.1]
	at org.factoryx.library.connector.embedded.provider.service.deserializers.V_08_Deserializer.deserializeContractTerminationMessage(V_08_Deserializer.java:80) ~[dataspace-protocol-lib-mongodb-0.1.1.jar!/:0.1.1]
	at org.factoryx.library.connector.embedded.provider.service.deserializers.V_08_Deserializer.deserializeContractTerminationMessage(V_08_Deserializer.java:80) ~[dataspace-protocol-lib-mongodb-0.1.1.jar!/:0.1.1]
	at org.factoryx.library.connector.embedded.provider.service.deserializers.V_08_Deserializer.deserializeContractTerminationMessage(V_08_Deserializer.java:80) ~[dataspace-protocol-lib-mongodb-0.1.1.jar!/:0.1.1]
	at org.factoryx.library.connector.embedded.provider.service.deserializers.V_08_Deserializer.deserializeContractTerminationMessage(V_08_Deserializer.java:80) ~[dataspace-protocol-lib-mongodb-0.1.1.jar!/:0.1.1]
	at org.factoryx.library.connector.embedded.provider.service.deserializers.V_08_Deserializer.deserializeContractTerminationMessage(V_08_Deserializer.java:80) ~[dataspace-protocol-lib-mongodb-0.1.1.jar!/:0.1.1]
	at org.factoryx.library.connector.embedded.provider.service.deserializers.V_08_Deserializer.deserializeContractTerminationMessage(V_08_Deserializer.java:80) ~[dataspace-protocol-lib-mongodb-0.1.1.jar!/:0.1.1]
	at org.factoryx.library.connector.embedded.provider.service.deserializers.V_08_Deserializer.deserializeContractTerminationMessage(V_08_Deserializer.java:80) ~[dataspace-protocol-lib-mongodb-0.1.1.jar!/:0.1.1]
	at org.factoryx.library.connector.embedded.provider.service.deserializers.V_08_Deserializer.deserializeContractTerminationMessage(V_08_Deserializer.java:80) ~[dataspace-protocol-lib-mongodb-0.1.1.jar!/:0.1.1]
	at org.factoryx.library.connector.embedded.provider.service.deserializers.V_08_Deserializer.deserializeContractTerminationMessage(V_08_Deserializer.java:80) ~[dataspace-protocol-lib-mongodb-0.1.1.jar!/:0.1.1]
	at org.factoryx.library.connector.embedded.provider.service.deserializers.V_08_Deserializer.deserializeContractTerminationMessage(V_08_Deserializer.java:80) ~[dataspace-protocol-lib-mongodb-0.1.1.jar!/:0.1.1]
	at org.factoryx.library.connector.embedded.provider.service.deserializers.V_08_Deserializer.deserializeContractTerminationMessage(V_08_Deserializer.java:80) ~[dataspace-protocol-lib-mongodb-0.1.1.jar!/:0.1.1]
	at org.factoryx.library.connector.embedded.provider.service.deserializers.V_08_Deserializer.deserializeContractTerminationMessage(V_08_Deserializer.java:80) ~[dataspace-protocol-lib-mongodb-0.1.1.jar!/:0.1.1]
	at org.factoryx.library.connector.embedded.provider.service.deserializers.V_08_Deserializer.deserializeContractTerminationMessage(V_08_Deserializer.java:80) ~[dataspace-protocol-lib-mongodb-0.1.1.jar!/:0.1.1]
	at org.factoryx.library.connector.embedded.provider.service.deserializers.V_08_Deserializer.deserializeContractTerminationMessage(V_08_Deserializer.java:80) ~[dataspace-protocol-lib-mongodb-0.1.1.jar!/:0.1.1]
	at org.factoryx.library.connector.embedded.provider.service.deserializers.V_08_Deserializer.deserializeContractTerminationMessage(V_08_Deserializer.java:80) ~[dataspace-protocol-lib-mongodb-0.1.1.jar!/:0.1.1]
	at org.factoryx.library.connector.embedded.provider.service.deserializers.V_08_Deserializer.deserializeContractTerminationMessage(V_08_Deserializer.java:80) ~[dataspace-protocol-lib-mongodb-0.1.1.jar!/:0.1.1]
	at org.factoryx.library.connector.embedded.provider.service.deserializers.V_08_Deserializer.deserializeContractTerminationMessage(V_08_Deserializer.java:80) ~[dataspace-protocol-lib-mongodb-0.1.1.jar!/:0.1.1]
	at org.factoryx.library.connector.embedded.provider.service.deserializers.V_08_Deserializer.deserializeContractTerminationMessage(V_08_Deserializer.java:80) ~[dataspace-protocol-lib-mongodb-0.1.1.jar!/:0.1.1]
	at org.factoryx.library.connector.embedded.provider.service.deserializers.V_08_Deserializer.deserializeContractTerminationMessage(V_08_Deserializer.java:80) ~[dataspace-protocol-lib-mongodb-0.1.1.jar!/:0.1.1]
	at org.factoryx.library.connector.embedded.provider.service.deserializers.V_08_Deserializer.deserializeContractTerminationMessage(V_08_Deserializer.java:80) ~[dataspace-protocol-lib-mongodb-0.1.1.jar!/:0.1.1]
	at org.factoryx.library.connector.embedded.provider.service.deserializers.V_08_Deserializer.deserializeContractTerminationMessage(V_08_Deserializer.java:80) ~[dataspace-protocol-lib-mongodb-0.1.1.jar!/:0.1.1]
	at org.factoryx.library.connector.embedded.provider.service.deserializers.V_08_Deserializer.deserializeContractTerminationMessage(V_08_Deserializer.java:80) ~[dataspace-protocol-lib-mongodb-0.1.1.jar!/:0.1.1]
	at org.factoryx.library.connector.embedded.provider.service.deserializers.V_08_Deserializer.deserializeContractTerminationMessage(V_08_Deserializer.java:80) ~[dataspace-protocol-lib-mongodb-0.1.1.jar!/:0.1.1]
	at org.factoryx.library.connector.embedded.provider.service.deserializers.V_08_Deserializer.deserializeContractTerminationMessage(V_08_Deserializer.java:80) ~[dataspace-protocol-lib-mongodb-0.1.1.jar!/:0.1.1]
	at org.factoryx.library.connector.embedded.provider.service.deserializers.V_08_Deserializer.deserializeContractTerminationMessage(V_08_Deserializer.java:80) ~[dataspace-protocol-lib-mongodb-0.1.1.jar!/:0.1.1]
	at org.factoryx.library.connector.embedded.provider.service.deserializers.V_08_Deserializer.deserializeContractTerminationMessage(V_08_Deserializer.java:80) ~[dataspace-protocol-lib-mongodb-0.1.1.jar!/:0.1.1]
	at org.factoryx.library.connector.embedded.provider.service.deserializers.V_08_Deserializer.deserializeContractTerminationMessage(V_08_Deserializer.java:80) ~[dataspace-protocol-lib-mongodb-0.1.1.jar!/:0.1.1]
	at org.factoryx.library.connector.embedded.provider.service.deserializers.V_08_Deserializer.deserializeContractTerminationMessage(V_08_Deserializer.java:80) ~[dataspace-protocol-lib-mongodb-0.1.1.jar!/:0.1.1]
	at org.factoryx.library.connector.embedded.provider.service.deserializers.V_08_Deserializer.deserializeContractTerminationMessage(V_08_Deserializer.java:80) ~[dataspace-protocol-lib-mongodb-0.1.1.jar!/:0.1.1]
	at org.factoryx.library.connector.embedded.provider.service.deserializers.V_08_Deserializer.deserializeContractTerminationMessage(V_08_Deserializer.java:80) ~[dataspace-protocol-lib-mongodb-0.1.1.jar!/:0.1.1]
	at org.factoryx.library.connector.embedded.provider.service.deserializers.V_08_Deserializer.deserializeContractTerminationMessage(V_08_Deserializer.java:80) ~[dataspace-protocol-lib-mongodb-0.1.1.jar!/:0.1.1]
	at org.factoryx.library.connector.embedded.provider.service.deserializers.V_08_Deserializer.deserializeContractTerminationMessage(V_08_Deserializer.java:80) ~[dataspace-protocol-lib-mongodb-0.1.1.jar!/:0.1.1]
	at org.factoryx.library.connector.embedded.provider.service.deserializers.V_08_Deserializer.deserializeContractTerminationMessage(V_08_Deserializer.java:80) ~[dataspace-protocol-lib-mongodb-0.1.1.jar!/:0.1.1]
	at org.factoryx.library.connector.embedded.provider.service.deserializers.V_08_Deserializer.deserializeContractTerminationMessage(V_08_Deserializer.java:80) ~[dataspace-protocol-lib-mongodb-0.1.1.jar!/:0.1.1]
	at org.factoryx.library.connector.embedded.provider.service.deserializers.V_08_Deserializer.deserializeContractTerminationMessage(V_08_Deserializer.java:80) ~[dataspace-protocol-lib-mongodb-0.1.1.jar!/:0.1.1]
	at org.factoryx.library.connector.embedded.provider.service.deserializers.V_08_Deserializer.deserializeContractTerminationMessage(V_08_Deserializer.java:80) ~[dataspace-protocol-lib-mongodb-0.1.1.jar!/:0.1.1]
	at org.factoryx.library.connector.embedded.provider.service.deserializers.V_08_Deserializer.deserializeContractTerminationMessage(V_08_Deserializer.java:80) ~[dataspace-protocol-lib-mongodb-0.1.1.jar!/:0.1.1]
	at org.factoryx.library.connector.embedded.provider.service.deserializers.V_08_Deserializer.deserializeContractTerminationMessage(V_08_Deserializer.java:80) ~[dataspace-protocol-lib-mongodb-0.1.1.jar!/:0.1.1]
	at org.factoryx.library.connector.embedded.provider.service.deserializers.V_08_Deserializer.deserializeContractTerminationMessage(V_08_Deserializer.java:80) ~[dataspace-protocol-lib-mongodb-0.1.1.jar!/:0.1.1]
	at org.factoryx.library.connector.embedded.provider.service.deserializers.V_08_Deserializer.deserializeContractTerminationMessage(V_08_Deserializer.java:80) ~[dataspace-protocol-lib-mongodb-0.1.1.jar!/:0.1.1]
	at org.factoryx.library.connector.embedded.provider.service.deserializers.V_08_Deserializer.deserializeContractTerminationMessage(V_08_Deserializer.java:80) ~[dataspace-protocol-lib-mongodb-0.1.1.jar!/:0.1.1]
	at org.factoryx.library.connector.embedded.provider.service.deserializers.V_08_Deserializer.deserializeContractTerminationMessage(V_08_Deserializer.java:80) ~[dataspace-protocol-lib-mongodb-0.1.1.jar!/:0.1.1]
	at org.factoryx.library.connector.embedded.provider.service.deserializers.V_08_Deserializer.deserializeContractTerminationMessage(V_08_Deserializer.java:80) ~[dataspace-protocol-lib-mongodb-0.1.1.jar!/:0.1.1]
	at org.factoryx.library.connector.embedded.provider.service.deserializers.V_08_Deserializer.deserializeContractTerminationMessage(V_08_Deserializer.java:80) ~[dataspace-protocol-lib-mongodb-0.1.1.jar!/:0.1.1]
	at org.factoryx.library.connector.embedded.provider.service.deserializers.V_08_Deserializer.deserializeContractTerminationMessage(V_08_Deserializer.java:80) ~[dataspace-protocol-lib-mongodb-0.1.1.jar!/:0.1.1]
	at org.factoryx.library.connector.embedded.provider.service.deserializers.V_08_Deserializer.deserializeContractTerminationMessage(V_08_Deserializer.java:80) ~[dataspace-protocol-lib-mongodb-0.1.1.jar!/:0.1.1]
	at org.factoryx.library.connector.embedded.provider.service.deserializers.V_08_Deserializer.deserializeContractTerminationMessage(V_08_Deserializer.java:80) ~[dataspace-protocol-lib-mongodb-0.1.1.jar!/:0.1.1]
	at org.factoryx.library.connector.embedded.provider.service.deserializers.V_08_Deserializer.deserializeContractTerminationMessage(V_08_Deserializer.java:80) ~[dataspace-protocol-lib-mongodb-0.1.1.jar!/:0.1.1]
	at org.factoryx.library.connector.embedded.provider.service.deserializers.V_08_Deserializer.deserializeContractTerminationMessage(V_08_Deserializer.java:80) ~[dataspace-protocol-lib-mongodb-0.1.1.jar!/:0.1.1]
	at org.factoryx.library.connector.embedded.provider.service.deserializers.V_08_Deserializer.deserializeContractTerminationMessage(V_08_Deserializer.java:80) ~[dataspace-protocol-lib-mongodb-0.1.1.jar!/:0.1.1]
	at org.factoryx.library.connector.embedded.provider.service.deserializers.V_08_Deserializer.deserializeContractTerminationMessage(V_08_Deserializer.java:80) ~[dataspace-protocol-lib-mongodb-0.1.1.jar!/:0.1.1]
	at org.factoryx.library.connector.embedded.provider.service.deserializers.V_08_Deserializer.deserializeContractTerminationMessage(V_08_Deserializer.java:80) ~[dataspace-protocol-lib-mongodb-0.1.1.jar!/:0.1.1]
	at org.factoryx.library.connector.embedded.provider.service.deserializers.V_08_Deserializer.deserializeContractTerminationMessage(V_08_Deserializer.java:80) ~[dataspace-protocol-lib-mongodb-0.1.1.jar!/:0.1.1]
	at org.factoryx.library.connector.embedded.provider.service.deserializers.V_08_Deserializer.deserializeContractTerminationMessage(V_08_Deserializer.java:80) ~[dataspace-protocol-lib-mongodb-0.1.1.jar!/:0.1.1]
	at org.factoryx.library.connector.embedded.provider.service.deserializers.V_08_Deserializer.deserializeContractTerminationMessage(V_08_Deserializer.java:80) ~[dataspace-protocol-lib-mongodb-0.1.1.jar!/:0.1.1]
	at org.factoryx.library.connector.embedded.provider.service.deserializers.V_08_Deserializer.deserializeContractTerminationMessage(V_08_Deserializer.java:80) ~[dataspace-protocol-lib-mongodb-0.1.1.jar!/:0.1.1]
	at org.factoryx.library.connector.embedded.provider.service.deserializers.V_08_Deserializer.deserializeContractTerminationMessage(V_08_Deserializer.java:80) ~[dataspace-protocol-lib-mongodb-0.1.1.jar!/:0.1.1]
	at org.factoryx.library.connector.embedded.provider.service.deserializers.V_08_Deserializer.deserializeContractTerminationMessage(V_08_Deserializer.java:80) ~[dataspace-protocol-lib-mongodb-0.1.1.jar!/:0.1.1]
	at org.factoryx.library.connector.embedded.provider.service.deserializers.V_08_Deserializer.deserializeContractTerminationMessage(V_08_Deserializer.java:80) ~[dataspace-protocol-lib-mongodb-0.1.1.jar!/:0.1.1]
	at org.factoryx.library.connector.embedded.provider.service.deserializers.V_08_Deserializer.deserializeContractTerminationMessage(V_08_Deserializer.java:80) ~[dataspace-protocol-lib-mongodb-0.1.1.jar!/:0.1.1]
	at org.factoryx.library.connector.embedded.provider.service.deserializers.V_08_Deserializer.deserializeContractTerminationMessage(V_08_Deserializer.java:80) ~[dataspace-protocol-lib-mongodb-0.1.1.jar!/:0.1.1]
	at org.factoryx.library.connector.embedded.provider.service.deserializers.V_08_Deserializer.deserializeContractTerminationMessage(V_08_Deserializer.java:80) ~[dataspace-protocol-lib-mongodb-0.1.1.jar!/:0.1.1]
	at org.factoryx.library.connector.embedded.provider.service.deserializers.V_08_Deserializer.deserializeContractTerminationMessage(V_08_Deserializer.java:80) ~[dataspace-protocol-lib-mongodb-0.1.1.jar!/:0.1.1]
	at org.factoryx.library.connector.embedded.provider.service.deserializers.V_08_Deserializer.deserializeContractTerminationMessage(V_08_Deserializer.java:80) ~[dataspace-protocol-lib-mongodb-0.1.1.jar!/:0.1.1]
	at org.factoryx.library.connector.embedded.provider.service.deserializers.V_08_Deserializer.deserializeContractTerminationMessage(V_08_Deserializer.java:80) ~[dataspace-protocol-lib-mongodb-0.1.1.jar!/:0.1.1]
	at org.factoryx.library.connector.embedded.provider.service.deserializers.V_08_Deserializer.deserializeContractTerminationMessage(V_08_Deserializer.java:80) ~[dataspace-protocol-lib-mongodb-0.1.1.jar!/:0.1.1]
	at org.factoryx.library.connector.embedded.provider.service.deserializers.V_08_Deserializer.deserializeContractTerminationMessage(V_08_Deserializer.java:80) ~[dataspace-protocol-lib-mongodb-0.1.1.jar!/:0.1.1]
	at org.factoryx.library.connector.embedded.provider.service.deserializers.V_08_Deserializer.deserializeContractTerminationMessage(V_08_Deserializer.java:80) ~[dataspace-protocol-lib-mongodb-0.1.1.jar!/:0.1.1]
	at org.factoryx.library.connector.embedded.provider.service.deserializers.V_08_Deserializer.deserializeContractTerminationMessage(V_08_Deserializer.java:80) ~[dataspace-protocol-lib-mongodb-0.1.1.jar!/:0.1.1]
	at org.factoryx.library.connector.embedded.provider.service.deserializers.V_08_Deserializer.deserializeContractTerminationMessage(V_08_Deserializer.java:80) ~[dataspace-protocol-lib-mongodb-0.1.1.jar!/:0.1.1]
	at org.factoryx.library.connector.embedded.provider.service.deserializers.V_08_Deserializer.deserializeContractTerminationMessage(V_08_Deserializer.java:80) ~[dataspace-protocol-lib-mongodb-0.1.1.jar!/:0.1.1]
	at org.factoryx.library.connector.embedded.provider.service.deserializers.V_08_Deserializer.deserializeContractTerminationMessage(V_08_Deserializer.java:80) ~[dataspace-protocol-lib-mongodb-0.1.1.jar!/:0.1.1]
	at org.factoryx.library.connector.embedded.provider.service.deserializers.V_08_Deserializer.deserializeContractTerminationMessage(V_08_Deserializer.java:80) ~[dataspace-protocol-lib-mongodb-0.1.1.jar!/:0.1.1]
	at org.factoryx.library.connector.embedded.provider.service.deserializers.V_08_Deserializer.deserializeContractTerminationMessage(V_08_Deserializer.java:80) ~[dataspace-protocol-lib-mongodb-0.1.1.jar!/:0.1.1]
	at org.factoryx.library.connector.embedded.provider.service.deserializers.V_08_Deserializer.deserializeContractTerminationMessage(V_08_Deserializer.java:80) ~[dataspace-protocol-lib-mongodb-0.1.1.jar!/:0.1.1]
	at org.factoryx.library.connector.embedded.provider.service.deserializers.V_08_Deserializer.deserializeContractTerminationMessage(V_08_Deserializer.java:80) ~[dataspace-protocol-lib-mongodb-0.1.1.jar!/:0.1.1]
	at org.factoryx.library.connector.embedded.provider.service.deserializers.V_08_Deserializer.deserializeContractTerminationMessage(V_08_Deserializer.java:80) ~[dataspace-protocol-lib-mongodb-0.1.1.jar!/:0.1.1]
	at org.factoryx.library.connector.embedded.provider.service.deserializers.V_08_Deserializer.deserializeContractTerminationMessage(V_08_Deserializer.java:80) ~[dataspace-protocol-lib-mongodb-0.1.1.jar!/:0.1.1]
	at org.factoryx.library.connector.embedded.provider.service.deserializers.V_08_Deserializer.deserializeContractTerminationMessage(V_08_Deserializer.java:80) ~[dataspace-protocol-lib-mongodb-0.1.1.jar!/:0.1.1]
	at org.factoryx.library.connector.embedded.provider.service.deserializers.V_08_Deserializer.deserializeContractTerminationMessage(V_08_Deserializer.java:80) ~[dataspace-protocol-lib-mongodb-0.1.1.jar!/:0.1.1]
	at org.factoryx.library.connector.embedded.provider.service.deserializers.V_08_Deserializer.deserializeContractTerminationMessage(V_08_Deserializer.java:80) ~[dataspace-protocol-lib-mongodb-0.1.1.jar!/:0.1.1]
	at org.factoryx.library.connector.embedded.provider.service.deserializers.V_08_Deserializer.deserializeContractTerminationMessage(V_08_Deserializer.java:80) ~[dataspace-protocol-lib-mongodb-0.1.1.jar!/:0.1.1]
	at org.factoryx.library.connector.embedded.provider.service.deserializers.V_08_Deserializer.deserializeContractTerminationMessage(V_08_Deserializer.java:80) ~[dataspace-protocol-lib-mongodb-0.1.1.jar!/:0.1.1]
	at org.factoryx.library.connector.embedded.provider.service.deserializers.V_08_Deserializer.deserializeContractTerminationMessage(V_08_Deserializer.java:80) ~[dataspace-protocol-lib-mongodb-0.1.1.jar!/:0.1.1]
	at org.factoryx.library.connector.embedded.provider.service.deserializers.V_08_Deserializer.deserializeContractTerminationMessage(V_08_Deserializer.java:80) ~[dataspace-protocol-lib-mongodb-0.1.1.jar!/:0.1.1]
	at org.factoryx.library.connector.embedded.provider.service.deserializers.V_08_Deserializer.deserializeContractTerminationMessage(V_08_Deserializer.java:80) ~[dataspace-protocol-lib-mongodb-0.1.1.jar!/:0.1.1]
	at org.factoryx.library.connector.embedded.provider.service.deserializers.V_08_Deserializer.deserializeContractTerminationMessage(V_08_Deserializer.java:80) ~[dataspace-protocol-lib-mongodb-0.1.1.jar!/:0.1.1]
	at org.factoryx.library.connector.embedded.provider.service.deserializers.V_08_Deserializer.deserializeContractTerminationMessage(V_08_Deserializer.java:80) ~[dataspace-protocol-lib-mongodb-0.1.1.jar!/:0.1.1]
	at org.factoryx.library.connector.embedded.provider.service.deserializers.V_08_Deserializer.deserializeContractTerminationMessage(V_08_Deserializer.java:80) ~[dataspace-protocol-lib-mongodb-0.1.1.jar!/:0.1.1]
	at org.factoryx.library.connector.embedded.provider.service.deserializers.V_08_Deserializer.deserializeContractTerminationMessage(V_08_Deserializer.java:80) ~[dataspace-protocol-lib-mongodb-0.1.1.jar!/:0.1.1]
	at org.factoryx.library.connector.embedded.provider.service.deserializers.V_08_Deserializer.deserializeContractTerminationMessage(V_08_Deserializer.java:80) ~[dataspace-protocol-lib-mongodb-0.1.1.jar!/:0.1.1]
	at org.factoryx.library.connector.embedded.provider.service.deserializers.V_08_Deserializer.deserializeContractTerminationMessage(V_08_Deserializer.java:80) ~[dataspace-protocol-lib-mongodb-0.1.1.jar!/:0.1.1]
	at org.factoryx.library.connector.embedded.provider.service.deserializers.V_08_Deserializer.deserializeContractTerminationMessage(V_08_Deserializer.java:80) ~[dataspace-protocol-lib-mongodb-0.1.1.jar!/:0.1.1]
	at org.factoryx.library.connector.embedded.provider.service.deserializers.V_08_Deserializer.deserializeContractTerminationMessage(V_08_Deserializer.java:80) ~[dataspace-protocol-lib-mongodb-0.1.1.jar!/:0.1.1]
	at org.factoryx.library.connector.embedded.provider.service.deserializers.V_08_Deserializer.deserializeContractTerminationMessage(V_08_Deserializer.java:80) ~[dataspace-protocol-lib-mongodb-0.1.1.jar!/:0.1.1]
	at org.factoryx.library.connector.embedded.provider.service.deserializers.V_08_Deserializer.deserializeContractTerminationMessage(V_08_Deserializer.java:80) ~[dataspace-protocol-lib-mongodb-0.1.1.jar!/:0.1.1]
	at org.factoryx.library.connector.embedded.provider.service.deserializers.V_08_Deserializer.deserializeContractTerminationMessage(V_08_Deserializer.java:80) ~[dataspace-protocol-lib-mongodb-0.1.1.jar!/:0.1.1]
	at org.factoryx.library.connector.embedded.provider.service.deserializers.V_08_Deserializer.deserializeContractTerminationMessage(V_08_Deserializer.java:80) ~[dataspace-protocol-lib-mongodb-0.1.1.jar!/:0.1.1]
	at org.factoryx.library.connector.embedded.provider.service.deserializers.V_08_Deserializer.deserializeContractTerminationMessage(V_08_Deserializer.java:80) ~[dataspace-protocol-lib-mongodb-0.1.1.jar!/:0.1.1]
	at org.factoryx.library.connector.embedded.provider.service.deserializers.V_08_Deserializer.deserializeContractTerminationMessage(V_08_Deserializer.java:80) ~[dataspace-protocol-lib-mongodb-0.1.1.jar!/:0.1.1]
	at org.factoryx.library.connector.embedded.provider.service.deserializers.V_08_Deserializer.deserializeContractTerminationMessage(V_08_Deserializer.java:80) ~[dataspace-protocol-lib-mongodb-0.1.1.jar!/:0.1.1]
	at org.factoryx.library.connector.embedded.provider.service.deserializers.V_08_Deserializer.deserializeContractTerminationMessage(V_08_Deserializer.java:80) ~[dataspace-protocol-lib-mongodb-0.1.1.jar!/:0.1.1]
	at org.factoryx.library.connector.embedded.provider.service.deserializers.V_08_Deserializer.deserializeContractTerminationMessage(V_08_Deserializer.java:80) ~[dataspace-protocol-lib-mongodb-0.1.1.jar!/:0.1.1]
	at org.factoryx.library.connector.embedded.provider.service.deserializers.V_08_Deserializer.deserializeContractTerminationMessage(V_08_Deserializer.java:80) ~[dataspace-protocol-lib-mongodb-0.1.1.jar!/:0.1.1]
	at org.factoryx.library.connector.embedded.provider.service.deserializers.V_08_Deserializer.deserializeContractTerminationMessage(V_08_Deserializer.java:80) ~[dataspace-protocol-lib-mongodb-0.1.1.jar!/:0.1.1]
	at org.factoryx.library.connector.embedded.provider.service.deserializers.V_08_Deserializer.deserializeContractTerminationMessage(V_08_Deserializer.java:80) ~[dataspace-protocol-lib-mongodb-0.1.1.jar!/:0.1.1]
	at org.factoryx.library.connector.embedded.provider.service.deserializers.V_08_Deserializer.deserializeContractTerminationMessage(V_08_Deserializer.java:80) ~[dataspace-protocol-lib-mongodb-0.1.1.jar!/:0.1.1]
	at org.factoryx.library.connector.embedded.provider.service.deserializers.V_08_Deserializer.deserializeContractTerminationMessage(V_08_Deserializer.java:80) ~[dataspace-protocol-lib-mongodb-0.1.1.jar!/:0.1.1]
	at org.factoryx.library.connector.embedded.provider.service.deserializers.V_08_Deserializer.deserializeContractTerminationMessage(V_08_Deserializer.java:80) ~[dataspace-protocol-lib-mongodb-0.1.1.jar!/:0.1.1]
	at org.factoryx.library.connector.embedded.provider.service.deserializers.V_08_Deserializer.deserializeContractTerminationMessage(V_08_Deserializer.java:80) ~[dataspace-protocol-lib-mongodb-0.1.1.jar!/:0.1.1]
	at org.factoryx.library.connector.embedded.provider.service.deserializers.V_08_Deserializer.deserializeContractTerminationMessage(V_08_Deserializer.java:80) ~[dataspace-protocol-lib-mongodb-0.1.1.jar!/:0.1.1]
	at org.factoryx.library.connector.embedded.provider.service.deserializers.V_08_Deserializer.deserializeContractTerminationMessage(V_08_Deserializer.java:80) ~[dataspace-protocol-lib-mongodb-0.1.1.jar!/:0.1.1]
	at org.factoryx.library.connector.embedded.provider.service.deserializers.V_08_Deserializer.deserializeContractTerminationMessage(V_08_Deserializer.java:80) ~[dataspace-protocol-lib-mongodb-0.1.1.jar!/:0.1.1]
	at org.factoryx.library.connector.embedded.provider.service.deserializers.V_08_Deserializer.deserializeContractTerminationMessage(V_08_Deserializer.java:80) ~[dataspace-protocol-lib-mongodb-0.1.1.jar!/:0.1.1]
	at org.factoryx.library.connector.embedded.provider.service.deserializers.V_08_Deserializer.deserializeContractTerminationMessage(V_08_Deserializer.java:80) ~[dataspace-protocol-lib-mongodb-0.1.1.jar!/:0.1.1]
	at org.factoryx.library.connector.embedded.provider.service.deserializers.V_08_Deserializer.deserializeContractTerminationMessage(V_08_Deserializer.java:80) ~[dataspace-protocol-lib-mongodb-0.1.1.jar!/:0.1.1]
	at org.factoryx.library.connector.embedded.provider.service.deserializers.V_08_Deserializer.deserializeContractTerminationMessage(V_08_Deserializer.java:80) ~[dataspace-protocol-lib-mongodb-0.1.1.jar!/:0.1.1]
	at org.factoryx.library.connector.embedded.provider.service.deserializers.V_08_Deserializer.deserializeContractTerminationMessage(V_08_Deserializer.java:80) ~[dataspace-protocol-lib-mongodb-0.1.1.jar!/:0.1.1]
	at org.factoryx.library.connector.embedded.provider.service.deserializers.V_08_Deserializer.deserializeContractTerminationMessage(V_08_Deserializer.java:80) ~[dataspace-protocol-lib-mongodb-0.1.1.jar!/:0.1.1]
	at org.factoryx.library.connector.embedded.provider.service.deserializers.V_08_Deserializer.deserializeContractTerminationMessage(V_08_Deserializer.java:80) ~[dataspace-protocol-lib-mongodb-0.1.1.jar!/:0.1.1]
	at org.factoryx.library.connector.embedded.provider.service.deserializers.V_08_Deserializer.deserializeContractTerminationMessage(V_08_Deserializer.java:80) ~[dataspace-protocol-lib-mongodb-0.1.1.jar!/:0.1.1]
	at org.factoryx.library.connector.embedded.provider.service.deserializers.V_08_Deserializer.deserializeContractTerminationMessage(V_08_Deserializer.java:80) ~[dataspace-protocol-lib-mongodb-0.1.1.jar!/:0.1.1]
	at org.factoryx.library.connector.embedded.provider.service.deserializers.V_08_Deserializer.deserializeContractTerminationMessage(V_08_Deserializer.java:80) ~[dataspace-protocol-lib-mongodb-0.1.1.jar!/:0.1.1]
	at org.factoryx.library.connector.embedded.provider.service.deserializers.V_08_Deserializer.deserializeContractTerminationMessage(V_08_Deserializer.java:80) ~[dataspace-protocol-lib-mongodb-0.1.1.jar!/:0.1.1]
	at org.factoryx.library.connector.embedded.provider.service.deserializers.V_08_Deserializer.deserializeContractTerminationMessage(V_08_Deserializer.java:80) ~[dataspace-protocol-lib-mongodb-0.1.1.jar!/:0.1.1]
	at org.factoryx.library.connector.embedded.provider.service.deserializers.V_08_Deserializer.deserializeContractTerminationMessage(V_08_Deserializer.java:80) ~[dataspace-protocol-lib-mongodb-0.1.1.jar!/:0.1.1]
	at org.factoryx.library.connector.embedded.provider.service.deserializers.V_08_Deserializer.deserializeContractTerminationMessage(V_08_Deserializer.java:80) ~[dataspace-protocol-lib-mongodb-0.1.1.jar!/:0.1.1]
	at org.factoryx.library.connector.embedded.provider.service.deserializers.V_08_Deserializer.deserializeContractTerminationMessage(V_08_Deserializer.java:80) ~[dataspace-protocol-lib-mongodb-0.1.1.jar!/:0.1.1]
	at org.factoryx.library.connector.embedded.provider.service.deserializers.V_08_Deserializer.deserializeContractTerminationMessage(V_08_Deserializer.java:80) ~[dataspace-protocol-lib-mongodb-0.1.1.jar!/:0.1.1]
	at org.factoryx.library.connector.embedded.provider.service.deserializers.V_08_Deserializer.deserializeContractTerminationMessage(V_08_Deserializer.java:80) ~[dataspace-protocol-lib-mongodb-0.1.1.jar!/:0.1.1]
	at org.factoryx.library.connector.embedded.provider.service.deserializers.V_08_Deserializer.deserializeContractTerminationMessage(V_08_Deserializer.java:80) ~[dataspace-protocol-lib-mongodb-0.1.1.jar!/:0.1.1]
	at org.factoryx.library.connector.embedded.provider.service.deserializers.V_08_Deserializer.deserializeContractTerminationMessage(V_08_Deserializer.java:80) ~[dataspace-protocol-lib-mongodb-0.1.1.jar!/:0.1.1]
	at org.factoryx.library.connector.embedded.provider.service.deserializers.V_08_Deserializer.deserializeContractTerminationMessage(V_08_Deserializer.java:80) ~[dataspace-protocol-lib-mongodb-0.1.1.jar!/:0.1.1]
	at org.factoryx.library.connector.embedded.provider.service.deserializers.V_08_Deserializer.deserializeContractTerminationMessage(V_08_Deserializer.java:80) ~[dataspace-protocol-lib-mongodb-0.1.1.jar!/:0.1.1]
	at org.factoryx.library.connector.embedded.provider.service.deserializers.V_08_Deserializer.deserializeContractTerminationMessage(V_08_Deserializer.java:80) ~[dataspace-protocol-lib-mongodb-0.1.1.jar!/:0.1.1]
	at org.factoryx.library.connector.embedded.provider.service.deserializers.V_08_Deserializer.deserializeContractTerminationMessage(V_08_Deserializer.java:80) ~[dataspace-protocol-lib-mongodb-0.1.1.jar!/:0.1.1]
	at org.factoryx.library.connector.embedded.provider.service.deserializers.V_08_Deserializer.deserializeContractTerminationMessage(V_08_Deserializer.java:80) ~[dataspace-protocol-lib-mongodb-0.1.1.jar!/:0.1.1]
	at org.factoryx.library.connector.embedded.provider.service.deserializers.V_08_Deserializer.deserializeContractTerminationMessage(V_08_Deserializer.java:80) ~[dataspace-protocol-lib-mongodb-0.1.1.jar!/:0.1.1]
	at org.factoryx.library.connector.embedded.provider.service.deserializers.V_08_Deserializer.deserializeContractTerminationMessage(V_08_Deserializer.java:80) ~[dataspace-protocol-lib-mongodb-0.1.1.jar!/:0.1.1]
	at org.factoryx.library.connector.embedded.provider.service.deserializers.V_08_Deserializer.deserializeContractTerminationMessage(V_08_Deserializer.java:80) ~[dataspace-protocol-lib-mongodb-0.1.1.jar!/:0.1.1]
	at org.factoryx.library.connector.embedded.provider.service.deserializers.V_08_Deserializer.deserializeContractTerminationMessage(V_08_Deserializer.java:80) ~[dataspace-protocol-lib-mongodb-0.1.1.jar!/:0.1.1]
	at org.factoryx.library.connector.embedded.provider.service.deserializers.V_08_Deserializer.deserializeContractTerminationMessage(V_08_Deserializer.java:80) ~[dataspace-protocol-lib-mongodb-0.1.1.jar!/:0.1.1]
	at org.factoryx.library.connector.embedded.provider.service.deserializers.V_08_Deserializer.deserializeContractTerminationMessage(V_08_Deserializer.java:80) ~[dataspace-protocol-lib-mongodb-0.1.1.jar!/:0.1.1]
	at org.factoryx.library.connector.embedded.provider.service.deserializers.V_08_Deserializer.deserializeContractTerminationMessage(V_08_Deserializer.java:80) ~[dataspace-protocol-lib-mongodb-0.1.1.jar!/:0.1.1]
	at org.factoryx.library.connector.embedded.provider.service.deserializers.V_08_Deserializer.deserializeContractTerminationMessage(V_08_Deserializer.java:80) ~[dataspace-protocol-lib-mongodb-0.1.1.jar!/:0.1.1]
	at org.factoryx.library.connector.embedded.provider.service.deserializers.V_08_Deserializer.deserializeContractTerminationMessage(V_08_Deserializer.java:80) ~[dataspace-protocol-lib-mongodb-0.1.1.jar!/:0.1.1]
	at org.factoryx.library.connector.embedded.provider.service.deserializers.V_08_Deserializer.deserializeContractTerminationMessage(V_08_Deserializer.java:80) ~[dataspace-protocol-lib-mongodb-0.1.1.jar!/:0.1.1]
	at org.factoryx.library.connector.embedded.provider.service.deserializers.V_08_Deserializer.deserializeContractTerminationMessage(V_08_Deserializer.java:80) ~[dataspace-protocol-lib-mongodb-0.1.1.jar!/:0.1.1]
	at org.factoryx.library.connector.embedded.provider.service.deserializers.V_08_Deserializer.deserializeContractTerminationMessage(V_08_Deserializer.java:80) ~[dataspace-protocol-lib-mongodb-0.1.1.jar!/:0.1.1]
	at org.factoryx.library.connector.embedded.provider.service.deserializers.V_08_Deserializer.deserializeContractTerminationMessage(V_08_Deserializer.java:80) ~[dataspace-protocol-lib-mongodb-0.1.1.jar!/:0.1.1]
	at org.factoryx.library.connector.embedded.provider.service.deserializers.V_08_Deserializer.deserializeContractTerminationMessage(V_08_Deserializer.java:80) ~[dataspace-protocol-lib-mongodb-0.1.1.jar!/:0.1.1]
	at org.factoryx.library.connector.embedded.provider.service.deserializers.V_08_Deserializer.deserializeContractTerminationMessage(V_08_Deserializer.java:80) ~[dataspace-protocol-lib-mongodb-0.1.1.jar!/:0.1.1]
	at org.factoryx.library.connector.embedded.provider.service.deserializers.V_08_Deserializer.deserializeContractTerminationMessage(V_08_Deserializer.java:80) ~[dataspace-protocol-lib-mongodb-0.1.1.jar!/:0.1.1]
	at org.factoryx.library.connector.embedded.provider.service.deserializers.V_08_Deserializer.deserializeContractTerminationMessage(V_08_Deserializer.java:80) ~[dataspace-protocol-lib-mongodb-0.1.1.jar!/:0.1.1]
	at org.factoryx.library.connector.embedded.provider.service.deserializers.V_08_Deserializer.deserializeContractTerminationMessage(V_08_Deserializer.java:80) ~[dataspace-protocol-lib-mongodb-0.1.1.jar!/:0.1.1]
	at org.factoryx.library.connector.embedded.provider.service.deserializers.V_08_Deserializer.deserializeContractTerminationMessage(V_08_Deserializer.java:80) ~[dataspace-protocol-lib-mongodb-0.1.1.jar!/:0.1.1]
	at org.factoryx.library.connector.embedded.provider.service.deserializers.V_08_Deserializer.deserializeContractTerminationMessage(V_08_Deserializer.java:80) ~[dataspace-protocol-lib-mongodb-0.1.1.jar!/:0.1.1]
	at org.factoryx.library.connector.embedded.provider.service.deserializers.V_08_Deserializer.deserializeContractTerminationMessage(V_08_Deserializer.java:80) ~[dataspace-protocol-lib-mongodb-0.1.1.jar!/:0.1.1]
	at org.factoryx.library.connector.embedded.provider.service.deserializers.V_08_Deserializer.deserializeContractTerminationMessage(V_08_Deserializer.java:80) ~[dataspace-protocol-lib-mongodb-0.1.1.jar!/:0.1.1]
	at org.factoryx.library.connector.embedded.provider.service.deserializers.V_08_Deserializer.deserializeContractTerminationMessage(V_08_Deserializer.java:80) ~[dataspace-protocol-lib-mongodb-0.1.1.jar!/:0.1.1]
	at org.factoryx.library.connector.embedded.provider.service.deserializers.V_08_Deserializer.deserializeContractTerminationMessage(V_08_Deserializer.java:80) ~[dataspace-protocol-lib-mongodb-0.1.1.jar!/:0.1.1]
	at org.factoryx.library.connector.embedded.provider.service.deserializers.V_08_Deserializer.deserializeContractTerminationMessage(V_08_Deserializer.java:80) ~[dataspace-protocol-lib-mongodb-0.1.1.jar!/:0.1.1]
	at org.factoryx.library.connector.embedded.provider.service.deserializers.V_08_Deserializer.deserializeContractTerminationMessage(V_08_Deserializer.java:80) ~[dataspace-protocol-lib-mongodb-0.1.1.jar!/:0.1.1]
	at org.factoryx.library.connector.embedded.provider.service.deserializers.V_08_Deserializer.deserializeContractTerminationMessage(V_08_Deserializer.java:80) ~[dataspace-protocol-lib-mongodb-0.1.1.jar!/:0.1.1]
	at org.factoryx.library.connector.embedded.provider.service.deserializers.V_08_Deserializer.deserializeContractTerminationMessage(V_08_Deserializer.java:80) ~[dataspace-protocol-lib-mongodb-0.1.1.jar!/:0.1.1]
	at org.factoryx.library.connector.embedded.provider.service.deserializers.V_08_Deserializer.deserializeContractTerminationMessage(V_08_Deserializer.java:80) ~[dataspace-protocol-lib-mongodb-0.1.1.jar!/:0.1.1]
	at org.factoryx.library.connector.embedded.provider.service.deserializers.V_08_Deserializer.deserializeContractTerminationMessage(V_08_Deserializer.java:80) ~[dataspace-protocol-lib-mongodb-0.1.1.jar!/:0.1.1]
	at org.factoryx.library.connector.embedded.provider.service.deserializers.V_08_Deserializer.deserializeContractTerminationMessage(V_08_Deserializer.java:80) ~[dataspace-protocol-lib-mongodb-0.1.1.jar!/:0.1.1]
	at org.factoryx.library.connector.embedded.provider.service.deserializers.V_08_Deserializer.deserializeContractTerminationMessage(V_08_Deserializer.java:80) ~[dataspace-protocol-lib-mongodb-0.1.1.jar!/:0.1.1]
	at org.factoryx.library.connector.embedded.provider.service.deserializers.V_08_Deserializer.deserializeContractTerminationMessage(V_08_Deserializer.java:80) ~[dataspace-protocol-lib-mongodb-0.1.1.jar!/:0.1.1]
	at org.factoryx.library.connector.embedded.provider.service.deserializers.V_08_Deserializer.deserializeContractTerminationMessage(V_08_Deserializer.java:80) ~[dataspace-protocol-lib-mongodb-0.1.1.jar!/:0.1.1]
	at org.factoryx.library.connector.embedded.provider.service.deserializers.V_08_Deserializer.deserializeContractTerminationMessage(V_08_Deserializer.java:80) ~[dataspace-protocol-lib-mongodb-0.1.1.jar!/:0.1.1]
	at org.factoryx.library.connector.embedded.provider.service.deserializers.V_08_Deserializer.deserializeContractTerminationMessage(V_08_Deserializer.java:80) ~[dataspace-protocol-lib-mongodb-0.1.1.jar!/:0.1.1]
	at org.factoryx.library.connector.embedded.provider.service.deserializers.V_08_Deserializer.deserializeContractTerminationMessage(V_08_Deserializer.java:80) ~[dataspace-protocol-lib-mongodb-0.1.1.jar!/:0.1.1]
	at org.factoryx.library.connector.embedded.provider.service.deserializers.V_08_Deserializer.deserializeContractTerminationMessage(V_08_Deserializer.java:80) ~[dataspace-protocol-lib-mongodb-0.1.1.jar!/:0.1.1]
	at org.factoryx.library.connector.embedded.provider.service.deserializers.V_08_Deserializer.deserializeContractTerminationMessage(V_08_Deserializer.java:80) ~[dataspace-protocol-lib-mongodb-0.1.1.jar!/:0.1.1]
	at org.factoryx.library.connector.embedded.provider.service.deserializers.V_08_Deserializer.deserializeContractTerminationMessage(V_08_Deserializer.java:80) ~[dataspace-protocol-lib-mongodb-0.1.1.jar!/:0.1.1]
	at org.factoryx.library.connector.embedded.provider.service.deserializers.V_08_Deserializer.deserializeContractTerminationMessage(V_08_Deserializer.java:80) ~[dataspace-protocol-lib-mongodb-0.1.1.jar!/:0.1.1]
	at org.factoryx.library.connector.embedded.provider.service.deserializers.V_08_Deserializer.deserializeContractTerminationMessage(V_08_Deserializer.java:80) ~[dataspace-protocol-lib-mongodb-0.1.1.jar!/:0.1.1]
	at org.factoryx.library.connector.embedded.provider.service.deserializers.V_08_Deserializer.deserializeContractTerminationMessage(V_08_Deserializer.java:80) ~[dataspace-protocol-lib-mongodb-0.1.1.jar!/:0.1.1]
	at org.factoryx.library.connector.embedded.provider.service.deserializers.V_08_Deserializer.deserializeContractTerminationMessage(V_08_Deserializer.java:80) ~[dataspace-protocol-lib-mongodb-0.1.1.jar!/:0.1.1]
	at org.factoryx.library.connector.embedded.provider.service.deserializers.V_08_Deserializer.deserializeContractTerminationMessage(V_08_Deserializer.java:80) ~[dataspace-protocol-lib-mongodb-0.1.1.jar!/:0.1.1]
	at org.factoryx.library.connector.embedded.provider.service.deserializers.V_08_Deserializer.deserializeContractTerminationMessage(V_08_Deserializer.java:80) ~[dataspace-protocol-lib-mongodb-0.1.1.jar!/:0.1.1]
	at org.factoryx.library.connector.embedded.provider.service.deserializers.V_08_Deserializer.deserializeContractTerminationMessage(V_08_Deserializer.java:80) ~[dataspace-protocol-lib-mongodb-0.1.1.jar!/:0.1.1]
	at org.factoryx.library.connector.embedded.provider.service.deserializers.V_08_Deserializer.deserializeContractTerminationMessage(V_08_Deserializer.java:80) ~[dataspace-protocol-lib-mongodb-0.1.1.jar!/:0.1.1]
	at org.factoryx.library.connector.embedded.provider.service.deserializers.V_08_Deserializer.deserializeContractTerminationMessage(V_08_Deserializer.java:80) ~[dataspace-protocol-lib-mongodb-0.1.1.jar!/:0.1.1]
	at org.factoryx.library.connector.embedded.provider.service.deserializers.V_08_Deserializer.deserializeContractTerminationMessage(V_08_Deserializer.java:80) ~[dataspace-protocol-lib-mongodb-0.1.1.jar!/:0.1.1]
	at org.factoryx.library.connector.embedded.provider.service.deserializers.V_08_Deserializer.deserializeContractTerminationMessage(V_08_Deserializer.java:80) ~[dataspace-protocol-lib-mongodb-0.1.1.jar!/:0.1.1]
	at org.factoryx.library.connector.embedded.provider.service.deserializers.V_08_Deserializer.deserializeContractTerminationMessage(V_08_Deserializer.java:80) ~[dataspace-protocol-lib-mongodb-0.1.1.jar!/:0.1.1]
	at org.factoryx.library.connector.embedded.provider.service.deserializers.V_08_Deserializer.deserializeContractTerminationMessage(V_08_Deserializer.java:80) ~[dataspace-protocol-lib-mongodb-0.1.1.jar!/:0.1.1]
	at org.factoryx.library.connector.embedded.provider.service.deserializers.V_08_Deserializer.deserializeContractTerminationMessage(V_08_Deserializer.java:80) ~[dataspace-protocol-lib-mongodb-0.1.1.jar!/:0.1.1]
	at org.factoryx.library.connector.embedded.provider.service.deserializers.V_08_Deserializer.deserializeContractTerminationMessage(V_08_Deserializer.java:80) ~[dataspace-protocol-lib-mongodb-0.1.1.jar!/:0.1.1]
	at org.factoryx.library.connector.embedded.provider.service.deserializers.V_08_Deserializer.deserializeContractTerminationMessage(V_08_Deserializer.java:80) ~[dataspace-protocol-lib-mongodb-0.1.1.jar!/:0.1.1]
	at org.factoryx.library.connector.embedded.provider.service.deserializers.V_08_Deserializer.deserializeContractTerminationMessage(V_08_Deserializer.java:80) ~[dataspace-protocol-lib-mongodb-0.1.1.jar!/:0.1.1]
	at org.factoryx.library.connector.embedded.provider.service.deserializers.V_08_Deserializer.deserializeContractTerminationMessage(V_08_Deserializer.java:80) ~[dataspace-protocol-lib-mongodb-0.1.1.jar!/:0.1.1]
	at org.factoryx.library.connector.embedded.provider.service.deserializers.V_08_Deserializer.deserializeContractTerminationMessage(V_08_Deserializer.java:80) ~[dataspace-protocol-lib-mongodb-0.1.1.jar!/:0.1.1]
	at org.factoryx.library.connector.embedded.provider.service.deserializers.V_08_Deserializer.deserializeContractTerminationMessage(V_08_Deserializer.java:80) ~[dataspace-protocol-lib-mongodb-0.1.1.jar!/:0.1.1]
	at org.factoryx.library.connector.embedded.provider.service.deserializers.V_08_Deserializer.deserializeContractTerminationMessage(V_08_Deserializer.java:80) ~[dataspace-protocol-lib-mongodb-0.1.1.jar!/:0.1.1]
	at org.factoryx.library.connector.embedded.provider.service.deserializers.V_08_Deserializer.deserializeContractTerminationMessage(V_08_Deserializer.java:80) ~[dataspace-protocol-lib-mongodb-0.1.1.jar!/:0.1.1]
	at org.factoryx.library.connector.embedded.provider.service.deserializers.V_08_Deserializer.deserializeContractTerminationMessage(V_08_Deserializer.java:80) ~[dataspace-protocol-lib-mongodb-0.1.1.jar!/:0.1.1]
	at org.factoryx.library.connector.embedded.provider.service.deserializers.V_08_Deserializer.deserializeContractTerminationMessage(V_08_Deserializer.java:80) ~[dataspace-protocol-lib-mongodb-0.1.1.jar!/:0.1.1]
	at org.factoryx.library.connector.embedded.provider.service.deserializers.V_08_Deserializer.deserializeContractTerminationMessage(V_08_Deserializer.java:80) ~[dataspace-protocol-lib-mongodb-0.1.1.jar!/:0.1.1]
	at org.factoryx.library.connector.embedded.provider.service.deserializers.V_08_Deserializer.deserializeContractTerminationMessage(V_08_Deserializer.java:80) ~[dataspace-protocol-lib-mongodb-0.1.1.jar!/:0.1.1]
	at org.factoryx.library.connector.embedded.provider.service.deserializers.V_08_Deserializer.deserializeContractTerminationMessage(V_08_Deserializer.java:80) ~[dataspace-protocol-lib-mongodb-0.1.1.jar!/:0.1.1]
	at org.factoryx.library.connector.embedded.provider.service.deserializers.V_08_Deserializer.deserializeContractTerminationMessage(V_08_Deserializer.java:80) ~[dataspace-protocol-lib-mongodb-0.1.1.jar!/:0.1.1]
	at org.factoryx.library.connector.embedded.provider.service.deserializers.V_08_Deserializer.deserializeContractTerminationMessage(V_08_Deserializer.java:80) ~[dataspace-protocol-lib-mongodb-0.1.1.jar!/:0.1.1]
	at org.factoryx.library.connector.embedded.provider.service.deserializers.V_08_Deserializer.deserializeContractTerminationMessage(V_08_Deserializer.java:80) ~[dataspace-protocol-lib-mongodb-0.1.1.jar!/:0.1.1]
	at org.factoryx.library.connector.embedded.provider.service.deserializers.V_08_Deserializer.deserializeContractTerminationMessage(V_08_Deserializer.java:80) ~[dataspace-protocol-lib-mongodb-0.1.1.jar!/:0.1.1]
	at org.factoryx.library.connector.embedded.provider.service.deserializers.V_08_Deserializer.deserializeContractTerminationMessage(V_08_Deserializer.java:80) ~[dataspace-protocol-lib-mongodb-0.1.1.jar!/:0.1.1]
	at org.factoryx.library.connector.embedded.provider.service.deserializers.V_08_Deserializer.deserializeContractTerminationMessage(V_08_Deserializer.java:80) ~[dataspace-protocol-lib-mongodb-0.1.1.jar!/:0.1.1]
	at org.factoryx.library.connector.embedded.provider.service.deserializers.V_08_Deserializer.deserializeContractTerminationMessage(V_08_Deserializer.java:80) ~[dataspace-protocol-lib-mongodb-0.1.1.jar!/:0.1.1]
	at org.factoryx.library.connector.embedded.provider.service.deserializers.V_08_Deserializer.deserializeContractTerminationMessage(V_08_Deserializer.java:80) ~[dataspace-protocol-lib-mongodb-0.1.1.jar!/:0.1.1]
	at org.factoryx.library.connector.embedded.provider.service.deserializers.V_08_Deserializer.deserializeContractTerminationMessage(V_08_Deserializer.java:80) ~[dataspace-protocol-lib-mongodb-0.1.1.jar!/:0.1.1]
	at org.factoryx.library.connector.embedded.provider.service.deserializers.V_08_Deserializer.deserializeContractTerminationMessage(V_08_Deserializer.java:80) ~[dataspace-protocol-lib-mongodb-0.1.1.jar!/:0.1.1]
	at org.factoryx.library.connector.embedded.provider.service.deserializers.V_08_Deserializer.deserializeContractTerminationMessage(V_08_Deserializer.java:80) ~[dataspace-protocol-lib-mongodb-0.1.1.jar!/:0.1.1]
	at org.factoryx.library.connector.embedded.provider.service.deserializers.V_08_Deserializer.deserializeContractTerminationMessage(V_08_Deserializer.java:80) ~[dataspace-protocol-lib-mongodb-0.1.1.jar!/:0.1.1]
	at org.factoryx.library.connector.embedded.provider.service.deserializers.V_08_Deserializer.deserializeContractTerminationMessage(V_08_Deserializer.java:80) ~[dataspace-protocol-lib-mongodb-0.1.1.jar!/:0.1.1]
	at org.factoryx.library.connector.embedded.provider.service.deserializers.V_08_Deserializer.deserializeContractTerminationMessage(V_08_Deserializer.java:80) ~[dataspace-protocol-lib-mongodb-0.1.1.jar!/:0.1.1]
	at org.factoryx.library.connector.embedded.provider.service.deserializers.V_08_Deserializer.deserializeContractTerminationMessage(V_08_Deserializer.java:80) ~[dataspace-protocol-lib-mongodb-0.1.1.jar!/:0.1.1]
	at org.factoryx.library.connector.embedded.provider.service.deserializers.V_08_Deserializer.deserializeContractTerminationMessage(V_08_Deserializer.java:80) ~[dataspace-protocol-lib-mongodb-0.1.1.jar!/:0.1.1]
	at org.factoryx.library.connector.embedded.provider.service.deserializers.V_08_Deserializer.deserializeContractTerminationMessage(V_08_Deserializer.java:80) ~[dataspace-protocol-lib-mongodb-0.1.1.jar!/:0.1.1]
	at org.factoryx.library.connector.embedded.provider.service.deserializers.V_08_Deserializer.deserializeContractTerminationMessage(V_08_Deserializer.java:80) ~[dataspace-protocol-lib-mongodb-0.1.1.jar!/:0.1.1]
	at org.factoryx.library.connector.embedded.provider.service.deserializers.V_08_Deserializer.deserializeContractTerminationMessage(V_08_Deserializer.java:80) ~[dataspace-protocol-lib-mongodb-0.1.1.jar!/:0.1.1]
	at org.factoryx.library.connector.embedded.provider.service.deserializers.V_08_Deserializer.deserializeContractTerminationMessage(V_08_Deserializer.java:80) ~[dataspace-protocol-lib-mongodb-0.1.1.jar!/:0.1.1]
	at org.factoryx.library.connector.embedded.provider.service.deserializers.V_08_Deserializer.deserializeContractTerminationMessage(V_08_Deserializer.java:80) ~[dataspace-protocol-lib-mongodb-0.1.1.jar!/:0.1.1]
	at org.factoryx.library.connector.embedded.provider.service.deserializers.V_08_Deserializer.deserializeContractTerminationMessage(V_08_Deserializer.java:80) ~[dataspace-protocol-lib-mongodb-0.1.1.jar!/:0.1.1]
	at org.factoryx.library.connector.embedded.provider.service.deserializers.V_08_Deserializer.deserializeContractTerminationMessage(V_08_Deserializer.java:80) ~[dataspace-protocol-lib-mongodb-0.1.1.jar!/:0.1.1]
	at org.factoryx.library.connector.embedded.provider.service.deserializers.V_08_Deserializer.deserializeContractTerminationMessage(V_08_Deserializer.java:80) ~[dataspace-protocol-lib-mongodb-0.1.1.jar!/:0.1.1]
	at org.factoryx.library.connector.embedded.provider.service.deserializers.V_08_Deserializer.deserializeContractTerminationMessage(V_08_Deserializer.java:80) ~[dataspace-protocol-lib-mongodb-0.1.1.jar!/:0.1.1]
	at org.factoryx.library.connector.embedded.provider.service.deserializers.V_08_Deserializer.deserializeContractTerminationMessage(V_08_Deserializer.java:80) ~[dataspace-protocol-lib-mongodb-0.1.1.jar!/:0.1.1]
	at org.factoryx.library.connector.embedded.provider.service.deserializers.V_08_Deserializer.deserializeContractTerminationMessage(V_08_Deserializer.java:80) ~[dataspace-protocol-lib-mongodb-0.1.1.jar!/:0.1.1]
	at org.factoryx.library.connector.embedded.provider.service.deserializers.V_08_Deserializer.deserializeContractTerminationMessage(V_08_Deserializer.java:80) ~[dataspace-protocol-lib-mongodb-0.1.1.jar!/:0.1.1]
	at org.factoryx.library.connector.embedded.provider.service.deserializers.V_08_Deserializer.deserializeContractTerminationMessage(V_08_Deserializer.java:80) ~[dataspace-protocol-lib-mongodb-0.1.1.jar!/:0.1.1]
	at org.factoryx.library.connector.embedded.provider.service.deserializers.V_08_Deserializer.deserializeContractTerminationMessage(V_08_Deserializer.java:80) ~[dataspace-protocol-lib-mongodb-0.1.1.jar!/:0.1.1]
	at org.factoryx.library.connector.embedded.provider.service.deserializers.V_08_Deserializer.deserializeContractTerminationMessage(V_08_Deserializer.java:80) ~[dataspace-protocol-lib-mongodb-0.1.1.jar!/:0.1.1]
	at org.factoryx.library.connector.embedded.provider.service.deserializers.V_08_Deserializer.deserializeContractTerminationMessage(V_08_Deserializer.java:80) ~[dataspace-protocol-lib-mongodb-0.1.1.jar!/:0.1.1]
	at org.factoryx.library.connector.embedded.provider.service.deserializers.V_08_Deserializer.deserializeContractTerminationMessage(V_08_Deserializer.java:80) ~[dataspace-protocol-lib-mongodb-0.1.1.jar!/:0.1.1]
	at org.factoryx.library.connector.embedded.provider.service.deserializers.V_08_Deserializer.deserializeContractTerminationMessage(V_08_Deserializer.java:80) ~[dataspace-protocol-lib-mongodb-0.1.1.jar!/:0.1.1]
	at org.factoryx.library.connector.embedded.provider.service.deserializers.V_08_Deserializer.deserializeContractTerminationMessage(V_08_Deserializer.java:80) ~[dataspace-protocol-lib-mongodb-0.1.1.jar!/:0.1.1]
	at org.factoryx.library.connector.embedded.provider.service.deserializers.V_08_Deserializer.deserializeContractTerminationMessage(V_08_Deserializer.java:80) ~[dataspace-protocol-lib-mongodb-0.1.1.jar!/:0.1.1]
	at org.factoryx.library.connector.embedded.provider.service.deserializers.V_08_Deserializer.deserializeContractTerminationMessage(V_08_Deserializer.java:80) ~[dataspace-protocol-lib-mongodb-0.1.1.jar!/:0.1.1]
	at org.factoryx.library.connector.embedded.provider.service.deserializers.V_08_Deserializer.deserializeContractTerminationMessage(V_08_Deserializer.java:80) ~[dataspace-protocol-lib-mongodb-0.1.1.jar!/:0.1.1]
	at org.factoryx.library.connector.embedded.provider.service.deserializers.V_08_Deserializer.deserializeContractTerminationMessage(V_08_Deserializer.java:80) ~[dataspace-protocol-lib-mongodb-0.1.1.jar!/:0.1.1]
	at org.factoryx.library.connector.embedded.provider.service.deserializers.V_08_Deserializer.deserializeContractTerminationMessage(V_08_Deserializer.java:80) ~[dataspace-protocol-lib-mongodb-0.1.1.jar!/:0.1.1]
	at org.factoryx.library.connector.embedded.provider.service.deserializers.V_08_Deserializer.deserializeContractTerminationMessage(V_08_Deserializer.java:80) ~[dataspace-protocol-lib-mongodb-0.1.1.jar!/:0.1.1]
	at org.factoryx.library.connector.embedded.provider.service.deserializers.V_08_Deserializer.deserializeContractTerminationMessage(V_08_Deserializer.java:80) ~[dataspace-protocol-lib-mongodb-0.1.1.jar!/:0.1.1]
	at org.factoryx.library.connector.embedded.provider.service.deserializers.V_08_Deserializer.deserializeContractTerminationMessage(V_08_Deserializer.java:80) ~[dataspace-protocol-lib-mongodb-0.1.1.jar!/:0.1.1]
	at org.factoryx.library.connector.embedded.provider.service.deserializers.V_08_Deserializer.deserializeContractTerminationMessage(V_08_Deserializer.java:80) ~[dataspace-protocol-lib-mongodb-0.1.1.jar!/:0.1.1]
	at org.factoryx.library.connector.embedded.provider.service.deserializers.V_08_Deserializer.deserializeContractTerminationMessage(V_08_Deserializer.java:80) ~[dataspace-protocol-lib-mongodb-0.1.1.jar!/:0.1.1]
	at org.factoryx.library.connector.embedded.provider.service.deserializers.V_08_Deserializer.deserializeContractTerminationMessage(V_08_Deserializer.java:80) ~[dataspace-protocol-lib-mongodb-0.1.1.jar!/:0.1.1]
	at org.factoryx.library.connector.embedded.provider.service.deserializers.V_08_Deserializer.deserializeContractTerminationMessage(V_08_Deserializer.java:80) ~[dataspace-protocol-lib-mongodb-0.1.1.jar!/:0.1.1]
	at org.factoryx.library.connector.embedded.provider.service.deserializers.V_08_Deserializer.deserializeContractTerminationMessage(V_08_Deserializer.java:80) ~[dataspace-protocol-lib-mongodb-0.1.1.jar!/:0.1.1]
	at org.factoryx.library.connector.embedded.provider.service.deserializers.V_08_Deserializer.deserializeContractTerminationMessage(V_08_Deserializer.java:80) ~[dataspace-protocol-lib-mongodb-0.1.1.jar!/:0.1.1]
	at org.factoryx.library.connector.embedded.provider.service.deserializers.V_08_Deserializer.deserializeContractTerminationMessage(V_08_Deserializer.java:80) ~[dataspace-protocol-lib-mongodb-0.1.1.jar!/:0.1.1]
	at org.factoryx.library.connector.embedded.provider.service.deserializers.V_08_Deserializer.deserializeContractTerminationMessage(V_08_Deserializer.java:80) ~[dataspace-protocol-lib-mongodb-0.1.1.jar!/:0.1.1]
	at org.factoryx.library.connector.embedded.provider.service.deserializers.V_08_Deserializer.deserializeContractTerminationMessage(V_08_Deserializer.java:80) ~[dataspace-protocol-lib-mongodb-0.1.1.jar!/:0.1.1]
	at org.factoryx.library.connector.embedded.provider.service.deserializers.V_08_Deserializer.deserializeContractTerminationMessage(V_08_Deserializer.java:80) ~[dataspace-protocol-lib-mongodb-0.1.1.jar!/:0.1.1]
	at org.factoryx.library.connector.embedded.provider.service.deserializers.V_08_Deserializer.deserializeContractTerminationMessage(V_08_Deserializer.java:80) ~[dataspace-protocol-lib-mongodb-0.1.1.jar!/:0.1.1]
	at org.factoryx.library.connector.embedded.provider.service.deserializers.V_08_Deserializer.deserializeContractTerminationMessage(V_08_Deserializer.java:80) ~[dataspace-protocol-lib-mongodb-0.1.1.jar!/:0.1.1]
	at org.factoryx.library.connector.embedded.provider.service.deserializers.V_08_Deserializer.deserializeContractTerminationMessage(V_08_Deserializer.java:80) ~[dataspace-protocol-lib-mongodb-0.1.1.jar!/:0.1.1]
	at org.factoryx.library.connector.embedded.provider.service.deserializers.V_08_Deserializer.deserializeContractTerminationMessage(V_08_Deserializer.java:80) ~[dataspace-protocol-lib-mongodb-0.1.1.jar!/:0.1.1]
	at org.factoryx.library.connector.embedded.provider.service.deserializers.V_08_Deserializer.deserializeContractTerminationMessage(V_08_Deserializer.java:80) ~[dataspace-protocol-lib-mongodb-0.1.1.jar!/:0.1.1]
	at org.factoryx.library.connector.embedded.provider.service.deserializers.V_08_Deserializer.deserializeContractTerminationMessage(V_08_Deserializer.java:80) ~[dataspace-protocol-lib-mongodb-0.1.1.jar!/:0.1.1]
	at org.factoryx.library.connector.embedded.provider.service.deserializers.V_08_Deserializer.deserializeContractTerminationMessage(V_08_Deserializer.java:80) ~[dataspace-protocol-lib-mongodb-0.1.1.jar!/:0.1.1]
	at org.factoryx.library.connector.embedded.provider.service.deserializers.V_08_Deserializer.deserializeContractTerminationMessage(V_08_Deserializer.java:80) ~[dataspace-protocol-lib-mongodb-0.1.1.jar!/:0.1.1]
	at org.factoryx.library.connector.embedded.provider.service.deserializers.V_08_Deserializer.deserializeContractTerminationMessage(V_08_Deserializer.java:80) ~[dataspace-protocol-lib-mongodb-0.1.1.jar!/:0.1.1]
	at org.factoryx.library.connector.embedded.provider.service.deserializers.V_08_Deserializer.deserializeContractTerminationMessage(V_08_Deserializer.java:80) ~[dataspace-protocol-lib-mongodb-0.1.1.jar!/:0.1.1]
	at org.factoryx.library.connector.embedded.provider.service.deserializers.V_08_Deserializer.deserializeContractTerminationMessage(V_08_Deserializer.java:80) ~[dataspace-protocol-lib-mongodb-0.1.1.jar!/:0.1.1]
	at org.factoryx.library.connector.embedded.provider.service.deserializers.V_08_Deserializer.deserializeContractTerminationMessage(V_08_Deserializer.java:80) ~[dataspace-protocol-lib-mongodb-0.1.1.jar!/:0.1.1]
	at org.factoryx.library.connector.embedded.provider.service.deserializers.V_08_Deserializer.deserializeContractTerminationMessage(V_08_Deserializer.java:80) ~[dataspace-protocol-lib-mongodb-0.1.1.jar!/:0.1.1]
	at org.factoryx.library.connector.embedded.provider.service.deserializers.V_08_Deserializer.deserializeContractTerminationMessage(V_08_Deserializer.java:80) ~[dataspace-protocol-lib-mongodb-0.1.1.jar!/:0.1.1]
	at org.factoryx.library.connector.embedded.provider.service.deserializers.V_08_Deserializer.deserializeContractTerminationMessage(V_08_Deserializer.java:80) ~[dataspace-protocol-lib-mongodb-0.1.1.jar!/:0.1.1]
	at org.factoryx.library.connector.embedded.provider.service.deserializers.V_08_Deserializer.deserializeContractTerminationMessage(V_08_Deserializer.java:80) ~[dataspace-protocol-lib-mongodb-0.1.1.jar!/:0.1.1]
	at org.factoryx.library.connector.embedded.provider.service.deserializers.V_08_Deserializer.deserializeContractTerminationMessage(V_08_Deserializer.java:80) ~[dataspace-protocol-lib-mongodb-0.1.1.jar!/:0.1.1]
	at org.factoryx.library.connector.embedded.provider.service.deserializers.V_08_Deserializer.deserializeContractTerminationMessage(V_08_Deserializer.java:80) ~[dataspace-protocol-lib-mongodb-0.1.1.jar!/:0.1.1]
	at org.factoryx.library.connector.embedded.provider.service.deserializers.V_08_Deserializer.deserializeContractTerminationMessage(V_08_Deserializer.java:80) ~[dataspace-protocol-lib-mongodb-0.1.1.jar!/:0.1.1]
	at org.factoryx.library.connector.embedded.provider.service.deserializers.V_08_Deserializer.deserializeContractTerminationMessage(V_08_Deserializer.java:80) ~[dataspace-protocol-lib-mongodb-0.1.1.jar!/:0.1.1]
	at org.factoryx.library.connector.embedded.provider.service.deserializers.V_08_Deserializer.deserializeContractTerminationMessage(V_08_Deserializer.java:80) ~[dataspace-protocol-lib-mongodb-0.1.1.jar!/:0.1.1]
	at org.factoryx.library.connector.embedded.provider.service.deserializers.V_08_Deserializer.deserializeContractTerminationMessage(V_08_Deserializer.java:80) ~[dataspace-protocol-lib-mongodb-0.1.1.jar!/:0.1.1]
	at org.factoryx.library.connector.embedded.provider.service.deserializers.V_08_Deserializer.deserializeContractTerminationMessage(V_08_Deserializer.java:80) ~[dataspace-protocol-lib-mongodb-0.1.1.jar!/:0.1.1]
	at org.factoryx.library.connector.embedded.provider.service.deserializers.V_08_Deserializer.deserializeContractTerminationMessage(V_08_Deserializer.java:80) ~[dataspace-protocol-lib-mongodb-0.1.1.jar!/:0.1.1]
	at org.factoryx.library.connector.embedded.provider.service.deserializers.V_08_Deserializer.deserializeContractTerminationMessage(V_08_Deserializer.java:80) ~[dataspace-protocol-lib-mongodb-0.1.1.jar!/:0.1.1]
	at org.factoryx.library.connector.embedded.provider.service.deserializers.V_08_Deserializer.deserializeContractTerminationMessage(V_08_Deserializer.java:80) ~[dataspace-protocol-lib-mongodb-0.1.1.jar!/:0.1.1]
	at org.factoryx.library.connector.embedded.provider.service.deserializers.V_08_Deserializer.deserializeContractTerminationMessage(V_08_Deserializer.java:80) ~[dataspace-protocol-lib-mongodb-0.1.1.jar!/:0.1.1]
	at org.factoryx.library.connector.embedded.provider.service.deserializers.V_08_Deserializer.deserializeContractTerminationMessage(V_08_Deserializer.java:80) ~[dataspace-protocol-lib-mongodb-0.1.1.jar!/:0.1.1]
	at org.factoryx.library.connector.embedded.provider.service.deserializers.V_08_Deserializer.deserializeContractTerminationMessage(V_08_Deserializer.java:80) ~[dataspace-protocol-lib-mongodb-0.1.1.jar!/:0.1.1]
	at org.factoryx.library.connector.embedded.provider.service.deserializers.V_08_Deserializer.deserializeContractTerminationMessage(V_08_Deserializer.java:80) ~[dataspace-protocol-lib-mongodb-0.1.1.jar!/:0.1.1]
	at org.factoryx.library.connector.embedded.provider.service.deserializers.V_08_Deserializer.deserializeContractTerminationMessage(V_08_Deserializer.java:80) ~[dataspace-protocol-lib-mongodb-0.1.1.jar!/:0.1.1]
	at org.factoryx.library.connector.embedded.provider.service.deserializers.V_08_Deserializer.deserializeContractTerminationMessage(V_08_Deserializer.java:80) ~[dataspace-protocol-lib-mongodb-0.1.1.jar!/:0.1.1]
	at org.factoryx.library.connector.embedded.provider.service.deserializers.V_08_Deserializer.deserializeContractTerminationMessage(V_08_Deserializer.java:80) ~[dataspace-protocol-lib-mongodb-0.1.1.jar!/:0.1.1]
	at org.factoryx.library.connector.embedded.provider.service.deserializers.V_08_Deserializer.deserializeContractTerminationMessage(V_08_Deserializer.java:80) ~[dataspace-protocol-lib-mongodb-0.1.1.jar!/:0.1.1]
	at org.factoryx.library.connector.embedded.provider.service.deserializers.V_08_Deserializer.deserializeContractTerminationMessage(V_08_Deserializer.java:80) ~[dataspace-protocol-lib-mongodb-0.1.1.jar!/:0.1.1]
	at org.factoryx.library.connector.embedded.provider.service.deserializers.V_08_Deserializer.deserializeContractTerminationMessage(V_08_Deserializer.java:80) ~[dataspace-protocol-lib-mongodb-0.1.1.jar!/:0.1.1]
	at org.factoryx.library.connector.embedded.provider.service.deserializers.V_08_Deserializer.deserializeContractTerminationMessage(V_08_Deserializer.java:80) ~[dataspace-protocol-lib-mongodb-0.1.1.jar!/:0.1.1]
	at org.factoryx.library.connector.embedded.provider.service.deserializers.V_08_Deserializer.deserializeContractTerminationMessage(V_08_Deserializer.java:80) ~[dataspace-protocol-lib-mongodb-0.1.1.jar!/:0.1.1]
	at org.factoryx.library.connector.embedded.provider.service.deserializers.V_08_Deserializer.deserializeContractTerminationMessage(V_08_Deserializer.java:80) ~[dataspace-protocol-lib-mongodb-0.1.1.jar!/:0.1.1]
	at org.factoryx.library.connector.embedded.provider.service.deserializers.V_08_Deserializer.deserializeContractTerminationMessage(V_08_Deserializer.java:80) ~[dataspace-protocol-lib-mongodb-0.1.1.jar!/:0.1.1]
	at org.factoryx.library.connector.embedded.provider.service.deserializers.V_08_Deserializer.deserializeContractTerminationMessage(V_08_Deserializer.java:80) ~[dataspace-protocol-lib-mongodb-0.1.1.jar!/:0.1.1]
	at org.factoryx.library.connector.embedded.provider.service.deserializers.V_08_Deserializer.deserializeContractTerminationMessage(V_08_Deserializer.java:80) ~[dataspace-protocol-lib-mongodb-0.1.1.jar!/:0.1.1]
	at org.factoryx.library.connector.embedded.provider.service.deserializers.V_08_Deserializer.deserializeContractTerminationMessage(V_08_Deserializer.java:80) ~[dataspace-protocol-lib-mongodb-0.1.1.jar!/:0.1.1]
	at org.factoryx.library.connector.embedded.provider.service.deserializers.V_08_Deserializer.deserializeContractTerminationMessage(V_08_Deserializer.java:80) ~[dataspace-protocol-lib-mongodb-0.1.1.jar!/:0.1.1]
	at org.factoryx.library.connector.embedded.provider.service.deserializers.V_08_Deserializer.deserializeContractTerminationMessage(V_08_Deserializer.java:80) ~[dataspace-protocol-lib-mongodb-0.1.1.jar!/:0.1.1]
	at org.factoryx.library.connector.embedded.provider.service.deserializers.V_08_Deserializer.deserializeContractTerminationMessage(V_08_Deserializer.java:80) ~[dataspace-protocol-lib-mongodb-0.1.1.jar!/:0.1.1]
	at org.factoryx.library.connector.embedded.provider.service.deserializers.V_08_Deserializer.deserializeContractTerminationMessage(V_08_Deserializer.java:80) ~[dataspace-protocol-lib-mongodb-0.1.1.jar!/:0.1.1]
	at org.factoryx.library.connector.embedded.provider.service.deserializers.V_08_Deserializer.deserializeContractTerminationMessage(V_08_Deserializer.java:80) ~[dataspace-protocol-lib-mongodb-0.1.1.jar!/:0.1.1]
	at org.factoryx.library.connector.embedded.provider.service.deserializers.V_08_Deserializer.deserializeContractTerminationMessage(V_08_Deserializer.java:80) ~[dataspace-protocol-lib-mongodb-0.1.1.jar!/:0.1.1]
	at org.factoryx.library.connector.embedded.provider.service.deserializers.V_08_Deserializer.deserializeContractTerminationMessage(V_08_Deserializer.java:80) ~[dataspace-protocol-lib-mongodb-0.1.1.jar!/:0.1.1]
	at org.factoryx.library.connector.embedded.provider.service.deserializers.V_08_Deserializer.deserializeContractTerminationMessage(V_08_Deserializer.java:80) ~[dataspace-protocol-lib-mongodb-0.1.1.jar!/:0.1.1]
	at org.factoryx.library.connector.embedded.provider.service.deserializers.V_08_Deserializer.deserializeContractTerminationMessage(V_08_Deserializer.java:80) ~[dataspace-protocol-lib-mongodb-0.1.1.jar!/:0.1.1]
	at org.factoryx.library.connector.embedded.provider.service.deserializers.V_08_Deserializer.deserializeContractTerminationMessage(V_08_Deserializer.java:80) ~[dataspace-protocol-lib-mongodb-0.1.1.jar!/:0.1.1]
	at org.factoryx.library.connector.embedded.provider.service.deserializers.V_08_Deserializer.deserializeContractTerminationMessage(V_08_Deserializer.java:80) ~[dataspace-protocol-lib-mongodb-0.1.1.jar!/:0.1.1]
	at org.factoryx.library.connector.embedded.provider.service.deserializers.V_08_Deserializer.deserializeContractTerminationMessage(V_08_Deserializer.java:80) ~[dataspace-protocol-lib-mongodb-0.1.1.jar!/:0.1.1]
	at org.factoryx.library.connector.embedded.provider.service.deserializers.V_08_Deserializer.deserializeContractTerminationMessage(V_08_Deserializer.java:80) ~[dataspace-protocol-lib-mongodb-0.1.1.jar!/:0.1.1]
	at org.factoryx.library.connector.embedded.provider.service.deserializers.V_08_Deserializer.deserializeContractTerminationMessage(V_08_Deserializer.java:80) ~[dataspace-protocol-lib-mongodb-0.1.1.jar!/:0.1.1]
	at org.factoryx.library.connector.embedded.provider.service.deserializers.V_08_Deserializer.deserializeContractTerminationMessage(V_08_Deserializer.java:80) ~[dataspace-protocol-lib-mongodb-0.1.1.jar!/:0.1.1]
	at org.factoryx.library.connector.embedded.provider.service.deserializers.V_08_Deserializer.deserializeContractTerminationMessage(V_08_Deserializer.java:80) ~[dataspace-protocol-lib-mongodb-0.1.1.jar!/:0.1.1]
	at org.factoryx.library.connector.embedded.provider.service.deserializers.V_08_Deserializer.deserializeContractTerminationMessage(V_08_Deserializer.java:80) ~[dataspace-protocol-lib-mongodb-0.1.1.jar!/:0.1.1]
	at org.factoryx.library.connector.embedded.provider.service.deserializers.V_08_Deserializer.deserializeContractTerminationMessage(V_08_Deserializer.java:80) ~[dataspace-protocol-lib-mongodb-0.1.1.jar!/:0.1.1]
	at org.factoryx.library.connector.embedded.provider.service.deserializers.V_08_Deserializer.deserializeContractTerminationMessage(V_08_Deserializer.java:80) ~[dataspace-protocol-lib-mongodb-0.1.1.jar!/:0.1.1]
	at org.factoryx.library.connector.embedded.provider.service.deserializers.V_08_Deserializer.deserializeContractTerminationMessage(V_08_Deserializer.java:80) ~[dataspace-protocol-lib-mongodb-0.1.1.jar!/:0.1.1]
	at org.factoryx.library.connector.embedded.provider.service.deserializers.V_08_Deserializer.deserializeContractTerminationMessage(V_08_Deserializer.java:80) ~[dataspace-protocol-lib-mongodb-0.1.1.jar!/:0.1.1]
	at org.factoryx.library.connector.embedded.provider.service.deserializers.V_08_Deserializer.deserializeContractTerminationMessage(V_08_Deserializer.java:80) ~[dataspace-protocol-lib-mongodb-0.1.1.jar!/:0.1.1]
	at org.factoryx.library.connector.embedded.provider.service.deserializers.V_08_Deserializer.deserializeContractTerminationMessage(V_08_Deserializer.java:80) ~[dataspace-protocol-lib-mongodb-0.1.1.jar!/:0.1.1]
	at org.factoryx.library.connector.embedded.provider.service.deserializers.V_08_Deserializer.deserializeContractTerminationMessage(V_08_Deserializer.java:80) ~[dataspace-protocol-lib-mongodb-0.1.1.jar!/:0.1.1]

